brand,population,goal_horizon,day,raw_goal_ratio,organic_share,adjusted_goal_ratio
realprize,Web,7,1,0.4941244544888086,0.5676658554906316,0.21362687331257738
realprize,Web,7,2,0.6059963858701837,0.5676658554906316,0.26199292906095495
realprize,Web,7,3,0.6792265060562105,0.5676658554906316,0.29365281042389907
realprize,Web,7,4,0.7650338198139935,0.5676658554906316,0.3307502420100172
realprize,Web,7,5,0.8795561242920806,0.5676658554906316,0.38026214454379237
realprize,Web,7,6,0.9424489486831887,0.5676658554906316,0.4074528599727
realprize,Web,7,7,1.0,0.5676658554906316,0.43233414450936836
realprize,Web,30,1,0.26782097378935177,0.5683146965850555,0.11561437833114221
realprize,Web,30,2,0.3284568102270604,0.5683146965850555,0.14178997778157343
realprize,Web,30,3,0.36814835336111346,0.5683146965850555,0.15892423362240446
realprize,Web,30,4,0.41465687590050615,0.5683146965850555,0.179001279286203
realprize,Web,30,5,0.47672924416176293,0.5683146965850555,0.20579700841274778
realprize,Web,30,6,0.5108178575055714,0.5683146965850555,0.22051256180706447
realprize,Web,30,7,0.5420111701745731,0.5683146965850555,0.2339782564510997
realprize,Web,30,8,0.5829706224903821,0.5683146965850555,0.25165985005175967
realprize,Web,30,9,0.6047833043348091,0.5683146965850555,0.26107606423206475
realprize,Web,30,10,0.6560310571889255,0.5683146965850555,0.2831989659722281
realprize,Web,30,11,0.6758762123689284,0.5683146965850555,0.29176582780742427
realprize,Web,30,12,0.6886598953375993,0.5683146965850555,0.2972843558685155
realprize,Web,30,13,0.7113758140421828,0.5683146965850555,0.3070904841268528
realprize,Web,30,14,0.7298132319329154,0.5683146965850555,0.3150496464632018
realprize,Web,30,15,0.7432613678162048,0.5683146965850555,0.320855009082345
realprize,Web,30,16,0.7736655491852639,0.5683146965850555,0.3339800473417303
realprize,Web,30,17,0.7803353595784127,0.5683146965850555,0.3368593064650169
realprize,Web,30,18,0.8098803598940909,0.5683146965850555,0.3496134488906851
realprize,Web,30,19,0.819557538524515,0.5683146965850555,0.3537909446839603
realprize,Web,30,20,0.8334267125552411,0.5683146965850555,0.359778063283529
realprize,Web,30,21,0.8501725418724343,0.5683146965850555,0.3670069916932564
realprize,Web,30,22,0.8865125917949008,0.5683146965850555,0.3826944571701506
realprize,Web,30,23,0.8938821613165403,0.5683146965850555,0.38587579202513705
realprize,Web,30,24,0.907279264384837,0.5683146965850555,0.391659124528056
realprize,Web,30,25,0.9102257540497151,0.5683146965850555,0.3929310808130479
realprize,Web,30,26,0.9305096762605332,0.5683146965850555,0.40168735192707
realprize,Web,30,27,0.9601937368421726,0.5683146965850555,0.4145015246258426
realprize,Web,30,28,0.9742388853575422,0.5683146965850555,0.42056460882420793
realprize,Web,30,29,0.9920521845622049,0.5683146965850555,0.4282543482961939
realprize,Web,30,30,1.0,0.5683146965850555,0.4316853034149445
realprize,Web,60,1,0.2098300069907619,0.5649334203176033,0.09129002345620417
realprize,Web,60,2,0.25733643564568215,0.5649334203176033,0.11195848288402613
realprize,Web,60,3,0.2884336146882878,0.5649334203176033,0.12548782620786367
realprize,Web,60,4,0.32487170044196895,0.5649334203176033,0.1413408195468916
realprize,Web,60,5,0.3735036103402463,0.5649334203176033,0.1624989382497576
realprize,Web,60,6,0.4002110555228726,0.5649334203176033,0.17411845507741794
realprize,Web,60,7,0.42465011614905684,0.5649334203176033,0.18475107359470266
realprize,Web,60,8,0.45674066545952197,0.5649334203176033,0.198712599123336
realprize,Web,60,9,0.4738302724426676,0.5649334203176033,0.20614771598160958
realprize,Web,60,10,0.5139814084328529,0.5649334203176033,0.22361613338722228
realprize,Web,60,11,0.5295295150327038,0.5649334203176033,0.23038059494615673
realprize,Web,60,12,0.5395451618609978,0.5649334203176033,0.2347380681550494
realprize,Web,60,13,0.5573424288679248,0.5649334203176033,0.24248106423944754
realprize,Web,60,14,0.5717876139113744,0.5649334203176033,0.24876568148918046
realprize,Web,60,15,0.5823238404304475,0.5649334203176033,0.2533496415235926
realprize,Web,60,16,0.6061446394476142,0.5649334203176033,0.2637132750772931
realprize,Web,60,17,0.6113702434831004,0.5649334203176033,0.26598676075178657
realprize,Web,60,18,0.6345178989301934,0.5649334203176033,0.2760575320348199
realprize,Web,60,19,0.6420996892244435,0.5649334203176033,0.2793561156060085
realprize,Web,60,20,0.6529657869861233,0.5649334203176033,0.2840835915936771
realprize,Web,60,21,0.6660856611803543,0.5649334203176033,0.2897916103852245
realprize,Web,60,22,0.6945570419739782,0.5649334203176033,0.3021785566459415
realprize,Web,60,23,0.7003308871003153,0.5649334203176033,0.3046905636966729
realprize,Web,60,24,0.7108271308810122,0.5649334203176033,0.30925712857785337
realprize,Web,60,25,0.7131356205344993,0.5649334203176033,0.31026147527562814
realprize,Web,60,26,0.7290274884456496,0.5649334203176033,0.3171754958924967
realprize,Web,60,27,0.7522840935995783,0.5649334203176033,0.3272936675518405
realprize,Web,60,28,0.7632880622935472,0.5649334203176033,0.3320811265744577
realprize,Web,60,29,0.7772442683507425,0.5649334203176033,0.3381530054091044
realprize,Web,60,30,0.783471152471422,0.5649334203176033,0.3408621145855671
realprize,Web,60,31,0.7868154421174549,0.5649334203176033,0.34231710324333386
realprize,Web,60,32,0.7917210161562491,0.5649334203176033,0.34445135456177084
realprize,Web,60,33,0.8029156100197312,0.5649334203176033,0.34932174822488954
realprize,Web,60,34,0.8218906487076594,0.5649334203176033,0.3575771534061876
realprize,Web,60,35,0.8323334702784728,0.5649334203176033,0.362120476069235
realprize,Web,60,36,0.841678658110145,0.5649334203176033,0.3661862549756501
realprize,Web,60,37,0.8535684392550194,0.5649334203176033,0.3713591013915229
realprize,Web,60,38,0.85599177897263,0.5649334203176033,0.37241341551387225
realprize,Web,60,39,0.862861083861935,0.5649334203176033,0.3754020204968577
realprize,Web,60,40,0.8765833417270824,0.5649334203176033,0.38137211629176726
realprize,Web,60,41,0.8866854984340911,0.5649334203176033,0.3857672270577011
realprize,Web,60,42,0.8889847148876809,0.5649334203176033,0.38676753929611396
realprize,Web,60,43,0.8920530775419933,0.5649334203176033,0.38810248134135084
realprize,Web,60,44,0.8953760554251059,0.5649334203176033,0.38954819796331686
realprize,Web,60,45,0.9067484878954556,0.5649334203176033,0.39449596326086095
realprize,Web,60,46,0.9170810264340882,0.5649334203176033,0.3989913054623004
realprize,Web,60,47,0.9307764468367447,0.5649334203176033,0.40494972517419664
realprize,Web,60,48,0.9514444109043814,0.5649334203176033,0.41394166561010204
realprize,Web,60,49,0.9659919553850101,0.5649334203176033,0.4202708160300667
realprize,Web,60,50,0.9683003928858459,0.5649334203176033,0.4212751400379659
realprize,Web,60,51,0.9683003928858459,0.5649334203176033,0.4212751400379659
realprize,Web,60,52,0.9685885145248946,0.5649334203176033,0.4214004921339993
realprize,Web,60,53,0.9719919181857689,0.5649334203176033,0.42288119932401447
realprize,Web,60,54,0.974001553225188,0.5649334203176033,0.4237555243670244
realprize,Web,60,55,0.9815052406138356,0.5649334203176033,0.42702012797420924
realprize,Web,60,56,0.9839858795359021,0.5649334203176033,0.42809937106545976
realprize,Web,60,57,0.9874727503517433,0.5649334203176033,0.42961639202510216
realprize,Web,60,58,0.9936736837670421,0.5649334203176033,0.4323142109169345
realprize,Web,60,59,0.999364732445283,0.5649334203176033,0.43479019600018276
realprize,Web,60,60,1.0,0.5649334203176033,0.4350665796823967
realprize,Web,90,1,0.19484800653168333,0.6546511022660229,0.06729054428137962
realprize,Web,90,2,0.23896244494591062,0.6546511022660229,0.08252541696188644
realprize,Web,90,3,0.2678392649589668,0.6546511022660229,0.09249799492345784
realprize,Web,90,4,0.3016756474323653,0.6546511022660229,0.10418335231395127
realprize,Web,90,5,0.34683520698918774,0.6546511022660229,0.11977915642905179
realprize,Web,90,6,0.37163572302604825,0.6546511022660229,0.1283439873056154
realprize,Web,90,7,0.39432981865522393,0.6546511022660229,0.13618136821622068
realprize,Web,90,8,0.42412908164588903,0.6546511022660229,0.14647251084333177
realprize,Web,90,9,0.43999847945428955,0.6546511022660229,0.1519529898841649
realprize,Web,90,10,0.47728279793603345,0.6546511022660229,0.16482908817459768
realprize,Web,90,11,0.4917207595020189,0.6546511022660229,0.1698152222869363
realprize,Web,90,12,0.501021282561642,0.6546511022660229,0.17302714767392657
realprize,Web,90,13,0.5175478130028506,0.6546511022660229,0.17873456674516497
realprize,Web,90,14,0.5309616023367152,0.6546511022660229,0.1833670041060509
realprize,Web,90,15,0.5407455353549229,0.6546511022660229,0.18674587458939199
realprize,Web,90,16,0.5628655136604622,0.6546511022660229,0.19438498471510948
realprize,Web,90,17,0.567718006132062,0.6546511022660229,0.1960607876414389
realprize,Web,90,18,0.5892129037610122,0.6546511022660229,0.2034840268445015
realprize,Web,90,19,0.5962533492433446,0.6546511022660229,0.20591543693138117
realprize,Web,90,20,0.6063436004805516,0.6546511022660229,0.2094000940740095
realprize,Web,90,21,0.618526707031203,0.6546511022660229,0.2136075164922526
realprize,Web,90,22,0.6449652125166759,0.6546511022660229,0.22273802521939434
realprize,Web,90,23,0.65032680130478,0.6546511022660229,0.22458964399746895
realprize,Web,90,24,0.6600736063784195,0.6546511022660229,0.22795569238607827
realprize,Web,90,25,0.6622172683528519,0.6546511022660229,0.22869600368606274
realprize,Web,90,26,0.6769744464464922,0.6546511022660229,0.2337923788743654
realprize,Web,90,27,0.6985705147015772,0.6546511022660229,0.24125055724164673
realprize,Web,90,28,0.7087887927958599,0.6546511022660229,0.24477942831824656
realprize,Web,90,29,0.7217485165645849,0.6546511022660229,0.24925505463671255
realprize,Web,90,30,0.7275307970649693,0.6546511022660229,0.25125195883390894
realprize,Web,90,31,0.7306363022314575,0.6546511022660229,0.25232444162006284
realprize,Web,90,32,0.7351916150585438,0.6546511022660229,0.25389761388373056
realprize,Web,90,33,0.7455869075599034,0.6546511022660229,0.25748761669069736
realprize,Web,90,34,0.7632071160097232,0.6546511022660229,0.26357273625668554
realprize,Web,90,35,0.7729043132543892,0.6546511022660229,0.2669216526362399
realprize,Web,90,36,0.7815822485305656,0.6546511022660229,0.2699185680184742
realprize,Web,90,37,0.7926230914843513,0.6546511022660229,0.27373151096261805
realprize,Web,90,38,0.7948734031528167,0.6546511022660229,0.2745086536168805
realprize,Web,90,39,0.8012522351565652,0.6546511022660229,0.27671157621820525
realprize,Web,90,40,0.8139947147879718,0.6546511022660229,0.2811121775133092
realprize,Web,90,41,0.8233755708640903,0.6546511022660229,0.28435184581899775
realprize,Web,90,42,0.8255106217511952,0.6546511022660229,0.28508918328946536
realprize,Web,90,43,0.8283599012945894,0.6546511022660229,0.28607317883911254
realprize,Web,90,44,0.831445616372042,0.6546511022660229,0.2871388271398319
realprize,Web,90,45,0.8420060496868127,0.6546511022660229,0.29078586114468113
realprize,Web,90,46,0.8516008381803049,0.6546511022660229,0.2940994107748993
realprize,Web,90,47,0.8643183965616875,0.6546511022660229,0.29849140554377734
realprize,Web,90,48,0.8835106544060328,0.6546511022660229,0.30511943063534824
realprize,Web,90,49,0.8970194946459624,0.6546511022660229,0.30978469372187234
realprize,Web,90,50,0.899163108191477,0.6546511022660229,0.31052498829698344
realprize,Web,90,51,0.899163108191477,0.6546511022660229,0.31052498829698344
realprize,Web,90,52,0.8994306577560621,0.6546511022660229,0.3106173862442021
realprize,Web,90,53,0.9025910561578656,0.6546511022660229,0.31170882634866515
realprize,Web,90,54,0.9044572019341666,0.6546511022660229,0.3123532977355216
realprize,Web,90,55,0.911425121109708,0.6546511022660229,0.3147596609422943
realprize,Web,90,56,0.9137286407817579,0.6546511022660229,0.31555517892194523
realprize,Web,90,57,0.9169665467287851,0.6546511022660229,0.31667338617171736
realprize,Web,90,58,0.9227247294212152,0.6546511022660229,0.318661968217499
realprize,Web,90,59,0.9280094334820543,0.6546511022660229,0.32048703493976005
realprize,Web,90,60,0.9285993425156861,0.6546511022660229,0.3206907593742881
realprize,Web,90,61,0.9285993425156861,0.6546511022660229,0.3206907593742881
realprize,Web,90,62,0.9285993425156861,0.6546511022660229,0.3206907593742881
realprize,Web,90,63,0.9285993425156861,0.6546511022660229,0.3206907593742881
realprize,Web,90,64,0.9438087160163243,0.6546511022660229,0.3259432997479579
realprize,Web,90,65,0.9542961662163131,0.6546511022660229,0.329565129114564
realprize,Web,90,66,0.9542961662163131,0.6546511022660229,0.329565129114564
realprize,Web,90,67,0.9542961662163131,0.6546511022660229,0.329565129114564
realprize,Web,90,68,0.9558648243502784,0.6546511022660229,0.3301068634720503
realprize,Web,90,69,0.9558648243502784,0.6546511022660229,0.3301068634720503
realprize,Web,90,70,0.9596270856246236,0.6546511022660229,0.3314061562561327
realprize,Web,90,71,0.9596270856246236,0.6546511022660229,0.3314061562561327
realprize,Web,90,72,0.964050072000613,0.6546511022660229,0.332933629725773
realprize,Web,90,73,0.964050072000613,0.6546511022660229,0.332933629725773
realprize,Web,90,74,0.964050072000613,0.6546511022660229,0.332933629725773
realprize,Web,90,75,0.964050072000613,0.6546511022660229,0.332933629725773
realprize,Web,90,76,0.96919165069971,0.6546511022660229,0.33470926826211866
realprize,Web,90,77,0.96919165069971,0.6546511022660229,0.33470926826211866
realprize,Web,90,78,0.9849254491738304,0.6546511022660229,0.3401429182223247
realprize,Web,90,79,0.9849254491738304,0.6546511022660229,0.3401429182223247
realprize,Web,90,80,0.9849254491738304,0.6546511022660229,0.3401429182223247
realprize,Web,90,81,0.9849254491738304,0.6546511022660229,0.3401429182223247
realprize,Web,90,82,0.9849254491738304,0.6546511022660229,0.3401429182223247
realprize,Web,90,83,0.9849254491738304,0.6546511022660229,0.3401429182223247
realprize,Web,90,84,0.9849254491738304,0.6546511022660229,0.3401429182223247
realprize,Web,90,85,0.9900948402943011,0.6546511022660229,0.341928161747735
realprize,Web,90,86,0.9937484342207001,0.6546511022660229,0.3431899263829845
realprize,Web,90,87,0.9937484342207001,0.6546511022660229,0.3431899263829845
realprize,Web,90,88,0.9984371608240438,0.6546511022660229,0.3448091729472252
realprize,Web,90,89,1.0,0.6546511022660229,0.34534889773397714
realprize,Web,90,90,1.0,0.6546511022660229,0.34534889773397714
realprize,Web,120,1,0.16363732541805123,0.62835297319015,0.06081532546673463
realprize,Web,120,2,0.20068552951784366,0.62835297319015,0.07458418036906697
realprize,Web,120,3,0.22493687125659842,0.62835297319015,0.0835971194224248
realprize,Web,120,4,0.2533533545880244,0.62835297319015,0.09415802096494091
realprize,Web,120,5,0.2912792727150543,0.62835297319015,0.1082530756758854
realprize,Web,120,6,0.3121072513302702,0.62835297319015,0.1159937320026895
realprize,Web,120,7,0.33116621517415196,0.62835297319015,0.1230769392493446
realprize,Web,120,8,0.3561922433179331,0.62835297319015,0.13237778820184049
realprize,Web,120,9,0.3695196868960612,0.62835297319015,0.13733089298262782
realprize,Web,120,10,0.40083181713022564,0.62835297319015,0.14896795308723784
realprize,Web,120,11,0.41295711139009944,0.62835297319015,0.15347428264811447
realprize,Web,120,12,0.4207678801300822,0.62835297319015,0.1563771316274284
realprize,Web,120,13,0.4346471970806492,0.62835297319015,0.16153533850625817
realprize,Web,120,14,0.44591237063508266,0.62835297319015,0.16572200676426033
realprize,Web,120,15,0.45412911690653357,0.62835297319015,0.16877573608609597
realprize,Web,120,16,0.47270592532584477,0.62835297319015,0.17567975170274916
realprize,Web,120,17,0.4767811473606912,0.62835297319015,0.17719429585558982
realprize,Web,120,18,0.4948330002933733,0.62835297319015,0.18390321332642978
realprize,Web,120,19,0.5007457098406128,0.62835297319015,0.1861006542500516
realprize,Web,120,20,0.5092197083928344,0.62835297319015,0.18924999061717568
realprize,Web,120,21,0.5194513294738926,0.62835297319015,0.19305254217139597
realprize,Web,120,22,0.5416549249979237,0.62835297319015,0.2013044424323906
realprize,Web,120,23,0.5461576964909135,0.62835297319015,0.20297788407016443
realprize,Web,120,24,0.5543432619581287,0.62835297319015,0.20602002513881232
realprize,Web,120,25,0.5561435529559196,0.62835297319015,0.20668909793553383
realprize,Web,120,26,0.568536931758943,0.62835297319015,0.21129506031980574
realprize,Web,120,27,0.5866737498445475,0.62835297319015,0.21803555483711173
realprize,Web,120,28,0.5952552679595629,0.62835297319015,0.22122485053007207
realprize,Web,120,29,0.6061391080019606,0.62835297319015,0.22526979732210317
realprize,Web,120,30,0.6109951849654475,0.62835297319015,0.2270745438875429
realprize,Web,120,31,0.6136032514710364,0.62835297319015,0.2280438240500674
realprize,Web,120,32,0.6174288959861408,0.62835297319015,0.22946561345973734
realprize,Web,120,33,0.6261590744064379,0.62835297319015,0.23271015831316028
realprize,Web,120,34,0.6409568844295453,0.62835297319015,0.23820972041154514
realprize,Web,120,35,0.6491007882313552,0.62835297319015,0.2412363780461132
realprize,Web,120,36,0.6563886950671562,0.62835297319015,0.24394490695330584
realprize,Web,120,37,0.66566101990885,0.62835297319015,0.24739093891233643
realprize,Web,120,38,0.6675508774924062,0.62835297319015,0.24809329886435913
realprize,Web,120,39,0.6729079505616384,0.62835297319015,0.2500842391429424
realprize,Web,120,40,0.6836093445517192,0.62835297319015,0.2540613804020767
realprize,Web,120,41,0.6914875785955358,0.62835297319015,0.2569893026609733
realprize,Web,120,42,0.6932806378267601,0.62835297319015,0.2576556877931518
realprize,Web,120,43,0.695673520834129,0.62835297319015,0.25854499564834427
realprize,Web,120,44,0.6982649672197732,0.62835297319015,0.25950809899270605
realprize,Web,120,45,0.7071338342594972,0.62835297319015,0.26280418705919134
realprize,Web,120,46,0.7151917331057532,0.62835297319015,0.2657988812077369
realprize,Web,120,47,0.7258721977223568,0.62835297319015,0.26976824412744543
realprize,Web,120,48,0.7419902468534965,0.62835297319015,0.27575846916500857
realprize,Web,120,49,0.7533352460952637,0.62835297319015,0.2799748044023714
realprize,Web,120,50,0.7551354964214629,0.62835297319015,0.2806438620836168
realprize,Web,120,51,0.7551354964214629,0.62835297319015,0.2806438620836168
realprize,Web,120,52,0.7553601899964436,0.62835297319015,0.28072736878270166
realprize,Web,120,53,0.7580143569593605,0.62835297319015,0.28171378204312664
realprize,Web,120,54,0.7595815842002737,0.62835297319015,0.2822962373875474
realprize,Web,120,55,0.765433384677531,0.62835297319015,0.2844710416364045
realprize,Web,120,56,0.7673679274264752,0.62835297319015,0.2851900086972862
realprize,Web,120,57,0.7700871868048902,0.62835297319015,0.286200613360399
realprize,Web,120,58,0.7749230259383255,0.62835297319015,0.28799783859647093
realprize,Web,120,59,0.7793612280710275,0.62835297319015,0.2896472832234707
realprize,Web,120,60,0.7798566456953682,0.62835297319015,0.28983140371058613
realprize,Web,120,61,0.7798566456953682,0.62835297319015,0.28983140371058613
realprize,Web,120,62,0.7798566456953682,0.62835297319015,0.28983140371058613
realprize,Web,120,63,0.7798566456953682,0.62835297319015,0.28983140371058613
realprize,Web,120,64,0.7926297874135203,0.62835297319015,0.29457850385315826
realprize,Web,120,65,0.801437361746605,0.62835297319015,0.2978518126674559
realprize,Web,120,66,0.801437361746605,0.62835297319015,0.2978518126674559
realprize,Web,120,67,0.801437361746605,0.62835297319015,0.2978518126674559
realprize,Web,120,68,0.8027547528049302,0.62835297319015,0.2983414171374284
realprize,Web,120,69,0.8027547528049302,0.62835297319015,0.2983414171374284
realprize,Web,120,70,0.8059143764696335,0.62835297319015,0.2995156818782534
realprize,Web,120,71,0.8059143764696335,0.62835297319015,0.2995156818782534
realprize,Web,120,72,0.8096288905352915,0.62835297319015,0.3008961699867986
realprize,Web,120,73,0.8096288905352915,0.62835297319015,0.3008961699867986
realprize,Web,120,74,0.8096288905352915,0.62835297319015,0.3008961699867986
realprize,Web,120,75,0.8096288905352915,0.62835297319015,0.3008961699867986
realprize,Web,120,76,0.8139468930733872,0.62835297319015,0.3025009427918392
realprize,Web,120,77,0.8139468930733872,0.62835297319015,0.3025009427918392
realprize,Web,120,78,0.8271604575680951,0.62835297319015,0.3074117247498576
realprize,Web,120,79,0.8271604575680951,0.62835297319015,0.3074117247498576
realprize,Web,120,80,0.8271604575680951,0.62835297319015,0.3074117247498576
realprize,Web,120,81,0.8271604575680951,0.62835297319015,0.3074117247498576
realprize,Web,120,82,0.8271604575680951,0.62835297319015,0.3074117247498576
realprize,Web,120,83,0.8271604575680951,0.62835297319015,0.3074117247498576
realprize,Web,120,84,0.8271604575680951,0.62835297319015,0.3074117247498576
realprize,Web,120,85,0.8315018175442676,0.62835297319015,0.30902517827731335
realprize,Web,120,86,0.8345701801563447,0.62835297319015,0.31016552611926634
realprize,Web,120,87,0.8345701801563447,0.62835297319015,0.31016552611926634
realprize,Web,120,88,0.8385078682787164,0.62835297319015,0.31162895620245024
realprize,Web,120,89,0.8398203724575592,0.62835297319015,0.3121167444781927
realprize,Web,120,90,0.8398203724575592,0.62835297319015,0.3121167444781927
realprize,Web,120,91,0.8467353470809849,0.62835297319015,0.3146866742374544
realprize,Web,120,92,0.8491756870310501,0.62835297319015,0.3155936193243014
realprize,Web,120,93,0.8654704284505397,0.62835297319015,0.32164951152549004
realprize,Web,120,94,0.8663719953231888,0.62835297319015,0.3219845761731803
realprize,Web,120,95,0.8677528745813617,0.62835297319015,0.3224977758438637
realprize,Web,120,96,0.8683208496681059,0.62835297319015,0.32270886209615424
realprize,Web,120,97,0.8729557867656618,0.62835297319015,0.3244314226879116
realprize,Web,120,98,0.8842623968377371,0.62835297319015,0.32863349070449666
realprize,Web,120,99,0.8915012962785424,0.62835297319015,0.33132380615904744
realprize,Web,120,100,0.9013440278677344,0.62835297319015,0.33498182808985805
realprize,Web,120,101,0.9043523429045436,0.62835297319015,0.3360998594289955
realprize,Web,120,102,0.9084155736993889,0.62835297319015,0.337609947073142
realprize,Web,120,103,0.91743810900049,0.62835297319015,0.3409631454920832
realprize,Web,120,104,0.9198742585825104,0.62835297319015,0.3418685332411051
realprize,Web,120,105,0.9222299078946309,0.62835297319015,0.3427440033041613
realprize,Web,120,106,0.9301148686746217,0.62835297319015,0.3456744255345572
realprize,Web,120,107,0.9405164793065326,0.62835297319015,0.3495401531999406
realprize,Web,120,108,0.9511636564183403,0.62835297319015,0.3534971449174618
realprize,Web,120,109,0.9643963558352047,0.62835297319015,0.3584150383124079
realprize,Web,120,110,0.9654518038183364,0.62835297319015,0.35880729241729126
realprize,Web,120,111,0.9691777990861862,0.62835297319015,0.3601920474804952
realprize,Web,120,112,0.9753475478202037,0.62835297319015,0.36248501625365664
realprize,Web,120,113,0.976563704902104,0.62835297319015,0.36293699741727864
realprize,Web,120,114,0.9830854396700331,0.62835297319015,0.36536078075342193
realprize,Web,120,115,0.9925644047144254,0.62835297319015,0.36888360992940483
realprize,Web,120,116,0.9925644047144254,0.62835297319015,0.36888360992940483
realprize,Web,120,117,0.9982150463565134,0.62835297319015,0.37098365409525474
realprize,Web,120,118,1.0,0.62835297319015,0.37164702680984996
realprize,Web,120,119,1.0,0.62835297319015,0.37164702680984996
realprize,Web,120,120,1.0,0.62835297319015,0.37164702680984996
realprize,Web,150,1,0.15047663102679745,0.62835297319015,0.055924192525472094
realprize,Web,150,2,0.18454519652239904,0.62835297319015,0.06858567359958906
realprize,Web,150,3,0.2068461000198404,0.62835297319015,0.07687373807958653
realprize,Web,150,4,0.23297715946130954,0.62835297319015,0.08658526862839999
realprize,Web,150,5,0.2678528479619239,0.62835297319015,0.0995467145675998
realprize,Web,150,6,0.28700571571449185,0.62835297319015,0.10666482092272393
realprize,Web,150,7,0.30453184346537054,0.62835297319015,0.1131783541928276
realprize,Web,150,8,0.3275451284444379,0.62835297319015,0.12173117313242576
realprize,Web,150,9,0.33980069913842836,0.62835297319015,0.12628591954270524
realprize,Web,150,10,0.36859452020505906,0.62835297319015,0.13698705753261337
realprize,Web,150,11,0.3797446256334695,0.62835297319015,0.14113096106369846
realprize,Web,150,12,0.38692720554131965,0.62835297319015,0.14380034553127516
realprize,Web,150,13,0.39969026464375135,0.62835297319015,0.1485436984996923
realprize,Web,150,14,0.41004942542857026,0.62835297319015,0.15239364980561543
realprize,Web,150,15,0.41760533172177794,0.62835297319015,0.1552017799143399
realprize,Web,150,16,0.4346880818768953,0.62835297319015,0.16155053321922475
realprize,Web,150,17,0.4384355501328279,0.62835297319015,0.16294326865460643
realprize,Web,150,18,0.4550355648676175,0.62835297319015,0.16911261477579065
realprize,Web,150,19,0.46047273887810425,0.62835297319015,0.17113332433103584
realprize,Web,150,20,0.4682652076819459,0.62835297319015,0.1740293721934921
realprize,Web,150,21,0.4776739404773951,0.62835297319015,0.17752609976296913
realprize,Web,150,22,0.49809178978287694,0.62835297319015,0.185114332751203
realprize,Web,150,23,0.5022324214072182,0.62835297319015,0.1866531861835043
realprize,Web,150,24,0.509759654643334,0.62835297319015,0.18945066003581099
realprize,Web,150,25,0.5114151554499095,0.62835297319015,0.1900659219884561
realprize,Web,150,26,0.5228117844558745,0.62835297319015,0.1943014452741779
realprize,Web,150,27,0.5394899309367909,0.62835297319015,0.20049982882650963
realprize,Web,150,28,0.5473812719358201,0.62835297319015,0.2034326222463415
realprize,Web,150,29,0.5573897683349791,0.62835297319015,0.20715225017592603
realprize,Web,150,30,0.5618552904865146,0.62835297319015,0.20881184820669774
realprize,Web,150,31,0.5642536006535395,0.62835297319015,0.20970317304964034
realprize,Web,150,32,0.5677715639095897,0.62835297319015,0.21101061363417772
realprize,Web,150,33,0.5757996090612263,0.62835297319015,0.21399421274587868
realprize,Web,150,34,0.589407290518761,0.62835297319015,0.21905146710134699
realprize,Web,150,35,0.5968962127702823,0.62835297319015,0.221834702790135
realprize,Web,150,36,0.6035979824618048,0.62835297319015,0.22432539557035372
realprize,Web,150,37,0.612124571370537,0.62835297319015,0.22749427698711389
realprize,Web,150,38,0.6138624352812766,0.62835297319015,0.2281401489425404
realprize,Web,150,39,0.6187886604292557,0.62835297319015,0.22997096587218274
realprize,Web,150,40,0.6286293841810272,0.62835297319015,0.2336282415961857
realprize,Web,150,41,0.6358740034286562,0.62835297319015,0.2363206827999364
realprize,Web,150,42,0.6375228540906724,0.62835297319015,0.2369334732461282
realprize,Web,150,43,0.6397232871060023,0.62835297319015,0.2377512576339698
realprize,Web,150,44,0.6421063138427329,0.62835297319015,0.23863690243548408
realprize,Web,150,45,0.6502618934438589,0.62835297319015,0.24166789934615363
realprize,Web,150,46,0.6576717277737811,0.62835297319015,0.24442174224402277
realprize,Web,150,47,0.6674932054177205,0.62835297319015,0.24807186520927227
realprize,Web,150,48,0.6823149444420051,0.62835297319015,0.25358032044979917
realprize,Web,150,49,0.6927475108539858,0.62835297319015,0.2574575527388081
realprize,Web,150,50,0.6944029742600227,0.62835297319015,0.25807280079165423
realprize,Web,150,51,0.6944029742600227,0.62835297319015,0.25807280079165423
realprize,Web,150,52,0.6946095966311113,0.62835297319015,0.2581495913815417
realprize,Web,150,53,0.6970502995804049,0.62835297319015,0.25905667137597266
realprize,Web,150,54,0.6984914810141857,0.62835297319015,0.2595922821709309
realprize,Web,150,55,0.7038726446271273,0.62835297319015,0.261592175628458
realprize,Web,150,56,0.7056515998544554,0.62835297319015,0.26225331904952226
realprize,Web,150,57,0.7081521600970929,0.62835297319015,0.26318264482905745
realprize,Web,150,58,0.7125990720661552,0.62835297319015,0.2648353264408446
realprize,Web,150,59,0.7166803273851283,0.62835297319015,0.26635211284579285
realprize,Web,150,60,0.7171359005550737,0.62835297319015,0.26652142525989736
realprize,Web,150,61,0.7171359005550737,0.62835297319015,0.26652142525989736
realprize,Web,150,62,0.7171359005550737,0.62835297319015,0.26652142525989736
realprize,Web,150,63,0.7171359005550737,0.62835297319015,0.26652142525989736
realprize,Web,150,64,0.7288817496666073,0.62835297319015,0.27088673515955597
realprize,Web,150,65,0.7369809660878902,0.62835297319015,0.27389678486201524
realprize,Web,150,66,0.7369809660878902,0.62835297319015,0.27389678486201524
realprize,Web,150,67,0.7369809660878902,0.62835297319015,0.27389678486201524
realprize,Web,150,68,0.7381924046621591,0.62835297319015,0.27434701240630505
realprize,Web,150,69,0.7381924046621591,0.62835297319015,0.27434701240630505
realprize,Web,150,70,0.7410979124560713,0.62835297319015,0.27542683573928534
realprize,Web,150,71,0.7410979124560713,0.62835297319015,0.27542683573928534
realprize,Web,150,72,0.7445136830394263,0.62835297319015,0.27669629672085383
realprize,Web,150,73,0.7445136830394263,0.62835297319015,0.27669629672085383
realprize,Web,150,74,0.7445136830394263,0.62835297319015,0.27669629672085383
realprize,Web,150,75,0.7445136830394263,0.62835297319015,0.27669629672085383
realprize,Web,150,76,0.7484844059355493,0.62835297319015,0.2781720040794837
realprize,Web,150,77,0.7484844059355493,0.62835297319015,0.2781720040794837
realprize,Web,150,78,0.7606352563844874,0.62835297319015,0.2826878315220427
realprize,Web,150,79,0.7606352563844874,0.62835297319015,0.2826878315220427
realprize,Web,150,80,0.7606352563844874,0.62835297319015,0.2826878315220427
realprize,Web,150,81,0.7606352563844874,0.62835297319015,0.2826878315220427
realprize,Web,150,82,0.7606352563844874,0.62835297319015,0.2826878315220427
realprize,Web,150,83,0.7606352563844874,0.62835297319015,0.2826878315220427
realprize,Web,150,84,0.7606352563844874,0.62835297319015,0.2826878315220427
realprize,Web,150,85,0.7646274581735356,0.62835297319015,0.2841715214473674
realprize,Web,150,86,0.7674490446756028,0.62835297319015,0.2852201556817475
realprize,Web,150,87,0.7674490446756028,0.62835297319015,0.2852201556817475
realprize,Web,150,88,0.7710700403205448,0.62835297319015,0.2865658879472816
realprize,Web,150,89,0.7722769850474664,0.62835297319015,0.28701444536656584
realprize,Web,150,90,0.7722769850474664,0.62835297319015,0.28701444536656584
realprize,Web,150,91,0.7786358159701215,0.62835297319015,0.28937768597295715
realprize,Web,150,92,0.7808798891564057,0.62835297319015,0.29021168910058337
realprize,Web,150,93,0.7958641098162916,0.62835297319015,0.2957805301578927
realprize,Web,150,94,0.7966931672779374,0.62835297319015,0.29608864689856784
realprize,Web,150,95,0.7979629879505363,0.62835297319015,0.29656057197612096
realprize,Web,150,96,0.7984852830769206,0.62835297319015,0.29675468140695893
realprize,Web,150,97,0.8027474507558382,0.62835297319015,0.2983387033525937
realprize,Web,150,98,0.8131447154852205,0.62835297319015,0.30220281587622355
realprize,Web,150,99,0.8198014192501549,0.62835297319015,0.3046767600388154
realprize,Web,150,100,0.8288525393772948,0.62835297319015,0.3080405819233657
realprize,Web,150,101,0.8316189076899632,0.62835297319015,0.3090686944818299
realprize,Web,150,102,0.8353553491132792,0.62835297319015,0.31045733182765445
realprize,Web,150,103,0.8436522380532661,0.62835297319015,0.3135408459339721
realprize,Web,150,104,0.8458924578860164,0.62835297319015,0.3143734169742142
realprize,Web,150,105,0.848058651763012,0.62835297319015,0.31517847648809333
realprize,Web,150,106,0.8553094567423786,0.62835297319015,0.317873216600653
realprize,Web,150,107,0.8648745075102506,0.62835297319015,0.3214280392798179
realprize,Web,150,108,0.8746653748300225,0.62835297319015,0.3250667860091008
realprize,Web,150,109,0.8868338212560012,0.62835297319015,0.32958915294421076
realprize,Web,150,110,0.8878043837870127,0.62835297319015,0.32994985962319423
realprize,Web,150,111,0.8912307121854722,0.62835297319015,0.3312232443853559
realprize,Web,150,112,0.8969042527508962,0.62835297319015,0.33333179886798076
realprize,Web,150,113,0.898022599191821,0.62835297319015,0.33374742899769383
realprize,Web,150,114,0.9040198169648515,0.62835297319015,0.3359762771521718
realprize,Web,150,115,0.9127364268327831,0.62835297319015,0.33921577929345
realprize,Web,150,116,0.9127364268327831,0.62835297319015,0.33921577929345
realprize,Web,150,117,0.9179326100096278,0.62835297319015,0.3411469253218837
realprize,Web,150,118,0.9195740069838492,0.62835297319015,0.34175694562716774
realprize,Web,150,119,0.9195740069838492,0.62835297319015,0.34175694562716774
realprize,Web,150,120,0.9195740069838492,0.62835297319015,0.34175694562716774
realprize,Web,150,121,0.9208062092969214,0.62835297319015,0.3422148899532492
realprize,Web,150,122,0.9222861351026496,0.62835297319015,0.3427648999788473
realprize,Web,150,123,0.9272489841288892,0.62835297319015,0.34460932806395544
realprize,Web,150,124,0.933413943478994,0.62835297319015,0.34690051687682544
realprize,Web,150,125,0.9362721396333049,0.62835297319015,0.34796275697961443
realprize,Web,150,126,0.939204968658192,0.62835297319015,0.3490527341668554
realprize,Web,150,127,0.939204968658192,0.62835297319015,0.3490527341668554
realprize,Web,150,128,0.940437664444357,0.62835297319015,0.3495108618907446
realprize,Web,150,129,0.9427816912442096,0.62835297319015,0.35038201248167244
realprize,Web,150,130,0.9427816912442096,0.62835297319015,0.35038201248167244
realprize,Web,150,131,0.9452959366527409,0.62835297319015,0.35131642431242344
realprize,Web,150,132,0.952400962244897,0.62835297319015,0.35395698594915614
realprize,Web,150,133,0.956916852951937,0.62835297319015,0.35563530330382576
realprize,Web,150,134,0.9582487368297832,0.62835297319015,0.3561302939870833
realprize,Web,150,135,0.9617020615341805,0.62835297319015,0.35741371184608156
realprize,Web,150,136,0.9618496099889695,0.62835297319015,0.35746854779061427
realprize,Web,150,137,0.9638798619226758,0.62835297319015,0.3582230848854512
realprize,Web,150,138,0.9675677442576094,0.62835297319015,0.3595936753904538
realprize,Web,150,139,0.9695406496831851,0.62835297319015,0.36032689982604604
realprize,Web,150,140,0.9757802024260185,0.62835297319015,0.3626458110515433
realprize,Web,150,141,0.9757802024260185,0.62835297319015,0.3626458110515433
realprize,Web,150,142,0.9760264454993959,0.62835297319015,0.3627373265576365
realprize,Web,150,143,0.9775063713051242,0.62835297319015,0.36328733658323464
realprize,Web,150,144,0.9800370098898029,0.62835297319015,0.36422784088916077
realprize,Web,150,145,0.9815169356955313,0.62835297319015,0.3647778509147589
realprize,Web,150,146,0.9844024505202671,0.62835297319015,0.3658502439201877
realprize,Web,150,147,0.9865115742584184,0.62835297319015,0.3666340934866457
realprize,Web,150,148,0.9874980269712063,0.62835297319015,0.3670007057044418
realprize,Web,150,149,0.9972868849350136,0.62835297319015,0.37063870566255475
realprize,Web,150,150,1.0,0.62835297319015,0.37164702680984996
realprize,Web,180,1,0.14007195086892554,0.62835297319015,0.05205732407989156
realprize,Web,180,2,0.17178485140179867,0.62835297319015,0.06384332927445036
realprize,Web,180,3,0.1925437628534378,0.62835297319015,0.071558316995261
realprize,Web,180,4,0.21686799479073182,0.62835297319015,0.08059834547418951
realprize,Web,180,5,0.24933220995054653,0.62835297319015,0.09266357451604991
realprize,Web,180,6,0.2671607560346157,0.62835297319015,0.0992895006605366
realprize,Web,180,7,0.2834750427679916,0.62835297319015,0.10535265681951915
realprize,Web,180,8,0.304897078209139,0.62835297319015,0.11331409259943681
realprize,Web,180,9,0.31630523962533635,0.62835297319015,0.11755390187113339
realprize,Web,180,10,0.3431081170040536,0.62835297319015,0.12751511155888265
realprize,Web,180,11,0.35348725035581974,0.62835297319015,0.13137248560992948
realprize,Web,180,12,0.3601731920405811,0.62835297319015,0.1338572959584951
realprize,Web,180,13,0.37205375166857174,0.62835297319015,0.13827267062107493
realprize,Web,180,14,0.3816966301048656,0.62835297319015,0.14185641772181237
realprize,Web,180,15,0.3887300845878006,0.62835297319015,0.1444703801685976
realprize,Web,180,16,0.4046316509912085,0.62835297319015,0.1503801500440435
realprize,Web,180,17,0.4081200012144028,0.62835297319015,0.15167658503296516
realprize,Web,180,18,0.4235722108531261,0.62835297319015,0.15741935280283917
realprize,Web,180,19,0.428633432423983,0.62835297319015,0.159300340751674
realprize,Web,180,20,0.43588709234440587,0.62835297319015,0.16199614189458894
realprize,Web,180,21,0.44464525996731274,0.62835297319015,0.1652510888519446
realprize,Web,180,22,0.46365132067754533,0.62835297319015,0.17231463480627002
realprize,Web,180,23,0.4675056490572641,0.62835297319015,0.17374708448894133
realprize,Web,180,24,0.4745124130765913,0.62835297319015,0.17635112750428253
realprize,Web,180,25,0.4760534445713808,0.62835297319015,0.1769238472775414
realprize,Web,180,26,0.4866620556713371,0.62835297319015,0.1808665060514221
realprize,Web,180,27,0.5021869946503579,0.62835297319015,0.18663630346437954
realprize,Web,180,28,0.5095326902654406,0.62835297319015,0.18936630939957516
realprize,Web,180,29,0.5188491509432793,0.62835297319015,0.19282874431088481
realprize,Web,180,30,0.5230059053518932,0.62835297319015,0.1943735897280249
realprize,Web,180,31,0.5252383847846904,0.62835297319015,0.19520328407163812
realprize,Web,180,32,0.5285130990908101,0.62835297319015,0.1964203219071592
realprize,Web,180,33,0.5359860464739377,0.62835297319015,0.199197620583605
realprize,Web,180,34,0.5486528271930006,0.62835297319015,0.20390519197709706
realprize,Web,180,35,0.5556239292340178,0.62835297319015,0.2064959813242292
realprize,Web,180,36,0.5618623062402031,0.62835297319015,0.20881445559069686
realprize,Web,180,37,0.5697993256601206,0.62835297319015,0.21176422525984126
realprize,Web,180,38,0.5714170252767384,0.62835297319015,0.2123654385126287
realprize,Web,180,39,0.5760026274542229,0.62835297319015,0.2140696639280236
realprize,Web,180,40,0.585162916094838,0.62835297319015,0.21747405796602823
realprize,Web,180,41,0.5919066074201524,0.62835297319015,0.21998033079680474
realprize,Web,180,42,0.5934414485934574,0.62835297319015,0.22055074995548885
realprize,Web,180,43,0.5954897330553732,0.62835297319015,0.2213119887858207
realprize,Web,180,44,0.597707985827973,0.62835297319015,0.2221363958334701
realprize,Web,180,45,0.6052996493135351,0.62835297319015,0.22495781499642015
realprize,Web,180,46,0.6121971319533671,0.62835297319015,0.22752124391198628
realprize,Web,180,47,0.6213395052548875,0.62835297319015,0.23091897976748207
realprize,Web,180,48,0.635136397744007,0.62835297319015,0.23604655384027848
realprize,Web,180,49,0.6448476061882971,0.62835297319015,0.2396556955853296
realprize,Web,180,50,0.6463886028686017,0.62835297319015,0.24022840241988866
realprize,Web,180,51,0.6463886028686017,0.62835297319015,0.24022840241988866
realprize,Web,180,52,0.6465809383722214,0.62835297319015,0.2402998833379589
realprize,Web,180,53,0.6488528793458215,0.62835297319015,0.24114424344588486
realprize,Web,180,54,0.6501944105431129,0.62835297319015,0.24164281952673086
realprize,Web,180,55,0.6552034945455011,0.62835297319015,0.24350443070325922
realprize,Web,180,56,0.6568594442268569,0.62835297319015,0.24411985947888185
realprize,Web,180,57,0.6591871036717918,0.62835297319015,0.24498492719101775
realprize,Web,180,58,0.6633265346957228,0.62835297319015,0.24652333442374616
realprize,Web,180,59,0.6671255923342536,0.62835297319015,0.24793524289978539
realprize,Web,180,60,0.6675496649775761,0.62835297319015,0.24809284823682756
realprize,Web,180,61,0.6675496649775761,0.62835297319015,0.24809284823682756
realprize,Web,180,62,0.6675496649775761,0.62835297319015,0.24809284823682756
realprize,Web,180,63,0.6675496649775761,0.62835297319015,0.24809284823682756
realprize,Web,180,64,0.6784833494203887,0.62835297319015,0.252156319552076
realprize,Web,180,65,0.6860225469482539,0.62835297319015,0.2549582398978393
realprize,Web,180,66,0.6860225469482539,0.62835297319015,0.2549582398978393
realprize,Web,180,67,0.6860225469482539,0.62835297319015,0.2549582398978393
realprize,Web,180,68,0.6871502208156035,0.62835297319015,0.25537733653785094
realprize,Web,180,69,0.6871502208156035,0.62835297319015,0.25537733653785094
realprize,Web,180,70,0.6898548277846793,0.62835297319015,0.25638249567659716
realprize,Web,180,71,0.6898548277846793,0.62835297319015,0.25638249567659716
realprize,Web,180,72,0.6930344155124644,0.62835297319015,0.2575641800021095
realprize,Web,180,73,0.6930344155124644,0.62835297319015,0.2575641800021095
realprize,Web,180,74,0.6930344155124644,0.62835297319015,0.2575641800021095
realprize,Web,180,75,0.6930344155124644,0.62835297319015,0.2575641800021095
realprize,Web,180,76,0.6967305834730616,0.62835297319015,0.2589378498352553
realprize,Web,180,77,0.6967305834730616,0.62835297319015,0.2589378498352553
realprize,Web,180,78,0.7080412655071125,0.62835297319015,0.263141431184402
realprize,Web,180,79,0.7080412655071125,0.62835297319015,0.263141431184402
realprize,Web,180,80,0.7080412655071125,0.62835297319015,0.263141431184402
realprize,Web,180,81,0.7080412655071125,0.62835297319015,0.263141431184402
realprize,Web,180,82,0.7080412655071125,0.62835297319015,0.263141431184402
realprize,Web,180,83,0.7080412655071125,0.62835297319015,0.263141431184402
realprize,Web,180,84,0.7080412655071125,0.62835297319015,0.263141431184402
realprize,Web,180,85,0.7117574272063655,0.62835297319015,0.2645225316310739
realprize,Web,180,86,0.714383915606545,0.62835297319015,0.2654986582359512
realprize,Web,180,87,0.714383915606545,0.62835297319015,0.2654986582359512
realprize,Web,180,88,0.7177545381451677,0.62835297319015,0.2667513400809286
realprize,Web,180,89,0.7188780288914534,0.62835297319015,0.2671688820764341
realprize,Web,180,90,0.7188780288914534,0.62835297319015,0.2671688820764341
realprize,Web,180,91,0.7247971795695632,0.62835297319015,0.2693687168271931
realprize,Web,180,92,0.7268860867104966,0.62835297319015,0.27014505295540286
realprize,Web,180,93,0.7408342260711319,0.62835297319015,0.2753288374783124
realprize,Web,180,94,0.7416059585005647,0.62835297319015,0.2756156495412038
realprize,Web,180,95,0.7427879776463346,0.62835297319015,0.27605494344236153
realprize,Web,180,96,0.7432741587681657,0.62835297319015,0.27623563121078115
realprize,Web,180,97,0.747241619613366,0.62835297319015,0.2777101262378843
realprize,Web,180,98,0.7569199673036854,0.62835297319015,0.28130705538142353
realprize,Web,180,99,0.7631163944588417,0.62835297319015,0.28360993911048116
realprize,Web,180,100,0.7715416764784244,0.62835297319015,0.2867411701230936
realprize,Web,180,101,0.774116764741189,0.62835297319015,0.28769819401972296
realprize,Web,180,102,0.7775948505801664,0.62835297319015,0.2889908142807684
realprize,Web,180,103,0.7853180525952341,0.62835297319015,0.2918611193471201
realprize,Web,180,104,0.7874033728220854,0.62835297319015,0.29263612240937587
realprize,Web,180,105,0.7894197856048586,0.62835297319015,0.2933855162249149
realprize,Web,180,106,0.7961692349505788,0.62835297319015,0.29589392900685546
realprize,Web,180,107,0.8050729119672284,0.62835297319015,0.29920295409776854
realprize,Web,180,108,0.8141867914900562,0.62835297319015,0.3025901003251307
realprize,Web,180,109,0.8255138528304135,0.62835297319015,0.3067997689947672
realprize,Web,180,110,0.8264173059861055,0.62835297319015,0.3071355346739421
realprize,Web,180,111,0.8296067215107285,0.62835297319015,0.3083208714709294
realprize,Web,180,112,0.8348879661126987,0.62835297319015,0.3102836303251072
realprize,Web,180,113,0.8359289846858733,0.62835297319015,0.3106705217826814
realprize,Web,180,114,0.8415115258919199,0.62835297319015,0.3127452566239521
realprize,Web,180,115,0.8496254273052702,0.62835297319015,0.315760763960052
realprize,Web,180,116,0.8496254273052702,0.62835297319015,0.315760763960052
realprize,Web,180,117,0.8544623213112458,0.62835297319015,0.3175583812363672
realprize,Web,180,118,0.855990224180686,0.62835297319015,0.3181262217950489
realprize,Web,180,119,0.855990224180686,0.62835297319015,0.3181262217950489
realprize,Web,180,120,0.855990224180686,0.62835297319015,0.3181262217950489
realprize,Web,180,121,0.8571372260817751,0.62835297319015,0.3185525016413339
realprize,Web,180,122,0.8585148226782373,0.62835297319015,0.31906448132055243
realprize,Web,180,123,0.8631345163823684,0.62835297319015,0.3207813767504649
realprize,Web,180,124,0.8688732007036768,0.62835297319015,0.3229141417162795
realprize,Web,180,125,0.8715337673881415,0.62835297319015,0.32390293341419013
realprize,Web,180,126,0.874263806466487,0.62835297319015,0.324917544320732
realprize,Web,180,127,0.874263806466487,0.62835297319015,0.324917544320732
realprize,Web,180,128,0.8754112677195589,0.62835297319015,0.32534399488381566
realprize,Web,180,129,0.8775932171990494,0.62835297319015,0.3261549099205176
realprize,Web,180,130,0.8775932171990494,0.62835297319015,0.3261549099205176
realprize,Web,180,131,0.8799336155514919,0.62835297319015,0.32702471200975347
realprize,Web,180,132,0.8865473654000628,0.62835297319015,0.329482692477039
realprize,Web,180,133,0.890751005639279,0.62835297319015,0.3310449628737219
realprize,Web,180,134,0.891990796640897,0.62835297319015,0.33150572751333884
realprize,Web,180,135,0.8952053418166368,0.62835297319015,0.3327004036704485
realprize,Web,180,136,0.8953426880594983,0.62835297319015,0.3327514479932515
realprize,Web,180,137,0.8972325585807158,0.62835297319015,0.33345381275351754
realprize,Web,180,138,0.9006654429409272,0.62835297319015,0.33472963401937217
realprize,Web,180,139,0.9025019321682216,0.62835297319015,0.33541215978046446
realprize,Web,180,140,0.9083100521352522,0.62835297319015,0.3375707302975663
realprize,Web,180,141,0.9083100521352522,0.62835297319015,0.3375707302975663
realprize,Web,180,142,0.908539268774677,0.62835297319015,0.33765591798010386
realprize,Web,180,143,0.9099168653711392,0.62835297319015,0.3381678976593224
realprize,Web,180,144,0.9122725233964508,0.62835297319015,0.3390433709606102
realprize,Web,180,145,0.9136501199929132,0.62835297319015,0.33955535063982883
realprize,Web,180,146,0.9163361164031464,0.62835297319015,0.34055359321971396
realprize,Web,180,147,0.9182994051517773,0.62835297319015,0.34128324364591184
realprize,Web,180,148,0.9192176497654246,0.62835297319015,0.34162450652645804
realprize,Web,180,149,0.9283296588688523,0.62835297319015,0.3450109576180112
realprize,Web,180,150,0.9308551760703694,0.62835297319015,0.3459495585771122
realprize,Web,180,151,0.9337804914039353,0.62835297319015,0.3470367433233132
realprize,Web,180,152,0.9385935300447757,0.62835297319015,0.34882549482410247
realprize,Web,180,153,0.942830270848291,0.62835297319015,0.3504000669470929
realprize,Web,180,154,0.9519939342949157,0.62835297319015,0.3538057152217171
realprize,Web,180,155,0.9540556825944218,0.62835297319015,0.35457195784725876
realprize,Web,180,156,0.9545352110197063,0.62835297319015,0.35475017316078655
realprize,Web,180,157,0.9579478635102855,0.62835297319015,0.35601847531244557
realprize,Web,180,158,0.9605184301767833,0.62835297319015,0.356973818771266
realprize,Web,180,159,0.9628204225372556,0.62835297319015,0.3578293473877745
realprize,Web,180,160,0.9662596474285325,0.62835297319015,0.359107525093148
realprize,Web,180,161,0.9682582156986899,0.62835297319015,0.3598502870486285
realprize,Web,180,162,0.9727038504726596,0.62835297319015,0.36150249399465684
realprize,Web,180,163,0.9739831261048899,0.62835297319015,0.3619779329798455
realprize,Web,180,164,0.9800922350693065,0.62835297319015,0.36424836516292836
realprize,Web,180,165,0.980251864611813,0.62835297319015,0.36430769100779187
realprize,Web,180,166,0.9834820435806666,0.62835297319015,0.36550817741763003
realprize,Web,180,167,0.9850713508146359,0.62835297319015,0.3660988387258221
realprize,Web,180,168,0.9856308539606149,0.62835297319015,0.36630677640651593
realprize,Web,180,169,0.9858704582238159,0.62835297319015,0.3663958246185456
realprize,Web,180,170,0.9871494139571634,0.62835297319015,0.3668711447142656
realprize,Web,180,171,0.9887846154843503,0.62835297319015,0.3674788625000795
realprize,Web,180,172,0.991551260972058,0.62835297319015,0.36850707806982297
realprize,Web,180,173,0.991870999905395,0.62835297319015,0.368625908093753
realprize,Web,180,174,0.992750241984711,0.62835297319015,0.36895267579837693
realprize,Web,180,175,0.9954682628422363,0.62835297319015,0.3699628201688834
realprize,Web,180,176,0.9963155150332748,0.62835297319015,0.3702776989266409
realprize,Web,180,177,0.9986338270352519,0.62835297319015,0.37113929268939333
realprize,Web,180,178,0.9994995405908155,0.62835297319015,0.3714610325583875
realprize,Web,180,179,1.0,0.62835297319015,0.37164702680984996
realprize,Web,180,180,1.0,0.62835297319015,0.37164702680984996
realprize,Web,210,1,0.13153960621082003,0.62835297319015,0.04888630355598974
realprize,Web,210,2,0.1613207467033986,0.62835297319015,0.059954375875063
realprize,Web,210,3,0.18081514954975514,0.62835297319015,0.06719941273234488
realprize,Web,210,4,0.20365769490279576,0.62835297319015,0.07568877679757158
realprize,Web,210,5,0.23414438443324562,0.62835297319015,0.08701906431883825
realprize,Web,210,6,0.2508869222265861,0.62835297319015,0.09324137871098478
realprize,Web,210,7,0.266207440283244,0.62835297319015,0.09893520369592831
realprize,Web,210,8,0.2863245735756874,0.62835297319015,0.10641167647200235
realprize,Web,210,9,0.29703781809728547,0.62835297319015,0.11039322194594119
realprize,Web,210,10,0.3222080246507198,0.62835297319015,0.11974765437571486
realprize,Web,210,11,0.331954923336942,0.62835297319015,0.12337006029306617
realprize,Web,210,12,0.33823359748195325,0.62835297319015,0.12570351087136747
realprize,Web,210,13,0.34939046454445627,0.62835297319015,0.12984992734365947
realprize,Web,210,14,0.3584459565568139,0.62835297319015,0.13321537402635253
realprize,Web,210,15,0.36505097510083884,0.62835297319015,0.13567010953026332
realprize,Web,210,16,0.3799839132791384,0.62835297319015,0.14121989160576365
realprize,Web,210,17,0.38325977409094203,0.62835297319015,0.14243735553671338
realprize,Web,210,18,0.397770727628433,0.62835297319015,0.14783030827509777
realprize,Web,210,19,0.40252364988193406,0.62835297319015,0.1495967176992698
realprize,Web,210,20,0.40933546026653056,0.62835297319015,0.15212830677589756
realprize,Web,210,21,0.4175601327516277,0.62835297319015,0.15518498185146867
realprize,Web,210,22,0.4354084580297013,0.62835297319015,0.16181825887459983
realprize,Web,210,23,0.4390280037997879,0.62835297319015,0.1631634522984547
realprize,Web,210,24,0.44560795770345635,0.62835297319015,0.16560887260329893
realprize,Web,210,25,0.4470551187854975,0.62835297319015,0.16614670571675444
realprize,Web,210,26,0.45701751680933733,0.62835297319015,0.16984920132221085
realprize,Web,210,27,0.4715967694511341,0.62835297319015,0.17526753721964428
realprize,Web,210,28,0.478495009266875,0.62835297319015,0.1778312475373857
realprize,Web,210,29,0.4872439669364106,0.62835297319015,0.18108277164295383
realprize,Web,210,30,0.4911475167522892,0.62835297319015,0.18253351432602924
realprize,Web,210,31,0.4932440069035451,0.62835297319015,0.18331266865747964
realprize,Web,210,32,0.4963192452193376,0.62835297319015,0.18445557183427566
realprize,Web,210,33,0.5033369853872505,0.62835297319015,0.18706369410260454
realprize,Web,210,34,0.5152321816589402,0.62835297319015,0.19148450843029766
realprize,Web,210,35,0.5217786458985146,0.62835297319015,0.19391748240105247
realprize,Web,210,36,0.527637018325669,0.62835297319015,0.1960947290955492
realprize,Web,210,37,0.5350905620402172,0.62835297319015,0.19886481645625828
realprize,Web,210,38,0.5366097210811049,0.62835297319015,0.1994294073970555
realprize,Web,210,39,0.5409159958272189,0.62835297319015,0.20102982160307512
realprize,Web,210,40,0.5495182945250611,0.62835297319015,0.2042268403378584
realprize,Web,210,41,0.5558512005482611,0.62835297319015,0.20658044603244688
realprize,Web,210,42,0.5572925483861418,0.62835297319015,0.20711611867099405
realprize,Web,210,43,0.5592160636213961,0.62835297319015,0.20783098738919975
realprize,Web,210,44,0.561299193715421,0.62835297319015,0.20860517649510224
realprize,Web,210,45,0.5684284185115427,0.62835297319015,0.2112547316940399
realprize,Web,210,46,0.5749057478031044,0.62835297319015,0.2136620118669172
realprize,Web,210,47,0.5834912224570531,0.62835297319015,0.21685277799580854
realprize,Web,210,48,0.5964476908555697,0.62835297319015,0.221668010954073
realprize,Web,210,49,0.6055673506209174,0.62835297319015,0.22505730539138188
realprize,Web,210,50,0.6070144790091636,0.62835297319015,0.22559512635428572
realprize,Web,210,51,0.6070144790091636,0.62835297319015,0.22559512635428572
realprize,Web,210,52,0.6071950985853853,0.62835297319015,0.22566225308277219
realprize,Web,210,53,0.6093286465166284,0.62835297319015,0.226455179827975
realprize,Web,210,54,0.610588459664918,0.62835297319015,0.2269233856388728
realprize,Web,210,55,0.615292420258482,0.62835297319015,0.2286715986077015
realprize,Web,210,56,0.6168474993991611,0.62835297319015,0.22924953914678892
realprize,Web,210,57,0.619033371766043,0.62835297319015,0.2300619121129264
realprize,Web,210,58,0.6229206534341213,0.62835297319015,0.23150660878724014
realprize,Web,210,59,0.6264882952256757,0.62835297319015,0.2328325122517939
realprize,Web,210,60,0.6268865359024235,0.62835297319015,0.23298051721526195
realprize,Web,210,61,0.6268865359024235,0.62835297319015,0.23298051721526195
realprize,Web,210,62,0.6268865359024235,0.62835297319015,0.23298051721526195
realprize,Web,210,63,0.6268865359024235,0.62835297319015,0.23298051721526195
realprize,Web,210,64,0.6371542057472361,0.62835297319015,0.23679646618535172
realprize,Web,210,65,0.6442341604976985,0.62835297319015,0.23942771031830934
realprize,Web,210,66,0.6442341604976985,0.62835297319015,0.23942771031830934
realprize,Web,210,67,0.6442341604976985,0.62835297319015,0.23942771031830934
realprize,Web,210,68,0.6452931432242559,0.62835297319015,0.2398212781000774
realprize,Web,210,69,0.6452931432242559,0.62835297319015,0.2398212781000774
realprize,Web,210,70,0.647833001728834,0.62835297319015,0.24076520896182152
realprize,Web,210,71,0.647833001728834,0.62835297319015,0.24076520896182152
realprize,Web,210,72,0.6508189080079361,0.62835297319015,0.2418749121527827
realprize,Web,210,73,0.6508189080079361,0.62835297319015,0.2418749121527827
realprize,Web,210,74,0.6508189080079361,0.62835297319015,0.2418749121527827
realprize,Web,210,75,0.6508189080079361,0.62835297319015,0.2418749121527827
realprize,Web,210,76,0.6542899275447522,0.62835297319015,0.24316490624363932
realprize,Web,210,77,0.6542899275447522,0.62835297319015,0.24316490624363932
realprize,Web,210,78,0.6649116305445705,0.62835297319015,0.24711243058317903
realprize,Web,210,79,0.6649116305445705,0.62835297319015,0.24711243058317903
realprize,Web,210,80,0.6649116305445705,0.62835297319015,0.24711243058317903
realprize,Web,210,81,0.6649116305445705,0.62835297319015,0.24711243058317903
realprize,Web,210,82,0.6649116305445705,0.62835297319015,0.24711243058317903
realprize,Web,210,83,0.6649116305445705,0.62835297319015,0.24711243058317903
realprize,Web,210,84,0.6649116305445705,0.62835297319015,0.24711243058317903
realprize,Web,210,85,0.668401425921183,0.62835297319015,0.24840940265907185
realprize,Web,210,86,0.6708679243723983,0.62835297319015,0.24932606947509708
realprize,Web,210,87,0.6708679243723983,0.62835297319015,0.24932606947509708
realprize,Web,210,88,0.6740332287653571,0.62835297319015,0.25050244544168837
realprize,Web,210,89,0.6750882831815422,0.62835297319015,0.25089455327858623
realprize,Web,210,90,0.6750882831815422,0.62835297319015,0.25089455327858623
realprize,Web,210,91,0.6806468746373696,0.62835297319015,0.2529603872663951
realprize,Web,210,92,0.6826085380612372,0.62835297319015,0.25368943364547714
realprize,Web,210,93,0.6957070402773481,0.62835297319015,0.25855745304975697
realprize,Web,210,94,0.6964317633874211,0.62835297319015,0.25882679423887595
realprize,Web,210,95,0.6975417810033941,0.62835297319015,0.2592393289855589
realprize,Web,210,96,0.6979983468819735,0.62835297319015,0.25940901033687574
realprize,Web,210,97,0.7017241337650508,0.62835297319015,0.2607936879544986
realprize,Web,210,98,0.7108129344568276,0.62835297319015,0.2641715137088647
realprize,Web,210,99,0.7166319123667306,0.62835297319015,0.2663341195481524
realprize,Web,210,100,0.7245439766465241,0.62835297319015,0.26927461471366604
realprize,Web,210,101,0.7269622059489711,0.62835297319015,0.27017334244406493
realprize,Web,210,102,0.7302284276213932,0.62835297319015,0.27138722401752247
realprize,Web,210,103,0.7374811784073037,0.62835297319015,0.27408268728329893
realprize,Web,210,104,0.7394394734104207,0.62835297319015,0.27481048179882395
realprize,Web,210,105,0.7413330583984148,0.62835297319015,0.27551422702962375
realprize,Web,210,106,0.7476713716978898,0.62835297319015,0.27786984232236295
realprize,Web,210,107,0.7560326900156048,0.62835297319015,0.28097730141535243
realprize,Web,210,108,0.764591406561271,0.62835297319015,0.2841581229728576
realprize,Web,210,109,0.7752284911381158,0.62835297319015,0.2881113638297668
realprize,Web,210,110,0.7760769113363956,0.62835297319015,0.28842667667394295
realprize,Web,210,111,0.7790720467617896,0.62835297319015,0.2895398098496835
realprize,Web,210,112,0.7840315895605919,0.62835297319015,0.2913830091851946
realprize,Web,210,113,0.785009195514704,0.62835297319015,0.291746333531432
realprize,Web,210,114,0.790251681732278,0.62835297319015,0.2936946879472849
realprize,Web,210,115,0.7978713328481838,0.62835297319015,0.2965265086298397
realprize,Web,210,116,0.7978713328481838,0.62835297319015,0.2965265086298397
realprize,Web,210,117,0.8024135922290422,0.62835297319015,0.29821462582373487
realprize,Web,210,118,0.8038484244029913,0.62835297319015,0.29874787693515414
realprize,Web,210,119,0.8038484244029913,0.62835297319015,0.29874787693515414
realprize,Web,210,120,0.8038484244029913,0.62835297319015,0.29874787693515414
realprize,Web,210,121,0.8049255578151867,0.62835297319015,0.2991481903652741
realprize,Web,210,122,0.8062192394744475,0.62835297319015,0.2996289833075768
realprize,Web,210,123,0.8105575290955055,0.62835297319015,0.30124129574668307
realprize,Web,210,124,0.8159466471245639,0.62835297319015,0.30324414543931
realprize,Web,210,125,0.818445148015007,0.62835297319015,0.3041727058667249
realprize,Web,210,126,0.8210088894570161,0.62835297319015,0.3051255127511568
realprize,Web,210,127,0.8210088894570161,0.62835297319015,0.3051255127511568
realprize,Web,210,128,0.8220864542402215,0.62835297319015,0.3055259864990301
realprize,Web,210,129,0.8241354924204113,0.62835297319015,0.3062875054465175
realprize,Web,210,130,0.8241354924204113,0.62835297319015,0.3062875054465175
realprize,Web,210,131,0.8263333277168213,0.62835297319015,0.30710432439984603
realprize,Web,210,132,0.8325442075201017,0.62835297319015,0.3094125794126085
realprize,Web,210,133,0.8364917871624805,0.62835297319015,0.3108796856497937
realprize,Web,210,134,0.8376560575187144,0.62835297319015,0.3113123832660909
realprize,Web,210,135,0.8406747918473266,0.62835297319015,0.31243428690404845
realprize,Web,210,136,0.8408037717793435,0.62835297319015,0.31248222191230063
realprize,Web,210,137,0.8425785227027671,0.62835297319015,0.31314180281631904
realprize,Web,210,138,0.8458022962998955,0.62835297319015,0.3143399086887999
realprize,Web,210,139,0.8475269175982364,0.62835297319015,0.31498085906670126
realprize,Web,210,140,0.85298124166918,0.62835297319015,0.31700794239092484
realprize,Web,210,141,0.85298124166918,0.62835297319015,0.31700794239092484
realprize,Web,210,142,0.8531964958032151,0.62835297319015,0.31708794094984755
realprize,Web,210,143,0.854490177462476,0.62835297319015,0.3175687338921503
realprize,Web,210,144,0.8567023429038412,0.62835297319015,0.31839087860124515
realprize,Web,210,145,0.8579960245631021,0.62835297319015,0.3188716715435479
realprize,Web,210,146,0.8605184061526636,0.62835297319015,0.31980910716178834
realprize,Web,210,147,0.8623621031046302,0.62835297319015,0.3204943116523251
realprize,Web,210,148,0.8632244137538008,0.62835297319015,0.3208147868412758
realprize,Web,210,149,0.8717813738148189,0.62835297319015,0.32399495560648384
realprize,Web,210,150,0.8741530516282955,0.62835297319015,0.32487638261441326
realprize,Web,210,151,0.8769001742651452,0.62835297319015,0.3258973425746805
realprize,Web,210,152,0.8814200314068941,0.62835297319015,0.32757713404301675
realprize,Web,210,153,0.8853986953253628,0.62835297319015,0.32905579265899126
realprize,Web,210,154,0.8940041632562369,0.62835297319015,0.33225398922980814
realprize,Web,210,155,0.895940322192701,0.62835297319015,0.3329735569419764
realprize,Web,210,156,0.8963906406171788,0.62835297319015,0.3331409164455512
realprize,Web,210,157,0.8995954147490479,0.62835297319015,0.3343319612232575
realprize,Web,210,158,0.9020093978838026,0.62835297319015,0.33522911087805823
realprize,Web,210,159,0.9041711666513427,0.62835297319015,0.33603252581316484
realprize,Web,210,160,0.9074008945523436,0.62835297319015,0.3372328445849767
realprize,Web,210,161,0.9092777220085981,0.62835297319015,0.3379303619289288
realprize,Web,210,162,0.9134525553274567,0.62835297319015,0.33948192631930924
realprize,Web,210,163,0.9146539051469944,0.62835297319015,0.339928404407899
realprize,Web,210,164,0.9203908837675773,0.62835297319015,0.3420605354551103
realprize,Web,210,165,0.9205407896340313,0.62835297319015,0.3421162475246793
realprize,Web,210,166,0.9235742054386777,0.62835297319015,0.3432436074895541
realprize,Web,210,167,0.9250667015908872,0.62835297319015,0.3437982892470479
realprize,Web,210,168,0.9255921231548708,0.62835297319015,0.3439935606091242
realprize,Web,210,169,0.9258171321608308,0.62835297319015,0.3440771845371947
realprize,Web,210,170,0.9270181815678105,0.62835297319015,0.3445235509783504
realprize,Web,210,171,0.9285537764076566,0.62835297319015,0.34509425023496376
realprize,Web,210,172,0.9311518944157263,0.62835297319015,0.346059833067964
realprize,Web,210,173,0.9314521567674713,0.62835297319015,0.34617142467825296
realprize,Web,210,174,0.9322778406831999,0.62835297319015,0.3464782876506182
realprize,Web,210,175,0.9348302959824499,0.62835297319015,0.3474269000736495
realprize,Web,210,176,0.9356259386423764,0.62835297319015,0.3477225983026143
realprize,Web,210,177,0.9378030329565641,0.62835297319015,0.34853170893156676
realprize,Web,210,178,0.9386160124252141,0.62835297319015,0.348833850333948
realprize,Web,210,179,0.9390859868433632,0.62835297319015,0.3490085149291298
realprize,Web,210,180,0.9390859868433632,0.62835297319015,0.3490085149291298
realprize,Web,210,181,0.952497180524252,0.62835297319015,0.3539927451866032
realprize,Web,210,182,0.9537612619470985,0.62835297319015,0.35446253728904964
realprize,Web,210,183,0.9557398380585759,0.62835297319015,0.3551978692181972
realprize,Web,210,184,0.9584916038277419,0.62835297319015,0.35622055478478487
realprize,Web,210,185,0.9591026095140737,0.62835297319015,0.356447633231474
realprize,Web,210,186,0.9615488561536574,0.62835297319015,0.35735677352191886
realprize,Web,210,187,0.9626405570308152,0.62835297319015,0.3577625009070803
realprize,Web,210,188,0.9686440630454574,0.62835297319015,0.3599936860678571
realprize,Web,210,189,0.9707441805346472,0.62835297319015,0.3607741884886658
realprize,Web,210,190,0.9723463807455166,0.62835297319015,0.36136964143338957
realprize,Web,210,191,0.9732354913703878,0.62835297319015,0.36170007675362803
realprize,Web,210,192,0.9742883603202472,0.62835297319015,0.36209137236846367
realprize,Web,210,193,0.9755325148330327,0.62835297319015,0.36255375869403245
realprize,Web,210,194,0.9765727378591998,0.62835297319015,0.36294035448892664
realprize,Web,210,195,0.9779446928432424,0.62835297319015,0.363450237479663
realprize,Web,210,196,0.9802362236319603,0.62835297319015,0.3643018780841332
realprize,Web,210,197,0.9813272858261037,0.62835297319015,0.36470736810465126
realprize,Web,210,198,0.9818633963487075,0.62835297319015,0.36490661198641844
realprize,Web,210,199,0.9840210591775282,0.62835297319015,0.3657085009616078
realprize,Web,210,200,0.9855399751232707,0.62835297319015,0.3662730015568171
realprize,Web,210,201,0.9867741521299994,0.62835297319015,0.36673167977192483
realprize,Web,210,202,0.9872656187098704,0.62835297319015,0.3669143318651103
realprize,Web,210,203,0.9886187964132783,0.62835297319015,0.36741723633532725
realprize,Web,210,204,0.9902080952272492,0.62835297319015,0.3680078945142519
realprize,Web,210,205,0.9929974155576844,0.62835297319015,0.36904453712187846
realprize,Web,210,206,0.9950084367663129,0.62835297319015,0.36979192717491677
realprize,Web,210,207,0.995997884492805,0.62835297319015,0.37015965248065136
realprize,Web,210,208,0.9975616998544865,0.62835297319015,0.3707408398102998
realprize,Web,210,209,0.9987999146152343,0.62835297319015,0.37120101864468386
realprize,Web,210,210,1.0,0.62835297319015,0.37164702680984996
realprize,Web,240,1,0.12581422593702407,0.62835297319015,0.046758482999877705
realprize,Web,240,2,0.15429911536713498,0.62835297319015,0.05734480746558574
realprize,Web,240,3,0.17294500670641674,0.62835297319015,0.06427449754404935
realprize,Web,240,4,0.19479330962301597,0.62835297319015,0.07239435436384442
realprize,Web,240,5,0.22395303843129954,0.62835297319015,0.08323148087802454
realprize,Web,240,6,0.23996684213171865,0.62835297319015,0.08918296341120187
realprize,Web,240,7,0.2546205207900182,0.62835297319015,0.09462895951638585
realprize,Web,240,8,0.2738620376697647,0.62835297319015,0.10178001205605518
realprize,Web,240,9,0.2841089785386514,0.62835297319015,0.10558825716387327
realprize,Web,240,10,0.30818362909766206,0.62835297319015,0.11453552946561567
realprize,Web,240,11,0.31750628520724655,0.62835297319015,0.11800026689071343
realprize,Web,240,12,0.3235116743840953,0.62835297319015,0.12023215192312531
realprize,Web,240,13,0.3341829287217537,0.62835297319015,0.12419809187004778
realprize,Web,240,14,0.34284427225799396,0.62835297319015,0.12741705444347018
realprize,Web,240,15,0.3491618013988698,0.62835297319015,0.12976494536546127
realprize,Web,240,16,0.36344476994339364,0.62835297319015,0.13507316815905215
realprize,Web,240,17,0.3665780459519439,0.62835297319015,0.13623764087180448
realprize,Web,240,18,0.38045739711862975,0.62835297319015,0.14139586046695313
realprize,Web,240,19,0.3850034441343453,0.62835297319015,0.1430853853240816
realprize,Web,240,20,0.39151876431398935,0.62835297319015,0.14550678469756054
realprize,Web,240,21,0.3993854504939645,0.62835297319015,0.14843041522719444
realprize,Web,240,22,0.41645691127919787,0.62835297319015,0.15477497287132735
realprize,Web,240,23,0.4199189130475262,0.62835297319015,0.15606161553533704
realprize,Web,240,24,0.4262124685091758,0.62835297319015,0.15840059671072199
realprize,Web,240,25,0.4275966405968692,0.62835297319015,0.15891502015170642
realprize,Web,240,26,0.4371254162405874,0.62835297319015,0.16245636128883242
realprize,Web,240,27,0.45107009373132095,0.62835297319015,0.16763885921808577
realprize,Web,240,28,0.45766808142298554,0.62835297319015,0.1700909817266209
realprize,Web,240,29,0.4660362328007861,0.62835297319015,0.17320098030607523
realprize,Web,240,30,0.4697698770820701,0.62835297319015,0.17458857810238002
realprize,Web,240,31,0.4717751156042389,0.62835297319015,0.17533381903718864
realprize,Web,240,32,0.4747165013922822,0.62835297319015,0.1764269763200157
realprize,Web,240,33,0.4814287880752606,0.62835297319015,0.17892157770883996
realprize,Web,240,34,0.492806235175817,0.62835297319015,0.1831499720964481
realprize,Web,240,35,0.49906775864127734,0.62835297319015,0.1854770486756865
realprize,Web,240,36,0.504671140112497,0.62835297319015,0.18755952873954673
realprize,Web,240,37,0.5118002615987716,0.62835297319015,0.19020904554368687
realprize,Web,240,38,0.5132532978690656,0.62835297319015,0.19074906215338852
realprize,Web,240,39,0.5173721381139281,0.62835297319015,0.19227981688429643
realprize,Web,240,40,0.5256000139843596,0.62835297319015,0.1953376824885028
realprize,Web,240,41,0.5316572745478726,0.62835297319015,0.19758884536754495
realprize,Web,240,42,0.533035886418113,0.62835297319015,0.19810120237024456
realprize,Web,240,43,0.5348756789138707,0.62835297319015,0.19878495578124
realprize,Web,240,44,0.536868138887377,0.62835297319015,0.19952544760643126
realprize,Web,240,45,0.5436870577293381,0.62835297319015,0.20205967852010376
realprize,Web,240,46,0.5498824554078968,0.62835297319015,0.20436217964724476
realprize,Web,240,47,0.5580942395161546,0.62835297319015,0.20741406479588312
realprize,Web,240,48,0.5704867659148142,0.62835297319015,0.21201971038660755
realprize,Web,240,49,0.5792094842445873,0.62835297319015,0.2152614827195675
realprize,Web,240,50,0.5805936250615127,0.62835297319015,0.21577589453886398
realprize,Web,240,51,0.5805936250615127,0.62835297319015,0.21577589453886398
realprize,Web,240,52,0.5807663830073969,0.62835297319015,0.21584009951580962
realprize,Web,240,53,0.5828070663361784,0.62835297319015,0.2165985134076117
realprize,Web,240,54,0.5840120449783016,0.62835297319015,0.21704634013732615
realprize,Web,240,55,0.5885112614345908,0.62835297319015,0.21871846055627997
realprize,Web,240,56,0.5899986543498604,0.62835297319015,0.21927124571093798
realprize,Web,240,57,0.5920893846459176,0.62835297319015,0.22004825940932893
realprize,Web,240,58,0.5958074688652409,0.62835297319015,0.22143007435486906
realprize,Web,240,59,0.5992198258226246,0.62835297319015,0.22269826667249457
realprize,Web,240,60,0.5996007327139022,0.62835297319015,0.2228398295861293
realprize,Web,240,61,0.5996007327139022,0.62835297319015,0.2228398295861293
realprize,Web,240,62,0.5996007327139022,0.62835297319015,0.2228398295861293
realprize,Web,240,63,0.5996007327139022,0.62835297319015,0.2228398295861293
realprize,Web,240,64,0.6094214929466159,0.62835297319015,0.22648968592762972
realprize,Web,240,65,0.6161932862661956,0.62835297319015,0.22900640278102236
realprize,Web,240,66,0.6161932862661956,0.62835297319015,0.22900640278102236
realprize,Web,240,67,0.6161932862661956,0.62835297319015,0.22900640278102236
realprize,Web,240,68,0.6172061758122458,0.62835297319015,0.2293828401692987
realprize,Web,240,69,0.6172061758122458,0.62835297319015,0.2293828401692987
realprize,Web,240,70,0.6196354846793479,0.62835297319015,0.23028568558696
realprize,Web,240,71,0.6196354846793479,0.62835297319015,0.23028568558696
realprize,Web,240,72,0.6224914266883549,0.62835297319015,0.23134708794334877
realprize,Web,240,73,0.6224914266883549,0.62835297319015,0.23134708794334877
realprize,Web,240,74,0.6224914266883549,0.62835297319015,0.23134708794334877
realprize,Web,240,75,0.6224914266883549,0.62835297319015,0.23134708794334877
realprize,Web,240,76,0.6258113669619856,0.62835297319015,0.2325809338752299
realprize,Web,240,77,0.6258113669619856,0.62835297319015,0.2325809338752299
realprize,Web,240,78,0.6359707507365827,0.62835297319015,0.23635663864927917
realprize,Web,240,79,0.6359707507365827,0.62835297319015,0.23635663864927917
realprize,Web,240,80,0.6359707507365827,0.62835297319015,0.23635663864927917
realprize,Web,240,81,0.6359707507365827,0.62835297319015,0.23635663864927917
realprize,Web,240,82,0.6359707507365827,0.62835297319015,0.23635663864927917
realprize,Web,240,83,0.6359707507365827,0.62835297319015,0.23635663864927917
realprize,Web,240,84,0.6359707507365827,0.62835297319015,0.23635663864927917
realprize,Web,240,85,0.639308649614609,0.62835297319015,0.23759715884308955
realprize,Web,240,86,0.6416677914909892,0.62835297319015,0.23847392690726887
realprize,Web,240,87,0.6416677914909892,0.62835297319015,0.23847392690726887
realprize,Web,240,88,0.6446953231487692,0.62835297319015,0.23959910004645552
realprize,Web,240,89,0.6457044553677074,0.62835297319015,0.23997414103528192
realprize,Web,240,90,0.6457044553677074,0.62835297319015,0.23997414103528192
realprize,Web,240,91,0.6510211041053827,0.62835297319015,0.2419500577312313
realprize,Web,240,92,0.6528973843553579,0.62835297319015,0.24264737170759662
realprize,Web,240,93,0.6654257624213007,0.62835297319015,0.247303506166554
realprize,Web,240,94,0.6661189413028489,0.62835297319015,0.24756112403692876
realprize,Web,240,95,0.6671806443986167,0.62835297319015,0.24795570283582566
realprize,Web,240,96,0.6676173378345895,0.62835297319015,0.24811799865293235
realprize,Web,240,97,0.6711809564754224,0.62835297319015,0.24944240692548206
realprize,Web,240,98,0.6798741589006987,0.62835297319015,0.2526732097602922
realprize,Web,240,99,0.6854398605366434,0.62835297319015,0.2547416862254017
realprize,Web,240,100,0.6930075450660526,0.62835297319015,0.2575541936805915
realprize,Web,240,101,0.6953205187520006,0.62835297319015,0.25841380347406356
realprize,Web,240,102,0.6984445751734248,0.62835297319015,0.2595748497546721
realprize,Web,240,103,0.7053816434248,0.62835297319015,0.2621529905450727
realprize,Web,240,104,0.7072547018675829,0.62835297319015,0.262849107146374
realprize,Web,240,105,0.7090658668571498,0.62835297319015,0.2635222212298087
realprize,Web,240,106,0.7151282993403496,0.62835297319015,0.2657753062374253
realprize,Web,240,107,0.7231256837195483,0.62835297319015,0.2687475103642101
realprize,Web,240,108,0.7313118743903763,0.62835297319015,0.2717898837879218
realprize,Web,240,109,0.7414859702449547,0.62835297319015,0.2755710562627543
realprize,Web,240,110,0.7422974621871218,0.62835297319015,0.27587264483034085
realprize,Web,240,111,0.7451622316354852,0.62835297319015,0.2769373278783208
realprize,Web,240,112,0.7499059058504801,0.62835297319015,0.2787003002964782
realprize,Web,240,113,0.7508409606216713,0.62835297319015,0.27904781062209577
realprize,Web,240,114,0.7558552628873515,0.62835297319015,0.28091136115066173
realprize,Web,240,115,0.7631432618001763,0.62835297319015,0.2836199242780065
realprize,Web,240,116,0.7631432618001763,0.62835297319015,0.2836199242780065
realprize,Web,240,117,0.7674878152352228,0.62835297319015,0.285234564644958
realprize,Web,240,118,0.7688601950416943,0.62835297319015,0.28574460551968706
realprize,Web,240,119,0.7688601950416943,0.62835297319015,0.28574460551968706
realprize,Web,240,120,0.7688601950416943,0.62835297319015,0.28574460551968706
realprize,Web,240,121,0.7698904452483818,0.62835297319015,0.2861274949458727
realprize,Web,240,122,0.7711278182439185,0.62835297319015,0.2865873609407187
realprize,Web,240,123,0.7752772798873512,0.62835297319015,0.28812949602336196
realprize,Web,240,124,0.780431831682364,0.62835297319015,0.29004516987251583
realprize,Web,240,125,0.7828215830628741,0.62835297319015,0.29093331386789717
realprize,Web,240,126,0.785273735340965,0.62835297319015,0.29184464897133466
realprize,Web,240,127,0.785273735340965,0.62835297319015,0.29184464897133466
realprize,Web,240,128,0.7863043981428492,0.62835297319015,0.29222769173729846
realprize,Web,240,129,0.7882642500838898,0.62835297319015,0.29295606488417364
realprize,Web,240,130,0.7882642500838898,0.62835297319015,0.29295606488417364
realprize,Web,240,131,0.7903664226121526,0.62835297319015,0.2937373310541439
realprize,Web,240,132,0.7963069682572812,0.62835297319015,0.29594511718078415
realprize,Web,240,133,0.8000827259270634,0.62835297319015,0.29734836629271316
realprize,Web,240,134,0.8011963203635271,0.62835297319015,0.2977622303540969
realprize,Web,240,135,0.8040836615515125,0.62835297319015,0.29883530212199727
realprize,Web,240,136,0.8042070275153888,0.62835297319015,0.29888115071568144
realprize,Web,240,137,0.8059045308004731,0.62835297319015,0.299512022764583
realprize,Web,240,138,0.8089879867374542,0.62835297319015,0.3006579799958612
realprize,Web,240,139,0.8106375423347054,0.62835297319015,0.30127103242913716
realprize,Web,240,140,0.815854462019683,0.62835297319015,0.30320988511916486
realprize,Web,240,141,0.815854462019683,0.62835297319015,0.30320988511916486
realprize,Web,240,142,0.8160603470229418,0.62835297319015,0.30328640166849075
realprize,Web,240,143,0.8172977200184789,0.62835297319015,0.30374626766333684
realprize,Web,240,144,0.8194135989591831,0.62835297319015,0.30453262778073914
realprize,Web,240,145,0.82065097195472,0.62835297319015,0.30499249377558524
realprize,Web,240,146,0.823063564605331,0.62835297319015,0.30588912666108814
realprize,Web,240,147,0.8248270129807379,0.62835297319015,0.30654450700674074
realprize,Web,240,148,0.8256517907793635,0.62835297319015,0.3068510332233787
realprize,Web,240,149,0.8338363014181256,0.62835297319015,0.30989278226816824
realprize,Web,240,150,0.8361047498107437,0.62835297319015,0.31073584436875634
realprize,Web,240,151,0.8387323014513909,0.62835297319015,0.3117123661237922
realprize,Web,240,152,0.843055427725037,0.62835297319015,0.3133190431499164
realprize,Web,240,153,0.8468609166996918,0.62835297319015,0.31473334181290447
realprize,Web,240,154,0.8550918238594226,0.62835297319015,0.3177923339867663
realprize,Web,240,155,0.856943709727865,0.62835297319015,0.31848058186376416
realprize,Web,240,156,0.8573744276358238,0.62835297319015,0.3186406568936508
realprize,Web,240,157,0.8604397110764469,0.62835297319015,0.3197798603706878
realprize,Web,240,158,0.8627486234129901,0.62835297319015,0.32063796077572865
realprize,Web,240,159,0.8648162992406566,0.62835297319015,0.32140640634948753
realprize,Web,240,160,0.8679054503150516,0.62835297319015,0.3225544801616529
realprize,Web,240,161,0.8697005871595969,0.62835297319015,0.3232216374326449
realprize,Web,240,162,0.87369370708415,0.62835297319015,0.32470566858030026
realprize,Web,240,163,0.8748427670667568,0.62835297319015,0.32513271330646226
realprize,Web,240,164,0.8803300385065774,0.62835297319015,0.3271720414223702
realprize,Web,240,165,0.8804734195846773,0.62835297319015,0.3272253285737468
realprize,Web,240,166,0.8833748032241802,0.62835297319015,0.3283036191770028
realprize,Web,240,167,0.8848023371321292,0.62835297319015,0.32883415790956233
realprize,Web,240,168,0.8853048892475528,0.62835297319015,0.3290209299090765
realprize,Web,240,169,0.8855201045331174,0.62835297319015,0.3291009140300806
realprize,Web,240,170,0.8866688771788943,0.62835297319015,0.3295278519683641
realprize,Web,240,171,0.8881376338651389,0.62835297319015,0.330073711023914
realprize,Web,240,172,0.8906226664381759,0.62835297319015,0.3309972659912088
realprize,Web,240,173,0.8909098595996201,0.62835297319015,0.33110400047577965
realprize,Web,240,174,0.8916996048764879,0.62835297319015,0.3313975069598647
realprize,Web,240,175,0.8941409622513863,0.62835297319015,0.332304830169626
realprize,Web,240,176,0.8949019738452684,0.62835297319015,0.3325876578658601
realprize,Web,240,177,0.8969843081613101,0.62835297319015,0.3333615512232411
realprize,Web,240,178,0.8977619019636435,0.62835297319015,0.3336505416479441
realprize,Web,240,179,0.8982114203203798,0.62835297319015,0.3338176038087216
realprize,Web,240,180,0.8982114203203798,0.62835297319015,0.3338176038087216
realprize,Web,240,181,0.911038879672419,0.62835297319015,0.3385848909384312
realprize,Web,240,182,0.9122479408085905,0.62835297319015,0.33903423491492063
realprize,Web,240,183,0.914140397606158,0.62835297319015,0.33973756085710266
realprize,Web,240,184,0.9167723902825899,0.62835297319015,0.34071573310988396
realprize,Web,240,185,0.9173568013940672,0.62835297319015,0.3409329277618991
realprize,Web,240,186,0.9196965729372251,0.62835297319015,0.341802496899328
realprize,Web,240,187,0.9207407565467932,0.62835297319015,0.3421905646332676
realprize,Web,240,188,0.9264829545349026,0.62835297319015,0.3443246354429019
realprize,Web,240,189,0.9284916625118426,0.62835297319015,0.3450711657902609
realprize,Web,240,190,0.9300241255101247,0.62835297319015,0.3456407011072686
realprize,Web,240,191,0.930874536791281,0.62835297319015,0.34595675393147585
realprize,Web,240,192,0.9318815786682909,0.62835297319015,0.34633101805093963
realprize,Web,240,193,0.933071580231176,0.62835297319015,0.3467732785936849
realprize,Web,240,194,0.9340665266097544,0.62835297319015,0.3471430474571188
realprize,Web,240,195,0.9353787660128519,0.62835297319015,0.3476307373297427
realprize,Web,240,196,0.937570555852418,0.62835297319015,0.3484453095070095
realprize,Web,240,197,0.9386141285782272,0.62835297319015,0.34883315020781636
realprize,Web,240,198,0.9391269044056839,0.62835297319015,0.3490237218195106
realprize,Web,240,199,0.9411906530093258,0.62835297319015,0.3497907078521371
realprize,Web,240,200,0.9426434567654106,0.62835297319015,0.3503306380486242
realprize,Web,240,201,0.9438239151022098,0.62835297319015,0.3507693518797685
realprize,Web,240,202,0.9442939901548999,0.62835297319015,0.3509440538754783
realprize,Web,240,203,0.9455882695754773,0.62835297319015,0.351425068973997
realprize,Web,240,204,0.9471083927218237,0.62835297319015,0.3519900182217215
realprize,Web,240,205,0.9497763053632958,0.62835297319015,0.35298154002271304
realprize,Web,240,206,0.9516997950558301,0.62835297319015,0.3536963992480428
realprize,Web,240,207,0.9526461761755535,0.62835297319015,0.35404811897741695
realprize,Web,240,208,0.9541419250599088,0.62835297319015,0.35460400960314176
realprize,Web,240,209,0.9553262454038333,0.62835297319015,0.3550441587377517
realprize,Web,240,210,0.9564740959873346,0.62835297319015,0.3554707539943319
realprize,Web,240,211,0.9577132126044576,0.62835297319015,0.35593126800095637
realprize,Web,240,212,0.958549390294025,0.62835297319015,0.3562420309531688
realprize,Web,240,213,0.9607048325499198,0.62835297319015,0.35704309465903245
realprize,Web,240,214,0.9616632480796992,0.62835297319015,0.35739928694112333
realprize,Web,240,215,0.9626639367656138,0.62835297319015,0.35777118991600576
realprize,Web,240,216,0.9650207263085351,0.62835297319015,0.358647083742449
realprize,Web,240,217,0.9665105496204262,0.62835297319015,0.3592007721467853
realprize,Web,240,218,0.9683914607149451,0.62835297319015,0.35989980716275694
realprize,Web,240,219,0.9699912431034887,0.62835297319015,0.36049436153100195
realprize,Web,240,220,0.972513276703268,0.62835297319015,0.36143166781987446
realprize,Web,240,221,0.9743572904187326,0.62835297319015,0.3621169900346235
realprize,Web,240,222,0.9749245570775084,0.62835297319015,0.36232781300176586
realprize,Web,240,223,0.9755962237707284,0.62835297319015,0.36257743593130826
realprize,Web,240,224,0.9763407688964184,0.62835297319015,0.3628541439135967
realprize,Web,240,225,0.9773539806993963,0.62835297319015,0.3632307010677021
realprize,Web,240,226,0.9792899739607129,0.62835297319015,0.36395020720719434
realprize,Web,240,227,0.9807857228450682,0.62835297319015,0.3645060978329191
realprize,Web,240,228,0.9824158661564434,0.62835297319015,0.36511193574786566
realprize,Web,240,229,0.9833130711335527,0.62835297319015,0.36544537931004734
realprize,Web,240,230,0.9843755201675207,0.62835297319015,0.3658402353346586
realprize,Web,240,231,0.986030343182767,0.62835297319015,0.36645524538817137
realprize,Web,240,232,0.9871247793121333,0.62835297319015,0.3668619893216836
realprize,Web,240,233,0.9885291399861147,0.62835297319015,0.3673839157907375
realprize,Web,240,234,0.9905973382670586,0.62835297319015,0.36815255553270354
realprize,Web,240,235,0.9910732167154608,0.62835297319015,0.36832941434317507
realprize,Web,240,236,0.9924650542723794,0.62835297319015,0.3688466866330062
realprize,Web,240,237,0.994846828961051,0.62835297319015,0.3697318661145819
realprize,Web,240,238,0.9974969037967548,0.62835297319015,0.3707167585480949
realprize,Web,240,239,0.9990964418317954,0.62835297319015,0.3713112221030869
realprize,Web,240,240,1.0,0.62835297319015,0.37164702680984996
realprize,Web,270,1,0.12035741819279024,0.62835297319015,0.04473047662586024
realprize,Web,270,2,0.14760686255237568,0.62835297319015,0.0548576516043206
realprize,Web,270,3,0.1654440453096147,0.62835297319015,0.06148678754271241
realprize,Web,270,4,0.18634474482392982,0.62835297319015,0.0692544703754537
realprize,Web,270,5,0.21423975946498997,0.62835297319015,0.07962156962962093
realprize,Web,270,6,0.22955901334485998,0.62835297319015,0.08531492478701988
realprize,Web,270,7,0.243577133451743,0.62835297319015,0.09052471744620633
realprize,Web,270,8,0.26198410831099683,0.62835297319015,0.09736561492521167
realprize,Web,270,9,0.271786619419484,0.62835297319015,0.10100868903395147
realprize,Web,270,10,0.29481710554771007,0.62835297319015,0.10956790072949217
realprize,Web,270,11,0.30373541992505615,0.62835297319015,0.11288236575198837
realprize,Web,270,12,0.30948034369011773,0.62835297319015,0.11501744958852277
realprize,Web,270,13,0.31968876496675513,0.62835297319015,0.11881137900440747
realprize,Web,270,14,0.3279744491836138,0.62835297319015,0.12189072890868828
realprize,Web,270,15,0.33401797479520984,0.62835297319015,0.12413678723368714
realprize,Web,270,16,0.34768146320714977,0.62835297319015,0.12921478207783546
realprize,Web,270,17,0.3506788429395759,0.62835297319015,0.13032874934361172
realprize,Web,270,18,0.36395621964457237,0.62835297319015,0.13526324691985803
realprize,Web,270,19,0.368305095757107,0.62835297319015,0.1368794937970459
realprize,Web,270,20,0.3745378338253272,0.62835297319015,0.1391958723689845
realprize,Web,270,21,0.3820633265214285,0.62835297319015,0.1419926993547698
realprize,Web,270,22,0.3983943648407249,0.62835297319015,0.148062081190854
realprize,Web,270,23,0.40170621285720787,0.62835297319015,0.14929291965942604
realprize,Web,270,24,0.40772680457468524,0.62835297319015,0.1515304546708625
realprize,Web,270,25,0.40905094242609713,0.62835297319015,0.1520225665664261
realprize,Web,270,26,0.4181664365323863,0.62835297319015,0.15541031284893117
realprize,Web,270,27,0.43150630623166725,0.62835297319015,0.16036803576069977
realprize,Web,270,28,0.43781812636108614,0.62835297319015,0.16271380494555684
realprize,Web,270,29,0.44582333473380736,0.62835297319015,0.16568891683627202
realprize,Web,270,30,0.44939504359899207,0.62835297319015,0.1670163318166483
realprize,Web,270,31,0.4513133110253622,0.62835297319015,0.16772925020228494
realprize,Web,270,32,0.4541271231894577,0.62835297319015,0.16877499512707242
realprize,Web,270,33,0.4605482849405741,0.62835297319015,0.17116140080053996
realprize,Web,270,34,0.4714322700261195,0.62835297319015,0.17520640149742564
realprize,Web,270,35,0.477422219037399,0.62835297319015,0.17743254823821028
realprize,Web,270,36,0.4827825709531108,0.62835297319015,0.17942470709033906
realprize,Web,270,37,0.48960248857117283,0.62835297319015,0.18195930919617992
realprize,Web,270,38,0.4909925038316142,0.62835297319015,0.18247590423494328
realprize,Web,270,39,0.4949327019620573,0.62835297319015,0.18394026715516418
realprize,Web,270,40,0.5028037188490632,0.62835297319015,0.18686550717919004
realprize,Web,270,41,0.5085982642378362,0.62835297319015,0.18901903274464224
realprize,Web,270,42,0.5099170830292431,0.62835297319015,0.1895091678273696
realprize,Web,270,43,0.5116770801452346,0.62835297319015,0.19016326552272175
realprize,Web,270,44,0.5135831232534579,0.62835297319015,0.19087164077686433
realprize,Web,270,45,0.5201062923193742,0.62835297319015,0.19329595716559012
realprize,Web,270,46,0.5260329835477745,0.62835297319015,0.1954985943394451
realprize,Web,270,47,0.5338886066036378,0.62835297319015,0.1984181132918956
realprize,Web,270,48,0.5457436450233413,0.62835297319015,0.20282400307329496
realprize,Web,270,49,0.5540880420895355,0.62835297319015,0.2059251734334669
realprize,Web,270,50,0.5554121500264535,0.62835297319015,0.20641727421139777
realprize,Web,270,51,0.5554121500264535,0.62835297319015,0.20641727421139777
realprize,Web,270,52,0.5555774151241328,0.62835297319015,0.20647869449358575
realprize,Web,270,53,0.5575295900468966,0.62835297319015,0.20720421449944365
realprize,Web,270,54,0.5586823064210847,0.62835297319015,0.2076326181126657
realprize,Web,270,55,0.5629863831066618,0.62835297319015,0.209232215416022
realprize,Web,270,56,0.5644092648975471,0.62835297319015,0.20976102520310638
realprize,Web,270,57,0.566409316153252,0.62835297319015,0.2105043383057564
realprize,Web,270,58,0.5699661398266345,0.62835297319015,0.21182622124885592
realprize,Web,270,59,0.573230496224205,0.62835297319015,0.2130394095984607
realprize,Web,270,60,0.5735948824425725,0.62835297319015,0.21317483265312748
realprize,Web,270,61,0.5735948824425725,0.62835297319015,0.21317483265312748
realprize,Web,270,62,0.5735948824425725,0.62835297319015,0.21317483265312748
realprize,Web,270,63,0.5735948824425725,0.62835297319015,0.21317483265312748
realprize,Web,270,64,0.5829896971981907,0.62835297319015,0.2166663876244823
realprize,Web,270,65,0.5894677846673118,0.62835297319015,0.21907394957179527
realprize,Web,270,66,0.5894677846673118,0.62835297319015,0.21907394957179527
realprize,Web,270,67,0.5894677846673118,0.62835297319015,0.21907394957179527
realprize,Web,270,68,0.5904367432232233,0.62835297319015,0.21943406013820174
realprize,Web,270,69,0.5904367432232233,0.62835297319015,0.21943406013820174
realprize,Web,270,70,0.592760688238659,0.62835297319015,0.220297747393658
realprize,Web,270,71,0.592760688238659,0.62835297319015,0.220297747393658
realprize,Web,270,72,0.5954927624866417,0.62835297319015,0.22131311466494455
realprize,Web,270,73,0.5954927624866417,0.62835297319015,0.22131311466494455
realprize,Web,270,74,0.5954927624866417,0.62835297319015,0.22131311466494455
realprize,Web,270,75,0.5954927624866417,0.62835297319015,0.22131311466494455
realprize,Web,270,76,0.5986687104918257,0.62835297319015,0.22249344629837384
realprize,Web,270,77,0.5986687104918257,0.62835297319015,0.22249344629837384
realprize,Web,270,78,0.6083874620275406,0.62835297319015,0.22610539141092595
realprize,Web,270,79,0.6083874620275406,0.62835297319015,0.22610539141092595
realprize,Web,270,80,0.6083874620275406,0.62835297319015,0.22610539141092595
realprize,Web,270,81,0.6083874620275406,0.62835297319015,0.22610539141092595
realprize,Web,270,82,0.6083874620275406,0.62835297319015,0.22610539141092595
realprize,Web,270,83,0.6083874620275406,0.62835297319015,0.22610539141092595
realprize,Web,270,84,0.6083874620275406,0.62835297319015,0.22610539141092595
realprize,Web,270,85,0.6115805897375098,0.62835297319015,0.22729210783056017
realprize,Web,270,86,0.6138374110411178,0.62835297319015,0.22813084875808717
realprize,Web,270,87,0.6138374110411178,0.62835297319015,0.22813084875808717
realprize,Web,270,88,0.616733632760987,0.62835297319015,0.22920722094925872
realprize,Web,270,89,0.6176989969523731,0.62835297319015,0.229565995680776
realprize,Web,270,90,0.6176989969523731,0.62835297319015,0.229565995680776
realprize,Web,270,91,0.6227850522910187,0.62835297319015,0.231456213025574
realprize,Web,270,92,0.6245799546163421,0.62835297319015,0.23212328313819455
realprize,Web,270,93,0.636564952552226,0.62835297319015,0.23657747198738802
realprize,Web,270,94,0.6372280669171362,0.62835297319015,0.23682391646954176
realprize,Web,270,95,0.6382437218841498,0.62835297319015,0.23720138161829704
realprize,Web,270,96,0.638661475076239,0.62835297319015,0.23735663835007734
realprize,Web,270,97,0.6420705326437754,0.62835297319015,0.23862360445927586
realprize,Web,270,98,0.6503866939676727,0.62835297319015,0.24171428108977333
realprize,Web,270,99,0.6557110002958697,0.62835297319015,0.24369304370647263
realprize,Web,270,100,0.6629504596246829,0.62835297319015,0.24638356724173688
realprize,Web,270,101,0.6651631151420957,0.62835297319015,0.24720589408613775
realprize,Web,270,102,0.6681516751588257,0.62835297319015,0.24831658353079825
realprize,Web,270,103,0.674787869264416,0.62835297319015,0.25078290533947395
realprize,Web,270,104,0.6765796895185929,0.62835297319015,0.25144883000951646
realprize,Web,270,105,0.6783123007590305,0.62835297319015,0.2520927498256424
realprize,Web,270,106,0.6841117937512718,0.62835297319015,0.25424811415321347
realprize,Web,270,107,0.6917623160114296,0.62835297319015,0.25709140800474367
realprize,Web,270,108,0.6995934556670352,0.62835297319015,0.2600018277742822
realprize,Web,270,109,0.709326281191201,0.62835297319015,0.26361900344279743
realprize,Web,270,110,0.7101025771491188,0.62835297319015,0.2639075115274821
realprize,Web,270,111,0.7128430959732397,0.62835297319015,0.26492601720038306
realprize,Web,270,112,0.7173810278089471,0.62835297319015,0.2666125260749895
realprize,Web,270,113,0.718275527435609,0.62835297319015,0.26694496420172087
realprize,Web,270,114,0.7230723496569499,0.62835297319015,0.26872768891841764
realprize,Web,270,115,0.7300442538784846,0.62835297319015,0.27131877639355406
realprize,Web,270,116,0.7300442538784846,0.62835297319015,0.27131877639355406
realprize,Web,270,117,0.7342003755789396,0.62835297319015,0.27286338666658805
realprize,Web,270,118,0.7355132326033075,0.62835297319015,0.2733513060763208
realprize,Web,270,119,0.7355132326033075,0.62835297319015,0.2733513060763208
realprize,Web,270,120,0.7355132326033075,0.62835297319015,0.2733513060763208
realprize,Web,270,121,0.7364987988542301,0.62835297319015,0.27371758884320035
realprize,Web,270,122,0.7376825045757026,0.62835297319015,0.2741575095552034
realprize,Web,270,123,0.7416519959950875,0.62835297319015,0.275632759239165
realprize,Web,270,124,0.7465829848508253,0.62835297319015,0.27746534658663247
realprize,Web,270,125,0.7488690880648198,0.62835297319015,0.27831497004909395
realprize,Web,270,126,0.751214885728069,0.62835297319015,0.27918677877613807
realprize,Web,270,127,0.751214885728069,0.62835297319015,0.27918677877613807
realprize,Web,270,128,0.7522008466791321,0.62835297319015,0.27955320823215124
realprize,Web,270,129,0.7540756960286948,0.62835297319015,0.28024999041863263
realprize,Web,270,130,0.7540756960286948,0.62835297319015,0.28024999041863263
realprize,Web,270,131,0.7560866932447344,0.62835297319015,0.2809973715548966
realprize,Web,270,132,0.7617695858681964,0.62835297319015,0.28310940170208587
realprize,Web,270,133,0.7653815815822907,0.62835297319015,0.28445178917007896
realprize,Web,270,134,0.7664468772616021,0.62835297319015,0.2848477031419684
realprize,Web,270,135,0.7692089888450853,0.62835297319015,0.28587423369968695
realprize,Web,270,136,0.7693270041871059,0.62835297319015,0.2859180937506669
realprize,Web,270,137,0.7709508834523076,0.62835297319015,0.2865216036514773
realprize,Web,270,138,0.773900603906591,0.62835297319015,0.2876178584882319
realprize,Web,270,139,0.7754786150684607,0.62835297319015,0.2882043216448135
realprize,Web,270,140,0.780469266797442,0.62835297319015,0.29005908252173285
realprize,Web,270,141,0.780469266797442,0.62835297319015,0.29005908252173285
realprize,Web,270,142,0.7806662221675704,0.62835297319015,0.2901322803994553
realprize,Web,270,143,0.7818499278890431,0.62835297319015,0.29057220111145843
realprize,Web,270,144,0.7838740370437512,0.62835297319015,0.29132445526074435
realprize,Web,270,145,0.7850577427652239,0.62835297319015,0.29176437597274746
realprize,Web,270,146,0.7873656965789984,0.62835297319015,0.2926221201456512
realprize,Web,270,147,0.7890526607676623,0.62835297319015,0.2932490753707028
realprize,Web,270,148,0.7898416663485972,0.62835297319015,0.2935423069489937
realprize,Web,270,149,0.7976711988383961,0.62835297319015,0.29645212942013854
realprize,Web,270,150,0.7998412602110725,0.62835297319015,0.2972586262772886
realprize,Web,270,151,0.8023548498252931,0.62835297319015,0.29819279438403384
realprize,Web,270,152,0.8064904737020233,0.62835297319015,0.29972978670182443
realprize,Web,270,153,0.810130911216457,0.62835297319015,0.3010827444803508
realprize,Web,270,154,0.8180048279198481,0.62835297319015,0.3040090622125145
realprize,Web,270,155,0.8197763938954238,0.62835297319015,0.3046674594401347
realprize,Web,270,156,0.8201884307297741,0.62835297319015,0.3048205917045571
realprize,Web,270,157,0.8231207668642202,0.62835297319015,0.3059103857105311
realprize,Web,270,158,0.825329537180853,0.62835297319015,0.30673126863161354
realprize,Web,270,159,0.8273075338853126,0.62835297319015,0.3074663852258656
realprize,Web,270,160,0.8302627024678207,0.62835297319015,0.30856466484327666
realprize,Web,270,161,0.8319799807350682,0.62835297319015,0.30920288620550435
realprize,Web,270,162,0.8357999112800765,0.62835297319015,0.3106225520351768
realprize,Web,270,163,0.8368991342957983,0.62835297319015,0.31103107500077076
realprize,Web,270,164,0.8421484120980591,0.62835297319015,0.31298195348887997
realprize,Web,270,165,0.842285574459861,0.62835297319015,0.31303292947283384
realprize,Web,270,166,0.8450611194464205,0.62835297319015,0.31406445251486564
realprize,Web,270,167,0.8464267384315853,0.62835297319015,0.3145719807504572
realprize,Web,270,168,0.8469074938840726,0.62835297319015,0.31475065208499675
realprize,Web,270,169,0.8471133748640116,0.62835297319015,0.3148271671390678
realprize,Web,270,170,0.848212323005261,0.62835297319015,0.3152355879483813
realprize,Web,270,171,0.8496173768566297,0.62835297319015,0.31575777203475025
realprize,Web,270,172,0.8519946287324662,0.62835297319015,0.31664127062638303
realprize,Web,270,173,0.8522693657677787,0.62835297319015,0.3167433758287115
realprize,Web,270,174,0.8530248582555784,0.62835297319015,0.3170241523655794
realprize,Web,270,175,0.8553603292115876,0.62835297319015,0.317892123202581
realprize,Web,270,176,0.8560883342521326,0.62835297319015,0.31816268411140214
realprize,Web,270,177,0.8580803536778094,0.62835297319015,0.31890301220830236
realprize,Web,270,178,0.8588242217241653,0.62835297319015,0.3191794685560694
realprize,Web,270,179,0.8592542435952543,0.62835297319015,0.3193392849059228
realprize,Web,270,180,0.8592542435952543,0.62835297319015,0.3193392849059228
realprize,Web,270,181,0.8715253510800086,0.62835297319015,0.32389980551829584
realprize,Web,270,182,0.8726819728825358,0.62835297319015,0.3243296605723485
realprize,Web,270,183,0.8744923501471118,0.62835297319015,0.32500248190013237
realprize,Web,270,184,0.8770101881807556,0.62835297319015,0.32593822891932483
realprize,Web,270,185,0.8775692522453852,0.62835297319015,0.32614600341674066
realprize,Web,270,186,0.8798075433448066,0.62835297319015,0.3269778576489756
realprize,Web,270,187,0.8808064386798202,0.62835297319015,0.3273490941303276
realprize,Web,270,188,0.8862995863700236,0.62835297319015,0.3293906061372191
realprize,Web,270,189,0.8882211727741618,0.62835297319015,0.3301047580110753
realprize,Web,270,190,0.8896871698708776,0.62835297319015,0.3306495914733816
realprize,Web,270,191,0.8905006971603371,0.62835297319015,0.3309519364717379
realprize,Web,270,192,0.891464061671991,0.62835297319015,0.33130996802822815
realprize,Web,270,193,0.8926024505520047,0.62835297319015,0.33173304687083865
realprize,Web,270,194,0.8935542441705253,0.62835297319015,0.33208677813929843
realprize,Web,270,195,0.8948095691978135,0.62835297319015,0.33255331595337007
realprize,Web,270,196,0.8969062968480191,0.62835297319015,0.333332558550599
realprize,Web,270,197,0.897904607794491,0.62835297319015,0.333703577845687
realprize,Web,270,198,0.8983951435367309,0.62835297319015,0.3338858839958344
realprize,Web,270,199,0.9003693833485121,0.62835297319015,0.33461960435209254
realprize,Web,270,200,0.9017591761793378,0.62835297319015,0.33513611672555055
realprize,Web,270,201,0.9028884357415468,0.62835297319015,0.3355558026843421
realprize,Web,270,202,0.9033381227246939,0.62835297319015,0.33572292751462385
realprize,Web,270,203,0.9045762667288444,0.62835297319015,0.33618308005252884
realprize,Web,270,204,0.9060304591770095,0.62835297319015,0.33672352635229874
realprize,Web,270,205,0.908582659256929,0.62835297319015,0.33767204392382466
realprize,Web,270,206,0.9104227234594442,0.62835297319015,0.3383558983138287
realprize,Web,270,207,0.9113280581888675,0.62835297319015,0.33869236327428653
realprize,Web,270,208,0.912758933534203,0.62835297319015,0.339224143842116
realprize,Web,270,209,0.9138918876007749,0.62835297319015,0.3396452028524696
realprize,Web,270,210,0.9149899536713834,0.62835297319015,0.340053295842852
realprize,Web,270,211,0.9161753273901818,0.62835297319015,0.340493836461102
realprize,Web,270,212,0.9169752384266102,0.62835297319015,0.340791121019503
realprize,Web,270,213,0.9190371949585607,0.62835297319015,0.34155744103401353
realprize,Web,270,214,0.9199540421422637,0.62835297319015,0.3418981845638757
realprize,Web,270,215,0.9209113290130799,0.62835297319015,0.3422539573832187
realprize,Web,270,216,0.9231659000085074,0.62835297319015,0.34309186199040104
realprize,Web,270,217,0.9245911067849842,0.62835297319015,0.3436215358514679
realprize,Web,270,218,0.9263904391061146,0.62835297319015,0.34429025235885885
realprize,Web,270,219,0.9279208358201697,0.62835297319015,0.344859019747477
realprize,Web,270,220,0.9303334839162352,0.62835297319015,0.34575567323911816
realprize,Web,270,221,0.9320975191694226,0.62835297319015,0.34641127169615304
realprize,Web,270,222,0.9326401823696181,0.62835297319015,0.3466129508610648
realprize,Web,270,223,0.9332827175716589,0.62835297319015,0.34685174715852396
realprize,Web,270,224,0.9339949703267721,0.62835297319015,0.3471164537772989
realprize,Web,270,225,0.9349642371627014,0.62835297319015,0.3474766789150574
realprize,Web,270,226,0.9368162626298958,0.62835297319015,0.3481649786735163
realprize,Web,270,227,0.9382471379752311,0.62835297319015,0.3486967592413457
realprize,Web,270,228,0.9398065787998289,0.62835297319015,0.34927632078729337
realprize,Web,270,229,0.9406648702516132,0.62835297319015,0.3495953022534853
realprize,Web,270,230,0.9416812388040361,0.62835297319015,0.3499730326041363
realprize,Web,270,231,0.943264288925735,0.62835297319015,0.3505613684751567
realprize,Web,270,232,0.9443112572309992,0.62835297319015,0.3509504711329723
realprize,Web,270,233,0.9456547080504359,0.62835297319015,0.3514497606356812
realprize,Web,270,234,0.9476332045483581,0.62835297319015,0.35218506297668767
realprize,Web,270,235,0.948088443222655,0.62835297319015,0.35235425107647894
realprize,Web,270,236,0.9494199140769791,0.62835297319015,0.3528490882607725
realprize,Web,270,237,0.9516983865637783,0.62835297319015,0.35369587578615946
realprize,Web,270,238,0.9542335224982683,0.62835297319015,0.3546380515187715
realprize,Web,270,239,0.955763685456907,0.62835297319015,0.3552067320328841
realprize,Web,270,240,0.956628054549529,0.62835297319015,0.3555279722362234
realprize,Web,270,241,0.9582520118691746,0.62835297319015,0.3561315111457358
realprize,Web,270,242,0.9586707998925463,0.62835297319015,0.35628715246948545
realprize,Web,270,243,0.9591556086270737,0.62835297319015,0.35646733019424404
realprize,Web,270,244,0.9597686906465924,0.62835297319015,0.3566951803039887
realprize,Web,270,245,0.9613865703254001,0.62835297319015,0.35729646047635366
realprize,Web,270,246,0.9622243848026695,0.62835297319015,0.3576078317358491
realprize,Web,270,247,0.9643450817333179,0.62835297319015,0.35839598244488935
realprize,Web,270,248,0.9652737335655711,0.62835297319015,0.3587411131372878
realprize,Web,270,249,0.965606542840298,0.62835297319015,0.35886480071473476
realprize,Web,270,250,0.9671830478103249,0.62835297319015,0.35945070409959623
realprize,Web,270,251,0.9689234737664113,0.62835297319015,0.36009752823155844
realprize,Web,270,252,0.9712192441540569,0.62835297319015,0.360950744470365
realprize,Web,270,253,0.9734213954972577,0.62835297319015,0.3617691674696509
realprize,Web,270,254,0.9746917334661926,0.62835297319015,0.3622412847988492
realprize,Web,270,255,0.9760351842856294,0.62835297319015,0.36274057430155815
realprize,Web,270,256,0.9767884611163983,0.62835297319015,0.36302052739607815
realprize,Web,270,257,0.9778106151153876,0.62835297319015,0.36340040789074435
realprize,Web,270,258,0.9791482220494032,0.62835297319015,0.36389752553081145
realprize,Web,270,259,0.9797494994203718,0.62835297319015,0.36412098847802
realprize,Web,270,260,0.9830033748227927,0.62835297319015,0.3653302815969394
realprize,Web,270,261,0.9851765989331593,0.62835297319015,0.36613795387614867
realprize,Web,270,262,0.9863855235102048,0.62835297319015,0.36658724710084495
realprize,Web,270,263,0.9873163130357454,0.62835297319015,0.3669331722605979
realprize,Web,270,264,0.9881923698992096,0.62835297319015,0.3672587561892207
realprize,Web,270,265,0.9896651295401339,0.62835297319015,0.36780610293097576
realprize,Web,270,266,0.9906520449100348,0.62835297319015,0.3681728870939124
realprize,Web,270,267,0.9921411253541633,0.62835297319015,0.3687262994136534
realprize,Web,270,268,0.9947123881883262,0.62835297319015,0.36968190160111675
realprize,Web,270,269,0.9984454621952703,0.62835297319015,0.3710692874566587
realprize,Web,270,270,1.0,0.62835297319015,0.37164702680984996
realprize,Web,365,1,0.10012858807336143,0.62835297319015,0.03721249205613298
realprize,Web,365,2,0.12279813707563766,0.62835297319015,0.04563756254194914
realprize,Web,365,3,0.13763737134558515,0.62835297319015,0.051152519838509956
realprize,Web,365,4,0.15502522797741944,0.62835297319015,0.0576146650583271
realprize,Web,365,5,0.17823184433920522,0.62835297319015,0.0662393350315016
realprize,Web,365,6,0.19097634554536877,0.62835297319015,0.07097579101294683
realprize,Web,365,7,0.20263839841108136,0.62835297319015,0.07530995828698821
realprize,Web,365,8,0.21795165812563172,0.62835297319015,0.0810010857306679
realprize,Web,365,9,0.22610663196608136,0.62835297319015,0.08403185751218312
realprize,Web,365,10,0.245266315625701,0.62835297319015,0.09115249697889802
realprize,Web,365,11,0.2526857023158312,0.62835297319015,0.09390988998303748
realprize,Web,365,12,0.25746505961529825,0.62835297319015,0.09568612391344637
realprize,Web,365,13,0.2659577210917223,0.62835297319015,0.0988423963008619
realprize,Web,365,14,0.27285080565861514,0.62835297319015,0.1014041906856965
realprize,Web,365,15,0.2778785779019928,0.62835297319015,0.10327274729142488
realprize,Web,365,16,0.2892456030790602,0.62835297319015,0.10749726840215472
realprize,Web,365,17,0.29173920426321653,0.62835297319015,0.10842400786829592
realprize,Web,365,18,0.30278501267911256,0.62835297319015,0.1125291497247749
realprize,Web,365,19,0.3064029602173071,0.62835297319015,0.11387374917049893
realprize,Web,365,20,0.3115881434155901,0.62835297319015,0.11580080708960519
realprize,Web,365,21,0.31784880411711847,0.62835297319015,0.11812756302519348
realprize,Web,365,22,0.3314350361353545,0.62835297319015,0.12317684576031969
realprize,Web,365,23,0.33419025198148394,0.62835297319015,0.12420081353775307
realprize,Web,365,24,0.33919894489870456,0.62835297319015,0.12606227936864167
realprize,Web,365,25,0.34030053095353324,0.62835297319015,0.12647168055069394
realprize,Web,365,26,0.34788395678767475,0.62835297319015,0.12929003821498564
realprize,Web,365,27,0.358981754813984,0.62835297319015,0.1334145018555997
realprize,Web,365,28,0.3642327285156581,0.62835297319015,0.1353660106196836
realprize,Web,365,29,0.37089247764977207,0.62835297319015,0.1378410865846765
realprize,Web,365,30,0.37386387875699084,0.62835297319015,0.13894539897163388
realprize,Web,365,31,0.3754597372577266,0.62835297319015,0.13953849503864152
realprize,Web,365,32,0.3778006236220654,0.62835297319015,0.14040847849604776
realprize,Web,365,33,0.38314256157307797,0.62835297319015,0.1423937938529443
realprize,Web,365,34,0.39219724283486385,0.62835297319015,0.1457589392225979
realprize,Web,365,35,0.397180443256878,0.62835297319015,0.14761093084343704
realprize,Web,365,36,0.4016398648443104,0.62835297319015,0.14926826161769793
realprize,Web,365,37,0.40731353857482666,0.62835297319015,0.15137686559073346
realprize,Web,365,38,0.4084699298261368,0.62835297319015,0.1518066349611118
realprize,Web,365,39,0.411747887109157,0.62835297319015,0.15302487803935594
realprize,Web,365,40,0.41829599872064965,0.62835297319015,0.15545846425098625
realprize,Web,365,41,0.42311663758958484,0.62835297319015,0.15725004035395002
realprize,Web,365,42,0.42421379857468233,0.62835297319015,0.15765779697199325
realprize,Web,365,43,0.42567798772798515,0.62835297319015,0.1582019585175055
realprize,Web,365,44,0.4272636764881715,0.62835297319015,0.15879127503067453
realprize,Web,365,45,0.4326904770804524,0.62835297319015,0.16080812933588565
realprize,Web,365,46,0.4376210516437579,0.62835297319015,0.16264056271280244
realprize,Web,365,47,0.44415635671120457,0.62835297319015,0.16506938941041432
realprize,Web,365,48,0.45401888347809616,0.62835297319015,0.16873476816016214
realprize,Web,365,49,0.4609608128506854,0.62835297319015,0.1713147155718089
realprize,Web,365,50,0.4620623740188384,0.62835297319015,0.17172410750480213
realprize,Web,365,51,0.4620623740188384,0.62835297319015,0.17172410750480213
realprize,Web,365,52,0.46219986251881534,0.62835297319015,0.17177520469703914
realprize,Web,365,53,0.4638239295819312,0.62835297319015,0.17237878439238594
realprize,Web,365,54,0.46478290547830353,0.62835297319015,0.17273518493305504
realprize,Web,365,55,0.46836358316279814,0.62835297319015,0.17406593314846183
realprize,Web,365,56,0.46954731696878943,0.62835297319015,0.1745058642979928
realprize,Web,365,57,0.47121121364682633,0.62835297319015,0.175124246551304
realprize,Web,365,58,0.47417023136080916,0.62835297319015,0.1762239566869834
realprize,Web,365,59,0.4768859376460122,0.62835297319015,0.17723324085356795
realprize,Web,365,60,0.47718908038624686,0.62835297319015,0.17734590295167513
realprize,Web,365,61,0.47718908038624686,0.62835297319015,0.17734590295167513
realprize,Web,365,62,0.47718908038624686,0.62835297319015,0.17734590295167513
realprize,Web,365,63,0.47718908038624686,0.62835297319015,0.17734590295167513
realprize,Web,365,64,0.48500488061539454,0.62835297319015,0.1802506218689776
realprize,Web,365,65,0.4903941766092636,0.62835297319015,0.18225353770169728
realprize,Web,365,66,0.4903941766092636,0.62835297319015,0.18225353770169728
realprize,Web,365,67,0.4903941766092636,0.62835297319015,0.18225353770169728
realprize,Web,365,68,0.49120027941174826,0.62835297319015,0.18255312341154378
realprize,Web,365,69,0.49120027941174826,0.62835297319015,0.18255312341154378
realprize,Web,365,70,0.4931336320596339,0.62835297319015,0.18327164817490543
realprize,Web,365,71,0.4931336320596339,0.62835297319015,0.18327164817490543
realprize,Web,365,72,0.49540651844312134,0.62835297319015,0.18411635964160514
realprize,Web,365,73,0.49540651844312134,0.62835297319015,0.18411635964160514
realprize,Web,365,74,0.49540651844312134,0.62835297319015,0.18411635964160514
realprize,Web,365,75,0.49540651844312134,0.62835297319015,0.18411635964160514
realprize,Web,365,76,0.49804867539803455,0.62835297319015,0.1850983094182636
realprize,Web,365,77,0.49804867539803455,0.62835297319015,0.1850983094182636
realprize,Web,365,78,0.5061339673868356,0.62835297319015,0.188103184146791
realprize,Web,365,79,0.5061339673868356,0.62835297319015,0.188103184146791
realprize,Web,365,80,0.5061339673868356,0.62835297319015,0.188103184146791
realprize,Web,365,81,0.5061339673868356,0.62835297319015,0.188103184146791
realprize,Web,365,82,0.5061339673868356,0.62835297319015,0.188103184146791
realprize,Web,365,83,0.5061339673868356,0.62835297319015,0.188103184146791
realprize,Web,365,84,0.5061339673868356,0.62835297319015,0.188103184146791
realprize,Web,365,85,0.5087904166023298,0.62835297319015,0.1890904455996008
realprize,Web,365,86,0.5106679272207628,0.62835297319015,0.18978821683874533
realprize,Web,365,87,0.5106679272207628,0.62835297319015,0.18978821683874533
realprize,Web,365,88,0.5130773723211338,0.62835297319015,0.1906836799465598
realprize,Web,365,89,0.5138804848746553,0.62835297319015,0.1909821543392697
realprize,Web,365,90,0.5138804848746553,0.62835297319015,0.1909821543392697
realprize,Web,365,91,0.51811171172854,0.62835297319015,0.19255467721927394
realprize,Web,365,92,0.519604939468573,0.62835297319015,0.1931096308692072
realprize,Web,365,93,0.5295755830682883,0.62835297319015,0.1968151909184221
realprize,Web,365,94,0.5301272458248228,0.62835297319015,0.19702021474168985
realprize,Web,365,95,0.5309721966333711,0.62835297319015,0.1973342381974874
realprize,Web,365,96,0.5313197368009412,0.62835297319015,0.19746340046746183
realprize,Web,365,97,0.5341558238990498,0.62835297319015,0.19851742380524764
realprize,Web,365,98,0.5410742631947343,0.62835297319015,0.20108864119965322
realprize,Web,365,99,0.5455036974840148,0.62835297319015,0.20273482728371395
realprize,Web,365,100,0.5515263992990993,0.62835297319015,0.20497314650665238
realprize,Web,365,101,0.5533671672067025,0.62835297319015,0.2056572624265601
realprize,Web,365,102,0.5558534310310755,0.62835297319015,0.2065812749847532
realprize,Web,365,103,0.56137426020763,0.62835297319015,0.20863307473374476
realprize,Web,365,104,0.5628649238894033,0.62835297319015,0.20918707545904924
realprize,Web,365,105,0.5643063299929072,0.62835297319015,0.209722769751842
realprize,Web,365,106,0.5691310849068445,0.62835297319015,0.21151587557069304
realprize,Web,365,107,0.5754957610808246,0.62835297319015,0.21388128854736022
realprize,Web,365,108,0.5820106977460918,0.62835297319015,0.21630254538886126
realprize,Web,365,109,0.5901076982661434,0.62835297319015,0.21931177155821624
realprize,Web,365,110,0.5907535198478997,0.62835297319015,0.2195517892289256
realprize,Web,365,111,0.5930334315024365,0.62835297319015,0.22039911161672332
realprize,Web,365,112,0.5968086596047435,0.62835297319015,0.22180216391647473
realprize,Web,365,113,0.5975528180122155,0.62835297319015,0.22207872817608723
realprize,Web,365,114,0.601543424021165,0.62835297319015,0.22356182503448285
realprize,Web,365,115,0.6073435395135626,0.62835297319015,0.22571742071238615
realprize,Web,365,116,0.6073435395135626,0.62835297319015,0.22571742071238615
realprize,Web,365,117,0.61080112944841,0.62835297319015,0.22700242373159987
realprize,Web,365,118,0.6118933306784297,0.62835297319015,0.22740833707141472
realprize,Web,365,119,0.6118933306784297,0.62835297319015,0.22740833707141472
realprize,Web,365,120,0.6118933306784297,0.62835297319015,0.22740833707141472
realprize,Web,365,121,0.6127132498711093,0.62835297319015,0.22771305760159846
realprize,Web,365,122,0.6136980066427737,0.62835297319015,0.22807903952791841
realprize,Web,365,123,0.6170003338043258,0.62835297319015,0.22930633959906266
realprize,Web,365,124,0.6211025566614133,0.62835297319015,0.23083091852721063
realprize,Web,365,125,0.6230044276922507,0.62835297319015,0.23153774324119714
realprize,Web,365,126,0.6249559601482785,0.62835297319015,0.23226302447620278
realprize,Web,365,127,0.6249559601482785,0.62835297319015,0.23226302447620278
realprize,Web,365,128,0.6257762077026692,0.62835297319015,0.23256786704104013
realprize,Web,365,129,0.6273359455322167,0.62835297319015,0.2331475389679943
realprize,Web,365,130,0.6273359455322167,0.62835297319015,0.2331475389679943
realprize,Web,365,131,0.6290089484503997,0.62835297319015,0.2337693055283812
realprize,Web,365,132,0.6337367003671807,0.62835297319015,0.23552636047174744
realprize,Web,365,133,0.6367416171924982,0.62835297319015,0.23664312887568761
realprize,Web,365,134,0.6376278654508253,0.62835297319015,0.23697250040591025
realprize,Web,365,135,0.6399257407052797,0.62835297319015,0.2378264989122082
realprize,Web,365,136,0.6400239208569061,0.62835297319015,0.23786298727365185
realprize,Web,365,137,0.6413748698924346,0.62835297319015,0.2383650634660777
realprize,Web,365,138,0.643828822035421,0.62835297319015,0.23927706748395222
realprize,Web,365,139,0.6451416121564996,0.62835297319015,0.2397649620292764
realprize,Web,365,140,0.6492934701698407,0.62835297319015,0.2413079877156713
realprize,Web,365,141,0.6492934701698407,0.62835297319015,0.2413079877156713
realprize,Web,365,142,0.6494573226636923,0.62835297319015,0.24136888300784662
realprize,Web,365,143,0.6504420794353568,0.62835297319015,0.2417348649341666
realprize,Web,365,144,0.6521259905295833,0.62835297319015,0.24236068548574802
realprize,Web,365,145,0.653110747301248,0.62835297319015,0.24272666741206805
realprize,Web,365,146,0.6550307964364129,0.62835297319015,0.24344024796448094
realprize,Web,365,147,0.6564342275242308,0.62835297319015,0.24396182895560092
realprize,Web,365,148,0.65709062258477,0.62835297319015,0.24420577622826303
realprize,Web,365,149,0.6636042222053794,0.62835297319015,0.24662653616109226
realprize,Web,365,150,0.6654095548931458,0.62835297319015,0.24729748268690327
realprize,Web,365,151,0.6675006780066762,0.62835297319015,0.24807464237474022
realprize,Web,365,152,0.6709412152481462,0.62835297319015,0.2493533078111611
realprize,Web,365,153,0.6739697935756213,0.62835297319015,0.25047886994202795
realprize,Web,365,154,0.6805203176227135,0.62835297319015,0.2529133527281762
realprize,Web,365,155,0.6819941312228779,0.62835297319015,0.2534610911707492
realprize,Web,365,156,0.6823369157979975,0.62835297319015,0.2535884860389287
realprize,Web,365,157,0.6847764054556128,0.62835297319015,0.2544951151171148
realprize,Web,365,158,0.6866139411597149,0.62835297319015,0.2551780297982013
realprize,Web,365,159,0.6882594900606895,0.62835297319015,0.2557895931547187
realprize,Web,365,160,0.6907179746487465,0.62835297319015,0.256703281642328
realprize,Web,365,161,0.6921466248375793,0.62835297319015,0.257234235237359
realprize,Web,365,162,0.6953245282668246,0.62835297319015,0.2584152935983268
realprize,Web,365,163,0.6962390015929778,0.62835297319015,0.2587551548910886
realprize,Web,365,164,0.7006060176243727,0.62835297319015,0.26037814341518745
realprize,Web,365,165,0.700720126699079,0.62835297319015,0.26042055171353407
realprize,Web,365,166,0.7030291775645033,0.62835297319015,0.2612787036024217
realprize,Web,365,167,0.7041652728952598,0.62835297319015,0.2617009300542699
realprize,Web,365,168,0.7045652263454827,0.62835297319015,0.2618495715649076
realprize,Web,365,169,0.7047365042952924,0.62835297319015,0.26191322650571247
realprize,Web,365,170,0.7056507489459451,0.62835297319015,0.2622530028119044
realprize,Web,365,171,0.7068196512073683,0.62835297319015,0.2626874218619936
realprize,Web,365,172,0.7087973512726936,0.62835297319015,0.2634224282111934
realprize,Web,365,173,0.7090259124353568,0.62835297319015,0.2635073722877414
realprize,Web,365,174,0.709654427048243,0.62835297319015,0.2637409578749271
realprize,Web,365,175,0.7115973684375054,0.62835297319015,0.26446304626551226
realprize,Web,365,176,0.7122030155003504,0.62835297319015,0.2646881331957147
realprize,Web,365,177,0.7138602302819788,0.62835297319015,0.26530403214209225
realprize,Web,365,178,0.7144790742079526,0.62835297319015,0.26553402364723977
realprize,Web,365,179,0.7148368210210642,0.62835297319015,0.26566697918668336
realprize,Web,365,180,0.7148368210210642,0.62835297319015,0.26566697918668336
realprize,Web,365,181,0.7250454868847402,0.62835297319015,0.26946099950261376
realprize,Web,365,182,0.7260077118124667,0.62835297319015,0.26981860753612563
realprize,Web,365,183,0.7275138135725738,0.62835297319015,0.27037834577734254
realprize,Web,365,184,0.7296084710610082,0.62835297319015,0.2711568190051042
realprize,Web,365,185,0.7300735715614547,0.62835297319015,0.2713296722232629
realprize,Web,365,186,0.7319356664023664,0.62835297319015,0.27202171423452565
realprize,Web,365,187,0.7327666744202335,0.62835297319015,0.2723305558936211
realprize,Web,365,188,0.7373365724004101,0.62835297319015,0.27402894489077806
realprize,Web,365,189,0.7389351920484248,0.62835297319015,0.2746230671299626
realprize,Web,365,190,0.7401547946422481,0.62835297319015,0.27507632880784655
realprize,Web,365,191,0.7408315899746493,0.62835297319015,0.27532785778089225
realprize,Web,365,192,0.7416330389405732,0.62835297319015,0.2756257139062177
realprize,Web,365,193,0.7425800954074343,0.62835297319015,0.2759776846263477
realprize,Web,365,194,0.7433719182347323,0.62835297319015,0.2762719632258731
realprize,Web,365,195,0.7444162570419522,0.62835297319015,0.27666008863855857
realprize,Web,365,196,0.7461605814246269,0.62835297319015,0.27730836160917155
realprize,Web,365,197,0.7469911032738767,0.62835297319015,0.27761702258514587
realprize,Web,365,198,0.7473991932113937,0.62835297319015,0.2777686879970951
realprize,Web,365,199,0.7490416166518437,0.62835297319015,0.2783790897855011
realprize,Web,365,200,0.7501978228579468,0.62835297319015,0.2788087903843784
realprize,Web,365,201,0.7511372843986655,0.62835297319015,0.2791579384727887
realprize,Web,365,202,0.7515113911498205,0.62835297319015,0.27929697413456495
realprize,Web,365,203,0.7525414365996862,0.62835297319015,0.2796797874634866
realprize,Web,365,204,0.7537512185874361,0.62835297319015,0.28012939934232195
realprize,Web,365,205,0.7558744627905788,0.62835297319015,0.28091849673761116
realprize,Web,365,206,0.7574052619164545,0.62835297319015,0.281487413681386
realprize,Web,365,207,0.7581584343386623,0.62835297319015,0.2817673279727747
realprize,Web,365,208,0.7593488181985747,0.62835297319015,0.2822097305950736
realprize,Web,365,209,0.7602913532972929,0.62835297319015,0.28256002096217614
realprize,Web,365,210,0.7612048641295474,0.62835297319015,0.28289952454694206
realprize,Web,365,211,0.7621910085532541,0.62835297319015,0.2832660221900178
realprize,Web,365,212,0.7628564761568677,0.62835297319015,0.2835133412463391
realprize,Web,365,213,0.764571873506802,0.62835297319015,0.28415086357123964
realprize,Web,365,214,0.7653346234507744,0.62835297319015,0.28443433732011636
realprize,Web,365,215,0.7661310162630767,0.62835297319015,0.2847303143409812
realprize,Web,365,216,0.7680066547893343,0.62835297319015,0.2854273898226349
realprize,Web,365,217,0.769192322813657,0.62835297319015,0.28586803981865794
realprize,Web,365,218,0.7706892359868937,0.62835297319015,0.28642436314888386
realprize,Web,365,219,0.7719624143623636,0.62835297319015,0.28689753610672586
realprize,Web,365,220,0.7739695614996506,0.62835297319015,0.28764348637266846
realprize,Web,365,221,0.7754371100883912,0.62835297319015,0.2881888964423729
realprize,Web,365,222,0.775888566266588,0.62835297319015,0.28835667878873467
realprize,Web,365,223,0.7764231086615131,0.62835297319015,0.2885553398805124
realprize,Web,365,224,0.7770156509725039,0.62835297319015,0.28877555646865116
realprize,Web,365,225,0.7778220102414647,0.62835297319015,0.289075237493501
realprize,Web,365,226,0.7793627602666026,0.62835297319015,0.2896478526594007
realprize,Web,365,227,0.7805531441265149,0.62835297319015,0.29009025528169957
realprize,Web,365,228,0.781850485082274,0.62835297319015,0.29057240819066604
realprize,Web,365,229,0.7825645209307742,0.62835297319015,0.2908377774907968
realprize,Web,365,230,0.7834100653903044,0.62835297319015,0.2911520215752168
realprize,Web,365,231,0.7847270475582101,0.62835297319015,0.2916414740822805
realprize,Web,365,232,0.785598048778889,0.62835297319015,0.29196517909629355
realprize,Web,365,233,0.7867157018136253,0.62835297319015,0.2923805515236583
realprize,Web,365,234,0.7883616665062851,0.62835297319015,0.29299226940791934
realprize,Web,365,235,0.788740391859306,0.62835297319015,0.29313302155934706
realprize,Web,365,236,0.7898480784373842,0.62835297319015,0.29354468998272704
realprize,Web,365,237,0.7917436012600969,0.62835297319015,0.2942491554040384
realprize,Web,365,238,0.7938526493396089,0.62835297319015,0.29503297685218804
realprize,Web,365,239,0.7951256332476322,0.62835297319015,0.2955060775367817
realprize,Web,365,240,0.7958447252497542,0.62835297319015,0.29577332594137307
realprize,Web,365,241,0.7971957392208835,0.62835297319015,0.2962754262669218
realprize,Web,365,242,0.7975441402925572,0.62835297319015,0.29640490848934675
realprize,Web,365,243,0.797947465777623,0.62835297319015,0.2965548032067081
realprize,Web,365,244,0.7984575052742265,0.62835297319015,0.2967443578691764
realprize,Web,365,245,0.799803463091734,0.62835297319015,0.2972445790902645
realprize,Web,365,246,0.8005004635918779,0.62835297319015,0.29750361725382796
realprize,Web,365,247,0.8022647286665674,0.62835297319015,0.29815930112334077
realprize,Web,365,248,0.8030372992166129,0.62835297319015,0.29844642467126603
realprize,Web,365,249,0.8033141722442708,0.62835297319015,0.29854932370879894
realprize,Web,365,250,0.8046257093236603,0.62835297319015,0.2990367525649049
realprize,Web,365,251,0.8060736167002543,0.62835297319015,0.29957486303651215
realprize,Web,365,252,0.8079835301140448,0.62835297319015,0.3002846766782116
realprize,Web,365,253,0.8098155593153139,0.62835297319015,0.3009655448838921
realprize,Web,365,254,0.810872387794317,0.62835297319015,0.3013583120459616
realprize,Web,365,255,0.8119900408290534,0.62835297319015,0.30177368447332636
realprize,Web,365,256,0.8126167121769918,0.62835297319015,0.3020065850165746
realprize,Web,365,257,0.8134670697058347,0.62835297319015,0.3023226178638944
realprize,Web,365,258,0.8145798610543962,0.62835297319015,0.30273618346004705
realprize,Web,365,259,0.8150800799449269,0.62835297319015,0.3029220883234669
realprize,Web,365,260,0.8177870668070841,0.62835297319015,0.3039281319424009
realprize,Web,365,261,0.8195950306617876,0.62835297319015,0.30460005633358117
realprize,Web,365,262,0.8206007676807794,0.62835297319015,0.3049738355064421
realprize,Web,365,263,0.8213751166356278,0.62835297319015,0.3052616199932248
realprize,Web,365,264,0.8221039320100997,0.62835297319015,0.3055324820602406
realprize,Web,365,265,0.823329160547164,0.62835297319015,0.3059878346032031
realprize,Web,365,266,0.8241502021083728,0.62835297319015,0.30629297225831364
realprize,Web,365,267,0.8253890083625866,0.62835297319015,0.3067533709194857
realprize,Web,365,268,0.8275281113860316,0.62835297319015,0.307548362198189
realprize,Web,365,269,0.8306337565145266,0.62835297319015,0.3087025659765207
realprize,Web,365,270,0.8319270185155851,0.62835297319015,0.30918320295410023
realprize,Web,365,271,0.834530732805968,0.62835297319015,0.3101508656287833
realprize,Web,365,272,0.839536994246399,0.62835297319015,0.3120114278085523
realprize,Web,365,273,0.8411288920393256,0.62835297319015,0.31260305189027865
realprize,Web,365,274,0.8467562619163786,0.62835297319015,0.3146944471738447
realprize,Web,365,275,0.8566412876460583,0.62835297319015,0.318368187596219
realprize,Web,365,276,0.8619434481193253,0.62835297319015,0.3203387197717774
realprize,Web,365,277,0.8624736149229036,0.62835297319015,0.3205357546880406
realprize,Web,365,278,0.8638363979316588,0.62835297319015,0.3210422289414314
realprize,Web,365,279,0.8675620334929681,0.62835297319015,0.32242685032076907
realprize,Web,365,280,0.8692935018192137,0.62835297319015,0.3230703453762337
realprize,Web,365,281,0.8723554456779401,0.62835297319015,0.324208307707588
realprize,Web,365,282,0.8750411304076954,0.62835297319015,0.3252064344523502
realprize,Web,365,283,0.8764041369976012,0.62835297319015,0.3257129917990109
realprize,Web,365,284,0.8775993459339128,0.62835297319015,0.32615718764660767
realprize,Web,365,285,0.8812983283862478,0.62835297319015,0.32753190347723976
realprize,Web,365,286,0.8833821606059842,0.62835297319015,0.3283063535260754
realprize,Web,365,287,0.8881205159325987,0.62835297319015,0.33006734919518027
realprize,Web,365,288,0.889796536133473,0.62835297319015,0.33069023711970846
realprize,Web,365,289,0.8933334222515565,0.62835297319015,0.3320047103296592
realprize,Web,365,290,0.8964234814399823,0.62835297319015,0.3331531216397041
realprize,Web,365,291,0.8976546919721311,0.62835297319015,0.3336106973733542
realprize,Web,365,292,0.899453514120023,0.62835297319015,0.3342792242763779
realprize,Web,365,293,0.9012238855664895,0.62835297319015,0.33493717756080627
realprize,Web,365,294,0.9080455141599636,0.62835297319015,0.337472415545572
realprize,Web,365,295,0.9109840971187954,0.62835297319015,0.33856453116525587
realprize,Web,365,296,0.9119561921890197,0.62835297319015,0.33892580740788125
realprize,Web,365,297,0.9134256234066549,0.62835297319015,0.339471917151017
realprize,Web,365,298,0.914542578940224,0.62835297319015,0.33988703035414675
realprize,Web,365,299,0.9167776638084038,0.62835297319015,0.34071769300007343
realprize,Web,365,300,0.9178165895203815,0.62835297319015,0.3411038066520063
realprize,Web,365,301,0.9187884967824392,0.62835297319015,0.3414650130962849
realprize,Web,365,302,0.9192378211135502,0.62835297319015,0.3416320031480157
realprize,Web,365,303,0.9200477997272194,0.62835297319015,0.3419330292915654
realprize,Web,365,304,0.9208241293777095,0.62835297319015,0.34222154989799436
realprize,Web,365,305,0.9238195019488171,0.62835297319015,0.34333477120823425
realprize,Web,365,306,0.9271051387488106,0.62835297319015,0.3445558683561289
realprize,Web,365,307,0.9283903390982756,0.62835297319015,0.34503350924486254
realprize,Web,365,308,0.9289487889174162,0.62835297319015,0.34524105545976863
realprize,Web,365,309,0.9294068507998963,0.62835297319015,0.34541129279648725
realprize,Web,365,310,0.9305119347333168,0.62835297319015,0.34582199395471835
realprize,Web,365,311,0.9323303632712658,0.62835297319015,0.3464978075143133
realprize,Web,365,312,0.9335875600816067,0.62835297319015,0.3469650409709913
realprize,Web,365,313,0.9349226749229635,0.62835297319015,0.34746123243223126
realprize,Web,365,314,0.9369173541588617,0.62835297319015,0.34820254903969217
realprize,Web,365,315,0.9389230447664314,0.62835297319015,0.3489479579906959
realprize,Web,365,316,0.9410403023681962,0.62835297319015,0.34973483048338233
realprize,Web,365,317,0.9423724089251706,0.62835297319015,0.3502299039246758
realprize,Web,365,318,0.9447917246615204,0.62835297319015,0.35112903542500445
realprize,Web,365,319,0.9464340958992156,0.62835297319015,0.35173941781241186
realprize,Web,365,320,0.9480545002888553,0.62835297319015,0.3523416362860511
realprize,Web,365,321,0.950250402560376,0.62835297319015,0.35315773683642676
realprize,Web,365,322,0.9510658030169497,0.62835297319015,0.3534607779917718
realprize,Web,365,323,0.9523508356805517,0.62835297319015,0.353938356560553
realprize,Web,365,324,0.9529985502741061,0.62835297319015,0.35417907776346885
realprize,Web,365,325,0.9544286871045075,0.62835297319015,0.3547105838644188
realprize,Web,365,326,0.95558471344416,0.62835297319015,0.3551402176164645
realprize,Web,365,327,0.9567241947786614,0.62835297319015,0.3555637024665373
realprize,Web,365,328,0.9573777783774218,0.62835297319015,0.35580660486778826
realprize,Web,365,329,0.9589530752699096,0.62835297319015,0.3563920592742241
realprize,Web,365,330,0.9613998914877945,0.62835297319015,0.3573014112467512
realprize,Web,365,331,0.9636396715601386,0.62835297319015,0.3581338188513459
realprize,Web,365,332,0.965097923720239,0.62835297319015,0.35867577393098615
realprize,Web,365,333,0.9666340380160681,0.62835297319015,0.3592466662418712
realprize,Web,365,334,0.96957910482827,0.62835297319015,0.3603411915663824
realprize,Web,365,335,0.9704395009914206,0.62835297319015,0.3606609552422959
realprize,Web,365,336,0.9711539545584567,0.62835297319015,0.36092647978627856
realprize,Web,365,337,0.9722819773589851,0.62835297319015,0.3613457061062687
realprize,Web,365,338,0.9728512708639344,0.62835297319015,0.36155728234476525
realprize,Web,365,339,0.9737450365138253,0.62835297319015,0.36188944769121195
realprize,Web,365,340,0.9750800395646069,0.62835297319015,0.362385597605817
realprize,Web,365,341,0.9769050671002186,0.62835297319015,0.3630638636632732
realprize,Web,365,342,0.9780877957366985,0.62835297319015,0.3635034212445438
realprize,Web,365,343,0.9786184655978658,0.62835297319015,0.36370064312066425
realprize,Web,365,344,0.9796185999801985,0.62835297319015,0.3640723400902685
realprize,Web,365,345,0.981260635846168,0.62835297319015,0.3646825978377712
realprize,Web,365,346,0.9819030403873935,0.62835297319015,0.3649213455755268
realprize,Web,365,347,0.9834618481700176,0.62835297319015,0.3655006718533071
realprize,Web,365,348,0.9837801718333155,0.62835297319015,0.36561897589633496
realprize,Web,365,349,0.9842490774016043,0.62835297319015,0.3657932432566441
realprize,Web,365,350,0.9852434545693066,0.62835297319015,0.3661628005745483
realprize,Web,365,351,0.9859024041156834,0.62835297319015,0.3664076972142769
realprize,Web,365,352,0.9874255725039344,0.62835297319015,0.36697377821710114
realprize,Web,365,353,0.9876768218220244,0.62835297319015,0.3670671542791573
realprize,Web,365,354,0.9879447838311288,0.62835297319015,0.36716674156313894
realprize,Web,365,355,0.9884307374621579,0.62835297319015,0.36734734478527836
realprize,Web,365,356,0.9894803391740811,0.62835297319015,0.36773742614084914
realprize,Web,365,357,0.9906759952726938,0.62835297319015,0.3681817881749856
realprize,Web,365,358,0.9935595772684557,0.62835297319015,0.36925346285027294
realprize,Web,365,359,0.9942130490766405,0.62835297319015,0.3694963237048889
realprize,Web,365,360,0.9952240830400696,0.62835297319015,0.3698720714714011
realprize,Web,365,361,0.9960899010461239,0.62835297319015,0.3701938501591096
realprize,Web,365,362,0.9961848112445927,0.62835297319015,0.37022912325218443
realprize,Web,365,363,0.9977211491215722,0.62835297319015,0.3708000986563392
realprize,Web,365,364,0.9990060140993112,0.62835297319015,0.3712776149051681
realprize,Web,365,365,1.0,0.62835297319015,0.37164702680984996
realprize,App,7,1,0.40012946535891236,0.130506145413673,0.3479101111684869
realprize,App,7,2,0.6076134345660709,0.130506145413673,0.5283161473192899
realprize,App,7,3,0.7194566806509978,0.130506145413673,0.6255631624671202
realprize,App,7,4,0.7866397601338015,0.130506145413673,0.6839784372096028
realprize,App,7,5,0.8923258007122682,0.130506145413673,0.7758718000081407
realprize,App,7,6,0.9404472231982269,0.130506145413673,0.8177130811336342
realprize,App,7,7,1.0,0.130506145413673,0.869493854586327
realprize,App,30,1,0.2158764772191046,0.14949719863400843,0.18360354862387013
realprize,App,30,2,0.32781751688160865,0.14949719863400843,0.27880971644465136
realprize,App,30,3,0.38815880153033155,0.14949719863400843,0.3301301480764129
realprize,App,30,4,0.42440518622102036,0.14949719863400843,0.3609577997952331
realprize,App,30,5,0.4814245564662228,0.14949719863400843,0.4094529339209025
realprize,App,30,6,0.5073868613310315,0.14949719863400843,0.4315339469383402
realprize,App,30,7,0.5395165712814112,0.14949719863400843,0.4588603552582149
realprize,App,30,8,0.5696356656514245,0.14949719863400843,0.4844767293945179
realprize,App,30,9,0.5968012956181935,0.14949719863400843,0.5075811737821269
realprize,App,30,10,0.6246719801561792,0.14949719863400843,0.5312852690576715
realprize,App,30,11,0.6443217319870777,0.14949719863400843,0.5479974380359971
realprize,App,30,12,0.6689429294876602,0.14949719863400843,0.568937835483228
realprize,App,30,13,0.6860406212552549,0.14949719863400843,0.5834794702284595
realprize,App,30,14,0.7046433016334925,0.14949719863400843,0.5993011020030667
realprize,App,30,15,0.725700444158794,0.14949719863400843,0.6172102607095986
realprize,App,30,16,0.7501391142544594,0.14949719863400843,0.6379954180876214
realprize,App,30,17,0.7721985435968849,0.14949719863400843,0.6567570245398894
realprize,App,30,18,0.7936849288671027,0.14949719863400843,0.6750312554034386
realprize,App,30,19,0.8171415012616087,0.14949719863400843,0.6949811359354101
realprize,App,30,20,0.835854826234528,0.14949719863400843,0.7108968712477501
realprize,App,30,21,0.853782234080482,0.14949719863400843,0.7261441818419647
realprize,App,30,22,0.8748983801318153,0.14949719863400843,0.744103523212677
realprize,App,30,23,0.8923706631024645,0.14949719863400843,0.7589637488254736
realprize,App,30,24,0.9099729365691184,0.14949719863400843,0.773934531719273
realprize,App,30,25,0.9238966793086142,0.14949719863400843,0.7857767139247135
realprize,App,30,26,0.9400521012731741,0.14949719863400843,0.7995169455628214
realprize,App,30,27,0.9592191805808885,0.14949719863400843,0.8158186002080366
realprize,App,30,28,0.9723431250780045,0.14949719863400843,0.8269805517678055
realprize,App,30,29,0.9874072805185243,0.14949719863400843,0.8397926581701803
realprize,App,30,30,1.0,0.14949719863400843,0.8505028013659915
realprize,App,60,1,0.14931262663009934,0.21798860111841073,0.11676417602168843
realprize,App,60,2,0.2267375080948291,0.21798860111841073,0.177311315884163
realprize,App,60,3,0.26847302194607126,0.21798860111841073,0.20994896345401481
realprize,App,60,4,0.29354311283197543,0.21798860111841073,0.22955406029778933
realprize,App,60,5,0.33298099902401423,0.21798860111841073,0.2603949368477585
realprize,App,60,6,0.3509380269627346,0.21798860111841073,0.27443753738587295
realprize,App,60,7,0.37316078808684416,0.21798860111841073,0.2918159898995493
realprize,App,60,8,0.3939928914731808,0.21798860111841073,0.3081069322103443
realprize,App,60,9,0.4127822084782141,0.21798860111841073,0.3228003922854801
realprize,App,60,10,0.4320591819027983,0.21798860111841073,0.33787520523944237
realprize,App,60,11,0.4456500839607526,0.21798860111841073,0.3485034455698459
realprize,App,60,12,0.4626795246712344,0.21798860111841073,0.3618206623220208
realprize,App,60,13,0.4745052747483969,0.21798860111841073,0.3710685336826867
realprize,App,60,14,0.48737196177894226,0.21798860111841073,0.38113042960641513
realprize,App,60,15,0.5019362964404996,0.21798860111841073,0.3925199053288792
realprize,App,60,16,0.5188394906668289,0.21798860111841073,0.40573839589137817
realprize,App,60,17,0.5340970647180102,0.21798860111841073,0.41766999271868194
realprize,App,60,18,0.548958288427096,0.21798860111841073,0.4292916390605164
realprize,App,60,19,0.5651822072212129,0.21798860111841073,0.441978928492045
realprize,App,60,20,0.5781254224370759,0.21798860111841073,0.45210067032902745
realprize,App,60,21,0.5905250520244701,0.21798860111841073,0.4617973220082792
realprize,App,60,22,0.6051301969288374,0.21798860111841073,0.47321871180581176
realprize,App,60,23,0.617215035894058,0.21798860111841073,0.48266919363026267
realprize,App,60,24,0.6293897837861123,0.21798860111841073,0.49218998526035873
realprize,App,60,25,0.6390202475945699,0.21798860111841073,0.49972111773508915
realprize,App,60,26,0.650194269511732,0.21798860111841073,0.5084593302456626
realprize,App,60,27,0.6634513274048789,0.21798860111841073,0.5188265006337367
realprize,App,60,28,0.6725286046045765,0.21798860111841073,0.5259250348747082
realprize,App,60,29,0.6829478436331308,0.21798860111841073,0.5340729985627095
realprize,App,60,30,0.691657694963004,0.21798860111841073,0.5408842015852343
realprize,App,60,31,0.7020977708431223,0.21798860111841073,0.5490484599286756
realprize,App,60,32,0.7156458121079405,0.21798860111841073,0.5596431826302816
realprize,App,60,33,0.741224414109532,0.21798860111841073,0.5796459409629816
realprize,App,60,34,0.755444452006078,0.21798860111841073,0.5907661726906087
realprize,App,60,35,0.7694549628018417,0.21798860111841073,0.6017225518370495
realprize,App,60,36,0.7849879799041967,0.21798860111841073,0.6138695482701138
realprize,App,60,37,0.7958284428084247,0.21798860111841073,0.6223469138303731
realprize,App,60,38,0.8080860012094943,0.21798860111841073,0.6319324642224663
realprize,App,60,39,0.8221719857099058,0.21798860111841073,0.6429478646662575
realprize,App,60,40,0.8331840648096551,0.21798860111841073,0.6515594360476472
realprize,App,60,41,0.8429018427593585,0.21798860111841073,0.6591588491761154
realprize,App,60,42,0.8485848125584763,0.21798860111841073,0.6636029963385253
realprize,App,60,43,0.8604123840578997,0.21798860111841073,0.6728522920721614
realprize,App,60,44,0.8745757242103369,0.21798860111841073,0.6839281855176046
realprize,App,60,45,0.8816403588553824,0.21798860111841073,0.689452810338964
realprize,App,60,46,0.8903323993362664,0.21798860111841073,0.6962500850745555
realprize,App,60,47,0.8982311718018228,0.21798860111841073,0.7024270151797927
realprize,App,60,48,0.9047475396964708,0.21798860111841073,0.7075228891527134
realprize,App,60,49,0.9126422001613991,0.21798860111841073,0.7136966036265872
realprize,App,60,50,0.9229123242272026,0.21798860111841073,0.7217279577139736
realprize,App,60,51,0.930070708135243,0.21798860111841073,0.7273258955276317
realprize,App,60,52,0.9353025000876793,0.21798860111841073,0.731417216471014
realprize,App,60,53,0.9434747532299222,0.21798860111841073,0.7378080115827937
realprize,App,60,54,0.951017195820954,0.21798860111841073,0.7437062876643906
realprize,App,60,55,0.9589593836158923,0.21798860111841073,0.7499171690520906
realprize,App,60,56,0.9688054820931294,0.21798860111841073,0.7576169302958007
realprize,App,60,57,0.976479530460874,0.21798860111841073,0.7636181235949456
realprize,App,60,58,0.9834510685414373,0.21798860111841073,0.7690699458416831
realprize,App,60,59,0.9900286704348547,0.21798860111841073,0.7742137054996406
realprize,App,60,60,1.0,0.21798860111841073,0.7820113988815893
realprize,App,90,1,0.1194032564067794,0.2778424299075439,0.0862279655078463
realprize,App,90,2,0.18131887052761497,0.2778424299075439,0.13094079495213107
realprize,App,90,3,0.21469418763320788,0.2778424299075439,0.15504303285417123
realprize,App,90,4,0.23474239492653162,0.2778424299075439,0.16952099751782776
realprize,App,90,5,0.2662803307555978,0.2778424299075439,0.19229635662187802
realprize,App,90,6,0.2806403193222881,0.2778424299075439,0.20266653107175453
realprize,App,90,7,0.2984115561189072,0.2778424299075439,0.2155001642543386
realprize,App,90,8,0.31507070302611095,0.2778424299075439,0.22753069330465814
realprize,App,90,9,0.33009626172596707,0.2778424299075439,0.23838151426462778
realprize,App,90,10,0.345511792565596,0.2778424299075439,0.24951395655745953
realprize,App,90,11,0.3563802502429604,0.2778424299075439,0.2573626955443977
realprize,App,90,12,0.369998460045505,0.2778424299075439,0.26719718884441257
realprize,App,90,13,0.37945534993174374,0.2778424299075439,0.27402655346529065
realprize,App,90,14,0.38974466280023956,0.2778424299075439,0.28145705864432463
realprize,App,90,15,0.40139156115865016,0.2778424299075439,0.28986795446194824
realprize,App,90,16,0.4149088133820675,0.2778424299075439,0.2996295404819382
realprize,App,90,17,0.4271100857573226,0.2778424299075439,0.3084407816924886
realprize,App,90,18,0.4389944022086735,0.2778424299075439,0.317023130783206
realprize,App,90,19,0.4519684472001651,0.2778424299075439,0.32639243558853176
realprize,App,90,20,0.4623189586071908,0.2778424299075439,0.3338671357554437
realprize,App,90,21,0.4722347720543723,0.2778424299075439,0.3410279154999504
realprize,App,90,22,0.48391430580334716,0.2778424299075439,0.3494623792119229
realprize,App,90,23,0.4935783855142588,0.2778424299075439,0.35644136753313466
realprize,App,90,24,0.5033143641588794,0.2778424299075439,0.36347227821360595
realprize,App,90,25,0.5110157137727082,0.2778424299075439,0.36903386613716094
realprize,App,90,26,0.519951425602192,0.2778424299075439,0.3754868580789874
realprize,App,90,27,0.5305529126869811,0.2778424299075439,0.3831428022315053
realprize,App,90,28,0.5378118865689154,0.2778424299075439,0.38838492517144757
realprize,App,90,29,0.546144008890841,0.2778424299075439,0.3944020303811625
realprize,App,90,30,0.5531091573520104,0.2778424299075439,0.39943196506921375
realprize,App,90,31,0.5614579426178956,0.2778424299075439,0.4054611035500491
realprize,App,90,32,0.5722921251077683,0.2778424299075439,0.4132850904508738
realprize,App,90,33,0.5927469817548839,0.2778424299075439,0.4280567200237444
realprize,App,90,34,0.6041185507199236,0.2778424299075439,0.4362687846356762
realprize,App,90,35,0.615322563740744,0.2778424299075439,0.4443598474540761
realprize,App,90,36,0.6277441041402583,0.2778424299075439,0.4533301568857946
realprize,App,90,37,0.6364130734092028,0.2778424299075439,0.4595905186682618
realprize,App,90,38,0.646215274480314,0.2778424299075439,0.46666925237533313
realprize,App,90,39,0.6574796427859582,0.2778424299075439,0.47480390121956356
realprize,App,90,40,0.6662858511689673,0.2778424299075439,0.4811633712671653
realprize,App,90,41,0.674057024702115,0.2778424299075439,0.48677538306263
realprize,App,90,42,0.6786016175834464,0.2778424299075439,0.49005729521487174
realprize,App,90,43,0.6880599640360462,0.2778424299075439,0.49688771170617385
realprize,App,90,44,0.6993861925939798,0.2778424299075439,0.505067033399883
realprize,App,90,45,0.7050356838726534,0.2778424299075439,0.5091468562939484
realprize,App,90,46,0.7119865892425538,0.2778424299075439,0.5141665052258182
realprize,App,90,47,0.7183031290777288,0.2778424299075439,0.5187280422845805
realprize,App,90,48,0.7235141789676562,0.2778424299075439,0.522491241410721
realprize,App,90,49,0.7298274304924156,0.2778424299075439,0.5270504037912237
realprize,App,90,50,0.7380403076270234,0.2778424299075439,0.53298139518622
realprize,App,90,51,0.7437647689034792,0.2778424299075439,0.5371153582317136
realprize,App,90,52,0.7479485610586548,0.2778424299075439,0.5401367154082671
realprize,App,90,53,0.7544837996341688,0.2778424299075439,0.5448561874179348
realprize,App,90,54,0.7605153873635943,0.2778424299075439,0.5492119441564162
realprize,App,90,55,0.7668666458412791,0.2778424299075439,0.5537985535456902
realprize,App,90,56,0.7747404355375548,0.2778424299075439,0.5594846703801717
realprize,App,90,57,0.7808772665987473,0.2778424299075439,0.5639164293873904
realprize,App,90,58,0.7864523098336731,0.2778424299075439,0.5679424890630848
realprize,App,90,59,0.7917123277112442,0.2778424299075439,0.5717410507921944
realprize,App,90,60,0.7996862629882192,0.2778424299075439,0.5774994885158892
realprize,App,90,61,0.8035837434418606,0.2778424299075439,0.5803140835297736
realprize,App,90,62,0.8082707059573332,0.2778424299075439,0.5836988089910617
realprize,App,90,63,0.8126616438797956,0.2778424299075439,0.586869758051574
realprize,App,90,64,0.8185341494488089,0.2778424299075439,0.5911106324036471
realprize,App,90,65,0.824551601263666,0.2778424299075439,0.5954561807844128
realprize,App,90,66,0.8290667298280031,0.2778424299075439,0.5987168150570895
realprize,App,90,67,0.8361142083708192,0.2778424299075439,0.6038062050368482
realprize,App,90,68,0.8387683377242123,0.2778424299075439,0.6057229046414058
realprize,App,90,69,0.8451864236232903,0.2778424299075439,0.6103577739589285
realprize,App,90,70,0.8496802145537025,0.2778424299075439,0.6136029990977385
realprize,App,90,71,0.8550708616794479,0.2778424299075439,0.6174958957272927
realprize,App,90,72,0.8641057438675944,0.2778424299075439,0.6240205042943562
realprize,App,90,73,0.8677433895194218,0.2778424299075439,0.6266474576391372
realprize,App,90,74,0.8819559998033153,0.2778424299075439,0.6369112017464248
realprize,App,90,75,0.887898494474545,0.2778424299075439,0.6412026192584875
realprize,App,90,76,0.892842547936325,0.2778424299075439,0.6447730048928537
realprize,App,90,77,0.8982332470290306,0.2778424299075439,0.6486659390507415
realprize,App,90,78,0.9055554437111086,0.2778424299075439,0.6539537188144101
realprize,App,90,79,0.9211731678494676,0.2778424299075439,0.6652321765285417
realprize,App,90,80,0.9272167174718191,0.2778424299075439,0.6695965716385522
realprize,App,90,81,0.9302026142935601,0.2778424299075439,0.6717528596318875
realprize,App,90,82,0.9426150682837025,0.2778424299075439,0.6807166072442932
realprize,App,90,83,0.9564557094587114,0.2778424299075439,0.6907117310437592
realprize,App,90,84,0.9636382917050785,0.2778424299075439,0.6958986871857848
realprize,App,90,85,0.9842178939726219,0.2778424299075439,0.7107604027527832
realprize,App,90,86,0.9866916252198112,0.2778424299075439,0.7125468264993152
realprize,App,90,87,0.9889719874074909,0.2778424299075439,0.7141936073157007
realprize,App,90,88,0.9934637932000174,0.2778424299075439,0.7174373988721588
realprize,App,90,89,0.9962782925930899,0.2778424299075439,0.7194699109148868
realprize,App,90,90,1.0,0.2778424299075439,0.7221575700924561
realprize,App,120,1,0.10672679785423503,0.12208716831481375,0.09369682532090394
realprize,App,120,2,0.1620691346644064,0.12208716831481375,0.1422825729419968
realprize,App,120,3,0.19190115792108003,0.12208716831481375,0.1684724889541615
realprize,App,120,4,0.209820945299784,0.12208716831481375,0.18420450023499596
realprize,App,120,5,0.23801065304528796,0.12208716831481375,0.20895260638622917
realprize,App,120,6,0.25084611200232915,0.12208716831481375,0.2202210205051842
realprize,App,120,7,0.266730663682821,0.12208716831481375,0.23416627225105446
realprize,App,120,8,0.2816211906072457,0.12208716831481375,0.24723885690856068
realprize,App,120,9,0.29505155937828903,0.12208716831481375,0.2590295499869236
realprize,App,120,10,0.30883049885822933,0.12208716831481375,0.2711262577633768
realprize,App,120,11,0.3185451056489158,0.12208716831481375,0.2796548357196965
realprize,App,120,12,0.33071753685783734,0.12208716831481375,0.29034116927081394
realprize,App,120,13,0.33917043509186784,0.12208716831481375,0.29776207709539837
realprize,App,120,14,0.34836738203972833,0.12208716831481375,0.30583619483325303
realprize,App,120,15,0.3587777862793931,0.12208716831481375,0.3149756222982846
realprize,App,120,16,0.37085997808058296,0.12208716831481375,0.3255827335154307
realprize,App,120,17,0.3817659011646404,0.12208716831481375,0.3351571833322964
realprize,App,120,18,0.39238851798187374,0.12208716831481375,0.34448291494222044
realprize,App,120,19,0.403985172200762,0.12208716831481375,0.3546637664855986
realprize,App,120,20,0.4132368205382429,0.12208716831481375,0.36278590727531196
realprize,App,120,21,0.4220999206678769,0.12208716831481375,0.3705669366076283
realprize,App,120,22,0.4325394955586316,0.12208716831481375,0.37973197336156034
realprize,App,120,23,0.4411775872890604,0.12208716831481375,0.38731546493297747
realprize,App,120,24,0.449879944795774,0.12208716831481375,0.3949553762540332
realprize,App,120,25,0.4567636798644368,0.12208716831481375,0.4009986956007336
realprize,App,120,26,0.4647507309617708,0.12208716831481375,0.4080106302464084
realprize,App,120,27,0.4742267101193068,0.12208716831481375,0.41632971394159063
realprize,App,120,28,0.48071503431950335,0.12208716831481375,0.4220258970130767
realprize,App,120,29,0.4881625760491812,0.12208716831481375,0.42856418946207175
realprize,App,120,30,0.4943882688335343,0.12208716831481375,0.43402980504358524
realprize,App,120,31,0.5018507044840745,0.12208716831481375,0.4405811730568195
realprize,App,120,32,0.511534674915947,0.12208716831481375,0.4490828549606202
realprize,App,120,33,0.5298179396794875,0.12208716831481375,0.4651339677016301
realprize,App,120,34,0.5399822448981212,0.12208716831481375,0.4740573416782333
realprize,App,120,35,0.549996782765963,0.12208716831481375,0.48284923297580884
realprize,App,120,36,0.5610995890976496,0.12208716831481375,0.492596529122112
realprize,App,120,37,0.5688482163848253,0.12208716831481375,0.49939914844546957
realprize,App,120,38,0.5776097658075565,0.12208716831481375,0.5070910251091293
realprize,App,120,39,0.5876782513354258,0.12208716831481375,0.5159302777496824
realprize,App,120,40,0.5955495477325176,0.12208716831481375,0.5228405898586865
realprize,App,120,41,0.6024956938571834,0.12208716831481375,0.528938700672291
realprize,App,120,42,0.6065578095847751,0.12208716831481375,0.532504884193334
realprize,App,120,43,0.6150120097486547,0.12208716831481375,0.5399269349988388
realprize,App,120,44,0.6251357881289971,0.12208716831481375,0.5488147299440784
realprize,App,120,45,0.6301855006060516,0.12208716831481375,0.5532479373240055
realprize,App,120,46,0.6363984624183323,0.12208716831481375,0.5587023762217768
realprize,App,120,47,0.6420444061757646,0.12208716831481375,0.5636590226933994
realprize,App,120,48,0.6467022244375709,0.12208716831481375,0.5677481811130968
realprize,App,120,49,0.6523452289883888,0.12208716831481375,0.5727022472175176
realprize,App,120,50,0.6596861852078808,0.12208716831481375,0.5791469668794489
realprize,App,120,51,0.6648029084854714,0.12208716831481375,0.583639003901028
realprize,App,120,52,0.668542527931765,0.12208716831481375,0.5869220637985486
realprize,App,120,53,0.6743839522560892,0.12208716831481375,0.5920503251681907
realprize,App,120,54,0.6797751958763254,0.12208716831481375,0.596783367121137
realprize,App,120,55,0.6854521723681438,0.12208716831481375,0.6017672576284796
realprize,App,120,56,0.6924900404008072,0.12208716831481375,0.6079458922820618
realprize,App,120,57,0.6979753541840609,0.12208716831481375,0.6127615196381997
realprize,App,120,58,0.702958522401312,0.12208716831481375,0.6171363069585702
realprize,App,120,59,0.7076601099594996,0.12208716831481375,0.6212638910051945
realprize,App,120,60,0.7147874916073601,0.12208716831481375,0.6275211108101688
realprize,App,120,61,0.718271195662294,0.12208716831481375,0.630579499301789
realprize,App,120,62,0.7224605663377057,0.12208716831481375,0.6342574015744186
realprize,App,120,63,0.7263853399003681,0.12208716831481375,0.6377030106465388
realprize,App,120,64,0.7316343903335217,0.12208716831481375,0.6423112193759669
realprize,App,120,65,0.7370129987799611,0.12208716831481375,0.6470331687477063
realprize,App,120,66,0.7410487782726929,0.12208716831481375,0.6505762313502276
realprize,App,120,67,0.7473480605574137,0.12208716831481375,0.6561064520983911
realprize,App,120,68,0.7497204140049072,0.12208716831481375,0.6581891716312382
realprize,App,120,69,0.7554571231783023,0.12208716831481375,0.6632255022262079
realprize,App,120,70,0.75947383034913,0.12208716831481375,0.6667518209925994
realprize,App,120,71,0.7642921788884105,0.12208716831481375,0.6709819110027654
realprize,App,120,72,0.7723678719134494,0.12208716831481375,0.6780716655341976
realprize,App,120,73,0.7756193265540604,0.12208716831481375,0.6809261592848324
realprize,App,120,74,0.7883230536583072,0.12208716831481375,0.6920789243198776
realprize,App,120,75,0.7936346627937026,0.12208716831481375,0.6967420541367375
realprize,App,120,76,0.7980538303296222,0.12208716831481375,0.7006216980218878
realprize,App,120,77,0.8028722253187854,0.12208716831481375,0.7048518288110018
realprize,App,120,78,0.8094170602642813,0.12208716831481375,0.7105976233909143
realprize,App,120,79,0.823376727171349,0.12208716831481375,0.7228529940946801
realprize,App,120,80,0.8287786627489631,0.12208716831481375,0.7275954226542042
realprize,App,120,81,0.8314475615386401,0.12208716831481375,0.7299384831481307
realprize,App,120,82,0.8425422461205063,0.12208716831481375,0.7396786491060509
realprize,App,120,83,0.8549134942531855,0.12208716831481375,0.7505395265856913
realprize,App,120,84,0.8613335369433773,0.12208716831481375,0.7561757644433774
realprize,App,120,85,0.8797283036961873,0.12208716831481375,0.7723247662115253
realprize,App,120,86,0.8819394110203045,0.12208716831481375,0.7742659257036009
realprize,App,120,87,0.8839776783302831,0.12208716831481375,0.7760553467294355
realprize,App,120,88,0.8879926111155855,0.12208716831481375,0.7795801077400061
realprize,App,120,89,0.8905083089015987,0.12208716831481375,0.7817886711069891
realprize,App,120,90,0.8938349008727317,0.12208716831481375,0.7847091288842276
realprize,App,120,91,0.8995360786440533,0.12208716831481375,0.7897142660053893
realprize,App,120,92,0.9148101446735413,0.12208716831481375,0.8031235645646836
realprize,App,120,93,0.9246320507983689,0.12208716831481375,0.811746341983277
realprize,App,120,94,0.9270967098751451,0.12208716831481375,0.8139100978125083
realprize,App,120,95,0.9292431439856766,0.12208716831481375,0.8157944798605107
realprize,App,120,96,0.9341001378564872,0.12208716831481375,0.8200584971031115
realprize,App,120,97,0.94332521607572,0.12208716831481375,0.8281573116450756
realprize,App,120,98,0.9455075822945281,0.12208716831481375,0.8300732389520035
realprize,App,120,99,0.9487901921099332,0.12208716831481375,0.8329550842303634
realprize,App,120,100,0.9508021836130928,0.12208716831481375,0.8347214373882287
realprize,App,120,101,0.9528323336470618,0.12208716831481375,0.8365037321532962
realprize,App,120,102,0.9559449255328425,0.12208716831481375,0.8392363165096223
realprize,App,120,103,0.9585936580307745,0.12208716831481375,0.8415616727572583
realprize,App,120,104,0.9619587980870342,0.12208716831481375,0.8445159723930666
realprize,App,120,105,0.9633777830507004,0.12208716831481375,0.8457617175006374
realprize,App,120,106,0.9655486194474643,0.12208716831481375,0.8476675226288457
realprize,App,120,107,0.9674839395118503,0.12208716831481375,0.849366564946788
realprize,App,120,108,0.9690765478218061,0.12208716831481375,0.8507647362179467
realprize,App,120,109,0.9734923006608792,0.12208716831481375,0.8546413822969192
realprize,App,120,110,0.9762846864790704,0.12208716831481375,0.857092853637725
realprize,App,120,111,0.9794977793543971,0.12208716831481375,0.8599136691023705
realprize,App,120,112,0.9814801576175501,0.12208716831481375,0.8616540244168465
realprize,App,120,113,0.9839081146793662,0.12208716831481375,0.8637855590761955
realprize,App,120,114,0.9854510827864323,0.12208716831481375,0.8651401505762698
realprize,App,120,115,0.9868063438883597,0.12208716831481375,0.8663299516879357
realprize,App,120,116,0.9878714440615756,0.12208716831481375,0.8672650167970319
realprize,App,120,117,0.9899662568678729,0.12208716831481375,0.8691040798396588
realprize,App,120,118,0.9929623487276549,0.12208716831481375,0.8717343873282689
realprize,App,120,119,0.9952433287257234,0.12208716831481375,0.8737368889373905
realprize,App,120,120,1.0,0.12208716831481375,0.8779128316851863
realprize,App,150,1,0.09782206801767482,0.12208716831481375,0.0858792487346978
realprize,App,150,2,0.14854692760819266,0.12208716831481375,0.1304112538546428
realprize,App,150,3,0.17588992174641122,0.12208716831481375,0.1544160192652777
realprize,App,150,4,0.19231457511431221,0.12208716831481375,0.16883543321293928
realprize,App,150,5,0.21815228001992829,0.12208716831481375,0.19151868589087492
realprize,App,150,6,0.22991681492941385,0.12208716831481375,0.20184692204672064
realprize,App,150,7,0.24447604209784787,0.12208716831481375,0.21462865439730844
realprize,App,150,8,0.2581241807744108,0.12208716831481375,0.2266105304700819
realprize,App,150,9,0.27043398931207335,0.12208716831481375,0.23741746934088373
realprize,App,150,10,0.2830632856286278,0.12208716831481375,0.24850489063234135
realprize,App,150,11,0.2919673560715676,0.12208716831481375,0.256321888328427
realprize,App,150,12,0.30312418282548054,0.12208716831481375,0.26611660969657575
realprize,App,150,13,0.3108718151223396,0.12208716831481375,0.27291835550516685
realprize,App,150,14,0.3193014165718021,0.12208716831481375,0.28031881078364207
realprize,App,150,15,0.32884323073748933,0.12208716831481375,0.28869569187725436
realprize,App,150,16,0.33991734719128575,0.12208716831481375,0.2984178008116183
realprize,App,150,17,0.3499133366819595,0.12208716831481375,0.30719340825087105
realprize,App,150,18,0.35964965750965183,0.12208716831481375,0.3157410492389059
realprize,App,150,19,0.3702787471158714,0.12208716831481375,0.3250724633933377
realprize,App,150,20,0.3787584859550401,0.12208716831481375,0.3325169349295831
realprize,App,150,21,0.38688209503129717,0.12208716831481375,0.33964875557722346
realprize,App,150,22,0.3964506460004153,0.12208716831481375,0.34804910925364596
realprize,App,150,23,0.4043680202099461,0.12208716831481375,0.35499987366544644
realprize,App,150,24,0.4123442981930869,0.12208716831481375,0.36200235045593376
realprize,App,150,25,0.41865369015125353,0.12208716831481375,0.3675414466161396
realprize,App,150,26,0.42597434317760163,0.12208716831481375,0.37396834184428557
realprize,App,150,27,0.4346596958380326,0.12208716831481375,0.381593324392589
realprize,App,150,28,0.44060666795743614,0.12208716831481375,0.3868142475258874
realprize,App,150,29,0.4474328254763756,0.12208716831481375,0.39280701880286867
realprize,App,150,30,0.4531390787815662,0.12208716831481375,0.3978166118003415
realprize,App,150,31,0.45997888754994765,0.12208716831481375,0.40382136768437643
realprize,App,150,32,0.4688548777727742,0.12208716831481375,0.4116137133949081
realprize,App,150,33,0.48561268185986883,0.12208716831481375,0.42632560463383495
realprize,App,150,34,0.4949289302289764,0.12208716831481375,0.4345044586202407
realprize,App,150,35,0.5041079070573786,0.12208716831481375,0.442562800159636
realprize,App,150,36,0.514284352879811,0.12208716831481375,0.45149683252809847
realprize,App,150,37,0.5213864749407104,0.12208716831481375,0.45773187661755654
realprize,App,150,38,0.5294170061737491,0.12208716831481375,0.46478198303228985
realprize,App,150,39,0.5386454295495482,0.12208716831481375,0.47288373433012737
realprize,App,150,40,0.5458599858467887,0.12208716831481375,0.47921748587839
realprize,App,150,41,0.5522265816065134,0.12208716831481375,0.4848068019900048
realprize,App,150,42,0.5559497754902356,0.12208716831481375,0.4880754416753763
realprize,App,150,43,0.5636986010906773,0.12208716831481375,0.4948782351004947
realprize,App,150,44,0.572977703970446,0.12208716831481375,0.5030244785851706
realprize,App,150,45,0.5776060946589289,0.12208716831481375,0.507087802160642
realprize,App,150,46,0.5833006791982515,0.12208716831481375,0.5120871509988294
realprize,App,150,47,0.5884755547249944,0.12208716831481375,0.5166302406261306
realprize,App,150,48,0.5927447488166475,0.12208716831481375,0.5203782209001475
realprize,App,150,49,0.5979169303689141,0.12208716831481375,0.5249189454526878
realprize,App,150,50,0.6046453953191949,0.12208716831481375,0.5308259511700834
realprize,App,150,51,0.6093352057749691,0.12208716831481375,0.5349431959473788
realprize,App,150,52,0.6127628107925503,0.12208716831481375,0.5379523343742619
realprize,App,150,53,0.6181168570027118,0.12208716831481375,0.5426527202435981
realprize,App,150,54,0.6230582832491817,0.12208716831481375,0.5469908617521999
realprize,App,150,55,0.6282616023000902,0.12208716831481375,0.5515589223143446
realprize,App,150,56,0.634712267168073,0.12208716831481375,0.5572220437748475
realprize,App,150,57,0.6397399148516153,0.12208716831481375,0.5616358801894216
realprize,App,150,58,0.6443073133878032,0.12208716831481375,0.565645657971761
realprize,App,150,59,0.6486166248930189,0.12208716831481375,0.5694288578379185
realprize,App,150,60,0.6551493348249441,0.12208716831481375,0.5751640077128329
realprize,App,150,61,0.658342376702586,0.12208716831481375,0.5779672201493229
realprize,App,150,62,0.6621822080420504,0.12208716831481375,0.5813382573537457
realprize,App,150,63,0.6657795188779391,0.12208716831481375,0.5844963826961325
realprize,App,150,64,0.6705906157985217,0.12208716831481375,0.5887201064171931
realprize,App,150,65,0.6755204610844884,0.12208716831481375,0.5930480808519659
realprize,App,150,66,0.6792195160920372,0.12208716831481375,0.5962955287082023
realprize,App,150,67,0.6849932189717965,0.12208716831481375,0.6013643365526807
realprize,App,150,68,0.6871676355660209,0.12208716831481375,0.6032732847821796
realprize,App,150,69,0.6924257035137158,0.12208716831481375,0.6078894101033335
realprize,App,150,70,0.6961072774948676,0.12208716831481375,0.6111215111421849
realprize,App,150,71,0.7005236080511924,0.12208716831481375,0.6149986644065459
realprize,App,150,72,0.7079255071830688,0.12208716831481375,0.6214968866332596
realprize,App,150,73,0.7109056773315694,0.12208716831481375,0.6241132162472335
realprize,App,150,74,0.7225494714100431,0.12208716831481375,0.6343354524782255
realprize,App,150,75,0.7274179074595871,0.12208716831481375,0.638609514956359
realprize,App,150,76,0.7314683626027335,0.12208716831481375,0.6421654615006924
realprize,App,150,77,0.735884735733404,0.12208716831481375,0.6460426521416177
realprize,App,150,78,0.7418835036349497,0.12208716831481375,0.6513090474566859
realprize,App,150,79,0.7546784484205351,0.12208716831481375,0.6625418936646548
realprize,App,150,80,0.7596296745429769,0.12208716831481375,0.6668886386101214
realprize,App,150,81,0.7620758942758378,0.12208716831481375,0.6690362063027214
realprize,App,150,82,0.7722448959850827,0.12208716831481375,0.6779637033886962
realprize,App,150,83,0.7835839514109874,0.12208716831481375,0.6879184056462874
realprize,App,150,84,0.7894683390750308,0.12208716831481375,0.6930843850831611
realprize,App,150,85,0.8063283420043815,0.12208716831481375,0.707885997997088
realprize,App,150,86,0.8083549660144974,0.12208716831481375,0.70966519722057
realprize,App,150,87,0.8102231708837866,0.12208716831481375,0.7113053182475356
realprize,App,150,88,0.8139031185249279,0.12208716831481375,0.7145359915016233
realprize,App,150,89,0.816208919550378,0.12208716831481375,0.7165602838091788
realprize,App,150,90,0.8192579579606903,0.12208716831481375,0.719237073753893
realprize,App,150,91,0.8244834590620049,0.12208716831481375,0.7238246082227221
realprize,App,150,92,0.8384831363322225,0.12208716831481375,0.7361151045376976
realprize,App,150,93,0.8474855536100118,0.12208716831481375,0.7440184421820532
realprize,App,150,94,0.8497445743311064,0.12208716831481375,0.7460016654601449
realprize,App,150,95,0.851711921124764,0.12208716831481375,0.7477288244546716
realprize,App,150,96,0.8561636726468209,0.12208716831481375,0.7516370742393594
realprize,App,150,97,0.8646190582404435,0.12208716831481375,0.7590601657488467
realprize,App,150,98,0.8666193391538397,0.12208716831481375,0.7608162380296922
realprize,App,150,99,0.8696280650511219,0.12208716831481375,0.7634576371019398
realprize,App,150,100,0.8714721864304766,0.12208716831481375,0.7650766149240603
realprize,App,150,101,0.8733329512871177,0.12208716831481375,0.7667102042684544
realprize,App,150,102,0.8761858446680093,0.12208716831481375,0.7692147959749689
realprize,App,150,103,0.8786135806797953,0.12208716831481375,0.7713461365716601
realprize,App,150,104,0.8816979509231717,0.12208716831481375,0.7740539447859881
realprize,App,150,105,0.8829985431495158,0.12208716831481375,0.7751957513902855
realprize,App,150,106,0.8849882562293507,0.12208716831481375,0.7769425460344446
realprize,App,150,107,0.8867621032366685,0.12208716831481375,0.7784998290836151
realprize,App,150,108,0.8882218325788229,0.12208716831481375,0.7797813442038799
realprize,App,150,109,0.8922691579296969,0.12208716831481375,0.7833345430634169
realprize,App,150,110,0.8948285615746162,0.12208716831481375,0.7855814763647534
realprize,App,150,111,0.897773570664335,0.12208716831481375,0.7881669376340471
realprize,App,150,112,0.8995905495786634,0.12208716831481375,0.7897620867378373
realprize,App,150,113,0.9018159305103517,0.12208716831481375,0.791715777213154
realprize,App,150,114,0.9032301613703898,0.12208716831481375,0.7929573486321467
realprize,App,150,115,0.9044723465231339,0.12208716831481375,0.7940478789170695
realprize,App,150,116,0.9054485802684044,0.12208716831481375,0.7949049270487666
realprize,App,150,117,0.9073686127714107,0.12208716831481375,0.7965905482204084
realprize,App,150,118,0.9101147262835493,0.12208716831481375,0.799001396509979
realprize,App,150,119,0.912205393154514,0.12208716831481375,0.800836819782778
realprize,App,150,120,0.9165651924765692,0.12208716831481375,0.8046643435511827
realprize,App,150,121,0.9182246459745921,0.12208716831481375,0.8061211990706818
realprize,App,150,122,0.9197870460641173,0.12208716831481375,0.8074928501575022
realprize,App,150,123,0.9218588897073386,0.12208716831481375,0.8093117482771315
realprize,App,150,124,0.925117411003552,0.12208716831481375,0.8121724459353967
realprize,App,150,125,0.9264087562766176,0.12208716831481375,0.813306134520757
realprize,App,150,126,0.9292200399045815,0.12208716831481375,0.8157741964912529
realprize,App,150,127,0.9322884560132407,0.12208716831481375,0.8184679983659944
realprize,App,150,128,0.9348494154883782,0.12208716831481375,0.8207162975506433
realprize,App,150,129,0.9371591615597022,0.12208716831481375,0.8227440532645932
realprize,App,150,130,0.9400525480639458,0.12208716831481375,0.8252841944036934
realprize,App,150,131,0.9449826389028794,0.12208716831481375,0.8296123844125667
realprize,App,150,132,0.951537168982225,0.12208716831481375,0.8353666904748908
realprize,App,150,133,0.9544055036188205,0.12208716831481375,0.837884838257925
realprize,App,150,134,0.9591662477229267,0.12208716831481375,0.8420643565952894
realprize,App,150,135,0.9617887183561769,0.12208716831481375,0.8443666572149373
realprize,App,150,136,0.9642498871971223,0.12208716831481375,0.8465273489213472
realprize,App,150,137,0.9666841700902593,0.12208716831481375,0.8486644371091838
realprize,App,150,138,0.9686772733374958,0.12208716831481375,0.8504142080248062
realprize,App,150,139,0.9712245605787089,0.12208716831481375,0.8526505041798551
realprize,App,150,140,0.9729173193051025,0.12208716831481375,0.8541365987867031
realprize,App,150,141,0.9752745986205881,0.12208716831481375,0.856206084545634
realprize,App,150,142,0.9784918531131883,0.12208716831481375,0.8590305535474845
realprize,App,150,143,0.9805016715000696,0.12208716831481375,0.8607949988986845
realprize,App,150,144,0.9819248482319504,0.12208716831481375,0.8620444240133583
realprize,App,150,145,0.9850945694803889,0.12208716831481375,0.8648271629702277
realprize,App,150,146,0.9887005239161131,0.12208716831481375,0.867992876639822
realprize,App,150,147,0.9911186335569248,0.12208716831481375,0.8701157661219123
realprize,App,150,148,0.9951970303685599,0.12208716831481375,0.8736962430155507
realprize,App,150,149,0.9981903047688221,0.12208716831481375,0.8763240770202957
realprize,App,150,150,1.0,0.12208716831481375,0.8779128316851863
realprize,App,180,1,0.08908656379695563,0.12208716831481375,0.07821023748808832
realprize,App,180,2,0.13528169677232674,0.12208716831481375,0.11876553748857009
realprize,App,180,3,0.1601829633378022,0.12208716831481375,0.1406266789316143
realprize,App,180,4,0.1751408962434735,0.12208716831481375,0.15375844016498924
realprize,App,180,5,0.1986712958055149,0.12208716831481375,0.17441607987518487
realprize,App,180,6,0.20938525852368223,0.12208716831481375,0.18382200522366066
realprize,App,180,7,0.22264434766643798,0.12208716831481375,0.19546232971854366
realprize,App,180,8,0.23507370845954279,0.12208716831481375,0.20637422504845515
realprize,App,180,9,0.24628425190686232,0.12208716831481375,0.21621610499102123
realprize,App,180,10,0.25778575289549505,0.12208716831481375,0.22631342029258178
realprize,App,180,11,0.2658946904352761,0.12208716831481375,0.23343236061008923
realprize,App,180,12,0.27605521329607335,0.12208716831481375,0.24235241400621385
realprize,App,180,13,0.28311098253992917,0.12208716831481375,0.24854676436280454
realprize,App,180,14,0.2907878211360501,0.12208716831481375,0.25528635947311523
realprize,App,180,15,0.29947755192620884,0.12208716831481375,0.2629151856376854
realprize,App,180,16,0.30956275051123366,0.12208716831481375,0.271769110885572
realprize,App,180,17,0.3186660987998192,0.12208716831481375,0.2797610571594206
realprize,App,180,18,0.3275329668198975,0.12208716831481375,0.2875453943711064
realprize,App,180,19,0.33721287942547584,0.12208716831481375,0.2960435138571348
realprize,App,180,20,0.34493537814570974,0.12208716831481375,0.3028231945763006
realprize,App,180,21,0.35233354946736634,0.12208716831481375,0.3093181441105882
realprize,App,180,22,0.3610476294661734,0.12208716831481375,0.3169683467578722
realprize,App,180,23,0.3682579826810972,0.12208716831481375,0.32329840836623636
realprize,App,180,24,0.3755219795665335,0.12208716831481375,0.3296755644412821
realprize,App,180,25,0.38126794323906243,0.12208716831481375,0.3347200196797922
realprize,App,180,26,0.38793486243309644,0.12208716831481375,0.3405729935880429
realprize,App,180,27,0.39584461367391804,0.12208716831481375,0.347517065697798
realprize,App,180,28,0.40126052157537684,0.12208716831481375,0.3522717607397139
realprize,App,180,29,0.40747710367819223,0.12208716831481375,0.357729377937
realprize,App,180,30,0.41267378893966716,0.12208716831481375,0.3622916146102781
realprize,App,180,31,0.41890280323624995,0.12208716831481375,0.36776014618999864
realprize,App,180,32,0.42698616811772144,0.12208716831481375,0.37485663594263585
realprize,App,180,33,0.4422475014053402,0.12208716831481375,0.3882547562644606
realprize,App,180,34,0.4507318094096734,0.12208716831481375,0.39570323912943406
realprize,App,180,35,0.45909110421283056,0.12208716831481375,0.40304197130096503
realprize,App,180,36,0.4683587940946533,0.12208716831481375,0.4111781951682962
realprize,App,180,37,0.47482669712403686,0.12208716831481375,0.4168564502318875
realprize,App,180,38,0.48214010244773414,0.12208716831481375,0.4232769826088761
realprize,App,180,39,0.4905444282248676,0.12208716831481375,0.43065524805028416
realprize,App,180,40,0.49711472512070415,0.12208716831481375,0.4364233960031204
realprize,App,180,41,0.5029127842990857,0.12208716831481375,0.44151358655469164
realprize,App,180,42,0.5063034972146082,0.12208716831481375,0.4444903369317895
realprize,App,180,43,0.5133603532001155,0.12208716831481375,0.4506856413528208
realprize,App,180,44,0.5218108328048574,0.12208716831481375,0.4581044258317177
realprize,App,180,45,0.5260259085101906,0.12208716831481375,0.4618048948799542
realprize,App,180,46,0.5312119670258199,0.12208716831481375,0.4663578021966953
realprize,App,180,47,0.5359247265094078,0.12208716831481375,0.47049519421998326
realprize,App,180,48,0.5398126818503124,0.12208716831481375,0.4739084801027823
realprize,App,180,49,0.544522987931167,0.12208716831481375,0.4780437182523294
realprize,App,180,50,0.5506506014052603,0.12208716831481375,0.4834232287488429
realprize,App,180,51,0.5549216120967178,0.12208716831481375,0.487172803839138
realprize,App,180,52,0.5580431322123458,0.12208716831481375,0.4899132264030113
realprize,App,180,53,0.5629190624491429,0.12208716831481375,0.4941938681242973
realprize,App,180,54,0.5674192196577856,0.12208716831481375,0.4981446138823653
realprize,App,180,55,0.5721578826607077,0.12208716831481375,0.5023047469376625
realprize,App,180,56,0.5780325035815259,0.12208716831481375,0.507462152025335
realprize,App,180,57,0.5826111826585986,0.12208716831481375,0.5114818331392655
realprize,App,180,58,0.5867707128068131,0.12208716831481375,0.5151335380301645
realprize,App,180,59,0.5906952030788957,0.12208716831481375,0.5185788983978494
realprize,App,180,60,0.5966445424448586,0.12208716831481375,0.5238018997672782
realprize,App,180,61,0.59955244589347,0.12208716831481375,0.5263547855181157
realprize,App,180,62,0.6030493805476315,0.12208716831481375,0.5294247893225686
realprize,App,180,63,0.6063254517631876,0.12208716831481375,0.5323008942802199
realprize,App,180,64,0.6107069180461472,0.12208716831481375,0.536147439751626
realprize,App,180,65,0.6151965284732958,0.12208716831481375,0.5400889263548874
realprize,App,180,66,0.6185652581126948,0.12208716831481375,0.5430463773317941
realprize,App,180,67,0.6238233697061791,0.12208716831481375,0.5476625409701465
realprize,App,180,68,0.6258036110419841,0.12208716831481375,0.5494010202486832
realprize,App,180,69,0.6305921338688212,0.12208716831481375,0.5536049258831809
realprize,App,180,70,0.6339449435363271,0.12208716831481375,0.5565484005124824
realprize,App,180,71,0.6379668960653148,0.12208716831481375,0.5600793242461094
realprize,App,180,72,0.6447078060930131,0.12208716831481375,0.5659972556566611
realprize,App,180,73,0.6474218472438525,0.12208716831481375,0.5683799472087047
realprize,App,180,74,0.6580258512792522,0.12208716831481375,0.5776893384186236
realprize,App,180,75,0.6624595363107395,0.12208716831481375,0.5815817273994168
realprize,App,180,76,0.6661482860768088,0.12208716831481375,0.5848201281519247
realprize,App,180,77,0.6701702773782557,0.12208716831481375,0.5883510859243912
realprize,App,180,78,0.6756333557019284,0.12208716831481375,0.5931471924852447
realprize,App,180,79,0.6872857127622353,0.12208716831481375,0.6033769462678655
realprize,App,180,80,0.6917947947185722,0.12208716831481375,0.6073355271764539
realprize,App,180,81,0.6940225671906641,0.12208716831481375,0.6092913172157784
realprize,App,180,82,0.7032834777181162,0.12208716831481375,0.617421589400917
realprize,App,180,83,0.7136099562425177,0.12208716831481375,0.6264873374036106
realprize,App,180,84,0.7189688684763512,0.12208716831481375,0.6311919952175677
realprize,App,180,85,0.7343232742563546,0.12208716831481375,0.6446718250747339
realprize,App,180,86,0.7361689208760622,0.12208716831481375,0.6462921419249317
realprize,App,180,87,0.7378702951737682,0.12208716831481375,0.6477858002523871
realprize,App,180,88,0.7412216237333193,0.12208716831481375,0.6507279745980101
realprize,App,180,89,0.7433215168793089,0.12208716831481375,0.6525714977360421
realprize,App,180,90,0.7460982763607236,0.12208716831481375,0.6550092505152795
realprize,App,180,91,0.7508571405584137,0.12208716831481375,0.659187118458679
realprize,App,180,92,0.7636066475719505,0.12208716831481375,0.6703800742635232
realprize,App,180,93,0.771805149580717,0.12208716831481375,0.677577644377616
realprize,App,180,94,0.773862439900444,0.12208716831481375,0.6793837659478061
realprize,App,180,95,0.7756541027552125,0.12208716831481375,0.6809566897580611
realprize,App,180,96,0.779708313160029,0.12208716831481375,0.6845159330948011
realprize,App,180,97,0.7874086333779374,0.12208716831481375,0.6912761430221878
realprize,App,180,98,0.7892302893377247,0.12208716831481375,0.6928753981642007
realprize,App,180,99,0.7919703362108633,0.12208716831481375,0.6952809204735481
realprize,App,180,100,0.7936497776726971,0.12208716831481375,0.696755323682956
realprize,App,180,101,0.7953443763503937,0.12208716831481375,0.6982430336066626
realprize,App,180,102,0.7979425065405752,0.12208716831481375,0.7005239654390116
realprize,App,180,103,0.8001534458866648,0.12208716831481375,0.7024649774610214
realprize,App,180,104,0.8029623820707816,0.12208716831481375,0.7049309785804424
realprize,App,180,105,0.8041468314971124,0.12208716831481375,0.7059708219303004
realprize,App,180,106,0.8059588633301782,0.12208716831481375,0.7075616279279708
realprize,App,180,107,0.807574305916762,0.12208716831481375,0.7089798457035835
realprize,App,180,108,0.8089036815249595,0.12208716831481375,0.7101469216081493
realprize,App,180,109,0.8125895809889999,0.12208716831481375,0.7133828200439319
realprize,App,180,110,0.8149204300572701,0.12208716831481375,0.7154291023496878
realprize,App,180,111,0.8176024500295574,0.12208716831481375,0.7177836820981948
realprize,App,180,112,0.8192571728467011,0.12208716831481375,0.7192363844922475
realprize,App,180,113,0.8212838274079967,0.12208716831481375,0.7210156105370021
realprize,App,180,114,0.8225717675455293,0.12208716831481375,0.7221463097101845
realprize,App,180,115,0.8237030256460796,0.12208716831481375,0.7231394557126053
realprize,App,180,116,0.8245920817822988,0.12208716831481375,0.7239199695026807
realprize,App,180,117,0.82634065550945,0.12208716831481375,0.7254550648148943
realprize,App,180,118,0.828841541266114,0.12208716831481375,0.7276506245112483
realprize,App,180,119,0.8307455117234215,0.12208716831481375,0.7293221446068681
realprize,App,180,120,0.8347159812536303,0.12208716831481375,0.7328078707552534
realprize,App,180,121,0.8362272456637528,0.12208716831481375,0.7341346291729692
realprize,App,180,122,0.8376501235283541,0.12208716831481375,0.7353837919082234
realprize,App,180,123,0.8395369516709139,0.12208716831481375,0.7370402625457614
realprize,App,180,124,0.842504487230338,0.12208716831481375,0.7396455000918619
realprize,App,180,125,0.843680515455708,0.12208716831481375,0.7406779503613382
realprize,App,180,126,0.8462407516411533,0.12208716831481375,0.7429256145606854
realprize,App,180,127,0.8490351583937307,0.12208716831481375,0.7453788601057207
realprize,App,180,128,0.8513674243566833,0.12208716831481375,0.7474263863214995
realprize,App,180,129,0.8534709102562105,0.12208716831481375,0.7492730635839633
realprize,App,180,130,0.8561059175365,0.12208716831481375,0.7515863702869133
realprize,App,180,131,0.8605957515887517,0.12208716831481375,0.7555280532135221
realprize,App,180,132,0.8665649625644098,0.12208716831481375,0.7607685001240885
realprize,App,180,133,0.8691771551071796,0.12208716831481375,0.7630617774762185
realprize,App,180,134,0.8735127650768525,0.12208716831481375,0.7668680651017765
realprize,App,180,135,0.8759010492555561,0.12208716831481375,0.7689647704279711
realprize,App,180,136,0.8781424358813669,0.12208716831481375,0.7709325125075379
realprize,App,180,137,0.8803593374727348,0.12208716831481375,0.7728787588611831
realprize,App,180,138,0.8821744567314768,0.12208716831481375,0.7744722753494716
realprize,App,180,139,0.8844942713900924,0.12208716831481375,0.7765088704054017
realprize,App,180,140,0.8860358668738892,0.12208716831481375,0.7778622568618949
realprize,App,180,141,0.8881826413020103,0.12208716831481375,0.779746937679076
realprize,App,180,142,0.8911125951806615,0.12208716831481375,0.7823191817853897
realprize,App,180,143,0.8929429369181808,0.12208716831481375,0.7839260622831268
realprize,App,180,144,0.8942390240617906,0.12208716831481375,0.785063913817484
realprize,App,180,145,0.897125689411848,0.12208716831481375,0.7875981543690804
realprize,App,180,146,0.9004096323543446,0.12208716831481375,0.7904811700168202
realprize,App,180,147,0.9026118049637529,0.12208716831481375,0.7924144856082054
realprize,App,180,148,0.9063260012091582,0.12208716831481375,0.7956752261514436
realprize,App,180,149,0.9090519764029414,0.12208716831481375,0.7980683947529215
realprize,App,180,150,0.9107000659693596,0.12208716831481375,0.7995152737310465
realprize,App,180,151,0.9130824681979878,0.12208716831481375,0.8016068152177945
realprize,App,180,152,0.9144018553746774,0.12208716831481375,0.8027651221501713
realprize,App,180,153,0.915603509761779,0.12208716831481375,0.8038200699558585
realprize,App,180,154,0.9172508403239761,0.12208716831481375,0.8052662825944386
realprize,App,180,155,0.9199704089589582,0.12208716831481375,0.8076538267957379
realprize,App,180,156,0.9225784502260957,0.12208716831481375,0.8099434596897225
realprize,App,180,157,0.9243060179746777,0.12208716831481375,0.811460113583808
realprize,App,180,158,0.9275857768019673,0.12208716831481375,0.8143394559431183
realprize,App,180,159,0.9305144263675647,0.12208716831481375,0.8169105549762654
realprize,App,180,160,0.9363428339217139,0.12208716831481375,0.822027388756344
realprize,App,180,161,0.9390191348280306,0.12208716831481375,0.82437694766345
realprize,App,180,162,0.9403290978106007,0.12208716831481375,0.825526980974881
realprize,App,180,163,0.9416777789108821,0.12208716831481375,0.8267110054186694
realprize,App,180,164,0.94383884411408,0.12208716831481375,0.8286082322906652
realprize,App,180,165,0.9458498185803946,0.12208716831481375,0.830373692578834
realprize,App,180,166,0.9503398358209442,0.12208716831481375,0.8343155363288002
realprize,App,180,167,0.9548934083410463,0.12208716831481375,0.8383131760742069
realprize,App,180,168,0.9611211603179222,0.12208716831481375,0.8437805994472589
realprize,App,180,169,0.9650431725582327,0.12208716831481375,0.847223784319054
realprize,App,180,170,0.9682085102175134,0.12208716831481375,0.8500026748667528
realprize,App,180,171,0.9704423382462426,0.12208716831481375,0.8519637811569523
realprize,App,180,172,0.9724471691902822,0.12208716831481375,0.8537238479680841
realprize,App,180,173,0.9756695317351611,0.12208716831481375,0.856552801394575
realprize,App,180,174,0.980028028079456,0.12208716831481375,0.8603791812620845
realprize,App,180,175,0.9840892986496168,0.12208716831481375,0.8639446228085741
realprize,App,180,176,0.9915318277009718,0.12208716831481375,0.8704785145629484
realprize,App,180,177,0.9932162515198256,0.12208716831481375,0.8719572918475164
realprize,App,180,178,0.9945481888138067,0.12208716831481375,0.8731266166889023
realprize,App,180,179,0.9954916140920951,0.12208716831481375,0.8739548618464479
realprize,App,180,180,1.0,0.12208716831481375,0.8779128316851863
realprize,App,210,1,0.07979195571181476,0.12208716831481375,0.07005038178465826
realprize,App,210,2,0.12116744318569762,0.12208716831481375,0.10637445315520973
realprize,App,210,3,0.14347070278261126,0.12208716831481375,0.125954770943746
realprize,App,210,4,0.15686803981168196,0.12208716831481375,0.13771646503197824
realprize,App,210,5,0.17794345814317084,0.12208716831481375,0.15621884521832552
realprize,App,210,6,0.18753960825009927,0.12208716831481375,0.16464342853197517
realprize,App,210,7,0.1994153458312352,0.12208716831481375,0.17506929094018042
realprize,App,210,8,0.21054792254830326,0.12208716831481375,0.1848427228898142
realprize,App,210,9,0.2205888439637105,0.12208716831481375,0.1936577766423428
realprize,App,210,10,0.23089036664446,0.12208716831481375,0.20270161558966876
realprize,App,210,11,0.23815327989946863,0.12208716831481375,0.20907782033165728
realprize,App,210,12,0.24725373181459032,0.12208716831481375,0.21706722384207663
realprize,App,210,13,0.25357335626774236,0.12208716831481375,0.22261530324093026
realprize,App,210,14,0.26044925246533895,0.12208716831481375,0.2286517407421357
realprize,App,210,15,0.2682323634621471,0.12208716831481375,0.23548463375666367
realprize,App,210,16,0.27726534985811196,0.12208716831481375,0.24341480842211893
realprize,App,210,17,0.28541892467919927,0.12208716831481375,0.25057293638165673
realprize,App,210,18,0.29336069176736673,0.12208716831481375,0.2575451156146141
realprize,App,210,19,0.3020306766113095,0.12208716831481375,0.2651566065596275
realprize,App,210,20,0.3089474691062346,0.12208716831481375,0.271228947445026
realprize,App,210,21,0.31557377203325593,0.12208716831481375,0.27704626381129116
realprize,App,210,22,0.3233786918292284,0.12208716831481375,0.2838983030504491
realprize,App,210,23,0.3298367721487592,0.12208716831481375,0.2895679346310188
realprize,App,210,24,0.3363428993700821,0.12208716831481375,0.29527974720319444
realprize,App,210,25,0.34148937330890283,0.12208716831481375,0.29979790271201856
realprize,App,210,26,0.3474607173409508,0.12208716831481375,0.30504022226016025
realprize,App,210,27,0.35454522586613735,0.12208716831481375,0.3112598032006046
realprize,App,210,28,0.35939607951896657,0.12208716831481375,0.3155184298670503
realprize,App,210,29,0.3649640711743329,0.12208716831481375,0.32040664118801243
realprize,App,210,30,0.36961857419430477,0.12208716831481375,0.32449288911436325
realprize,App,210,31,0.3751977009637916,0.12208716831481375,0.32939087609489404
realprize,App,210,32,0.38243770961531914,0.12208716831481375,0.3357469725915818
realprize,App,210,33,0.3961067925599071,0.12208716831481375,0.34774723590600476
realprize,App,210,34,0.4037059130071848,0.12208716831481375,0.35441860125619107
realprize,App,210,35,0.4111930631708811,0.12208716831481375,0.3609916664576539
realprize,App,210,36,0.41949383344513547,0.12208716831481375,0.3682790191942928
realprize,App,210,37,0.42528692513116284,0.12208716831481375,0.373364848720585
realprize,App,210,38,0.43183730589364255,0.12208716831481375,0.3791155120443897
realprize,App,210,39,0.43936478884522556,0.12208716831481375,0.38572398591787593
realprize,App,210,40,0.4452495914078313,0.12208716831481375,0.3908903295995214
realprize,App,210,41,0.4504427256073985,0.12208716831481375,0.3954494487499846
realprize,App,210,42,0.45347967757025,0.12208716831481375,0.3981156278473834
realprize,App,210,43,0.4598002753827733,0.12208716831481375,0.403664561770919
realprize,App,210,44,0.467369096825948,0.12208716831481375,0.41030932723661606
realprize,App,210,45,0.4711444038943456,0.12208716831481375,0.41362371775551404
realprize,App,210,46,0.47578938888154415,0.12208716831481375,0.41770160967876074
realprize,App,210,47,0.4800104552238486,0.12208716831481375,0.42140733798406427
realprize,App,210,48,0.48349277115510436,0.12208716831481375,0.42446450782409545
realprize,App,210,49,0.4877116400638802,0.12208716831481375,0.4281683069743074
realprize,App,210,50,0.4931999453941693,0.12208716831481375,0.4329865606479744
realprize,App,210,51,0.49702535162169176,0.12208716831481375,0.43634493386152484
realprize,App,210,52,0.49982119629460353,0.12208716831481375,0.43879944177527275
realprize,App,210,53,0.5041884094065061,0.12208716831481375,0.4426334742049158
realprize,App,210,54,0.508219054762933,0.12208716831481375,0.4461720294832953
realprize,App,210,55,0.5124633220502441,0.12208716831481375,0.4498981261959274
realprize,App,210,56,0.5177250301278615,0.12208716831481375,0.4545174472338493
realprize,App,210,57,0.5218260049838351,0.12208716831481375,0.4581177456823268
realprize,App,210,58,0.5255515616920807,0.12208716831481375,0.4613884597216665
realprize,App,210,59,0.5290666007803001,0.12208716831481375,0.46447435764108924
realprize,App,210,60,0.534395231754163,0.12208716831481375,0.46915243114835864
realprize,App,210,61,0.5369997468830063,0.12208716831481375,0.47143896840028837
realprize,App,210,62,0.5401318382238276,0.12208716831481375,0.47418867157840544
realprize,App,210,63,0.5430661093215006,0.12208716831481375,0.4767647058266955
realprize,App,210,64,0.5469904470521547,0.12208716831481375,0.4802099322763031
realprize,App,210,65,0.5510116459972934,0.12208716831481375,0.48374019442899924
realprize,App,210,66,0.5540289082502705,0.12208716831481375,0.48638908767744726
realprize,App,210,67,0.5587384288503839,0.12208716831481375,0.49052363624337253
realprize,App,210,68,0.5605120670089437,0.12208716831481375,0.49208073594153867
realprize,App,210,69,0.5648009921289523,0.12208716831481375,0.49584603833853114
realprize,App,210,70,0.5678039953776748,0.12208716831481375,0.49848241342417693
realprize,App,210,71,0.5714063282592015,0.12208716831481375,0.5016449476848707
realprize,App,210,72,0.5774439434894099,0.12208716831481375,0.5069454475682486
realprize,App,210,73,0.5798748224242108,0.12208716831481375,0.5090795473773835
realprize,App,210,74,0.5893724860930999,0.12208716831481375,0.5174176681833315
realprize,App,210,75,0.5933435944689812,0.12208716831481375,0.5209039551825302
realprize,App,210,76,0.596647488405636,0.12208716831481375,0.5238044860640463
realprize,App,210,77,0.6002498560144013,0.12208716831481375,0.5269670508122284
realprize,App,210,78,0.6051429586897518,0.12208716831481375,0.5312627684376717
realprize,App,210,79,0.6155795982778872,0.12208716831481375,0.5404252282517694
realprize,App,210,80,0.6196182372423555,0.12208716831481375,0.5439708012212199
realprize,App,210,81,0.6216135810389162,0.12208716831481375,0.5457225391438439
realprize,App,210,82,0.6299082792645848,0.12208716831481375,0.5530045611511147
realprize,App,210,83,0.639157372303531,0.12208716831481375,0.5611244586114558
realprize,App,210,84,0.6439571767790985,0.12208716831481375,0.5653382685501365
realprize,App,210,85,0.6577096217467999,0.12208716831481375,0.5774117164543259
realprize,App,210,86,0.6593627077685599,0.12208716831481375,0.5788629818847084
realprize,App,210,87,0.6608865737347137,0.12208716831481375,0.5802008033701632
realprize,App,210,88,0.6638882504029138,0.12208716831481375,0.5828360138337461
realprize,App,210,89,0.6657690568204363,0.12208716831481375,0.584487197921605
realprize,App,210,90,0.668256110536734,0.12208716831481375,0.586670614292233
realprize,App,210,91,0.6725184713812501,0.12208716831481375,0.5904125955709062
realprize,App,210,92,0.6839377927201024,0.12208716831481375,0.6004377643034211
realprize,App,210,93,0.6912809259750531,0.12208716831481375,0.6068843952127165
realprize,App,210,94,0.6931235744181129,0.12208716831481375,0.6085020799251635
realprize,App,210,95,0.6947283089264954,0.12208716831481375,0.6099108969415205
realprize,App,210,96,0.6983595341447538,0.12208716831481375,0.6130987961553683
realprize,App,210,97,0.7052564620720058,0.12208716831481375,0.6191536976819108
realprize,App,210,98,0.7068880604351079,0.12208716831481375,0.6205860988210347
realprize,App,210,99,0.7093422318548079,0.12208716831481375,0.6227406474015444
realprize,App,210,100,0.7108464532887905,0.12208716831481375,0.6240612227001335
realprize,App,210,101,0.7123642505511054,0.12208716831481375,0.6253937163926165
realprize,App,210,102,0.7146913117849519,0.12208716831481375,0.6274366733099275
realprize,App,210,103,0.7166715786946375,0.12208716831481375,0.629175175040102
realprize,App,210,104,0.7191874520435207,0.12208716831481375,0.6313838925359814
realprize,App,210,105,0.7202483251105759,0.12208716831481375,0.6323152466143384
realprize,App,210,106,0.7218713034544473,0.12208716831481375,0.6337400801279702
realprize,App,210,107,0.7233182031644582,0.12208716831481375,0.6350103319495504
realprize,App,210,108,0.7245088819282661,0.12208716831481375,0.6360556441147124
realprize,App,210,109,0.7278102229415219,0.12208716831481375,0.6389539337520183
realprize,App,210,110,0.7298978891136084,0.12208716831481375,0.640786722672768
realprize,App,210,111,0.732300087713778,0.12208716831481375,0.6428956436481131
realprize,App,210,112,0.7337821694566745,0.12208716831481375,0.6441967822278083
realprize,App,210,113,0.7355973784411248,0.12208716831481375,0.6457903774874475
realprize,App,210,114,0.7367509447931473,0.12208716831481375,0.6468031081900883
realprize,App,210,115,0.7377641761089658,0.12208716831481375,0.6476926369637107
realprize,App,210,116,0.7385604749538535,0.12208716831481375,0.6483917179374936
realprize,App,210,117,0.740126615923368,0.12208716831481375,0.6497666531908584
realprize,App,210,118,0.742366578461275,0.12208716831481375,0.6517331450453809
realprize,App,210,119,0.7440719032592137,0.12208716831481375,0.6532302715676823
realprize,App,210,120,0.7476281244827823,0.12208716831481375,0.6563523238121644
realprize,App,210,121,0.7489817151674132,0.12208716831481375,0.6575406584430513
realprize,App,210,122,0.7502561408800756,0.12208716831481375,0.6586594931292272
realprize,App,210,123,0.7519461118607734,0.12208716831481375,0.6601431403383574
realprize,App,210,124,0.7546040375438257,0.12208716831481375,0.6624765674011747
realprize,App,210,125,0.7556573680133726,0.12208716831481375,0.6634012997363948
realprize,App,210,126,0.7579504888119976,0.12208716831481375,0.6654144599101119
realprize,App,210,127,0.7604533486186756,0.12208716831481375,0.6676117526503037
realprize,App,210,128,0.762542283857532,0.12208716831481375,0.6694456557010551
realprize,App,210,129,0.7644263081882722,0.12208716831481375,0.671099664836219
realprize,App,210,130,0.7667863990397766,0.12208716831481375,0.6731716188786975
realprize,App,210,131,0.7708077982786921,0.12208716831481375,0.6767020568718705
realprize,App,210,132,0.7761542276110632,0.12208716831481375,0.6813957557864572
realprize,App,210,133,0.7784938840395957,0.12208716831481375,0.6834497701868005
realprize,App,210,134,0.7823771497526196,0.12208716831481375,0.6868589389851073
realprize,App,210,135,0.7845162586966876,0.12208716831481375,0.6887368901754772
realprize,App,210,136,0.7865237962506936,0.12208716831481375,0.690499333154229
realprize,App,210,137,0.7885094033507615,0.12208716831481375,0.6922425231060637
realprize,App,210,138,0.7901351470020185,0.12208716831481375,0.693669784318533
realprize,App,210,139,0.7922129300100348,0.12208716831481375,0.695493896682728
realprize,App,210,140,0.7935936872569863,0.12208716831481375,0.696706081187269
realprize,App,210,141,0.7955164837236038,0.12208716831481375,0.6983941288780314
realprize,App,210,142,0.7981407487099136,0.12208716831481375,0.700698004783255
realprize,App,210,143,0.7997801266433862,0.12208716831481375,0.702137235707032
realprize,App,210,144,0.8009409900054222,0.12208716831481375,0.7031563725483967
realprize,App,210,145,0.8035264828558545,0.12208716831481375,0.7054262098980215
realprize,App,210,146,0.8064678044049157,0.12208716831481375,0.7080084338280546
realprize,App,210,147,0.8084402192319168,0.12208716831481375,0.7097400421140849
realprize,App,210,148,0.8117669047576245,0.12208716831481375,0.712660582024085
realprize,App,210,149,0.8142084726289547,0.12208716831481375,0.7148040657877561
realprize,App,210,150,0.8156846131835782,0.12208716831481375,0.7160999885220309
realprize,App,210,151,0.8178184538550817,0.12208716831481375,0.7179733146283156
realprize,App,210,152,0.8190001863036369,0.12208716831481375,0.719010772708521
realprize,App,210,153,0.8200764692979507,0.12208716831481375,0.7199556553597537
realprize,App,210,154,0.8215519300370262,0.12208716831481375,0.7212509812752357
realprize,App,210,155,0.8239877597607129,0.12208716831481375,0.7233894274454605
realprize,App,210,156,0.8263236980258404,0.12208716831481375,0.7254401776224403
realprize,App,210,157,0.8278710246193117,0.12208716831481375,0.7267985954936566
realprize,App,210,158,0.8308085985916223,0.12208716831481375,0.7293775293779724
realprize,App,210,159,0.833431695346888,0.12208716831481375,0.7316803796781719
realprize,App,210,160,0.8386520116057017,0.12208716831481375,0.7362633623072393
realprize,App,210,161,0.8410490878233344,0.12208716831481375,0.7383677862772264
realprize,App,210,162,0.8422223793258284,0.12208716831481375,0.7393978339425732
realprize,App,210,163,0.8434303493948984,0.12208716831481375,0.7404583263665013
realprize,App,210,164,0.8453659456468419,0.12208716831481375,0.7421576111530442
realprize,App,210,165,0.8471671104770342,0.12208716831481375,0.7437388768694502
realprize,App,210,166,0.851188673791787,0.12208716831481375,0.747269458906906
realprize,App,210,167,0.8552671615161832,0.12208716831481375,0.750850015614024
realprize,App,210,168,0.8608451576667095,0.12208716831481375,0.7557470100096616
realprize,App,210,169,0.8643579772619665,0.12208716831481375,0.7588309594077329
realprize,App,210,170,0.8671930678924449,0.12208716831481375,0.7613199218512203
realprize,App,210,171,0.8691938354553561,0.12208716831481375,0.7630764213679195
realprize,App,210,172,0.8709894977312195,0.12208716831481375,0.764652856321273
realprize,App,210,173,0.8738756637085537,0.12208716831481375,0.767186658467148
realprize,App,210,174,0.8777794280075868,0.12208716831481375,0.7706138232371437
realprize,App,210,175,0.8814169767877434,0.12208716831481375,0.773807273987124
realprize,App,210,176,0.8880830094995126,0.12208716831481375,0.7796594696412192
realprize,App,210,177,0.8895916934696367,0.12208716831481375,0.780983962657549
realprize,App,210,178,0.8907846666526016,0.12208716831481375,0.7820312891227302
realprize,App,210,179,0.8916296621807057,0.12208716831481375,0.7827731215395695
realprize,App,210,180,0.8956676777170913,0.12208716831481375,0.7863181471935065
realprize,App,210,181,0.8985457090726214,0.12208716831481375,0.7888448078505187
realprize,App,210,182,0.9006970227144951,0.12208716831481375,0.790733473701699
realprize,App,210,183,0.913286351852327,0.12208716831481375,0.8017858072941098
realprize,App,210,184,0.9159816075018423,0.12208716831481375,0.8041520068134913
realprize,App,210,185,0.9268524038018426,0.12208716831481375,0.8136956183758974
realprize,App,210,186,0.928111172610267,0.12208716831481375,0.8148007076649382
realprize,App,210,187,0.941782574819534,0.12208716831481375,0.8268030070915829
realprize,App,210,188,0.9439822053833982,0.12208716831481375,0.8287340909885662
realprize,App,210,189,0.9613797677247372,0.12208716831481375,0.8440076342080707
realprize,App,210,190,0.9636657553707783,0.12208716831481375,0.846014532095604
realprize,App,210,191,0.9766914164450035,0.12208716831481375,0.8574499270938485
realprize,App,210,192,0.977481893125874,0.12208716831481375,0.8581438967151327
realprize,App,210,193,0.9834025454409082,0.12208716831481375,0.8633417133544479
realprize,App,210,194,0.9849490904823682,0.12208716831481375,0.8646994450911246
realprize,App,210,195,0.9854385010864045,0.12208716831481375,0.8651291049403709
realprize,App,210,196,0.9879853893501865,0.12208716831481375,0.8673650508280135
realprize,App,210,197,0.9887300779457411,0.12208716831481375,0.8680188225016605
realprize,App,210,198,0.9891521784502119,0.12208716831481375,0.8683893899507962
realprize,App,210,199,0.9895688177435666,0.12208716831481375,0.8687551629326167
realprize,App,210,200,0.9901792089702037,0.12208716831481375,0.8692910332228294
realprize,App,210,201,0.9916367335802235,0.12208716831481375,0.8705706127804627
realprize,App,210,202,0.9921987271773165,0.12208716831481375,0.8710639941706756
realprize,App,210,203,0.9927015621377406,0.12208716831481375,0.8715054394346518
realprize,App,210,204,0.9935701099253019,0.12208716831481375,0.8722679486822836
realprize,App,210,205,0.9955981831330791,0.12208716831481375,0.8740484201749882
realprize,App,210,206,0.9971281562235667,0.12208716831481375,0.8753916031832603
realprize,App,210,207,0.9981634727190444,0.12208716831481375,0.8763005208194955
realprize,App,210,208,0.9989029153236257,0.12208716831481375,0.8769496869703521
realprize,App,210,209,0.999591404559471,0.12208716831481375,0.8775541205049778
realprize,App,210,210,1.0,0.12208716831481375,0.8779128316851863
realprize,App,240,1,0.07644351662694236,0.12208716831481375,0.06711074414593259
realprize,App,240,2,0.11608269749977415,0.12208716831481375,0.10191048967168162
realprize,App,240,3,0.13745000928731102,0.12208716831481375,0.12066912686857838
realprize,App,240,4,0.1502851321615693,0.12208716831481375,0.13193724593614578
realprize,App,240,5,0.17047612857556474,0.12208716831481375,0.14966318077250196
realprize,App,240,6,0.1796695798916728,0.12208716831481375,0.15773422965038628
realprize,App,240,7,0.19104695666032304,0.12208716831481375,0.16772257470650126
realprize,App,240,8,0.20171235902801926,0.12208716831481375,0.17708586830018735
realprize,App,240,9,0.21133191699374604,0.12208716831481375,0.18553100167343833
realprize,App,240,10,0.22120114019179452,0.12208716831481375,0.1941953193577702
realprize,App,240,11,0.2281592680533865,0.12208716831481375,0.200303949091968
realprize,App,240,12,0.23687782296384455,0.12208716831481375,0.207958080321611
realprize,App,240,13,0.24293224677951533,0.12208716831481375,0.21327333667784878
realprize,App,240,14,0.24951959860736728,0.12208716831481375,0.21905645737434487
realprize,App,240,15,0.2569760943103012,0.12208716831481375,0.22560261063135603
realprize,App,240,16,0.26563001486646376,0.12208716831481375,0.23319999853199533
realprize,App,240,17,0.2734414280201398,0.12208716831481375,0.240057738373202
realprize,App,240,18,0.28104992187187955,0.12208716831481375,0.24673733275544216
realprize,App,240,19,0.28935607409813885,0.12208716831481375,0.25402941037680565
realprize,App,240,20,0.29598260602575055,0.12208716831481375,0.25984692778562757
realprize,App,240,21,0.3023308386697326,0.12208716831481375,0.26542012268230214
realprize,App,240,22,0.30980822797386554,0.12208716831481375,0.27198461869990603
realprize,App,240,23,0.3159952974081228,0.12208716831481375,0.2774163263467677
realprize,App,240,24,0.3222283974742058,0.12208716831481375,0.2828884448759597
realprize,App,240,25,0.32715890159085215,0.12208716831481375,0.2872169977066402
realprize,App,240,26,0.3328796604408757,0.12208716831481375,0.29223932530805247
realprize,App,240,27,0.33966687025930387,0.12208716831481375,0.29819790389899026
realprize,App,240,28,0.34431415968286677,0.12208716831481375,0.30227781891649097
realprize,App,240,29,0.34964849268534315,0.12208716831481375,0.30696089830784673
realprize,App,240,30,0.35410767125570486,0.12208716831481375,0.3108756683935429
realprize,App,240,31,0.3594526720914713,0.12208716831481375,0.3155681132126303
realprize,App,240,32,0.366388856532559,0.12208716831481375,0.3216574785363963
realprize,App,240,33,0.3794843216083066,0.12208716831481375,0.33315415536328036
realprize,App,240,34,0.3867645478551686,0.12208716831481375,0.3395455594029718
realprize,App,240,35,0.39393750260882915,0.12208716831481375,0.34584278842230765
realprize,App,240,36,0.4018899342144432,0.12208716831481375,0.35282433017197506
realprize,App,240,37,0.40743992101037607,0.12208716831481375,0.3576967347958079
realprize,App,240,38,0.41371541753458624,0.12208716831481375,0.3632060737196078
realprize,App,240,39,0.42092701252602416,0.12208716831481375,0.36953722549950774
realprize,App,240,40,0.42656486158646795,0.12208716831481375,0.3744867655327756
realprize,App,240,41,0.4315400678837586,0.12208716831481375,0.37885456298144804
realprize,App,240,42,0.4344495753121257,0.12208716831481375,0.38140885688669485
realprize,App,240,43,0.44050493164051174,0.12208716831481375,0.3867249319078111
realprize,App,240,44,0.4477561303694585,0.12208716831481375,0.39309085231705276
realprize,App,240,45,0.451373008112087,0.12208716831481375,0.3962661556979429
realprize,App,240,46,0.45582306807030204,0.12208716831481375,0.4001729204370283
realprize,App,240,47,0.45986699896838373,0.12208716831481375,0.40372313926290243
realprize,App,240,48,0.46320318083554657,0.12208716831481375,0.4066520161329201
realprize,App,240,49,0.46724500651456224,0.12208716831481375,0.4102003867599627
realprize,App,240,50,0.4725029971982969,0.12208716831481375,0.4148164442500945
realprize,App,240,51,0.4761678717078851,0.12208716831481375,0.41803388460857793
realprize,App,240,52,0.47884638982206684,0.12208716831481375,0.4203853900309193
realprize,App,240,53,0.4830303344961249,0.12208716831481375,0.42405852874733574
realprize,App,240,54,0.4868918353526042,0.12208716831481375,0.42744858989880224
realprize,App,240,55,0.49095799357685627,0.12208716831481375,0.4310183223795354
realprize,App,240,56,0.4959988960754763,0.12208716831481375,0.43544379536634786
realprize,App,240,57,0.4999277750807927,0.12208716831481375,0.4388930086592537
realprize,App,240,58,0.5034969902182181,0.12208716831481375,0.4420264684274444
realprize,App,240,59,0.5068645220275039,0.12208716831481375,0.44498286781392443
realprize,App,240,60,0.5119695390284723,0.12208716831481375,0.44946462774504564
realprize,App,240,61,0.5144647566701597,0.12208716831481375,0.4516552113305302
realprize,App,240,62,0.5174654109886715,0.12208716831481375,0.4542895242602033
realprize,App,240,63,0.5202765465153284,0.12208716831481375,0.4567574562106615
realprize,App,240,64,0.5240362009051328,0.12208716831481375,0.4600581050421723
realprize,App,240,65,0.527888651765382,0.12208716831481375,0.4634402210858217
realprize,App,240,66,0.5307792957550638,0.12208716831481375,0.465977954536197
realprize,App,240,67,0.5352911831137338,0.12208716831481375,0.4699389983434916
realprize,App,240,68,0.5369903912212997,0.12208716831481375,0.47143075494482717
realprize,App,240,69,0.5410993332292787,0.12208716831481375,0.4750380478582823
realprize,App,240,70,0.5439763165883981,0.12208716831481375,0.47756378846579794
realprize,App,240,71,0.5474274789401437,0.12208716831481375,0.4805936081786242
realprize,App,240,72,0.5532117279426929,0.12208716831481375,0.48567167459962446
realprize,App,240,73,0.5555405959672051,0.12208716831481375,0.487716217721645
realprize,App,240,74,0.5646396937912019,0.12208716831481375,0.4957044324580906
realprize,App,240,75,0.5684441561138885,0.12208716831481375,0.49904441874884
realprize,App,240,76,0.5716094033976185,0.12208716831481375,0.5018232299546832
realprize,App,240,77,0.5750605990192873,0.12208716831481375,0.5048530788756019
realprize,App,240,78,0.5797483645012041,0.12208716831481375,0.5089685283441077
realprize,App,240,79,0.5897470344769911,0.12208716831481375,0.5177464890156365
realprize,App,240,80,0.5936161934927894,0.12208716831481375,0.5211432733634361
realprize,App,240,81,0.5955278034455489,0.12208716831481375,0.5228215002701408
realprize,App,240,82,0.6034744178137876,0.12208716831481375,0.5297979349924715
realprize,App,240,83,0.6123353761798216,0.12208716831481375,0.5375770840430409
realprize,App,240,84,0.6169337586854378,0.12208716831481375,0.541614063049718
realprize,App,240,85,0.6301090875286928,0.12208716831481375,0.5531808533028836
realprize,App,240,86,0.6316928024240461,0.12208716831481375,0.5545712169312452
realprize,App,240,87,0.6331527199342979,0.12208716831481375,0.5558528972466972
realprize,App,240,88,0.6360284323823421,0.12208716831481375,0.558377522105072
realprize,App,240,89,0.6378303114736282,0.12208716831481375,0.5599594148804573
realprize,App,240,90,0.640212996926289,0.12208716831481375,0.5620512050132178
realprize,App,240,91,0.644296489418497,0.12208716831481375,0.5656361554702174
realprize,App,240,92,0.6552366032789435,0.12208716831481375,0.5752406218084003
realprize,App,240,93,0.6622715847386793,0.12208716831481375,0.5814167223025698
realprize,App,240,94,0.6640369071403934,0.12208716831481375,0.582966521491096
realprize,App,240,95,0.6655742995752452,0.12208716831481375,0.584316218036988
realprize,App,240,96,0.6690531418077963,0.12208716831481375,0.587370338272353
realprize,App,240,97,0.6756606427767649,0.12208716831481375,0.5931711481583828
realprize,App,240,98,0.6772237717348865,0.12208716831481375,0.5945434391282964
realprize,App,240,99,0.6795749547840246,0.12208716831481375,0.5966075728967755
realprize,App,240,100,0.6810160521374289,0.12208716831481375,0.5978727307550367
realprize,App,240,101,0.682470155614691,0.12208716831481375,0.5991493068563232
realprize,App,240,102,0.6846995626085983,0.12208716831481375,0.6011065318633231
realprize,App,240,103,0.6865967283703083,0.12208716831481375,0.6027720780293621
realprize,App,240,104,0.6890070240506304,0.12208716831481375,0.6048881075352722
realprize,App,240,105,0.6900233779827661,0.12208716831481375,0.6057803776938279
realprize,App,240,106,0.6915782486574867,0.12208716831481375,0.6071454186107761
realprize,App,240,107,0.6929644297712723,0.12208716831481375,0.6083623647976081
realprize,App,240,108,0.6941051421534482,0.12208716831481375,0.6093638108351825
realprize,App,240,109,0.6972679436462389,0.12208716831481375,0.6121404748497765
realprize,App,240,110,0.699268001701136,0.12208716831481375,0.613896351480286
realprize,App,240,111,0.7015693929503555,0.12208716831481375,0.6159167723887038
realprize,App,240,112,0.7029892796963928,0.12208716831481375,0.6171633091825897
realprize,App,240,113,0.7047283141259456,0.12208716831481375,0.6186900298230363
realprize,App,240,114,0.7058334715045868,0.12208716831481375,0.619660261666777
realprize,App,240,115,0.7068041829534633,0.12208716831481375,0.6205124617036094
realprize,App,240,116,0.7075670654200747,0.12208716831481375,0.6211822060101153
realprize,App,240,117,0.709067483879244,0.12208716831481375,0.6224994426283172
realprize,App,240,118,0.7112134472408722,0.12208716831481375,0.624383411399817
realprize,App,240,119,0.7128472087320229,0.12208716831481375,0.6258177115768113
realprize,App,240,120,0.7162541944840051,0.12208716831481375,0.6288087480858451
realprize,App,240,121,0.7175509822501851,0.12208716831481375,0.6299472147057469
realprize,App,240,122,0.7187719271723471,0.12208716831481375,0.6310190979196937
realprize,App,240,123,0.7203909791633599,0.12208716831481375,0.6324404844377693
realprize,App,240,124,0.7229373660056554,0.12208716831481375,0.6346759901210549
realprize,App,240,125,0.7239464938625196,0.12208716831481375,0.6355619164154069
realprize,App,240,126,0.7261433847186655,0.12208716831481375,0.6374905950878292
realprize,App,240,127,0.7285412129651333,0.12208716831481375,0.6395956792735805
realprize,App,240,128,0.7305424868308956,0.12208716831481375,0.6413526232800495
realprize,App,240,129,0.7323474487968946,0.12208716831481375,0.6429372225507037
realprize,App,240,130,0.7346084993331126,0.12208716831481375,0.6449222278295381
realprize,App,240,131,0.7384611420818864,0.12208716831481375,0.6483045123345856
realprize,App,240,132,0.7435832105400151,0.12208716831481375,0.6528012419587467
realprize,App,240,133,0.745824684176052,0.12208716831481375,0.6547690604257076
realprize,App,240,134,0.7495449901198304,0.12208716831481375,0.6580351647515453
realprize,App,240,135,0.7515943321703411,0.12208716831481375,0.6598343084342007
realprize,App,240,136,0.7535176241741508,0.12208716831481375,0.6615227911634227
realprize,App,240,137,0.7554199060271839,0.12208716831481375,0.6631928288116824
realprize,App,240,138,0.756977425964217,0.12208716831481375,0.6645601955500092
realprize,App,240,139,0.7589680155982665,0.12208716831481375,0.6663077597323608
realprize,App,240,140,0.760290829892308,0.12208716831481375,0.6674690753750364
realprize,App,240,141,0.7621329369362432,0.12208716831481375,0.6690862847862448
realprize,App,240,142,0.7646470756401372,0.12208716831481375,0.6712934794150297
realprize,App,240,143,0.7662176577019164,0.12208716831481375,0.6726723135602802
realprize,App,240,144,0.76732980587432,0.12208716831481375,0.6736486827115685
realprize,App,240,145,0.7698067995002776,0.12208716831481375,0.6758232671997992
realprize,App,240,146,0.772624689608811,0.12208716831481375,0.6782971290843595
realprize,App,240,147,0.7745143327975009,0.12208716831481375,0.6799560710870168
realprize,App,240,148,0.7777014152299144,0.12208716831481375,0.6827540516500711
realprize,App,240,149,0.7800405236337984,0.12208716831481375,0.6848075849325435
realprize,App,240,150,0.7814547185112697,0.12208716831481375,0.686049124761979
realprize,App,240,151,0.783499013370271,0.12208716831481375,0.6878438374504442
realprize,App,240,152,0.7846311548659125,0.12208716831481375,0.6888377589967511
realprize,App,240,153,0.7856622720535682,0.12208716831481375,0.6897429900067653
realprize,App,240,154,0.7870758156436926,0.12208716831481375,0.6909839580626818
realprize,App,240,155,0.7894094266991172,0.12208716831481375,0.6930326651524015
realprize,App,240,156,0.7916473382030628,0.12208716831481375,0.6949973563778912
realprize,App,240,157,0.7931297318243262,0.12208716831481375,0.6962987687596066
realprize,App,240,158,0.7959440316217424,0.12208716831481375,0.6987694786639673
realprize,App,240,159,0.798457051118964,0.12208716831481375,0.7009756907268533
realprize,App,240,160,0.8034582987907194,0.12208716831481375,0.705366350232323
realprize,App,240,161,0.8057547826162377,0.12208716831481375,0.707382462850503
realprize,App,240,162,0.8068788373869101,0.12208716831481375,0.7083692849571932
realprize,App,240,163,0.8080361154512968,0.12208716831481375,0.7093852742197462
realprize,App,240,164,0.8098904851424332,0.12208716831481375,0.7110132491662828
realprize,App,240,165,0.811616064775322,0.12208716831481375,0.7125281576680905
realprize,App,240,166,0.815468864714553,0.12208716831481375,0.7159105801726574
realprize,App,240,167,0.8193762002522192,0.12208716831481375,0.7193408801788741
realprize,App,240,168,0.8247201179150201,0.12208716831481375,0.724032374066516
realprize,App,240,169,0.8280855233715216,0.12208716831481375,0.7269869067006021
realprize,App,240,170,0.8308016405015818,0.12208716831481375,0.7293714207814418
realprize,App,240,171,0.8327184466143991,0.12208716831481375,0.7310542094637368
realprize,App,240,172,0.8344387546055593,0.12208716831481375,0.7325644899236269
realprize,App,240,173,0.8372038037249631,0.12208716831481375,0.7349919620257912
realprize,App,240,174,0.8409437480393824,0.12208716831481375,0.7382753071292081
realprize,App,240,175,0.8444286484679608,0.12208716831481375,0.7413347459326023
realprize,App,240,176,0.8508149436513789,0.12208716831481375,0.7469413564210543
realprize,App,240,177,0.8522603162722923,0.12208716831481375,0.7482102675915205
realprize,App,240,178,0.8534032267891974,0.12208716831481375,0.7492136433997796
realprize,App,240,179,0.8542127624012285,0.12208716831481375,0.7499243451012877
realprize,App,240,180,0.8580813241508667,0.12208716831481375,0.7533206051014616
realprize,App,240,181,0.8608385800147776,0.12208716831481375,0.7557412354046282
realprize,App,240,182,0.8628996145975908,0.12208716831481375,0.7575506441114268
realprize,App,240,183,0.8749606373245646,0.12208716831481375,0.7681391707266838
realprize,App,240,184,0.8775427875954733,0.12208716831481375,0.770406073582854
realprize,App,240,185,0.8879573950617762,0.12208716831481375,0.7795491911144856
realprize,App,240,186,0.8891633401157337,0.12208716831481375,0.7806079057516622
realprize,App,240,187,0.9022610271290998,0.12208716831481375,0.7921065332460927
realprize,App,240,188,0.904368351032642,0.12208716831481375,0.7939565799415294
realprize,App,240,189,0.9210358312848085,0.12208716831481375,0.8085891747267657
realprize,App,240,190,0.9232258883284065,0.12208716831481375,0.8105118539074629
realprize,App,240,191,0.9357049324879546,0.12208716831481375,0.8214673669022963
realprize,App,240,192,0.9364622371154484,0.12208716831481375,0.8221322143522677
realprize,App,240,193,0.94213443150709,0.12208716831481375,0.8271119065925026
realprize,App,240,194,0.9436160763738752,0.12208716831481375,0.8284126616330538
realprize,App,240,195,0.944084949047985,0.12208716831481375,0.8288242909700814
realprize,App,240,196,0.9465249581140939,0.12208716831481375,0.8309664062386465
realprize,App,240,197,0.9472383961358636,0.12208716831481375,0.8315927426325702
realprize,App,240,198,0.9476427833531451,0.12208716831481375,0.8319477593595912
realprize,App,240,199,0.9480419385369588,0.12208716831481375,0.8322981828172948
realprize,App,240,200,0.9486267149278383,0.12208716831481375,0.8328115655145145
realprize,App,240,201,0.9500230750717434,0.12208716831481375,0.8340374480025026
realprize,App,240,202,0.9505614848212021,0.12208716831481375,0.8345101248302568
realprize,App,240,203,0.9510432185036878,0.12208716831481375,0.834933045011566
realprize,App,240,204,0.9518753180135624,0.12208716831481375,0.8356635558485238
realprize,App,240,205,0.9538182839002404,0.12208716831481375,0.837369310531965
realprize,App,240,206,0.955284052251675,0.12208716831481375,0.8386561273759675
realprize,App,240,207,0.9562759220840431,0.12208716831481375,0.8395269026291649
realprize,App,240,208,0.9569843342608563,0.12208716831481375,0.8401488267693111
realprize,App,240,209,0.9576439313076801,0.12208716831481375,0.8407278954804595
realprize,App,240,210,0.9580353801958935,0.12208716831481375,0.841071553482371
realprize,App,240,211,0.9591922266106593,0.12208716831481375,0.8420871637941828
realprize,App,240,212,0.9625269391733078,0.12208716831481375,0.8450147507429137
realprize,App,240,213,0.9675366756525348,0.12208716831481375,0.8494128626813885
realprize,App,240,214,0.969690933215903,0.12208716831481375,0.8513041130390243
realprize,App,240,215,0.9702062756256892,0.12208716831481375,0.8517565387532872
realprize,App,240,216,0.970971157680964,0.12208716831481375,0.8524280385243386
realprize,App,240,217,0.9719323054251866,0.12208716831481375,0.8532718424621369
realprize,App,240,218,0.9731510857139567,0.12208716831481375,0.8543418253166531
realprize,App,240,219,0.9762746096941703,0.12208716831481375,0.8570840070989592
realprize,App,240,220,0.9766146403224427,0.12208716831481375,0.8573825243506854
realprize,App,240,221,0.9778773387640649,0.12208716831481375,0.8584910635151344
realprize,App,240,222,0.9782327046628458,0.12208716831481375,0.8588030437976175
realprize,App,240,223,0.9799798172375974,0.12208716831481375,0.8603368563453905
realprize,App,240,224,0.9816442224458573,0.12208716831481375,0.8617980590348454
realprize,App,240,225,0.9821877869080918,0.12208716831481375,0.8622752612510892
realprize,App,240,226,0.9824889252284689,0.12208716831481375,0.8625396344466604
realprize,App,240,227,0.9828958640285742,0.12208716831481375,0.8628968912409835
realprize,App,240,228,0.9837407987732611,0.12208716831481375,0.8636386702952807
realprize,App,240,229,0.9841012936112546,0.12208716831481375,0.8639551533393115
realprize,App,240,230,0.9858277615613384,0.12208716831481375,0.8654708417061833
realprize,App,240,231,0.9883839320798558,0.12208716831481375,0.867714936604365
realprize,App,240,232,0.9918811469627691,0.12208716831481375,0.8707851864252351
realprize,App,240,233,0.9950612439156996,0.12208716831481375,0.8735770343462157
realprize,App,240,234,0.9952414011272226,0.12208716831481375,0.8737351966739324
realprize,App,240,235,0.9959420039141799,0.12208716831481375,0.8743502648505166
realprize,App,240,236,0.9967280202918362,0.12208716831481375,0.8750403187143757
realprize,App,240,237,0.997874531507486,0.12208716831481375,0.8760468556222657
realprize,App,240,238,0.9980907717084414,0.12208716831481375,0.8762366956694106
realprize,App,240,239,0.9987373788790699,0.12208716831481375,0.8768043604015651
realprize,App,240,240,1.0,0.12208716831481375,0.8779128316851863
realprize,App,270,1,0.07268840439352643,0.12208716831481375,0.06381408293179873
realprize,App,270,2,0.11038040152094568,0.12208716831481375,0.09690437086180126
realprize,App,270,3,0.13069809317810366,0.12208716831481375,0.11474153307784331
realprize,App,270,4,0.14290272011170896,0.12208716831481375,0.12545613166878603
realprize,App,270,5,0.1621018801871296,0.12208716831481375,0.14231132065657573
realprize,App,270,6,0.170843724316288,0.12208716831481375,0.14998589779015573
realprize,App,270,7,0.18166221357461296,0.12208716831481375,0.15948358832948756
realprize,App,270,8,0.19180370253967638,0.12208716831481375,0.16838693162431045
realprize,App,270,9,0.2009507218076685,0.12208716831481375,0.17641721721135237
realprize,App,270,10,0.2103351420766973,0.12208716831481375,0.1846559201834593
realprize,App,270,11,0.21695146788354802,0.12208716831481375,0.1904644775079034
realprize,App,270,12,0.22524174380258105,0.12208716831481375,0.1977426171154332
realprize,App,270,13,0.23099875794978433,0.12208716831481375,0.2027967737074561
realprize,App,270,14,0.23726252124421887,0.12208716831481375,0.20829581187827886
realprize,App,270,15,0.244352733716501,0.12208716831481375,0.2145204003870697
realprize,App,270,16,0.25258155029548723,0.12208716831481375,0.2217445840513455
realprize,App,270,17,0.26000924571366474,0.12208716831481375,0.2282654531688128
realprize,App,270,18,0.26724398977469344,0.12208716831481375,0.23461692781394808
realprize,App,270,19,0.275142121344477,0.12208716831481375,0.24155079886539896
realprize,App,270,20,0.28144314010623145,0.12208716831481375,0.24708254408903227
realprize,App,270,21,0.2874795303976655,0.12208716831481375,0.2523819685829421
realprize,App,270,22,0.2945896101209613,0.12208716831481375,0.25862399880632814
realprize,App,270,23,0.3004727539753037,0.12208716831481375,0.2637888862867052
realprize,App,270,24,0.30639966731237367,0.12208716831481375,0.268992199557605
realprize,App,270,25,0.3110879717351509,0.12208716831481375,0.27310812216920755
realprize,App,270,26,0.3165277114420209,0.12208716831481375,0.2778837394588961
realprize,App,270,27,0.32298151516213575,0.12208716831481375,0.2835496165579625
realprize,App,270,28,0.3274005171633419,0.12208716831481375,0.2874291151180639
realprize,App,270,29,0.3324728133051586,0.12208716831481375,0.29188214898707204
realprize,App,270,30,0.33671294496690846,0.12208716831481375,0.2956046149809569
realprize,App,270,31,0.3417953849091991,0.12208716831481375,0.3000665542225632
realprize,App,270,32,0.3483908452156938,0.12208716831481375,0.3058567934565052
realprize,App,270,33,0.3608430256379083,0.12208716831481375,0.31678872243162637
realprize,App,270,34,0.3677656274864183,0.12208716831481375,0.32286616342308083
realprize,App,270,35,0.3745862273075257,0.12208716831481375,0.32885405552582075
realprize,App,270,36,0.38214801396998027,0.12208716831481375,0.3354926450672555
realprize,App,270,37,0.3874253704078095,0.12208716831481375,0.34012570400140224
realprize,App,270,38,0.3933925975743471,0.12208716831481375,0.345364409300486
realprize,App,270,39,0.4002499395202724,0.12208716831481375,0.35138455778606686
realprize,App,270,40,0.4056108421906077,0.12208716831481375,0.35609096302976967
realprize,App,270,41,0.41034165290204516,0.12208716831481375,0.3602442024576143
realprize,App,270,42,0.41310823745847275,0.12208716831481375,0.3626730225396442
realprize,App,270,43,0.4188661383108453,0.12208716831481375,0.3677279575815131
realprize,App,270,44,0.42576113855160785,0.12208716831481375,0.373781166767351
realprize,App,270,45,0.42920034547979186,0.12208716831481375,0.3768004906604243
realprize,App,270,46,0.43343180646027957,0.12208716831481375,0.38051534455196967
realprize,App,270,47,0.4372770885382058,0.12208716831481375,0.38389116702963016
realprize,App,270,48,0.4404493881313045,0.12208716831481375,0.38667616954836126
realprize,App,270,49,0.4442926684042176,0.12208716831481375,0.3900502346157142
realprize,App,270,50,0.4492923723684122,0.12208716831481375,0.3944395388805079
realprize,App,270,51,0.45277721833258366,0.12208716831481375,0.3974989298689004
realprize,App,270,52,0.45532416039451395,0.12208716831481375,0.3997349229866277
realprize,App,270,53,0.4593025783931554,0.12208716831481375,0.4032276271974423
realprize,App,270,54,0.46297439188639794,0.12208716831481375,0.40645115937871473
realprize,App,270,55,0.4668408094241323,0.12208716831481375,0.4098455369477444
realprize,App,270,56,0.4716340891618529,0.12208716831481375,0.4140536187353459
realprize,App,270,57,0.4753699710070769,0.12208716831481375,0.4173333973449278
realprize,App,270,58,0.478763856646101,0.12208716831481375,0.42031293309669915
realprize,App,270,59,0.4819659661873979,0.12208716831481375,0.42312410615146523
realprize,App,270,60,0.4868202109497514,0.12208716831481375,0.427385709916476
realprize,App,270,61,0.489192856754025,0.12208716831481375,0.4294686861130918
realprize,App,270,62,0.49204611081890015,0.12208716831481375,0.4319735944687036
realprize,App,270,63,0.49471915576741876,0.12208716831481375,0.43432029492867935
realprize,App,270,64,0.4982941257678135,0.12208716831481375,0.4374588069649155
realprize,App,270,65,0.5019573338251112,0.12208716831481375,0.44067478432354973
realprize,App,270,66,0.5047059815659668,0.12208716831481375,0.4430878574450294
realprize,App,270,67,0.5089962328178232,0.12208716831481375,0.44685432407018755
realprize,App,270,68,0.5106119712286327,0.12208716831481375,0.44827280155368376
realprize,App,270,69,0.5145190708949537,0.12208716831481375,0.45170289448541995
realprize,App,270,70,0.5172547290523573,0.12208716831481375,0.4541045638849088
realprize,App,270,71,0.5205363609777387,0.12208716831481375,0.4569855506610689
realprize,App,270,72,0.5260364720291705,0.12208716831481375,0.46181416872881437
realprize,App,270,73,0.5282509397592596,0.12208716831481375,0.4637582783644124
realprize,App,270,74,0.536903065294963,0.12208716831481375,0.47135409039355747
realprize,App,270,75,0.54052064214142,0.12208716831481375,0.4745300075266693
realprize,App,270,76,0.5435304039200165,0.12208716831481375,0.4771723160124148
realprize,App,270,77,0.5468120674810125,0.12208716831481375,0.48005333056188687
realprize,App,270,78,0.5512695572471427,0.12208716831481375,0.48396661802467794
realprize,App,270,79,0.5607770655181743,0.12208716831481375,0.49231338153316967
realprize,App,270,80,0.5644561609812432,0.12208716831481375,0.49554330664919255
realprize,App,270,81,0.5662738674842941,0.12208716831481375,0.4971390945124586
realprize,App,270,82,0.5738301226678024,0.12208716831481375,0.5037728278975482
realprize,App,270,83,0.5822558067996267,0.12208716831481375,0.511169844112603
realprize,App,270,84,0.586628304322936,0.12208716831481375,0.515008515794828
realprize,App,270,85,0.5991564253884532,0.12208716831481375,0.526007114035151
realprize,App,270,86,0.6006623439259177,0.12208716831481375,0.5273291792426636
realprize,App,270,87,0.6020505463405744,0.12208716831481375,0.5285478999554671
realprize,App,270,88,0.6047849960174914,0.12208716831481375,0.53094850841443
realprize,App,270,89,0.6064983619356873,0.12208716831481375,0.5324526943393862
realprize,App,270,90,0.6087640034363366,0.12208716831481375,0.5344417300848048
realprize,App,270,91,0.6126469037359146,0.12208716831481375,0.5378505780819585
realprize,App,270,92,0.6230496096224081,0.12208716831481375,0.5469832470639582
realprize,App,270,93,0.6297390137708563,0.12208716831481375,0.552855960802209
realprize,App,270,94,0.6314176187629181,0.12208716831481375,0.5543296296640708
realprize,App,270,95,0.632879490324393,0.12208716831481375,0.5556130254661653
realprize,App,270,96,0.6361874424199906,0.12208716831481375,0.5585171190574904
realprize,App,270,97,0.6424703650752486,0.12208716831481375,0.5640329774770269
realprize,App,270,98,0.6439567089123809,0.12208716831481375,0.5653378578039415
realprize,App,270,99,0.6461923954927484,0.12208716831481375,0.5673005957404725
realprize,App,270,100,0.6475627022475501,0.12208716831481375,0.5685036056238578
realprize,App,270,101,0.6489453762302383,0.12208716831481375,0.5697174728552971
realprize,App,270,102,0.6510652687244799,0.12208716831481375,0.5715785536777849
realprize,App,270,103,0.6528692405742014,0.12208716831481375,0.5731622837126542
realprize,App,270,104,0.6551611360134737,0.12208716831481375,0.5751743681276722
realprize,App,270,105,0.6561275638923292,0.12208716831481375,0.5760228075634177
realprize,App,270,106,0.6576060551152708,0.12208716831481375,0.5773207939795721
realprize,App,270,107,0.6589241432646327,0.12208716831481375,0.5784779604791891
realprize,App,270,108,0.6600088207702077,0.12208716831481375,0.5794302127795736
realprize,App,270,109,0.6630162569017292,0.12208716831481375,0.58207047954991
realprize,App,270,110,0.6649180666969846,0.12208716831481375,0.5837401027725894
realprize,App,270,111,0.6671064073852782,0.12208716831481375,0.585661275142941
realprize,App,270,112,0.6684565454550984,0.12208716831481375,0.5868465786789828
realprize,App,270,113,0.6701101538112719,0.12208716831481375,0.5882983026734495
realprize,App,270,114,0.6711610228712236,0.12208716831481375,0.589220874105602
realprize,App,270,115,0.672084050349011,0.12208716831481375,0.5900312117723495
realprize,App,270,116,0.6728094579660938,0.12208716831481375,0.5906680564275888
realprize,App,270,117,0.6742361718135461,0.12208716831481375,0.59192058682141
realprize,App,270,118,0.6762767196523507,0.12208716831481375,0.5937120099527641
realprize,App,270,119,0.6778302263615053,0.12208716831481375,0.5950758534268399
realprize,App,270,120,0.6810698517611534,0.12208716831481375,0.5979199621350443
realprize,App,270,121,0.6823029378058559,0.12208716831481375,0.5990025041962606
realprize,App,270,122,0.6834639066121112,0.12208716831481375,0.6000217336084582
realprize,App,270,123,0.685003426391548,0.12208716831481375,0.601373297777459
realprize,App,270,124,0.6874247278269386,0.12208716831481375,0.6034989893769662
realprize,App,270,125,0.6883842845948788,0.12208716831481375,0.6043413965762712
realprize,App,270,126,0.6904732582319666,0.12208716831481375,0.6061753333373227
realprize,App,270,127,0.6927532986714464,0.12208716831481375,0.6081770100959031
realprize,App,270,128,0.6946562645536499,0.12208716831481375,0.6098476482621488
realprize,App,270,129,0.6963725619074169,0.12208716831481375,0.6113544077320081
realprize,App,270,130,0.6985225435276096,0.12208716831481375,0.6132419041842625
realprize,App,270,131,0.7021859340473486,0.12208716831481375,0.6164580417290153
realprize,App,270,132,0.707056392653181,0.12208716831481375,0.6207338798352671
realprize,App,270,133,0.7091877590434637,0.12208716831481375,0.6226050337383188
realprize,App,270,134,0.7127253134998962,0.12208716831481375,0.625710698188406
realprize,App,270,135,0.7146739863276409,0.12208716831481375,0.6274214630686393
realprize,App,270,136,0.7165028010278072,0.12208716831481375,0.6290270029606898
realprize,App,270,137,0.7183116376526126,0.12208716831481375,0.6306150038440287
realprize,App,270,138,0.7197926479989386,0.12208716831481375,0.6319152018309268
realprize,App,270,139,0.7216854544877802,0.12208716831481375,0.6335769209353778
realprize,App,270,140,0.7229432885669221,0.12208716831481375,0.6346811896135874
realprize,App,270,141,0.7246949063319601,0.12208716831481375,0.636218957325722
realprize,App,270,142,0.7270855437447039,0.12208716831481375,0.6383177285862764
realprize,App,270,143,0.7285789745688894,0.12208716831481375,0.639628830670063
realprize,App,270,144,0.7296364910159115,0.12208716831481375,0.6405572379286218
realprize,App,270,145,0.7319918080173843,0.12208716831481375,0.6426250009469011
realprize,App,270,146,0.7346712757444537,0.12208716831481375,0.6449773400465817
realprize,App,270,147,0.7364680945502824,0.12208716831481375,0.6465547903324319
realprize,App,270,148,0.7394986188760186,0.12208716831481375,0.6492153265247299
realprize,App,270,149,0.7417228239503557,0.12208716831481375,0.6511679846997898
realprize,App,270,150,0.7430675497515842,0.12208716831481375,0.6523485367357863
realprize,App,270,151,0.7450114233195136,0.12208716831481375,0.6540550882842453
realprize,App,270,152,0.746087950963676,0.12208716831481375,0.6550001857167191
realprize,App,270,153,0.7470684168870217,0.12208716831481375,0.6558609493318545
realprize,App,270,154,0.7484125233938987,0.12208716831481375,0.6570409576813934
realprize,App,270,155,0.7506315011643971,0.12208716831481375,0.6589890267393381
realprize,App,270,156,0.7527594804041485,0.12208716831481375,0.6608572070194756
realprize,App,270,157,0.7541690548424705,0.12208716831481375,0.6620946905060939
realprize,App,270,158,0.7568451086242128,0.12208716831481375,0.6644440324593651
realprize,App,270,159,0.7592346818087421,0.12208716831481375,0.6665418694203141
realprize,App,270,160,0.7639902546719168,0.12208716831481375,0.6707168478589092
realprize,App,270,161,0.7661739290024308,0.12208716831481375,0.6726339235738888
realprize,App,270,162,0.7672427671634203,0.12208716831481375,0.6735722703104164
realprize,App,270,163,0.7683431966001039,0.12208716831481375,0.674538351433245
realprize,App,270,164,0.7701064746379553,0.12208716831481375,0.6760863558485035
realprize,App,270,165,0.7717472891334576,0.12208716831481375,0.6775268479485199
realprize,App,270,166,0.7754108291220336,0.12208716831481375,0.6807431167138827
realprize,App,270,167,0.7791262257729901,0.12208716831481375,0.6840049111085574
realprize,App,270,168,0.7842076357507,0.12208716831481375,0.6884659461310422
realprize,App,270,169,0.787407723391411,0.12208716831481375,0.6912753441333395
realprize,App,270,170,0.7899904175038952,0.12208716831481375,0.6935427244350072
realprize,App,270,171,0.7918130649175719,0.12208716831481375,0.6951428499871117
realprize,App,270,172,0.7934488667286413,0.12208716831481375,0.6965789413871435
realprize,App,270,173,0.7960780891588448,0.12208716831481375,0.6988871694959736
realprize,App,270,174,0.7996343172960517,0.12208716831481375,0.7020092278100275
realprize,App,270,175,0.8029480299927071,0.12208716831481375,0.7049183787069394
realprize,App,270,176,0.8090206130887223,0.12208716831481375,0.7102495773284057
realprize,App,270,177,0.810394985098333,0.12208716831481375,0.7114561561511519
realprize,App,270,178,0.811481752760316,0.12208716831481375,0.7124102434266673
realprize,App,270,179,0.8122515217941693,0.12208716831481375,0.713086033538921
realprize,App,270,180,0.8159300493304067,0.12208716831481375,0.716315460064691
realprize,App,270,181,0.8185518613308994,0.12208716831481375,0.7186171824621899
realprize,App,270,182,0.8205116523221444,0.12208716831481375,0.7203377081208249
realprize,App,270,183,0.8319802050008002,0.12208716831481375,0.7304060976782742
realprize,App,270,184,0.8344355130684893,0.12208716831481375,0.7325616441366387
realprize,App,270,185,0.8443385268558437,0.12208716831481375,0.7412556270129125
realprize,App,270,186,0.845485232627979,0.12208716831481375,0.7422623347244376
realprize,App,270,187,0.8579395258402284,0.12208716831481375,0.753196118545041
realprize,App,270,188,0.8599433322956057,0.12208716831481375,0.7549552859444303
realprize,App,270,189,0.8757920608503513,0.12208716831481375,0.7688690881085369
realprize,App,270,190,0.8778745363702418,0.12208716831481375,0.7706973200891191
realprize,App,270,191,0.8897405761384098,0.12208716831481375,0.7811146686628805
realprize,App,270,192,0.8904606799149145,0.12208716831481375,0.781746857008419
realprize,App,270,193,0.8958542407809124,0.12208716831481375,0.7864819333011535
realprize,App,270,194,0.8972631032456007,0.12208716831481375,0.7877187917369829
realprize,App,270,195,0.8977089436261667,0.12208716831481375,0.7881102007279653
realprize,App,270,196,0.9000290928493735,0.12208716831481375,0.790147089502443
realprize,App,270,197,0.9007074848664387,0.12208716831481375,0.7907426585591373
realprize,App,270,198,0.9010920074901791,0.12208716831481375,0.7910802359045923
realprize,App,270,199,0.9014715550920825,0.12208716831481375,0.7914134456145386
realprize,App,270,200,0.902027605685457,0.12208716831481375,0.7919016095655282
realprize,App,270,201,0.9033553728434557,0.12208716831481375,0.7930672733910255
realprize,App,270,202,0.9038673344502072,0.12208716831481375,0.7935167310549227
realprize,App,270,203,0.9043254040716427,0.12208716831481375,0.7939188762533862
realprize,App,270,204,0.9051166286036667,0.12208716831481375,0.7946135024227942
realprize,App,270,205,0.9069641507523782,0.12208716831481375,0.7962354658239705
realprize,App,270,206,0.9083579165990787,0.12208716831481375,0.7974590707451535
realprize,App,270,207,0.9093010631033501,0.12208716831481375,0.7982870711634124
realprize,App,270,208,0.9099746761585525,0.12208716831481375,0.7988784447081653
realprize,App,270,209,0.9106018720149427,0.12208716831481375,0.7994290679984699
realprize,App,270,210,0.910974091875323,0.12208716831481375,0.7997558445901058
realprize,App,270,211,0.912074110866182,0.12208716831481375,0.8007215653772783
realprize,App,270,212,0.915245013330977,0.12208716831481375,0.8035053413391441
realprize,App,270,213,0.9200086580084473,0.12208716831481375,0.8076874061270841
realprize,App,270,214,0.9220570926153757,0.12208716831481375,0.8094857531533746
realprize,App,270,215,0.9225471200125515,0.12208716831481375,0.8099159544932325
realprize,App,270,216,0.9232744289930959,0.12208716831481375,0.8105544683798522
realprize,App,270,217,0.9241883625612614,0.12208716831481375,0.8113568223866525
realprize,App,270,218,0.9253472730667699,0.12208716831481375,0.8123742447902133
realprize,App,270,219,0.9283173611033351,0.12208716831481375,0.8149817231887485
realprize,App,270,220,0.9286406885077331,0.12208716831481375,0.815265576465905
realprize,App,270,221,0.9298413597876747,0.12208716831481375,0.8163196611892016
realprize,App,270,222,0.9301792691526286,0.12208716831481375,0.8166163161566412
realprize,App,270,223,0.931840558833666,0.12208716831481375,0.8180747836847702
realprize,App,270,224,0.9334232039576875,0.12208716831481375,0.8194642081471526
realprize,App,270,225,0.9339400670637856,0.12208716831481375,0.8199179689002208
realprize,App,270,226,0.9342264126556135,0.12208716831481375,0.820169355369583
realprize,App,270,227,0.9346133615215301,0.12208716831481375,0.8205090627441772
realprize,App,270,228,0.9354167907869272,0.12208716831481375,0.8212144036056207
realprize,App,270,229,0.9357595771437314,0.12208716831481375,0.8215153401467857
realprize,App,270,230,0.9374012363198859,0.12208716831481375,0.8229565738027855
realprize,App,270,231,0.9398318408308682,0.12208716831481375,0.8250904326917289
realprize,App,270,232,0.9431572630625644,0.12208716831481375,0.8280098635397061
realprize,App,270,233,0.946181145054458,0.12208716831481375,0.8306645683418913
realprize,App,270,234,0.9463524524566215,0.12208716831481375,0.8308149613084131
realprize,App,270,235,0.9470186397403135,0.12208716831481375,0.831399815673072
realprize,App,270,236,0.9477660448681786,0.12208716831481375,0.832055972225292
realprize,App,270,237,0.9488562363528479,0.12208716831481375,0.8330130653186771
realprize,App,270,238,0.9490618542504375,0.12208716831481375,0.8331935799093951
realprize,App,270,239,0.9496766983284745,0.12208716831481375,0.8337333594149895
realprize,App,270,240,0.9508772960859255,0.12208716831481375,0.8347873795919482
realprize,App,270,241,0.9515192209478522,0.12208716831481375,0.8353509336652114
realprize,App,270,242,0.952626273590274,0.12208716831481375,0.8363228293853444
realprize,App,270,243,0.9536109603015078,0.12208716831481375,0.8371872984843265
realprize,App,270,244,0.9579384450596218,0.12208716831481375,0.8409864528823968
realprize,App,270,245,0.9586218120985237,0.12208716831481375,0.8415863895745995
realprize,App,270,246,0.9608637333921586,0.12208716831481375,0.8435546010459098
realprize,App,270,247,0.9634365058916888,0.12208716831481375,0.8458132710362543
realprize,App,270,248,0.964274392697492,0.12208716831481375,0.8465488626145685
realprize,App,270,249,0.9660286638211342,0.12208716831481375,0.8480889597442688
realprize,App,270,250,0.9671286828119935,0.12208716831481375,0.8490546805314416
realprize,App,270,251,0.9674837964396542,0.12208716831481375,0.8493664393418712
realprize,App,270,252,0.9679614720584764,0.12208716831481375,0.8497857968970184
realprize,App,270,253,0.9695199282832226,0.12208716831481375,0.8511539856143427
realprize,App,270,254,0.9721835500731419,0.12208716831481375,0.8534924133624692
realprize,App,270,255,0.9726268906890414,0.12208716831481375,0.8538816277779745
realprize,App,270,256,0.9732026453097891,0.12208716831481375,0.8543870901474309
realprize,App,270,257,0.9755109574120737,0.12208716831481375,0.8564135869615608
realprize,App,270,258,0.9778069422435014,0.12208716831481375,0.8584292615064257
realprize,App,270,259,0.9787721700023292,0.12208716831481375,0.8592766473413994
realprize,App,270,260,0.9793846368531824,0.12208716831481375,0.8598143398487452
realprize,App,270,261,0.9803205536459181,0.12208716831481375,0.8606359932104776
realprize,App,270,262,0.9805139913176313,0.12208716831481375,0.8608058146246058
realprize,App,270,263,0.9831235740772541,0.12208716831481375,0.8630968008146233
realprize,App,270,264,0.9846575228052673,0.12208716831481375,0.8644434740860931
realprize,App,270,265,0.9865737884823148,0.12208716831481375,0.866125788312891
realprize,App,270,266,0.9889753761171652,0.12208716831481375,0.8682341729139427
realprize,App,270,267,0.9911169392116788,0.12208716831481375,0.8701142786344795
realprize,App,270,268,0.9955767644521508,0.12208716831481375,0.8740296164401634
realprize,App,270,269,0.99782150410791,0.12208716831481375,0.876000302187747
realprize,App,270,270,1.0,0.12208716831481375,0.8779128316851863
realprize,App,365,1,0.06456817858580603,0.12208716831481375,0.05668523249901978
realprize,App,365,2,0.0980494968522397,0.12208716831481375,0.08607891142685752
realprize,App,365,3,0.11609744211003316,0.12208716831481375,0.1019234341542262
realprize,App,365,4,0.12693865589092537,0.12208716831481375,0.11144107484351375
realprize,App,365,5,0.14399302387148927,0.12208716831481375,0.12641332332993177
realprize,App,365,6,0.15175829204060387,0.12208716831481375,0.133230551897074
realprize,App,365,7,0.16136821747903266,0.12208716831481375,0.14166722875100854
realprize,App,365,8,0.1703767722283857,0.12208716831481375,0.1495759545604041
realprize,App,365,9,0.17850195228359847,0.12208716831481375,0.15670915439062794
realprize,App,365,10,0.18683801260725685,0.12208716831481375,0.1640274887144694
realprize,App,365,11,0.19271521007558734,0.12208716831481375,0.16918715578626442
realprize,App,365,12,0.2000793559876058,0.12208716831481375,0.17565223397682744
realprize,App,365,13,0.2051932379152539,0.12208716831481375,0.1801417765408327
realprize,App,365,14,0.21075725861963857,0.12208716831481375,0.18502650171297402
realprize,App,365,15,0.21705540354304528,0.12208716831481375,0.1905557239570457
realprize,App,365,16,0.22436495591050848,0.12208716831481375,0.19697287377431646
realprize,App,365,17,0.23096288261206877,0.12208716831481375,0.20276527828813456
realprize,App,365,18,0.23738941309451117,0.12208716831481375,0.20840721186188674
realprize,App,365,19,0.2444052222039129,0.12208716831481375,0.21456648070368434
realprize,App,365,20,0.2500023364627273,0.12208716831481375,0.2194802591319056
realprize,App,365,21,0.25536438464087735,0.12208716831481375,0.22418767003161774
realprize,App,365,22,0.2616801773888877,0.12208716831481375,0.22973238552736028
realprize,App,365,23,0.2669060987198421,0.12208716831481375,0.23432028892118248
realprize,App,365,24,0.27217089992167737,0.12208716831481375,0.23894232545254523
realprize,App,365,25,0.27633546068979714,0.12208716831481375,0.2425984467892103
realprize,App,365,26,0.2811675117959398,0.12208716831481375,0.24684056645865152
realprize,App,365,27,0.2869003429763038,0.12208716831481375,0.251873492513778
realprize,App,365,28,0.29082568585272994,0.12208716831481375,0.2553196013937566
realprize,App,365,29,0.2953313415464747,0.12208716831481375,0.2592751743424505
realprize,App,365,30,0.29909779619144117,0.12208716831481375,0.26258179320522684
realprize,App,365,31,0.303612462493219,0.12208716831481375,0.2665452766823343
realprize,App,365,32,0.3094711254048412,0.12208716831481375,0.2716886720289655
realprize,App,365,33,0.3205322377788504,0.12208716831481375,0.28139936451482
realprize,App,365,34,0.3266814963320183,0.12208716831481375,0.286797877503996
realprize,App,365,35,0.3327401477907482,0.12208716831481375,0.29211684536232313
realprize,App,365,36,0.3394571860270781,0.12208716831481375,0.2980138194209172
realprize,App,365,37,0.34414499415523475,0.12208716831481375,0.302129306329104
realprize,App,365,38,0.3494456056154223,0.12208716831481375,0.3067827811457802
realprize,App,365,39,0.3555368946330125,0.12208716831481375,0.31213040193582575
realprize,App,365,40,0.36029891580939377,0.12208716831481375,0.31631104143132743
realprize,App,365,41,0.36450123436928417,0.12208716831481375,0.320000310817884
realprize,App,365,42,0.3669587559946737,0.12208716831481375,0.3221578005869573
realprize,App,365,43,0.37207342557116624,0.12208716831481375,0.32664803463798997
realprize,App,365,44,0.37819816596971023,0.12208716831481375,0.3320250228246124
realprize,App,365,45,0.38125316943257753,0.12208716831481375,0.33470704956550623
realprize,App,365,46,0.3850119220224381,0.12208716831481375,0.3380069066952748
realprize,App,365,47,0.3884276368395659,0.12208716831481375,0.3410056065626085
realprize,App,365,48,0.39124554993538724,0.12208716831481375,0.34347948862800376
realprize,App,365,49,0.3946594865747621,0.12208716831481375,0.34647662741027113
realprize,App,365,50,0.3991006595669296,0.12208716831481375,0.3503755901678287
realprize,App,365,51,0.4021962036008923,0.12208716831481375,0.35309320799629107
realprize,App,365,52,0.4044586196117335,0.12208716831481375,0.3550794120428186
realprize,App,365,53,0.4079925973619474,0.12208716831481375,0.3581819364566213
realprize,App,365,54,0.4112542222571909,0.12208716831481375,0.36104535880429944
realprize,App,365,55,0.4146887114325504,0.12208716831481375,0.3640605409216314
realprize,App,365,56,0.4189465204283472,0.12208716831481375,0.367798526073906
realprize,App,365,57,0.42226505642002976,0.12208716831481375,0.3707119114034133
realprize,App,365,58,0.42527980156223877,0.12208716831481375,0.37335859484801914
realprize,App,365,59,0.4281241944532208,0.12208716831481375,0.3758557238653664
realprize,App,365,60,0.43243615789952217,0.12208716831481375,0.3796412519046318
realprize,App,365,61,0.4345437487771786,0.12208716831481375,0.3814915329800691
realprize,App,365,62,0.4370782578168067,0.12208716831481375,0.3837166109879807
realprize,App,365,63,0.4394526894066025,0.12208716831481375,0.38580115494862105
realprize,App,365,64,0.4426282894675792,0.12208716831481375,0.38858905499045276
realprize,App,365,65,0.44588227026429655,0.12208716831481375,0.39144576648594814
realprize,App,365,66,0.44832385884615905,0.12208716831481375,0.39358926843166125
realprize,App,365,67,0.4521348340810552,0.12208716831481375,0.396934972491611
realprize,App,365,68,0.4535700738160243,0.12208716831481375,0.3981949878714849
realprize,App,365,69,0.4570407004051261,0.12208716831481375,0.4012418954880451
realprize,App,365,70,0.4594707505063866,0.12208716831481375,0.4033752676535796
realprize,App,365,71,0.46238578211258013,0.12208716831481375,0.4059344113054248
realprize,App,365,72,0.4672714603108244,0.12208716831481375,0.410223610887148
realprize,App,365,73,0.4692385436312231,0.12208716831481375,0.4119505385751199
realprize,App,365,74,0.47692411592294154,0.12208716831481375,0.4186978011088637
realprize,App,365,75,0.4801375630995412,0.12208716831481375,0.421518927619143
realprize,App,365,76,0.48281109593662264,0.12208716831481375,0.42386605640274855
realprize,App,365,77,0.4857261556443275,0.12208716831481375,0.42642522472527106
realprize,App,365,78,0.489685686709361,0.12208716831481375,0.4299013478547201
realprize,App,365,79,0.49813108452861316,0.12208716831481375,0.43731567096892765
realprize,App,365,80,0.5013991779043816,0.12208716831481375,0.44018477207866014
realprize,App,365,81,0.5030138233087595,0.12208716831481375,0.44160228999778506
realprize,App,365,82,0.509725948003192,0.12208716831481375,0.44749495039489834
realprize,App,365,83,0.5172103752962429,0.12208716831481375,0.4540656251532825
realprize,App,365,84,0.5210944088406106,0.12208716831481375,0.45747546804057865
realprize,App,365,85,0.532222978315372,0.12208716831481375,0.46724538198077176
realprize,App,365,86,0.5335606664634881,0.12208716831481375,0.46841975557079607
realprize,App,365,87,0.5347937888874931,0.12208716831481375,0.46950232956986876
realprize,App,365,88,0.5372227655110162,0.12208716831481375,0.47163475931552307
realprize,App,365,89,0.5387447265103247,0.12208716831481375,0.4729709084061404
realprize,App,365,90,0.5407572668356474,0.12208716831481375,0.47473774338202507
realprize,App,365,91,0.5442063974372315,0.12208716831481375,0.47776577939531384
realprize,App,365,92,0.5534469878320668,0.12208716831481375,0.4858782122752866
realprize,App,365,93,0.5593890998552069,0.12208716831481375,0.4910948686677121
realprize,App,365,94,0.5608801831690693,0.12208716831481375,0.4924039098420636
realprize,App,365,95,0.5621787449525939,0.12208716831481375,0.49354393389455586
realprize,App,365,96,0.5651171564288661,0.12208716831481375,0.4961236030343462
realprize,App,365,97,0.5706981961480655,0.12208716831481375,0.501023269417976
realprize,App,365,98,0.5720184963406009,0.12208716831481375,0.5021823778986793
realprize,App,365,99,0.5740044280939182,0.12208716831481375,0.5039258528677676
realprize,App,365,100,0.5752216540324923,0.12208716831481375,0.5049944711383019
realprize,App,365,101,0.576449865621191,0.12208716831481375,0.506072733852045
realprize,App,365,102,0.5783329389709632,0.12208716831481375,0.5077259081088143
realprize,App,365,103,0.5799353840587103,0.12208716831481375,0.5091327152134184
realprize,App,365,104,0.5819712454214355,0.12208716831481375,0.510920024027287
realprize,App,365,105,0.5828297109276313,0.12208716831481375,0.5116736819107354
realprize,App,365,106,0.5841430357435622,0.12208716831481375,0.5128266666188117
realprize,App,365,107,0.5853138765637715,0.12208716831481375,0.5138545627987343
realprize,App,365,108,0.5862773816987696,0.12208716831481375,0.5147004363201437
realprize,App,365,109,0.5889488486933426,0.12208716831481375,0.5170457514741028
realprize,App,365,110,0.5906382019749401,0.12208716831481375,0.5185288563972666
realprize,App,365,111,0.5925820769787628,0.12208716831481375,0.5202354092063146
realprize,App,365,112,0.5937813873328005,0.12208716831481375,0.5212882991552973
realprize,App,365,113,0.5952502664551754,0.12208716831481375,0.5225778469850247
realprize,App,365,114,0.5961837399809652,0.12208716831481375,0.523397355371354
realprize,App,365,115,0.5970036534667906,0.12208716831481375,0.5241171679414318
realprize,App,365,116,0.5976480237615867,0.12208716831481375,0.52468286889159
realprize,App,365,117,0.5989153553980663,0.12208716831481375,0.5257954755972561
realprize,App,365,118,0.6007279479067078,0.12208716831481375,0.527386773819209
realprize,App,365,119,0.6021079080181981,0.12208716831481375,0.5285982585083
realprize,App,365,120,0.6049856257656278,0.12208716831481375,0.5311246438447367
realprize,App,365,121,0.6060809603050267,0.12208716831481375,0.532086252091863
realprize,App,365,122,0.6071122340252338,0.12208716831481375,0.5329916205238125
realprize,App,365,123,0.6084797697262089,0.12208716831481375,0.5341921976634861
realprize,App,365,124,0.6106305807777759,0.12208716831481375,0.5360804222841871
realprize,App,365,125,0.6114829427641547,0.12208716831481375,0.5368287218092698
realprize,App,365,126,0.6133385512891445,0.12208716831481375,0.5384577843439428
realprize,App,365,127,0.6153638820074,0.12208716831481375,0.5402358481699054
realprize,App,365,128,0.6170542622262256,0.12208716831481375,0.5417198546544392
realprize,App,365,129,0.6185788271822042,0.12208716831481375,0.5430582897920304
realprize,App,365,130,0.6204886283171589,0.12208716831481375,0.544734928714374
realprize,App,365,131,0.6237427711929259,0.12208716831481375,0.5475917825011468
realprize,App,365,132,0.6280691371887127,0.12208716831481375,0.5513899547234146
realprize,App,365,133,0.6299624026533734,0.12208716831481375,0.5530520767686266
realprize,App,365,134,0.6331047669658895,0.12208716831481375,0.5558107987204141
realprize,App,365,135,0.6348357480789971,0.12208716831481375,0.5573304492510159
realprize,App,365,136,0.6364602607525921,0.12208716831481375,0.5587566297724001
realprize,App,365,137,0.6380670271577354,0.12208716831481375,0.5601672306169962
realprize,App,365,138,0.6393825896787022,0.12208716831481375,0.5613221798350371
realprize,App,365,139,0.6410639454385321,0.12208716831481375,0.5627982636312194
realprize,App,365,140,0.6421812633399356,0.12208716831481375,0.5637791713539332
realprize,App,365,141,0.6437372029648412,0.12208716831481375,0.5651451507159652
realprize,App,365,142,0.6458607755578543,0.12208716831481375,0.5670094623443864
realprize,App,365,143,0.6471873710302148,0.12208716831481375,0.5681740975320272
realprize,App,365,144,0.6481267493447955,0.12208716831481375,0.5689987898082044
realprize,App,365,145,0.6502189472688816,0.12208716831481375,0.5708355572121847
realprize,App,365,146,0.6525990841305973,0.12208716831481375,0.5729251099042518
realprize,App,365,147,0.654195175261075,0.12208716831481375,0.574326338788237
realprize,App,365,148,0.6568871512028416,0.12208716831481375,0.5766896590101018
realprize,App,365,149,0.6588628840814138,0.12208716831481375,0.5784241802561827
realprize,App,365,150,0.6600573867865852,0.12208716831481375,0.5794728495085353
realprize,App,365,151,0.6617841047786709,0.12208716831481375,0.5809887573904889
realprize,App,365,152,0.6627403704961643,0.12208716831481375,0.5818282753343771
realprize,App,365,153,0.663611305817473,0.12208716831481375,0.5825928806285219
realprize,App,365,154,0.6648052584114043,0.12208716831481375,0.5836410669311579
realprize,App,365,155,0.6667763479429312,0.12208716831481375,0.5853715117232857
realprize,App,365,156,0.6686666046451596,0.12208716831481375,0.587030992337351
realprize,App,365,157,0.6699187115640407,0.12208716831481375,0.5881302330680785
realprize,App,365,158,0.67229581586185,0.12208716831481375,0.5902171234333794
realprize,App,365,159,0.6744184431145716,0.12208716831481375,0.5920806051354283
realprize,App,365,160,0.6786427575766817,0.12208716831481375,0.595789185006788
realprize,App,365,161,0.6805824875146581,0.12208716831481375,0.5974920988093414
realprize,App,365,162,0.6815319227627407,0.12208716831481375,0.5983256201964874
realprize,App,365,163,0.6825094201363823,0.12208716831481375,0.5991837776837459
realprize,App,365,164,0.6840757174322761,0.12208716831481375,0.6005588501780449
realprize,App,365,165,0.6855332319320881,0.12208716831481375,0.6018384208597971
realprize,App,365,166,0.6887875075791086,0.12208716831481375,0.604695391208157
realprize,App,365,167,0.69208784683511,0.12208716831481375,0.607592801389915
realprize,App,365,168,0.6966015982325431,0.12208716831481375,0.6115554816607583
realprize,App,365,169,0.6994441950951324,0.12208716831481375,0.6140510339217337
realprize,App,365,170,0.7017383691945469,0.12208716831481375,0.6160651188017294
realprize,App,365,171,0.7033574035465475,0.12208716831481375,0.6174864898342899
realprize,App,365,172,0.7048104653429834,0.12208716831481375,0.6187621514306124
realprize,App,365,173,0.707145969951065,0.12208716831481375,0.6208125208945072
realprize,App,365,174,0.7103049218550292,0.12208716831481375,0.6235858053056736
realprize,App,365,175,0.7132484503994356,0.12208716831481375,0.6261699667852397
realprize,App,365,176,0.7186426481823157,0.12208716831481375,0.6309056022354779
realprize,App,365,177,0.7198634852346665,0.12208716831481375,0.6319773907491334
realprize,App,365,178,0.7208288470288297,0.12208716831481375,0.6328248942554479
realprize,App,365,179,0.7215126230019352,0.12208716831481375,0.6334251899562352
realprize,App,365,180,0.7247802118955735,0.12208716831481375,0.6362938481746323
realprize,App,365,181,0.7271091339138603,0.12208716831481375,0.6383384386984805
realprize,App,365,182,0.7288499911491972,0.12208716831481375,0.6398667596035147
realprize,App,365,183,0.7390373595975012,0.12208716831481375,0.6488103810853856
realprize,App,365,184,0.7412183783049615,0.12208716831481375,0.6507251253948104
realprize,App,365,185,0.7500150986084896,0.12208716831481375,0.6584478790260233
realprize,App,365,186,0.7510337026581777,0.12208716831481375,0.659342124591651
realprize,App,365,187,0.762096691796513,0.12208716831481375,0.6690544647129893
realprize,App,365,188,0.763876647404862,0.12208716831481375,0.6706171105813891
realprize,App,365,189,0.7779548699799598,0.12208716831481375,0.6829765628273874
realprize,App,365,190,0.7798047063106749,0.12208716831481375,0.6846005578786397
realprize,App,365,191,0.790345157449338,0.12208716831481375,0.6938541551850227
realprize,App,365,192,0.7909848164104831,0.12208716831481375,0.6944157199949145
realprize,App,365,193,0.7957758474437655,0.12208716831481375,0.698621827616035
realprize,App,365,194,0.7970273219255872,0.12208716831481375,0.6997205131221529
realprize,App,365,195,0.7974233562250513,0.12208716831481375,0.7000681967154398
realprize,App,365,196,0.7994843150621541,0.12208716831481375,0.7018775389241073
realprize,App,365,197,0.8000869220016587,0.12208716831481375,0.7024065752887609
realprize,App,365,198,0.8004284885231293,0.12208716831481375,0.7027064409208341
realprize,App,365,199,0.8007656357964253,0.12208716831481375,0.7030024268382283
realprize,App,365,200,0.8012595684162882,0.12208716831481375,0.7034360566231939
realprize,App,365,201,0.8024390069758951,0.12208716831481375,0.704471500868857
realprize,App,365,202,0.8028937759136591,0.12208716831481375,0.7048707483547718
realprize,App,365,203,0.8033006732911481,0.12208716831481375,0.7052279687836485
realprize,App,365,204,0.8040035079084635,0.12208716831481375,0.7058449963127423
realprize,App,365,205,0.805644638168985,0.12208716831481375,0.7072857656269209
realprize,App,365,206,0.8068827025184148,0.12208716831481375,0.7083726782057373
realprize,App,365,207,0.8077204874777691,0.12208716831481375,0.7091081803717474
realprize,App,365,208,0.808318849326663,0.12208716831481375,0.7096334899168821
realprize,App,365,209,0.8088759793723911,0.12208716831481375,0.7101226015329442
realprize,App,365,210,0.8092066175067502,0.12208716831481375,0.7104128729937425
realprize,App,365,211,0.810183750286623,0.12208716831481375,0.7112707103994531
realprize,App,365,212,0.8130004223312675,0.12208716831481375,0.7137435029300954
realprize,App,365,213,0.8172319068826277,0.12208716831481375,0.7174583775148122
realprize,App,365,214,0.8190515051063751,0.12208716831481375,0.7190558261439516
realprize,App,365,215,0.8194867901667197,0.12208716831481375,0.719437968483869
realprize,App,365,216,0.8201328494183246,0.12208716831481375,0.7200051521908819
realprize,App,365,217,0.8209446849007133,0.12208716831481375,0.7207178729780882
realprize,App,365,218,0.8219741302587312,0.12208716831481375,0.7216216362674109
realprize,App,365,219,0.8246124214189314,0.12208716831481375,0.7239378259306722
realprize,App,365,220,0.8248996290108856,0.12208716831481375,0.7241899691610063
realprize,App,365,221,0.8259661699299351,0.12208716831481375,0.7251262991193571
realprize,App,365,222,0.8262663304906765,0.12208716831481375,0.7253898139271978
realprize,App,365,223,0.827742032835541,0.12208716831481375,0.7266853519515023
realprize,App,365,224,0.8291478762277352,0.12208716831481375,0.7279195599048494
realprize,App,365,225,0.8296069991045875,0.12208716831481375,0.7283226297697581
realprize,App,365,226,0.829861356226121,0.12208716831481375,0.728545933150583
realprize,App,365,227,0.83020507794744,0.12208716831481375,0.7288476908602579
realprize,App,365,228,0.8309187538730852,0.12208716831481375,0.7294742361130466
realprize,App,365,229,0.8312232466032198,0.12208716831481375,0.7297415541879866
realprize,App,365,230,0.8326815114220362,0.12208716831481375,0.7310217835844206
realprize,App,365,231,0.8348405862764918,0.12208716831481375,0.732917263103716
realprize,App,365,232,0.8377945162508921,0.12208716831481375,0.7355105561321414
realprize,App,365,233,0.8404805918925853,0.12208716831481375,0.737868696404861
realprize,App,365,234,0.8406327620637184,0.12208716831481375,0.7380022885506985
realprize,App,365,235,0.8412245276948932,0.12208716831481375,0.7385218071916572
realprize,App,365,236,0.8418884380967597,0.12208716831481375,0.739104662652545
realprize,App,365,237,0.8428568412287608,0.12208716831481375,0.7399548361883729
realprize,App,365,238,0.8430394889735114,0.12208716831481375,0.7401151849871678
realprize,App,365,239,0.8435856470927375,0.12208716831481375,0.7405946642081654
realprize,App,365,240,0.8446521227027005,0.12208716831481375,0.7415309368308313
realprize,App,365,241,0.8452223363353888,0.12208716831481375,0.7420315346957701
realprize,App,365,242,0.8462057170178535,0.12208716831481375,0.7428948572153372
realprize,App,365,243,0.8470804016109807,0.12208716831481375,0.7436627540433209
realprize,App,365,244,0.8509244508925762,0.12208716831481375,0.7470374942332638
realprize,App,365,245,0.8515314770802552,0.12208716831481375,0.7475704103125962
realprize,App,365,246,0.8535229470495097,0.12208716831481375,0.7493187473525204
realprize,App,365,247,0.8558083079072192,0.12208716831481375,0.7513250949745346
realprize,App,365,248,0.8565525920246542,0.12208716831481375,0.7519785115516503
realprize,App,365,249,0.858110888594022,0.12208716831481375,0.7533465601054693
realprize,App,365,250,0.859088021373895,0.12208716831481375,0.75420439751118
realprize,App,365,251,0.8594034642608362,0.12208716831481375,0.7544813288692895
realprize,App,365,252,0.8598277773946783,0.12208716831481375,0.754853838814142
realprize,App,365,253,0.8612121340974722,0.12208716831481375,0.7560691833271542
realprize,App,365,254,0.8635781952161817,0.12208716831481375,0.7581463787438207
realprize,App,365,255,0.863972009006711,0.12208716831481375,0.7584921129238209
realprize,App,365,256,0.8644834444617083,0.12208716831481375,0.7589411086723419
realprize,App,365,257,0.866533888535913,0.12208716831481375,0.760741219835739
realprize,App,365,258,0.8685733824533105,0.12208716831481375,0.7625317177159662
realprize,App,365,259,0.8694307819082574,0.12208716831481375,0.7632844396993439
realprize,App,365,260,0.8699748283670252,0.12208716831481375,0.7637620650665291
realprize,App,365,261,0.8708061912662249,0.12208716831481375,0.7644919292235235
realprize,App,365,262,0.8709780194723413,0.12208716831481375,0.7646427794105185
realprize,App,365,263,0.8732960784126029,0.12208716831481375,0.7666778330987767
realprize,App,365,264,0.8746586654199557,0.12208716831481375,0.7678740657168193
realprize,App,365,265,0.8763608596761895,0.12208716831481375,0.7693684438963877
realprize,App,365,266,0.8784941592112429,0.12208716831481375,0.7712412949320391
realprize,App,365,267,0.8803964822776664,0.12208716831481375,0.7729113687620631
realprize,App,365,268,0.8843580879146437,0.12208716831481375,0.7763893131848417
realprize,App,365,269,0.886352061398874,0.12208716831481375,0.7781398480926875
realprize,App,365,270,0.8882871913963271,0.12208716831481375,0.7798387235484305
realprize,App,365,271,0.8905860306448098,0.12208716831481375,0.7818569040226551
realprize,App,365,272,0.8931343491783924,0.12208716831481375,0.7840941055625085
realprize,App,365,273,0.8944677151566942,0.12208716831481375,0.7852646846641921
realprize,App,365,274,0.901875977976979,0.12208716831481375,0.7917684936546164
realprize,App,365,275,0.9023899686502713,0.12208716831481375,0.7922197326620662
realprize,App,365,276,0.9034889042047629,0.12208716831481375,0.7931845022865495
realprize,App,365,277,0.9042225445717346,0.12208716831481375,0.793828574578556
realprize,App,365,278,0.9115202535635917,0.12208716831481375,0.8002353269444118
realprize,App,365,279,0.9117847817099813,0.12208716831481375,0.8004675595984692
realprize,App,365,280,0.9132959018883946,0.12208716831481375,0.8017941913933166
realprize,App,365,281,0.9140177947589695,0.12208716831481375,0.8024279504074964
realprize,App,365,282,0.9143828720899231,0.12208716831481375,0.8027484564808979
realprize,App,365,283,0.9151147696043622,0.12208716831481375,0.8033909987003025
realprize,App,365,284,0.9164851041661889,0.12208716831481375,0.8045940329958319
realprize,App,365,285,0.9174214181728461,0.12208716831481375,0.8054160350767627
realprize,App,365,286,0.9181835474754442,0.12208716831481375,0.8060851181709169
realprize,App,365,287,0.9189406158024191,0.12208716831481375,0.8067497581696307
realprize,App,365,288,0.920737798410916,0.12208716831481375,0.8083275278425115
realprize,App,365,289,0.9217491221092577,0.12208716831481375,0.809215381894273
realprize,App,365,290,0.922366929815612,0.12208716831481375,0.8097577632071954
realprize,App,365,291,0.9233517755620186,0.12208716831481375,0.8106223719251964
realprize,App,365,292,0.9242696555515059,0.12208716831481375,0.8114281905459143
realprize,App,365,293,0.924785288528146,0.12208716831481375,0.8118808713525467
realprize,App,365,294,0.9258454958883834,0.12208716831481375,0.8128116409983461
realprize,App,365,295,0.9273327356354628,0.12208716831481375,0.8141173078560995
realprize,App,365,296,0.9280155483896375,0.12208716831481375,0.8147167579346277
realprize,App,365,297,0.9287760018724924,0.12208716831481375,0.8153843698051257
realprize,App,365,298,0.9289970089801636,0.12208716831481375,0.8155783947808438
realprize,App,365,299,0.9297691932012182,0.12208716831481375,0.8162563052169325
realprize,App,365,300,0.9312348986646032,0.12208716831481375,0.8175430668507093
realprize,App,365,301,0.9335249231012391,0.12208716831481375,0.8195535086885046
realprize,App,365,302,0.9341830007560111,0.12208716831481375,0.8201312435058743
realprize,App,365,303,0.9350187320617098,0.12208716831481375,0.8208649427429882
realprize,App,365,304,0.9362596933393978,0.12208716831481375,0.8219543985722949
realprize,App,365,305,0.938976750162876,0.12208716831481375,0.8243397376220442
realprize,App,365,306,0.9402999439153393,0.12208716831481375,0.8255013863961375
realprize,App,365,307,0.9411906923831919,0.12208716831481375,0.826283385905869
realprize,App,365,308,0.9420324231235696,0.12208716831481375,0.8270223521236706
realprize,App,365,309,0.9427206655337108,0.12208716831481375,0.8276265689668435
realprize,App,365,310,0.9440725158037749,0.12208716831481375,0.8288133756654499
realprize,App,365,311,0.9446904240593137,0.12208716831481375,0.8293558452517915
realprize,App,365,312,0.9457978057453084,0.12208716831481375,0.8303280298434994
realprize,App,365,313,0.9462533773423694,0.12208716831481375,0.8307279819943106
realprize,App,365,314,0.9476198240023931,0.12208716831481375,0.8319276030509588
realprize,App,365,315,0.948469883566892,0.12208716831481375,0.8326738812503292
realprize,App,365,316,0.9492453691528397,0.12208716831481375,0.8333546899970196
realprize,App,365,317,0.9498735501834014,0.12208716831481375,0.8339061781843708
realprize,App,365,318,0.9509739939756615,0.12208716831481375,0.8348722719101443
realprize,App,365,319,0.9522019006175534,0.12208716831481375,0.8359502669071727
realprize,App,365,320,0.9536153707795578,0.12208716831481375,0.8371911704996005
realprize,App,365,321,0.9542597402288343,0.12208716831481375,0.8377568707074662
realprize,App,365,322,0.9549140472891855,0.12208716831481375,0.8383312952716108
realprize,App,365,323,0.955203628940729,0.12208716831481375,0.8385855227193213
realprize,App,365,324,0.9556189473475695,0.12208716831481375,0.8389501360779217
realprize,App,365,325,0.9568403182924649,0.12208716831481375,0.8400223933026928
realprize,App,365,326,0.9577163530629763,0.12208716831481375,0.8407914754687272
realprize,App,365,327,0.958490280136563,0.12208716831481375,0.8414709159774175
realprize,App,365,328,0.9594231922291426,0.12208716831481375,0.8422899314743274
realprize,App,365,329,0.960166468559635,0.12208716831481375,0.8429424633023546
realprize,App,365,330,0.9610875828812259,0.12208716831481375,0.8437511213847282
realprize,App,365,331,0.9615983392224146,0.12208716831481375,0.8441995209305223
realprize,App,365,332,0.9623620270373733,0.12208716831481375,0.8448699722626762
realprize,App,365,333,0.9628963956787374,0.12208716831481375,0.84533910134978
realprize,App,365,334,0.9636936836795379,0.12208716831481375,0.8460390507162313
realprize,App,365,335,0.9642143943899983,0.12208716831481375,0.8464961893305405
realprize,App,365,336,0.9664611659190746,0.12208716831481375,0.8484686588857815
realprize,App,365,337,0.9668696804977596,0.12208716831481375,0.8488272990763395
realprize,App,365,338,0.9676149175373508,0.12208716831481375,0.8494815522360437
realprize,App,365,339,0.9689617738645817,0.12208716831481375,0.850663974688156
realprize,App,365,340,0.9698864241658296,0.12208716831481375,0.8514757370524432
realprize,App,365,341,0.9704325905781822,0.12208716831481375,0.851955223554083
realprize,App,365,342,0.971422614607594,0.12208716831481375,0.8528243783531804
realprize,App,365,343,0.972569880803466,0.12208716831481375,0.8538315780678949
realprize,App,365,344,0.973286746214813,0.12208716831481375,0.8544609234111078
realprize,App,365,345,0.9744425590913728,0.12208716831481375,0.8554756263664666
realprize,App,365,346,0.9749131460333283,0.12208716831481375,0.8558887606812329
realprize,App,365,347,0.9760238793588086,0.12208716831481375,0.8568638877202523
realprize,App,365,348,0.9769519818487266,0.12208716831481375,0.8576786808052702
realprize,App,365,349,0.9788939050084029,0.12208716831481375,0.8593835200652967
realprize,App,365,350,0.9798167286661312,0.12208716831481375,0.8601936787957991
realprize,App,365,351,0.9819712128019754,0.12208716831481375,0.8620851280643189
realprize,App,365,352,0.9826729288028481,0.12208716831481375,0.8627011735456838
realprize,App,365,353,0.9838655929555506,0.12208716831481375,0.8637482287092324
realprize,App,365,354,0.9851740227360809,0.12208716831481375,0.8648969160029188
realprize,App,365,355,0.9890511825346601,0.12208716831481375,0.8683007243405855
realprize,App,365,356,0.9894931967500021,0.12208716831481375,0.8686887742920215
realprize,App,365,357,0.9907563291228862,0.12208716831481375,0.8697976944102935
realprize,App,365,358,0.9918920824371257,0.12208716831481375,0.8707947868184932
realprize,App,365,359,0.9928201346524512,0.12208716831481375,0.8716095357668014
realprize,App,365,360,0.9936021391771982,0.12208716831481375,0.8722960675735126
realprize,App,365,361,0.9953948808633768,0.12208716831481375,0.8738699385037058
realprize,App,365,362,0.9967720024951614,0.12208716831481375,0.8750789312550408
realprize,App,365,363,0.9976765262012991,0.12208716831481375,0.8758730242232224
realprize,App,365,364,0.9987118643965545,0.12208716831481375,0.876781960909971
realprize,App,365,365,1.0,0.12208716831481375,0.8779128316851863
realprize,Affiliate,7,1,0.5985139228304668,0.5676658554906316,0.25875800480385597
realprize,Affiliate,7,2,0.789678339027807,0.5676658554906316,0.3414049091411659
realprize,Affiliate,7,3,0.8553886608177453,0.5676658554906316,0.3698137248976542
realprize,Affiliate,7,4,0.8846341818790783,0.5676658554906316,0.3824575622264363
realprize,Affiliate,7,5,0.9227300187118537,0.5676658554906316,0.3989276932529027
realprize,Affiliate,7,6,0.9659857187871058,0.5676658554906316,0.41762860934009066
realprize,Affiliate,7,7,1.0,0.5676658554906316,0.43233414450936836
realprize,Affiliate,30,1,0.39265767685957853,0.5683146965850555,0.1695045483733344
realprize,Affiliate,30,2,0.5180719282228289,0.5683146965850555,0.22364403752563722
realprize,Affiliate,30,3,0.561181472237632,0.5683146965850555,0.24225379411374742
realprize,Affiliate,30,4,0.580368124244295,0.5683146965850555,0.2505363898067607
realprize,Affiliate,30,5,0.6053610646224193,0.5683146965850555,0.26132547485712293
realprize,Affiliate,30,6,0.633739155849036,0.5683146965850555,0.27357587977862186
realprize,Affiliate,30,7,0.6560543738107852,0.5683146965850555,0.28320903141521026
realprize,Affiliate,30,8,0.6864444924043703,0.5683146965850555,0.2963279989810982
realprize,Affiliate,30,9,0.7218981838881561,0.5683146965850555,0.31163283654645607
realprize,Affiliate,30,10,0.7397204895486049,0.5683146965850555,0.31932646397304076
realprize,Affiliate,30,11,0.7584769021500022,0.5683146965850555,0.32742333163785087
realprize,Affiliate,30,12,0.7737596344873927,0.5683146965850555,0.33402066258392665
realprize,Affiliate,30,13,0.795895408322755,0.5683146965850555,0.3435763508283696
realprize,Affiliate,30,14,0.8034902289791175,0.5683146965850555,0.34685492328779355
realprize,Affiliate,30,15,0.8116874116917273,0.5683146965850555,0.3503935265942343
realprize,Affiliate,30,16,0.8240192074223617,0.5683146965850555,0.3557169815758643
realprize,Affiliate,30,17,0.836630211548177,0.5683146965850555,0.36116096671828396
realprize,Affiliate,30,18,0.8630132744259656,0.5683146965850555,0.3725501472216977
realprize,Affiliate,30,19,0.8824983052680433,0.5683146965850555,0.38096154867280957
realprize,Affiliate,30,20,0.8903158044030066,0.5683146965850555,0.38433624815883227
realprize,Affiliate,30,21,0.9093331181657028,0.5683146965850555,0.392545743020619
realprize,Affiliate,30,22,0.9206849859848414,0.5683146965850555,0.39744617752445016
realprize,Affiliate,30,23,0.930343522655916,0.5683146965850555,0.4016156258578474
realprize,Affiliate,30,24,0.9389021288806567,0.5683146965850555,0.4053102503827836
realprize,Affiliate,30,25,0.947423429879308,0.5683146965850555,0.4089887707898765
realprize,Affiliate,30,26,0.9571814443224164,0.5683146965850555,0.4132011622154771
realprize,Affiliate,30,27,0.966361395254371,0.5683146965850555,0.4171640121188723
realprize,Affiliate,30,28,0.9792078906250784,0.5683146965850555,0.42270965537079475
realprize,Affiliate,30,29,0.9924232957478918,0.5683146965850555,0.42841455154098784
realprize,Affiliate,30,30,1.0,0.5683146965850555,0.4316853034149445
realprize,Affiliate,60,1,0.3128949517935356,0.5649334203176033,0.13613013647670194
realprize,Affiliate,60,2,0.41283311281046653,0.5649334203176033,0.1796098903700867
realprize,Affiliate,60,3,0.4471855767791691,0.5649334203176033,0.1945554993726129
realprize,Affiliate,60,4,0.46247473807283984,0.5649334203176033,0.20120730248286273
realprize,Affiliate,60,5,0.48239072427572405,0.5649334203176033,0.20987208248115335
realprize,Affiliate,60,6,0.505004216917357,0.5649334203176033,0.21971045737942163
realprize,Affiliate,60,7,0.5227864212645313,0.5649334203176033,0.22744690020396024
realprize,Affiliate,60,8,0.5470032270287548,0.5649334203176033,0.23798282305863389
realprize,Affiliate,60,9,0.5752550141234184,0.5649334203176033,0.25027423143982447
realprize,Affiliate,60,10,0.5894569762882128,0.5649334203176033,0.2564530305436404
realprize,Affiliate,60,11,0.6044032950859799,0.5649334203176033,0.2629556743418276
realprize,Affiliate,60,12,0.6165815614991726,0.5649334203176033,0.2682540310566764
realprize,Affiliate,60,13,0.6342207731975732,0.5649334203176033,0.2759282625585932
realprize,Affiliate,60,14,0.6402728159391263,0.5649334203176033,0.27856130409425245
realprize,Affiliate,60,15,0.646804859601734,0.5649334203176033,0.2814031779888792
realprize,Affiliate,60,16,0.6566316294780414,0.5649334203176033,0.2856784771482903
realprize,Affiliate,60,17,0.6666808906043588,0.5649334203176033,0.29005057481485247
realprize,Affiliate,60,18,0.6877046160369923,0.5649334203176033,0.2991972951310101
realprize,Affiliate,60,19,0.7032315448233808,0.5649334203176033,0.3059525429310763
realprize,Affiliate,60,20,0.7094610321328958,0.5649334203176033,0.3086627846680019
realprize,Affiliate,60,21,0.7246152537964374,0.5649334203176033,0.31525588005490784
realprize,Affiliate,60,22,0.7336611539363351,0.5649334203176033,0.31919144888892165
realprize,Affiliate,60,23,0.7413576986473984,0.5649334203176033,0.3225399582717366
realprize,Affiliate,60,24,0.7481777478656587,0.5649334203176033,0.32550713375839074
realprize,Affiliate,60,25,0.7549680698746811,0.5649334203176033,0.3284613759297982
realprize,Affiliate,60,26,0.7627438848878915,0.5649334203176033,0.3318443731718386
realprize,Affiliate,60,27,0.7700590616273194,0.5649334203176033,0.3350269620956338
realprize,Affiliate,60,28,0.7802959773598261,0.5649334203176033,0.3394807020098724
realprize,Affiliate,60,29,0.79082686416664,0.5649334203176033,0.3440623389139354
realprize,Affiliate,60,30,0.796864470589308,0.5649334203176033,0.346689099689714
realprize,Affiliate,60,31,0.8034530532847634,0.5649334203176033,0.3495555718279804
realprize,Affiliate,60,32,0.8070830445841584,0.5649334203176033,0.3511348597268851
realprize,Affiliate,60,33,0.8177704660126809,0.5649334203176033,0.35578459961341674
realprize,Affiliate,60,34,0.8261192738474677,0.5649334203176033,0.35941688688252305
realprize,Affiliate,60,35,0.8322348718076379,0.5649334203176033,0.3620775791697669
realprize,Affiliate,60,36,0.8353217546155896,0.5649334203176033,0.3634205787149028
realprize,Affiliate,60,37,0.842123795076646,0.5649334203176033,0.36637991919315593
realprize,Affiliate,60,38,0.8512583609869288,0.5649334203176033,0.37035406354062606
realprize,Affiliate,60,39,0.8586742286956579,0.5649334203176033,0.37358045974004
realprize,Affiliate,60,40,0.8648872779903792,0.5649334203176033,0.3762835498460925
realprize,Affiliate,60,41,0.8783652742952079,0.5649334203176033,0.3821473755994063
realprize,Affiliate,60,42,0.8826642707716648,0.5649334203176033,0.38401772529248507
realprize,Affiliate,60,43,0.8896879713740804,0.5649334203176033,0.3870735026902912
realprize,Affiliate,60,44,0.8929958491995637,0.5649334203176033,0.3885126497818315
realprize,Affiliate,60,45,0.8967946634419088,0.5649334203176033,0.39016538690109737
realprize,Affiliate,60,46,0.8999797195084813,0.5649334203176033,0.39155109835007773
realprize,Affiliate,60,47,0.9081640734609456,0.5649334203176033,0.39511183723108645
realprize,Affiliate,60,48,0.9169697589548474,0.5649334203176033,0.39894289670067723
realprize,Affiliate,60,49,0.9277625413269975,0.5649334203176033,0.40363847561258503
realprize,Affiliate,60,50,0.9354876197385054,0.5649334203176033,0.40699939905485805
realprize,Affiliate,60,51,0.9404179509102154,0.5649334203176033,0.40914442137443546
realprize,Affiliate,60,52,0.9444969796821676,0.5649334203176033,0.4109190704706748
realprize,Affiliate,60,53,0.9484816920020875,0.5649334203176033,0.41265268563072066
realprize,Affiliate,60,54,0.9538229133230053,0.5649334203176033,0.41497647252213904
realprize,Affiliate,60,55,0.9658325181738864,0.5649334203176033,0.420201450227949
realprize,Affiliate,60,56,0.9723725051063243,0.5649334203176033,0.42304677997381235
realprize,Affiliate,60,57,0.9794449066573918,0.5649334203176033,0.42612374552677573
realprize,Affiliate,60,58,0.9905263941435445,0.5649334203176033,0.43094493038516946
realprize,Affiliate,60,59,0.9963257553511876,0.5649334203176033,0.43346803863012157
realprize,Affiliate,60,60,1.0,0.5649334203176033,0.4350665796823967
realprize,Affiliate,90,1,0.27212617637572617,0.6546511022660229,0.09397847505591889
realprize,Affiliate,90,2,0.35904285392412033,0.6546511022660229,0.12399505384195633
realprize,Affiliate,90,3,0.3889193495828179,0.6546511022660229,0.13431286868584147
realprize,Affiliate,90,4,0.40221640336712994,0.6546511022660229,0.13890499155336306
realprize,Affiliate,90,5,0.4195374280211766,0.6546511022660229,0.1448867883252611
realprize,Affiliate,90,6,0.43920448641184295,0.6546511022660229,0.1516787852621475
realprize,Affiliate,90,7,0.4546697511877394,0.6546511022660229,0.15701969740566746
realprize,Affiliate,90,8,0.4757312183634713,0.6546511022660229,0.1642932518794668
realprize,Affiliate,90,9,0.5003019273307572,0.6546511022660229,0.17277871913786133
realprize,Affiliate,90,10,0.5126534390403112,0.6546511022660229,0.17704430009210415
realprize,Affiliate,90,11,0.5256523211316171,0.6546511022660229,0.18153344969411053
realprize,Affiliate,90,12,0.5362438153532747,0.6546511022660229,0.1851912105489158
realprize,Affiliate,90,13,0.5515847187659162,0.6546511022660229,0.19048917463271495
realprize,Affiliate,90,14,0.556848208128979,0.6546511022660229,0.19230691488248317
realprize,Affiliate,90,15,0.5625291564972276,0.6546511022660229,0.19426882413954147
realprize,Affiliate,90,16,0.5710755433827797,0.6546511022660229,0.197220309430075
realprize,Affiliate,90,17,0.5798154319301361,0.6546511022660229,0.20023862030622236
realprize,Affiliate,90,18,0.5980998624789892,0.6546511022660229,0.20655312824196223
realprize,Affiliate,90,19,0.6116037037435366,0.6546511022660229,0.21121666493784827
realprize,Affiliate,90,20,0.617021517462174,0.6546511022660229,0.21308770093370774
realprize,Affiliate,90,21,0.6302012136305256,0.6546511022660229,0.21763929447791666
realprize,Affiliate,90,22,0.6380684745205999,0.6546511022660229,0.22035624435448944
realprize,Affiliate,90,23,0.6447621947980319,0.6546511022660229,0.22266791327404015
realprize,Affiliate,90,24,0.6506936229205414,0.6546511022660229,0.22471632543813716
realprize,Affiliate,90,25,0.6565991971526706,0.6546511022660229,0.2267558089896891
realprize,Affiliate,90,26,0.6633618591758859,0.6546511022660229,0.22909128686515395
realprize,Affiliate,90,27,0.6697239019771603,0.6546511022660229,0.23128841133391045
realprize,Affiliate,90,28,0.6786269945972219,0.6546511022660229,0.23436308455667224
realprize,Affiliate,90,29,0.6877857552105117,0.6546511022660229,0.23752605243908123
realprize,Affiliate,90,30,0.693036689240749,0.6546511022660229,0.23933945671849752
realprize,Affiliate,90,31,0.6987668098654902,0.6546511022660229,0.24131834756013462
realprize,Affiliate,90,32,0.7019238299673464,0.6546511022660229,0.24240862097243465
realprize,Affiliate,90,33,0.7112187294599368,0.6546511022660229,0.24561860426674886
realprize,Affiliate,90,34,0.7184797259712369,0.6546511022660229,0.2481261814083766
realprize,Affiliate,90,35,0.7237984895997739,0.6546511022660229,0.24996301056479944
realprize,Affiliate,90,36,0.7264831657526897,0.6546511022660229,0.2508901605149816
realprize,Affiliate,90,37,0.7323989315763636,0.6546511022660229,0.2529331637214397
realprize,Affiliate,90,38,0.7403433054940914,0.6546511022660229,0.2556767444971136
realprize,Affiliate,90,39,0.746792919693736,0.6546511022660229,0.25790411165177024
realprize,Affiliate,90,40,0.7521964371954247,0.6546511022660229,0.2597702104648647
realprize,Affiliate,90,41,0.7639183124721449,0.6546511022660229,0.2638183471710552
realprize,Affiliate,90,42,0.7676571694485363,0.6546511022660229,0.26510955730663693
realprize,Affiliate,90,43,0.7737657141150046,0.6546511022660229,0.2672191364739605
realprize,Affiliate,90,44,0.7766425906494678,0.6546511022660229,0.26821266261405413
realprize,Affiliate,90,45,0.7799464368400358,0.6546511022660229,0.2693536422542494
realprize,Affiliate,90,46,0.7827164947267818,0.6546511022660229,0.27031027869209645
realprize,Affiliate,90,47,0.7898344649414604,0.6546511022660229,0.27276846185983894
realprize,Affiliate,90,48,0.7974928100508563,0.6546511022660229,0.2754132629018352
realprize,Affiliate,90,49,0.8068793424399328,0.6546511022660229,0.2786548915159471
realprize,Affiliate,90,50,0.8135978786076669,0.6546511022660229,0.2809751305758599
realprize,Affiliate,90,51,0.8178858102675832,0.6546511022660229,0.2824559630481706
realprize,Affiliate,90,52,0.8214333603212843,0.6546511022660229,0.28368110554887244
realprize,Affiliate,90,53,0.8248988829235555,0.6546511022660229,0.28487791995963896
realprize,Affiliate,90,54,0.8295441676330286,0.6546511022660229,0.286482163913716
realprize,Affiliate,90,55,0.8399889761194568,0.6546511022660229,0.29008926701154647
realprize,Affiliate,90,56,0.845676832785952,0.6546511022660229,0.2920535620417894
realprize,Affiliate,90,57,0.8518277328910956,0.6546511022660229,0.2941777686131726
realprize,Affiliate,90,58,0.8614653534435421,0.6546511022660229,0.2975061102477383
realprize,Affiliate,90,59,0.8665090845162601,0.6546511022660229,0.2992479572141681
realprize,Affiliate,90,60,0.8697045919593143,0.6546511022660229,0.3003515221873275
realprize,Affiliate,90,61,0.8745299856311723,0.6546511022660229,0.30201796657303626
realprize,Affiliate,90,62,0.8823588966974925,0.6546511022660229,0.3047216723802472
realprize,Affiliate,90,63,0.8884110079266179,0.6546511022660229,0.3068117623221891
realprize,Affiliate,90,64,0.8922958748885,0.6546511022660229,0.3081533968453183
realprize,Affiliate,90,65,0.8977826330004351,0.6546511022660229,0.310048242711408
realprize,Affiliate,90,66,0.9022341595065321,0.6546511022660229,0.31158557248352214
realprize,Affiliate,90,67,0.9055557325626863,0.6546511022660229,0.3127326740772079
realprize,Affiliate,90,68,0.9106973858533173,0.6546511022660229,0.3145083383736576
realprize,Affiliate,90,69,0.9148498935757003,0.6546511022660229,0.3159424023384144
realprize,Affiliate,90,70,0.9223018710213313,0.6546511022660229,0.31851593453520155
realprize,Affiliate,90,71,0.9291600764426183,0.6546511022660229,0.32088440821787617
realprize,Affiliate,90,72,0.933070209232376,0.6546511022660229,0.32223476826681247
realprize,Affiliate,90,73,0.9363737691314767,0.6546511022660229,0.32337564903656507
realprize,Affiliate,90,74,0.9400592461407336,0.6546511022660229,0.32464842445933584
realprize,Affiliate,90,75,0.9435510077984978,0.6546511022660229,0.3258543004989945
realprize,Affiliate,90,76,0.9487251188566238,0.6546511022660229,0.32764117404967147
realprize,Affiliate,90,77,0.9504305122173496,0.6546511022660229,0.328230129767001
realprize,Affiliate,90,78,0.9543647877785256,0.6546511022660229,0.32958882749543483
realprize,Affiliate,90,79,0.9584586592897594,0.6546511022660229,0.331002641509304
realprize,Affiliate,90,80,0.9641866003079322,0.6546511022660229,0.3329807796262152
realprize,Affiliate,90,81,0.9671862038353418,0.6546511022660229,0.334016689398045
realprize,Affiliate,90,82,0.9700471848627682,0.6546511022660229,0.3350047260423046
realprize,Affiliate,90,83,0.9735911659387634,0.6546511022660229,0.3362286360004896
realprize,Affiliate,90,84,0.9761477318149899,0.6546511022660229,0.3371115432078287
realprize,Affiliate,90,85,0.9819322729012918,0.6546511022660229,0.33910922809587996
realprize,Affiliate,90,86,0.9855817238318337,0.6546511022660229,0.34036956195207685
realprize,Affiliate,90,87,0.9900255518341752,0.6546511022660229,0.34190423305440487
realprize,Affiliate,90,88,0.9937953117471281,0.6546511022660229,0.34320611548506486
realprize,Affiliate,90,89,0.9967027095382649,0.6546511022660229,0.34421018210750814
realprize,Affiliate,90,90,1.0,0.6546511022660229,0.34534889773397714
realprize,Affiliate,120,1,0.24247021979359026,0.62835297319015,0.09011333627621865
realprize,Affiliate,120,2,0.3199148309279112,0.62835297319015,0.11889539574673402
realprize,Affiliate,120,3,0.346535424968172,0.62835297319015,0.12878886037370899
realprize,Affiliate,120,4,0.35838338313459905,0.62835297319015,0.13319211880002907
realprize,Affiliate,120,5,0.37381678506179244,0.62835297319015,0.13892789673983189
realprize,Affiliate,120,6,0.39134055302189524,0.62835297319015,0.14544055300070982
realprize,Affiliate,120,7,0.40512043336754866,0.62835297319015,0.15056180456096738
realprize,Affiliate,120,8,0.42388664925787245,0.62835297319015,0.157536212901078
realprize,Affiliate,120,9,0.44577967433590227,0.62835297319015,0.16567269057920125
realprize,Affiliate,120,10,0.4567851343724393,0.62835297319015,0.16976283708045486
realprize,Affiliate,120,11,0.4683674152089514,0.62835297319015,0.1740673573170213
realprize,Affiliate,120,12,0.4778046621731025,0.62835297319015,0.17757468209251834
realprize,Affiliate,120,13,0.49147373389503635,0.62835297319015,0.18265475195722564
realprize,Affiliate,120,14,0.4961636150367202,0.62835297319015,0.18439773233962403
realprize,Affiliate,120,15,0.5012254610444464,0.62835297319015,0.1862789523585648
realprize,Affiliate,120,16,0.5088404738086714,0.62835297319015,0.18910904921150803
realprize,Affiliate,120,17,0.5166279006754019,0.62835297319015,0.19200322325302757
realprize,Affiliate,120,18,0.5329197177766711,0.62835297319015,0.19805802864004418
realprize,Affiliate,120,19,0.5449519279928311,0.62835297319015,0.20252976379283114
realprize,Affiliate,120,20,0.5497793154226422,0.62835297319015,0.20432384797837969
realprize,Affiliate,120,21,0.5615227054533779,0.62835297319015,0.208688243967971
realprize,Affiliate,120,22,0.5685326024893619,0.62835297319015,0.21129345135963765
realprize,Affiliate,120,23,0.5744968498415343,0.62835297319015,0.21351004615523103
realprize,Affiliate,120,24,0.5797818786458528,0.62835297319015,0.21547421139696044
realprize,Affiliate,120,25,0.5850438710831208,0.62835297319015,0.217429815241367
realprize,Affiliate,120,26,0.5910695469993353,0.62835297319015,0.21966923978014785
realprize,Affiliate,120,27,0.5967382626550881,0.62835297319015,0.22177600109943882
realprize,Affiliate,120,28,0.6046711078270589,0.62835297319015,0.22472421942174464
realprize,Affiliate,120,29,0.612831758627058,0.62835297319015,0.22775710102839772
realprize,Affiliate,120,30,0.6175104526997495,0.62835297319015,0.22949592376986638
realprize,Affiliate,120,31,0.6226161122354439,0.62835297319015,0.23139342695621057
realprize,Affiliate,120,32,0.6254290843948473,0.62835297319015,0.23243885969575173
realprize,Affiliate,120,33,0.6337110378362392,0.62835297319015,0.23551682306842261
realprize,Affiliate,120,34,0.6401807403965124,0.62835297319015,0.23792126878929223
realprize,Affiliate,120,35,0.6449198720861479,0.62835297319015,0.2396825529914056
realprize,Affiliate,120,36,0.6473119757255027,0.62835297319015,0.24057157119679284
realprize,Affiliate,120,37,0.6525830490879313,0.62835297319015,0.24253054994003603
realprize,Affiliate,120,38,0.6596616554741627,0.62835297319015,0.24516129295743613
realprize,Affiliate,120,39,0.6654083991112484,0.62835297319015,0.24729705314399747
realprize,Affiliate,120,40,0.6702230483072301,0.62835297319015,0.24908640320281653
realprize,Affiliate,120,41,0.6806674888700341,0.62835297319015,0.2529680484846748
realprize,Affiliate,120,42,0.6839988900785335,0.62835297319015,0.25420615383892436
realprize,Affiliate,120,43,0.6894417334963329,0.62835297319015,0.25622897041254106
realprize,Affiliate,120,44,0.6920050917697655,0.62835297319015,0.25718163489351076
realprize,Affiliate,120,45,0.6949488891017988,0.62835297319015,0.25827568841949167
realprize,Affiliate,120,46,0.6974170696847387,0.62835297319015,0.25919298039477107
realprize,Affiliate,120,47,0.7037593327680753,0.62835297319015,0.26155006361293903
realprize,Affiliate,120,48,0.710583081393296,0.62835297319015,0.26408608950120005
realprize,Affiliate,120,49,0.7189466816973572,0.62835297319015,0.2671943966876304
realprize,Affiliate,120,50,0.7249330405363997,0.62835297319015,0.2694192091515774
realprize,Affiliate,120,51,0.7287536789839274,0.62835297319015,0.2708391380711165
realprize,Affiliate,120,52,0.7319146216492225,0.62835297319015,0.2720138930145898
realprize,Affiliate,120,53,0.7350024761080018,0.62835297319015,0.2731614849434167
realprize,Affiliate,120,54,0.7391415237347712,0.62835297319015,0.27469974968772987
realprize,Affiliate,120,55,0.7484480705842351,0.62835297319015,0.2781585001541997
realprize,Affiliate,120,56,0.7535160720328549,0.62835297319015,0.28004200782444727
realprize,Affiliate,120,57,0.75899665504874,0.62835297319015,0.2820788502074855
realprize,Affiliate,120,58,0.7675839802548697,0.62835297319015,0.2852703040885929
realprize,Affiliate,120,59,0.7720780520787178,0.62835297319015,0.286940512520196
realprize,Affiliate,120,60,0.7749253172789593,0.62835297319015,0.2879986901664049
realprize,Affiliate,120,61,0.7792248458277696,0.62835297319015,0.2895965971682543
realprize,Affiliate,120,62,0.7862005723538873,0.62835297319015,0.2921891051915245
realprize,Affiliate,120,63,0.7915931323769083,0.62835297319015,0.294193234090974
realprize,Affiliate,120,64,0.7950546315926832,0.62835297319015,0.2954796899828213
realprize,Affiliate,120,65,0.7999434499455281,0.62835297319015,0.2972966047882696
realprize,Affiliate,120,66,0.8039098548857866,0.62835297319015,0.2987707073914405
realprize,Affiliate,120,67,0.8068694472326624,0.62835297319015,0.2998706310877261
realprize,Affiliate,120,68,0.8114507698385423,0.62835297319015,0.3015732660130581
realprize,Affiliate,120,69,0.8151507426730211,0.62835297319015,0.3029483499162694
realprize,Affiliate,120,70,0.8217906133139264,0.62835297319015,0.3054160380983639
realprize,Affiliate,120,71,0.8279014204330221,0.62835297319015,0.3076871013955842
realprize,Affiliate,120,72,0.8313854320396292,0.62835297319015,0.3089819239505508
realprize,Affiliate,120,73,0.8343289742798666,0.62835297319015,0.3100758826724242
realprize,Affiliate,120,74,0.8376128128005862,0.62835297319015,0.3112963114951733
realprize,Affiliate,120,75,0.840724046816736,0.62835297319015,0.312452592366985
realprize,Affiliate,120,76,0.8453342899848466,0.62835297319015,0.3141659755332838
realprize,Affiliate,120,77,0.8468538317963583,0.62835297319015,0.31473070872964537
realprize,Affiliate,120,78,0.8503593551265718,0.62835297319015,0.3160335260527318
realprize,Affiliate,120,79,0.8540070818478888,0.62835297319015,0.31738919284332406
realprize,Affiliate,120,80,0.8591107993077023,0.62835297319015,0.31928597426294125
realprize,Affiliate,120,81,0.8617835099460953,0.62835297319015,0.3202792792252231
realprize,Affiliate,120,82,0.8643327049841631,0.62835297319015,0.3212266799818794
realprize,Affiliate,120,83,0.8674904676142985,0.62835297319015,0.32240025307474046
realprize,Affiliate,120,84,0.869768422268207,0.62835297319015,0.32324684814907323
realprize,Affiliate,120,85,0.8749225715943789,0.62835297319015,0.325162372421879
realprize,Affiliate,120,86,0.878174310111561,0.62835297319015,0.3263708713737528
realprize,Affiliate,120,87,0.8821338555209851,0.62835297319015,0.3278424246526839
realprize,Affiliate,120,88,0.8854927919042338,0.62835297319015,0.32909076337276166
realprize,Affiliate,120,89,0.8880833452675052,0.62835297319015,0.33005353482801375
realprize,Affiliate,120,90,0.8910213013055026,0.62835297319015,0.33114541745443354
realprize,Affiliate,120,91,0.8971091465460309,0.62835297319015,0.33340794703775434
realprize,Affiliate,120,92,0.9022566892071524,0.62835297319015,0.335321015963137
realprize,Affiliate,120,93,0.9064993538407261,0.62835297319015,0.336897789659956
realprize,Affiliate,120,94,0.9107212562330496,0.62835297319015,0.3384668471315444
realprize,Affiliate,120,95,0.9148646099153245,0.62835297319015,0.34000671220858353
realprize,Affiliate,120,96,0.9176587218754562,0.62835297319015,0.3410451356111403
realprize,Affiliate,120,97,0.9200003137314656,0.62835297319015,0.3419153812624284
realprize,Affiliate,120,98,0.9234511010339269,0.62835297319015,0.3431978561035413
realprize,Affiliate,120,99,0.9292833643675856,0.62835297319015,0.34536539943106764
realprize,Affiliate,120,100,0.9324343243450606,0.62835297319015,0.34653644433829306
realprize,Affiliate,120,101,0.938803203660542,0.62835297319015,0.3489034194000025
realprize,Affiliate,120,102,0.9414110796203282,0.62835297319015,0.3498726287467459
realprize,Affiliate,120,103,0.9436128813991335,0.62835297319015,0.3506909218314635
realprize,Affiliate,120,104,0.9473967748828818,0.62835297319015,0.35209719459446376
realprize,Affiliate,120,105,0.9507913136667451,0.62835297319015,0.35335876484087725
realprize,Affiliate,120,106,0.9548303910403468,0.62835297319015,0.3548598759378313
realprize,Affiliate,120,107,0.957509432857619,0.62835297319015,0.35585553386391977
realprize,Affiliate,120,108,0.9599306281169007,0.62835297319015,0.3567553638833579
realprize,Affiliate,120,109,0.9624477416733129,0.62835297319015,0.3576908416527413
realprize,Affiliate,120,110,0.9661178596933585,0.62835297319015,0.3590548301029325
realprize,Affiliate,120,111,0.9699704292669837,0.62835297319015,0.3604866261305484
realprize,Affiliate,120,112,0.9730726278374421,0.62835297319015,0.361639549005833
realprize,Affiliate,120,113,0.9773072729987077,0.62835297319015,0.36321334228961205
realprize,Affiliate,120,114,0.9835998864098167,0.62835297319015,0.3655519733547145
realprize,Affiliate,120,115,0.9896806078027743,0.62835297319015,0.36781185538126626
realprize,Affiliate,120,116,0.9913029680407801,0.62835297319015,0.36841480074013566
realprize,Affiliate,120,117,0.994116134849444,0.62835297319015,0.36946030582049577
realprize,Affiliate,120,118,0.9956112885378007,0.62835297319015,0.37001597524339724
realprize,Affiliate,120,119,0.9974240987078299,0.62835297319015,0.3706897007532593
realprize,Affiliate,120,120,1.0,0.62835297319015,0.37164702680984996
realprize,Affiliate,150,1,0.22275554348306478,0.62835297319015,0.08278643544089327
realprize,Affiliate,150,2,0.29390331766228506,0.62835297319015,0.1092282941787391
realprize,Affiliate,150,3,0.3183594545781023,0.62835297319015,0.11831734475075718
realprize,Affiliate,150,4,0.3292440834730394,0.62835297319015,0.12236258471748915
realprize,Affiliate,150,5,0.34342263223259895,0.62835297319015,0.12763200020845794
realprize,Affiliate,150,6,0.35952158433957027,0.62835297319015,0.133615127893768
realprize,Affiliate,150,7,0.3721810554207639,0.62835297319015,0.1383199826820789
realprize,Affiliate,150,8,0.38942143497470744,0.62835297319015,0.14472731848437534
realprize,Affiliate,150,9,0.40953439030545447,0.62835297319015,0.15220223853340678
realprize,Affiliate,150,10,0.41964502258766584,0.62835297319015,0.15595982496025834
realprize,Affiliate,150,11,0.4302855757438722,0.62835297319015,0.1599143549043746
realprize,Affiliate,150,12,0.4389555026250906,0.62835297319015,0.1631365074524382
realprize,Affiliate,150,13,0.4515131746679517,0.62835297319015,0.1678035289308207
realprize,Affiliate,150,14,0.45582173273943816,0.62835297319015,0.16940479172792625
realprize,Affiliate,150,15,0.4604720120992643,0.62835297319015,0.17113305422584082
realprize,Affiliate,150,16,0.4674678663050691,0.62835297319015,0.17373304264142336
realprize,Affiliate,150,17,0.47462211603317955,0.62835297319015,0.1763918982819308
realprize,Affiliate,150,18,0.4895892842726825,0.62835297319015,0.18195440185790487
realprize,Affiliate,150,19,0.5006431841218468,0.62835297319015,0.18606255087150064
realprize,Affiliate,150,20,0.505078068172541,0.62835297319015,0.18771076234318756
realprize,Affiliate,150,21,0.5158666311179493,0.62835297319015,0.19172029968539947
realprize,Affiliate,150,22,0.5223065701147472,0.62835297319015,0.19411368386639624
realprize,Affiliate,150,23,0.5277858787140943,0.62835297319015,0.19615005261631724
realprize,Affiliate,150,24,0.5326411944086642,0.62835297319015,0.19795451625842733
realprize,Affiliate,150,25,0.5374753467683446,0.62835297319015,0.19975111461004838
realprize,Affiliate,150,26,0.5430110893214376,0.62835297319015,0.20180845687109014
realprize,Affiliate,150,27,0.5482188952030139,0.62835297319015,0.20374392244318085
realprize,Affiliate,150,28,0.5555067396201702,0.62835297319015,0.20645242815266973
realprize,Affiliate,150,29,0.5630038673320878,0.62835297319015,0.20923871337641767
realprize,Affiliate,150,30,0.5673021479285281,0.62835297319015,0.21083615658047913
realprize,Affiliate,150,31,0.5719926784426723,0.62835297319015,0.21257937830022172
realprize,Affiliate,150,32,0.5745769345327773,0.62835297319015,0.21353980939262446
realprize,Affiliate,150,33,0.5821855020571072,0.62835297319015,0.21636751089132367
realprize,Affiliate,150,34,0.5881291685049468,0.62835297319015,0.21857645685501273
realprize,Affiliate,150,35,0.592482972679584,0.62835297319015,0.22019453523182897
realprize,Affiliate,150,36,0.5946805800670228,0.62835297319015,0.22101126948346597
realprize,Affiliate,150,37,0.5995230750034585,0.62835297319015,0.22281096832893402
realprize,Affiliate,150,38,0.606026136756815,0.62835297319015,0.22522781189472985
realprize,Affiliate,150,39,0.6113056263503271,0.62835297319015,0.22718991850523215
realprize,Affiliate,150,40,0.6157288078826582,0.62835297319015,0.22883378077076322
realprize,Affiliate,150,41,0.6253240358488987,0.62835297319015,0.23239981871597923
realprize,Affiliate,150,42,0.6283845687563673,0.62835297319015,0.23353725667149364
realprize,Affiliate,150,43,0.633384867533913,0.62835297319015,0.23539560284532943
realprize,Affiliate,150,44,0.6357398052488472,0.62835297319015,0.2362708084454071
realprize,Affiliate,150,45,0.6384442494282572,0.62835297319015,0.237275907083858
realprize,Affiliate,150,46,0.6407117481241185,0.62835297319015,0.23811861623247008
realprize,Affiliate,150,47,0.6465383368954896,0.62835297319015,0.2402840506257938
realprize,Affiliate,150,48,0.6528072627656307,0.62835297319015,0.24261387828672312
realprize,Affiliate,150,49,0.6604908386406071,0.62835297319015,0.245469456415926
realprize,Affiliate,150,50,0.6659904608944688,0.62835297319015,0.24751337467515097
realprize,Affiliate,150,51,0.6695004523258118,0.62835297319015,0.24881785255473765
realprize,Affiliate,150,52,0.6724043862684048,0.62835297319015,0.24989709097055454
realprize,Affiliate,150,53,0.6752411746325493,0.62835297319015,0.2509513749317776
realprize,Affiliate,150,54,0.6790436861508222,0.62835297319015,0.252364567031954
realprize,Affiliate,150,55,0.6875935398325144,0.62835297319015,0.2555420947324141
realprize,Affiliate,150,56,0.6922494741489895,0.62835297319015,0.25727245887815403
realprize,Affiliate,150,57,0.6972844440077492,0.62835297319015,0.2591436904562393
realprize,Affiliate,150,58,0.7051735542456399,0.62835297319015,0.2620756548203265
realprize,Affiliate,150,59,0.7093022237887509,0.62835297319015,0.2636100625807041
realprize,Affiliate,150,60,0.7119179846341864,0.62835297319015,0.26458220232175583
realprize,Affiliate,150,61,0.715867928752794,0.62835297319015,0.2660501873095014
realprize,Affiliate,150,62,0.7222764755625315,0.62835297319015,0.2684319046775121
realprize,Affiliate,150,63,0.7272305793684161,0.62835297319015,0.27027308262747646
realprize,Affiliate,150,64,0.7304106323239195,0.62835297319015,0.2714549398534872
realprize,Affiliate,150,65,0.7349019524955471,0.62835297319015,0.27312412564172367
realprize,Affiliate,150,66,0.7385458584931304,0.62835297319015,0.2744783724717001
realprize,Affiliate,150,67,0.7412648134323302,0.62835297319015,0.2754888639908836
realprize,Affiliate,150,68,0.7454736396041081,0.62835297319015,0.27705306172398436
realprize,Affiliate,150,69,0.7488727764561245,0.62835297319015,0.27831634082875606
realprize,Affiliate,150,70,0.7549727750230876,0.62835297319015,0.28058338715971226
realprize,Affiliate,150,71,0.7605867269636314,0.62835297319015,0.28266979570706874
realprize,Affiliate,150,72,0.7637874618810648,0.62835297319015,0.2838593393227394
realprize,Affiliate,150,73,0.7664916717095857,0.62835297319015,0.2848643508653791
realprize,Affiliate,150,74,0.7695085091381829,0.62835297319015,0.28598554952608596
realprize,Affiliate,150,75,0.7723667761235488,0.62835297319015,0.2870478159530259
realprize,Affiliate,150,76,0.7766021713954951,0.62835297319015,0.28862188801320926
realprize,Affiliate,150,77,0.7779981628799615,0.62835297319015,0.2891407040978631
realprize,Affiliate,150,78,0.7812186604539688,0.62835297319015,0.2903375924460912
realprize,Affiliate,150,79,0.7845697991998997,0.62835297319015,0.2915830331974437
realprize,Affiliate,150,80,0.7892585455437293,0.62835297319015,0.29332559183559354
realprize,Affiliate,150,81,0.7917139444431696,0.62835297319015,0.2942381335362027
realprize,Affiliate,150,82,0.7940558705016872,0.62835297319015,0.2951085033928593
realprize,Affiliate,150,83,0.7969568829702086,0.62835297319015,0.29618665605152356
realprize,Affiliate,150,84,0.7990496225544476,0.62835297319015,0.2969644164958933
realprize,Affiliate,150,85,0.8037847002696475,0.62835297319015,0.2987241940504609
realprize,Affiliate,150,86,0.806772047669573,0.62835297319015,0.29983443282969136
realprize,Affiliate,150,87,0.8104096518684432,0.62835297319015,0.3011863376149125
realprize,Affiliate,150,88,0.8134954811311564,0.62835297319015,0.3023331768856427
realprize,Affiliate,150,89,0.8158754027679194,0.62835297319015,0.30321766768598607
realprize,Affiliate,150,90,0.818574480595005,0.62835297319015,0.30422077193555086
realprize,Affiliate,150,91,0.8241673376326614,0.62835297319015,0.3062993406249684
realprize,Affiliate,150,92,0.8288963458550175,0.62835297319015,0.30805686247056635
realprize,Affiliate,150,93,0.8327940495279577,0.62835297319015,0.3095054324520004
realprize,Affiliate,150,94,0.836672679088054,0.62835297319015,0.310946913596107
realprize,Affiliate,150,95,0.840479146546711,0.62835297319015,0.3123615759097653
realprize,Affiliate,150,96,0.8430460759154453,0.62835297319015,0.3133155675776863
realprize,Affiliate,150,97,0.8451972785123867,0.62835297319015,0.31411505562690517
realprize,Affiliate,150,98,0.8483674905147455,0.62835297319015,0.31529325549193876
realprize,Affiliate,150,99,0.8537255464019033,0.62835297319015,0.31728456103188196
realprize,Affiliate,150,100,0.8566203093252567,0.62835297319015,0.3183603910656656
realprize,Affiliate,150,101,0.8624713502263036,0.62835297319015,0.32053491302028253
realprize,Affiliate,150,102,0.8648671860004993,0.62835297319015,0.32142531826248705
realprize,Affiliate,150,103,0.8668899645186088,0.62835297319015,0.3221770778846373
realprize,Affiliate,150,104,0.8703661986316965,0.62835297319015,0.3234690099572613
realprize,Affiliate,150,105,0.873484735548591,0.62835297319015,0.3246280049304219
realprize,Affiliate,150,106,0.8771954051569771,0.62835297319015,0.32600706425785225
realprize,Affiliate,150,107,0.8796566204622148,0.62835297319015,0.32692176760838276
realprize,Affiliate,150,108,0.8818809540992241,0.62835297319015,0.3277484345912104
realprize,Affiliate,150,109,0.8841934071449817,0.62835297319015,0.3286078508903036
realprize,Affiliate,150,110,0.8875651166064495,0.62835297319015,0.32986093668692473
realprize,Affiliate,150,111,0.891104442920047,0.62835297319015,0.33117631678828313
realprize,Affiliate,150,112,0.8939544091102994,0.62835297319015,0.332235498249399
realprize,Affiliate,150,113,0.8978447453551326,0.62835297319015,0.3336813301480819
realprize,Affiliate,150,114,0.9036257213509216,0.62835297319015,0.33582981268897594
realprize,Affiliate,150,115,0.9092120337640931,0.62835297319015,0.3379059490881621
realprize,Affiliate,150,116,0.9107024837535802,0.62835297319015,0.3384598703953638
realprize,Affiliate,150,117,0.9132869186664776,0.62835297319015,0.33942036794672564
realprize,Affiliate,150,118,0.9146605049680206,0.62835297319015,0.33993085721176086
realprize,Affiliate,150,119,0.9163259198589718,0.62835297319015,0.3405498037043877
realprize,Affiliate,150,120,0.9186923807496518,0.62835297319015,0.3414292918584707
realprize,Affiliate,150,121,0.9204741352474349,0.62835297319015,0.3420914756200769
realprize,Affiliate,150,122,0.921770276508566,0.62835297319015,0.3425731826661018
realprize,Affiliate,150,123,0.9239450626991937,0.62835297319015,0.34338143548779576
realprize,Affiliate,150,124,0.9252844776369097,0.62835297319015,0.3438792250670626
realprize,Affiliate,150,125,0.927137004802031,0.62835297319015,0.3445677112800644
realprize,Affiliate,150,126,0.9291813360453627,0.62835297319015,0.3453274809084631
realprize,Affiliate,150,127,0.9308933250123013,0.62835297319015,0.3459637365179571
realprize,Affiliate,150,128,0.9332145591854321,0.62835297319015,0.34682641629693056
realprize,Affiliate,150,129,0.9432320851494714,0.62835297319015,0.35054940003745627
realprize,Affiliate,150,130,0.9479232334324141,0.62835297319015,0.35229285134913607
realprize,Affiliate,150,131,0.9502270514254584,0.62835297319015,0.353149058456562
realprize,Affiliate,150,132,0.9518445360534257,0.62835297319015,0.35375019180945666
realprize,Affiliate,150,133,0.9534664492997696,0.62835297319015,0.3543529710452039
realprize,Affiliate,150,134,0.9557784258115667,0.62835297319015,0.3552122102418675
realprize,Affiliate,150,135,0.9588827376187684,0.62835297319015,0.35636591849530475
realprize,Affiliate,150,136,0.9612566443525592,0.62835297319015,0.357248173874842
realprize,Affiliate,150,137,0.9663152010291616,0.62835297319015,0.3591281714236504
realprize,Affiliate,150,138,0.9675937246652985,0.62835297319015,0.35960333093172675
realprize,Affiliate,150,139,0.9709500803259282,0.62835297319015,0.3608507105339162
realprize,Affiliate,150,140,0.9735730462180576,0.62835297319015,0.36182552800914974
realprize,Affiliate,150,141,0.9769325626619817,0.62835297319015,0.36307408230705296
realprize,Affiliate,150,142,0.9800798840134596,0.62835297319015,0.36424377492974486
realprize,Affiliate,150,143,0.9826491859683307,0.62835297319015,0.36519864836224947
realprize,Affiliate,150,144,0.9845648999208828,0.62835297319015,0.36591061775693356
realprize,Affiliate,150,145,0.9875297410646494,0.62835297319015,0.36701249215297793
realprize,Affiliate,150,146,0.9900232578253148,0.62835297319015,0.3679392002433797
realprize,Affiliate,150,147,0.9925001937683421,0.62835297319015,0.3688597461222043
realprize,Affiliate,150,148,0.9939390972216959,0.62835297319015,0.3693945103125097
realprize,Affiliate,150,149,0.9975903918226958,0.62835297319015,0.3707515030949782
realprize,Affiliate,150,150,1.0,0.62835297319015,0.37164702680984996
realprize,Affiliate,180,1,0.20609669070992864,0.62835297319015,0.07659522233769421
realprize,Affiliate,180,2,0.2719236532197501,0.62835297319015,0.10105961723839281
realprize,Affiliate,180,3,0.29455082921315945,0.62835297319015,0.1094689399214466
realprize,Affiliate,180,4,0.3046214472537953,0.62835297319015,0.11321165517438656
realprize,Affiliate,180,5,0.3177396481870832,0.62835297319015,0.11808699554833721
realprize,Affiliate,180,6,0.3326346344184659,0.62835297319015,0.12362267289560425
realprize,Affiliate,180,7,0.344347362439398,0.62835297319015,0.12797567344041608
realprize,Affiliate,180,8,0.3602984140590001,0.62835297319015,0.13390383434933162
realprize,Affiliate,180,9,0.37890721485133017,0.62835297319015,0.1408197398362979
realprize,Affiliate,180,10,0.3882617198919967,0.62835297319015,0.14429631382193936
realprize,Affiliate,180,11,0.39810651548508125,0.62835297319015,0.14795510283365992
realprize,Affiliate,180,12,0.4061280587920473,0.62835297319015,0.1509362855541203
realprize,Affiliate,180,13,0.4177466008520388,0.62835297319015,0.15525428216658135
realprize,Affiliate,180,14,0.42173294187134736,0.62835297319015,0.15673579395425752
realprize,Affiliate,180,15,0.42603544843055996,0.62835297319015,0.15833480772481875
realprize,Affiliate,180,16,0.43250811518426124,0.62835297319015,0.16074035507936282
realprize,Affiliate,180,17,0.4391273317946352,0.62835297319015,0.16320036725241865
realprize,Affiliate,180,18,0.45297517501876944,0.62835297319015,0.16834687701439707
realprize,Affiliate,180,19,0.4632024050249441,0.62835297319015,0.17214779663869237
realprize,Affiliate,180,20,0.46730562469004655,0.62835297319015,0.1736727460275754
realprize,Affiliate,180,21,0.47728736110745457,0.62835297319015,0.1773824286895047
realprize,Affiliate,180,22,0.4832456869693418,0.62835297319015,0.17959682278083933
realprize,Affiliate,180,23,0.48831522352069473,0.62835297319015,0.1814809009674535
realprize,Affiliate,180,24,0.49280743269922367,0.62835297319015,0.18315041715246172
realprize,Affiliate,180,25,0.4972800612504115,0.62835297319015,0.18481265625553553
realprize,Affiliate,180,26,0.5024018113221503,0.62835297319015,0.18671613944176038
realprize,Affiliate,180,27,0.5072201495833222,0.62835297319015,0.18850686053068905
realprize,Affiliate,180,28,0.5139629699562702,0.62835297319015,0.19101280967460807
realprize,Affiliate,180,29,0.5208994222981327,0.62835297319015,0.19359072156406948
realprize,Affiliate,180,30,0.5248762544470321,0.62835297319015,0.19506869940832977
realprize,Affiliate,180,31,0.5292160019636302,0.62835297319015,0.19668155366997886
realprize,Affiliate,180,32,0.5316069935402689,0.62835297319015,0.19757015858056404
realprize,Affiliate,180,33,0.5386465516284233,0.62835297319015,0.20018638941408187
realprize,Affiliate,180,34,0.5441457188609393,0.62835297319015,0.2022301385659766
realprize,Affiliate,180,35,0.548173922237436,0.62835297319015,0.20372720837423697
realprize,Affiliate,180,36,0.5502071807725497,0.62835297319015,0.20448286286354775
realprize,Affiliate,180,37,0.5546875279979143,0.62835297319015,0.20614797058893025
realprize,Affiliate,180,38,0.5607042559584959,0.62835297319015,0.2083840696466041
realprize,Affiliate,180,39,0.565588917039638,0.62835297319015,0.21019943941438435
realprize,Affiliate,180,40,0.5696813093633871,0.62835297319015,0.21172036485404516
realprize,Affiliate,180,41,0.5785589547836902,0.62835297319015,0.2150197153795729
realprize,Affiliate,180,42,0.5813906046460249,0.62835297319015,0.21607208963187607
realprize,Affiliate,180,43,0.5860169542959559,0.62835297319015,0.21779145872425573
realprize,Affiliate,180,44,0.5881957771539057,0.62835297319015,0.21860121176135813
realprize,Affiliate,180,45,0.5906979685107215,0.62835297319015,0.21953114373962804
realprize,Affiliate,180,46,0.5927958915078281,0.62835297319015,0.22031083058397868
realprize,Affiliate,180,47,0.5981867367596703,0.62835297319015,0.22231432219381783
realprize,Affiliate,180,48,0.6039868387725756,0.62835297319015,0.22446991286210793
realprize,Affiliate,180,49,0.611095795685119,0.62835297319015,0.227111935562374
realprize,Affiliate,180,50,0.6161841267270881,0.62835297319015,0.2290029986655461
realprize,Affiliate,180,51,0.6194316221972737,0.62835297319015,0.23020992070161903
realprize,Affiliate,180,52,0.6221183844041778,0.62835297319015,0.23120844788756
realprize,Affiliate,180,53,0.6247430225386673,0.62835297319015,0.23218388684669478
realprize,Affiliate,180,54,0.6282611618767441,0.62835297319015,0.2334913928715938
realprize,Affiliate,180,55,0.6361716117012388,0.62835297319015,0.23643128802959576
realprize,Affiliate,180,56,0.6404793503091505,0.62835297319015,0.23803224627550013
realprize,Affiliate,180,57,0.6451377781511202,0.62835297319015,0.2397635371325764
realprize,Affiliate,180,58,0.6524368984659361,0.62835297319015,0.2424762334959051
realprize,Affiliate,180,59,0.6562568039846274,0.62835297319015,0.24389589002462125
realprize,Affiliate,180,60,0.658676944222232,0.62835297319015,0.2447953279483899
realprize,Affiliate,180,61,0.6623314903610403,0.62835297319015,0.24615352915521743
realprize,Affiliate,180,62,0.6682607717117736,0.62835297319015,0.24835712894033654
realprize,Affiliate,180,63,0.6728443810974762,0.62835297319015,0.25006061374059063
realprize,Affiliate,180,64,0.6757866126584222,0.62835297319015,0.2511540853524023
realprize,Affiliate,180,65,0.6799420478490243,0.62835297319015,0.25269844048609064
realprize,Affiliate,180,66,0.6833134430368485,0.62835297319015,0.25395140948384654
realprize,Affiliate,180,67,0.6858290599611074,0.62835297319015,0.2548863310343399
realprize,Affiliate,180,68,0.6897231275664001,0.62835297319015,0.25633354968204347
realprize,Affiliate,180,69,0.6928680587565145,0.62835297319015,0.257502354008371
realprize,Affiliate,180,70,0.6985118667548639,0.62835297319015,0.2595998584708432
realprize,Affiliate,180,71,0.7037059772971168,0.62835297319015,0.26153023421079324
realprize,Affiliate,180,72,0.706667344112093,0.62835297319015,0.2626308173828725
realprize,Affiliate,180,73,0.7091693186440344,0.62835297319015,0.2635606687788225
realprize,Affiliate,180,74,0.7119605408094708,0.62835297319015,0.2645980181977727
realprize,Affiliate,180,75,0.7146050512788327,0.62835297319015,0.2655808426510785
realprize,Affiliate,180,76,0.7185237010046609,0.62835297319015,0.26703719717079183
realprize,Affiliate,180,77,0.7198152927680309,0.62835297319015,0.26751721340950035
realprize,Affiliate,180,78,0.7227949442822601,0.62835297319015,0.2686245920356931
realprize,Affiliate,180,79,0.7258954669217726,0.62835297319015,0.26977689205622457
realprize,Affiliate,180,80,0.7302335636978694,0.62835297319015,0.2713891328250743
realprize,Affiliate,180,81,0.7325053347148089,0.62835297319015,0.2722334297691127
realprize,Affiliate,180,82,0.7346721189977085,0.62835297319015,0.2730387087055906
realprize,Affiliate,180,83,0.7373561782140212,0.62835297319015,0.27403623133311483
realprize,Affiliate,180,84,0.7392924115220023,0.62835297319015,0.27475582668523624
realprize,Affiliate,180,85,0.7436733747613358,0.62835297319015,0.27638399864769775
realprize,Affiliate,180,86,0.7464373123204131,0.62835297319015,0.2774112078238169
realprize,Affiliate,180,87,0.7498028769917887,0.62835297319015,0.2786620099274699
realprize,Affiliate,180,88,0.7526579314124183,0.62835297319015,0.27972308241427724
realprize,Affiliate,180,89,0.7548598697606915,0.62835297319015,0.2805414262546316
realprize,Affiliate,180,90,0.7573570960897557,0.62835297319015,0.28146951299509954
realprize,Affiliate,180,91,0.7625316893189579,0.62835297319015,0.2833926351836829
realprize,Affiliate,180,92,0.7669070369746346,0.62835297319015,0.28501872013117463
realprize,Affiliate,180,93,0.7705132494881382,0.62835297319015,0.2863589582898627
realprize,Affiliate,180,94,0.7741018143531302,0.62835297319015,0.2876926377524513
realprize,Affiliate,180,95,0.7776236137851784,0.62835297319015,0.2890015040403926
realprize,Affiliate,180,96,0.7799985744254846,0.62835297319015,0.28988415110115284
realprize,Affiliate,180,97,0.7819888985689101,0.62835297319015,0.29062384915144474
realprize,Affiliate,180,98,0.7849220251359026,0.62835297319015,0.2917139369193245
realprize,Affiliate,180,99,0.7898793769023965,0.62835297319015,0.2935563219641925
realprize,Affiliate,180,100,0.7925576539480059,0.62835297319015,0.29455169566516637
realprize,Affiliate,180,101,0.7979711226682844,0.62835297319015,0.296563595219786
realprize,Affiliate,180,102,0.8001877850095461,0.62835297319015,0.29738741118835726
realprize,Affiliate,180,103,0.8020592893146822,0.62835297319015,0.29808295019902287
realprize,Affiliate,180,104,0.8052755520196991,0.62835297319015,0.29927826467078184
realprize,Affiliate,180,105,0.8081608680409255,0.62835297319015,0.30035058379147744
realprize,Affiliate,180,106,0.8115940338991052,0.62835297319015,0.30162650967521504
realprize,Affiliate,180,107,0.8138711863398599,0.62835297319015,0.3024728066094143
realprize,Affiliate,180,108,0.815929172392437,0.62835297319015,0.30323765100707073
realprize,Affiliate,180,109,0.8180686878123483,0.62835297319015,0.3040327955516946
realprize,Affiliate,180,110,0.8211882427790992,0.62835297319015,0.30519216888005746
realprize,Affiliate,180,111,0.8244628793119065,0.62835297319015,0.30640917781135824
realprize,Affiliate,180,112,0.8270997097640783,0.62835297319015,0.30738914800910955
realprize,Affiliate,180,113,0.8306991058252137,0.62835297319015,0.30872685285354157
realprize,Affiliate,180,114,0.836047749469165,0.62835297319015,0.3107146603612815
realprize,Affiliate,180,115,0.8412162875159589,0.62835297319015,0.31263553215932605
realprize,Affiliate,180,116,0.8425952736713597,0.62835297319015,0.3131480282639927
realprize,Affiliate,180,117,0.8449864306974647,0.62835297319015,0.3140366946633801
realprize,Affiliate,180,118,0.846257292857508,0.62835297319015,0.3145090068066453
realprize,Affiliate,180,119,0.8477981591018094,0.62835297319015,0.3150816651650516
realprize,Affiliate,180,120,0.8499876433706967,0.62835297319015,0.3158953804838305
realprize,Affiliate,180,121,0.8516361487228364,0.62835297319015,0.31650804259663334
realprize,Affiliate,180,122,0.8528353575974386,0.62835297319015,0.3169537250094032
realprize,Affiliate,180,123,0.8548475016270847,0.62835297319015,0.3177015323555344
realprize,Affiliate,180,124,0.8560867479409332,0.62835297319015,0.31816209456356126
realprize,Affiliate,180,125,0.8578007332012406,0.62835297319015,0.31879909208955043
realprize,Affiliate,180,126,0.8596921784033558,0.62835297319015,0.31950204207529026
realprize,Affiliate,180,127,0.8612761356647596,0.62835297319015,0.32009071508208486
realprize,Affiliate,180,128,0.8634237755123013,0.62835297319015,0.3208888790460821
realprize,Affiliate,180,129,0.87269213722401,0.62835297319015,0.3243334381196369
realprize,Affiliate,180,130,0.8770324563093466,0.62835297319015,0.3259465048031083
realprize,Affiliate,180,131,0.8791639824520415,0.62835297319015,0.32673868015660834
realprize,Affiliate,180,132,0.8806605029151724,0.62835297319015,0.32729485753729104
realprize,Affiliate,180,133,0.882161120800875,0.62835297319015,0.3278525577128901
realprize,Affiliate,180,134,0.884300195324588,0.62835297319015,0.32864753839975275
realprize,Affiliate,180,135,0.887172350066024,0.62835297319015,0.3297149661699452
realprize,Affiliate,180,136,0.8893687233379892,0.62835297319015,0.3305312417662357
realprize,Affiliate,180,137,0.8940489740492162,0.62835297319015,0.3322706430277879
realprize,Affiliate,180,138,0.8952318828391932,0.62835297319015,0.3327102675625701
realprize,Affiliate,180,139,0.8983372322445782,0.62835297319015,0.33386436143628717
realprize,Affiliate,180,140,0.9007640386968898,0.62835297319015,0.33476627683893173
realprize,Affiliate,180,141,0.903872312505263,0.62835297319015,0.33592145755832453
realprize,Affiliate,180,142,0.9067842603068655,0.62835297319015,0.33700367430101563
realprize,Affiliate,180,143,0.909161416098608,0.62835297319015,0.3378871371832805
realprize,Affiliate,180,144,0.9109338626999104,0.62835297319015,0.3385458616928338
realprize,Affiliate,180,145,0.9136769771412234,0.62835297319015,0.3395653320191469
realprize,Affiliate,180,146,0.9159840153615402,0.62835297319015,0.3404227359144643
realprize,Affiliate,180,147,0.9182757127665802,0.62835297319015,0.34127443844139527
realprize,Affiliate,180,148,0.9196070073119385,0.62835297319015,0.3417692101009859
realprize,Affiliate,180,149,0.9229852385438374,0.62835297319015,0.3430247196941973
realprize,Affiliate,180,150,0.9252146433141286,0.62835297319015,0.3438532713486317
realprize,Affiliate,180,151,0.9272688636905951,0.62835297319015,0.34461671624395773
realprize,Affiliate,180,152,0.9304968223741553,0.62835297319015,0.3458163774913679
realprize,Affiliate,180,153,0.934114030149144,0.62835297319015,0.3471607020062959
realprize,Affiliate,180,154,0.9381524310521832,0.62835297319015,0.34866156169497664
realprize,Affiliate,180,155,0.9456076513549606,0.62835297319015,0.3514322721547163
realprize,Affiliate,180,156,0.949882926075563,0.62835297319015,0.3530211652934235
realprize,Affiliate,180,157,0.9524485254687067,0.62835297319015,0.3539746626798705
realprize,Affiliate,180,158,0.9553929451082879,0.62835297319015,0.3550689474846014
realprize,Affiliate,180,159,0.957695448909803,0.62835297319015,0.3559246661766528
realprize,Affiliate,180,160,0.9596668558590776,0.62835297319015,0.356657333707983
realprize,Affiliate,180,161,0.9621301171427447,0.62835297319015,0.3575727974403137
realprize,Affiliate,180,162,0.9643922201584005,0.62835297319015,0.3584135013004198
realprize,Affiliate,180,163,0.9654242269982622,0.62835297319015,0.35879704357410186
realprize,Affiliate,180,164,0.966803275497478,0.62835297319015,0.35930956284866195
realprize,Affiliate,180,165,0.9679791402335098,0.62835297319015,0.3597465694817387
realprize,Affiliate,180,166,0.9694438992318003,0.62835297319015,0.36029094280844637
realprize,Affiliate,180,167,0.9706743227603496,0.62835297319015,0.3607482260545486
realprize,Affiliate,180,168,0.9732365536936434,0.62835297319015,0.36170047156290747
realprize,Affiliate,180,169,0.9756352481244895,0.62835297319015,0.3625919392163568
realprize,Affiliate,180,170,0.9777256000613006,0.62835297319015,0.3633688122986588
realprize,Affiliate,180,171,0.9795016251547212,0.62835297319015,0.36402886674416823
realprize,Affiliate,180,172,0.9815341062393171,0.62835297319015,0.36478423229630563
realprize,Affiliate,180,173,0.9835102544840583,0.62835297319015,0.36551866191599913
realprize,Affiliate,180,174,0.9854004795868305,0.62835297319015,0.3662211584554458
realprize,Affiliate,180,175,0.9886640569780859,0.62835297319015,0.3674340572896697
realprize,Affiliate,180,176,0.9902831368849814,0.62835297319015,0.36803578352323496
realprize,Affiliate,180,177,0.992506319022025,0.62835297319015,0.36886202255452405
realprize,Affiliate,180,178,0.9945739267622055,0.62835297319015,0.3696304428237711
realprize,Affiliate,180,179,0.9981538873177415,0.62835297319015,0.37096092452033264
realprize,Affiliate,180,180,1.0,0.62835297319015,0.37164702680984996
realprize,Affiliate,210,1,0.19533039429687493,0.62835297319015,0.07259396028602924
realprize,Affiliate,210,2,0.2577186184751373,0.62835297319015,0.09578035830982684
realprize,Affiliate,210,3,0.2791637721716518,0.62835297319015,0.10375038592061671
realprize,Affiliate,210,4,0.28870831064005065,0.62835297319015,0.1072975852646694
realprize,Affiliate,210,5,0.3011412291499902,0.62835297319015,0.11191824246345758
realprize,Affiliate,210,6,0.3152581153726682,0.62835297319015,0.11716474125592878
realprize,Affiliate,210,7,0.3263589815473743,0.62835297319015,0.12129034516477234
realprize,Affiliate,210,8,0.3414767653001077,0.62835297319015,0.12690882454842997
realprize,Affiliate,210,9,0.3591134599196915,0.62835297319015,0.13346344966655158
realprize,Affiliate,210,10,0.36797929445469246,0.62835297319015,0.13675841071167277
realprize,Affiliate,210,11,0.3773098072268546,0.62835297319015,0.14022606804205814
realprize,Affiliate,210,12,0.3849123126898094,0.62835297319015,0.14305151659367094
realprize,Affiliate,210,13,0.39592391308919245,0.62835297319015,0.1471439451425198
realprize,Affiliate,210,14,0.3997020114197438,0.62835297319015,0.1485480641540645
realprize,Affiliate,210,15,0.4037797591010917,0.62835297319015,0.1500635469559182
realprize,Affiliate,210,16,0.4099142998586248,0.62835297319015,0.1523434307892992
realprize,Affiliate,210,17,0.4161877348467708,0.62835297319015,0.15467493425052856
realprize,Affiliate,210,18,0.4293121798236117,0.62835297319015,0.15955259520470094
realprize,Affiliate,210,19,0.43900514899642856,0.62835297319015,0.16315495837873786
realprize,Affiliate,210,20,0.4428940203427386,0.62835297319015,0.16460024585224
realprize,Affiliate,210,21,0.4523543202799362,0.62835297319015,0.1681161381966289
realprize,Affiliate,210,22,0.45800138882792063,0.62835297319015,0.17021485443267872
realprize,Affiliate,210,23,0.4628060975792702,0.62835297319015,0.17200051015480508
realprize,Affiliate,210,24,0.46706363799432277,0.62835297319015,0.17358281239158213
realprize,Affiliate,210,25,0.4713026206555077,0.62835297319015,0.17515821769431003
realprize,Affiliate,210,26,0.47615681534226684,0.62835297319015,0.17696226471720022
realprize,Affiliate,210,27,0.4807234481647952,0.62835297319015,0.17865944022822514
realprize,Affiliate,210,28,0.48711402997173286,0.62835297319015,0.18103448095635866
realprize,Affiliate,210,29,0.4936881285964625,0.62835297319015,0.18347772516419414
realprize,Affiliate,210,30,0.49745721479101146,0.62835297319015,0.18487849484218832
realprize,Affiliate,210,31,0.5015702579973144,0.62835297319015,0.18640709512095124
realprize,Affiliate,210,32,0.5038363464328762,0.62835297319015,0.187249280150516
realprize,Affiliate,210,33,0.5105081646571206,0.62835297319015,0.18972884155697217
realprize,Affiliate,210,34,0.5157200605887425,0.62835297319015,0.19166582718400185
realprize,Affiliate,210,35,0.5195378344264919,0.62835297319015,0.19308469147983384
realprize,Affiliate,210,36,0.5214648774566502,0.62835297319015,0.1938008712925268
realprize,Affiliate,210,37,0.5257111755757651,0.62835297319015,0.1953789953634441
realprize,Affiliate,210,38,0.5314135953519834,0.62835297319015,0.19749828271889733
realprize,Affiliate,210,39,0.536043086353025,0.62835297319015,0.1992188192850774
realprize,Affiliate,210,40,0.5399216959680648,0.62835297319015,0.20066029301666305
realprize,Affiliate,210,41,0.5483355815787575,0.62835297319015,0.20378728858779516
realprize,Affiliate,210,42,0.5510193087274821,0.62835297319015,0.20478468780338752
realprize,Affiliate,210,43,0.5554039822424397,0.62835297319015,0.20641423867875341
realprize,Affiliate,210,44,0.5574689854527308,0.62835297319015,0.2071816909822109
realprize,Affiliate,210,45,0.5598404646970092,0.62835297319015,0.20806304419248825
realprize,Affiliate,210,46,0.5618287941787574,0.62835297319015,0.20880200093269832
realprize,Affiliate,210,47,0.5669380267676389,0.62835297319015,0.21070083203363613
realprize,Affiliate,210,48,0.5724351369310303,0.62835297319015,0.21274381668190676
realprize,Affiliate,210,49,0.5791727286506421,0.62835297319015,0.2152478226123591
realprize,Affiliate,210,50,0.5839952500861741,0.62835297319015,0.2170400983656014
realprize,Affiliate,210,51,0.5870730994610652,0.62835297319015,0.21818397193474823
realprize,Affiliate,210,52,0.5896195077485964,0.62835297319015,0.21913033700385315
realprize,Affiliate,210,53,0.5921070372665643,0.62835297319015,0.22005481995330767
realprize,Affiliate,210,54,0.5954413923293784,0.62835297319015,0.2212940230987309
realprize,Affiliate,210,55,0.6029386077284308,0.62835297319015,0.2240803409111417
realprize,Affiliate,210,56,0.6070213141411966,0.62835297319015,0.22559766661078365
realprize,Affiliate,210,57,0.6114363901137466,0.62835297319015,0.22723851646912147
realprize,Affiliate,210,58,0.6183542112791529,0.62835297319015,0.22980950413724696
realprize,Affiliate,210,59,0.6219745685423995,0.62835297319015,0.23115499915012203
realprize,Affiliate,210,60,0.6242682829404166,0.62835297319015,0.232007451286496
realprize,Affiliate,210,61,0.6277319190415622,0.62835297319015,0.23329470134543803
realprize,Affiliate,210,62,0.6333514603362155,0.62835297319015,0.2353831871596311
realprize,Affiliate,210,63,0.6376956262979692,0.62835297319015,0.2369976835232854
realprize,Affiliate,210,64,0.6404841584618416,0.62835297319015,0.23803403321115224
realprize,Affiliate,210,65,0.6444225176439297,0.62835297319015,0.23949771269168454
realprize,Affiliate,210,66,0.647617794332264,0.62835297319015,0.2406852277727388
realprize,Affiliate,210,67,0.6500019978050261,0.62835297319015,0.24157130990470058
realprize,Affiliate,210,68,0.6536926429975346,0.62835297319015,0.2429429272175064
realprize,Affiliate,210,69,0.6566732859534478,0.62835297319015,0.24405067431005326
realprize,Affiliate,210,70,0.6620222667539452,0.62835297319015,0.2460386071210211
realprize,Affiliate,210,71,0.6669450418686013,0.62835297319015,0.24786814185603656
realprize,Affiliate,210,72,0.6697517096789113,0.62835297319015,0.24891123160298118
realprize,Affiliate,210,73,0.6721229834250421,0.62835297319015,0.24979250844048295
realprize,Affiliate,210,74,0.6747683947815601,0.62835297319015,0.2507756677058219
realprize,Affiliate,210,75,0.677274758522401,0.62835297319015,0.25170715033820945
realprize,Affiliate,210,76,0.6809887016886922,0.62835297319015,0.2530874262737023
realprize,Affiliate,210,77,0.6822128219185738,0.62835297319015,0.2535423669175956
realprize,Affiliate,210,78,0.6850368192527223,0.62835297319015,0.2545918971305508
realprize,Affiliate,210,79,0.6879753735187623,0.62835297319015,0.255684002086644
realprize,Affiliate,210,80,0.6920868522176882,0.62835297319015,0.25721202092089185
realprize,Affiliate,210,81,0.694239948062956,0.62835297319015,0.2580122125902222
realprize,Affiliate,210,82,0.696293541581984,0.62835297319015,0.25877542451584495
realprize,Affiliate,210,83,0.6988373880805988,0.62835297319015,0.25972083750371583
realprize,Affiliate,210,84,0.7006724743898253,0.62835297319015,0.2604028418744793
realprize,Affiliate,210,85,0.7048245802484464,0.62835297319015,0.2619459596718356
realprize,Affiliate,210,86,0.7074441323206647,0.62835297319015,0.2629195084110491
realprize,Affiliate,210,87,0.7106338830732214,0.62835297319015,0.26410496979450127
realprize,Affiliate,210,88,0.713339792148227,0.62835297319015,0.2651106128570449
realprize,Affiliate,210,89,0.7154267033174653,0.62835297319015,0.2658862071883086
realprize,Affiliate,210,90,0.7177934769023511,0.62835297319015,0.2667658115542635
realprize,Affiliate,210,91,0.7226977542699513,0.62835297319015,0.26858847165658295
realprize,Affiliate,210,92,0.7268445378977006,0.62835297319015,0.27012961146265974
realprize,Affiliate,210,93,0.7302623652764642,0.62835297319015,0.2713998368461265
realprize,Affiliate,210,94,0.7336634669032019,0.62835297319015,0.27266384615358175
realprize,Affiliate,210,95,0.7370012908601363,0.62835297319015,0.2739043385031911
realprize,Affiliate,210,96,0.7392521858003345,0.62835297319015,0.2747408769153771
realprize,Affiliate,210,97,0.7411385372908641,0.62835297319015,0.27544193383835075
realprize,Affiliate,210,98,0.7439184400970652,0.62835297319015,0.27647507645109576
realprize,Affiliate,210,99,0.7486168244907303,0.62835297319015,0.2782212170418112
realprize,Affiliate,210,100,0.7511551908737765,0.62835297319015,0.27916459336102434
realprize,Affiliate,210,101,0.7562858651024765,0.62835297319015,0.28107139318365065
realprize,Affiliate,210,102,0.7583867310972202,0.62835297319015,0.2818521737843231
realprize,Affiliate,210,103,0.7601604697855577,0.62835297319015,0.2825113784941813
realprize,Affiliate,210,104,0.7632087179654254,0.62835297319015,0.2836442508672077
realprize,Affiliate,210,105,0.7659433078036022,0.62835297319015,0.2846605530501105
realprize,Affiliate,210,106,0.7691971283208304,0.62835297319015,0.28586982577111125
realprize,Affiliate,210,107,0.7713553244694175,0.62835297319015,0.2866719129530061
realprize,Affiliate,210,108,0.7733058032748882,0.62835297319015,0.2873968026019149
realprize,Affiliate,210,109,0.7753335524305682,0.62835297319015,0.2881504095467396
realprize,Affiliate,210,110,0.7782901447930524,0.62835297319015,0.2892492183077455
realprize,Affiliate,210,111,0.7813937174070953,0.62835297319015,0.29040265184224306
realprize,Affiliate,210,112,0.7838928023275884,0.62835297319015,0.2913314293226897
realprize,Affiliate,210,113,0.7873041693390157,0.62835297319015,0.2925992537298438
realprize,Affiliate,210,114,0.7923734048921326,0.62835297319015,0.2944832200513585
realprize,Affiliate,210,115,0.7972719433943327,0.62835297319015,0.29630374732141473
realprize,Affiliate,210,116,0.7985788926157712,0.62835297319015,0.2967894711137538
realprize,Affiliate,210,117,0.8008451378578756,0.62835297319015,0.29763171442000386
realprize,Affiliate,210,118,0.8020496113793238,0.62835297319015,0.2980793534231213
realprize,Affiliate,210,119,0.8035099842267548,0.62835297319015,0.29862209664990286
realprize,Affiliate,210,120,0.8055850919059484,0.62835297319015,0.2993933042491854
realprize,Affiliate,210,121,0.8071474808959161,0.62835297319015,0.29997396147202743
realprize,Affiliate,210,122,0.8082840442318603,0.62835297319015,0.3003963618566121
realprize,Affiliate,210,123,0.8101910757583687,0.62835297319015,0.3011051044534716
realprize,Affiliate,210,124,0.8113655850155583,0.62835297319015,0.3015416073268668
realprize,Affiliate,210,125,0.8129900333051532,0.62835297319015,0.3021453287039011
realprize,Affiliate,210,126,0.8147826711968507,0.62835297319015,0.3028115572464971
realprize,Affiliate,210,127,0.8162838840273606,0.62835297319015,0.30336947853156493
realprize,Affiliate,210,128,0.8183193331982473,0.62835297319015,0.3041259471641476
realprize,Affiliate,210,129,0.8271035244504115,0.62835297319015,0.3073905657259435
realprize,Affiliate,210,130,0.8312171093672419,0.62835297319015,0.30891936732981334
realprize,Affiliate,210,131,0.8332372865979997,0.62835297319015,0.30967016019125343
realprize,Affiliate,210,132,0.8346556302459727,0.62835297319015,0.3101972833910172
realprize,Affiliate,210,133,0.8360778572710333,0.62835297319015,0.3107258498363296
realprize,Affiliate,210,134,0.8381051885625159,0.62835297319015,0.3114793014831677
realprize,Affiliate,210,135,0.8408273046537246,0.62835297319015,0.31249096783509667
realprize,Affiliate,210,136,0.8429089414609836,0.62835297319015,0.31326460196541245
realprize,Affiliate,210,137,0.847344700296718,0.62835297319015,0.3149131385483587
realprize,Affiliate,210,138,0.8484658150490586,0.62835297319015,0.3153297975127787
realprize,Affiliate,210,139,0.8514089439352819,0.62835297319015,0.31642360261286173
realprize,Affiliate,210,140,0.8537089763112475,0.62835297319015,0.3172784028069558
realprize,Affiliate,210,141,0.8566548768324097,0.62835297319015,0.3183732379769233
realprize,Affiliate,210,142,0.8594147072319163,0.62835297319015,0.31939892073939935
realprize,Affiliate,210,143,0.8616676826509134,0.62835297319015,0.3202362323553453
realprize,Affiliate,210,144,0.8633475383162809,0.62835297319015,0.3208605457188488
realprize,Affiliate,210,145,0.8659473550507342,0.62835297319015,0.3218267598784589
realprize,Affiliate,210,146,0.8681338757739936,0.62835297319015,0.32263937380431634
realprize,Affiliate,210,147,0.870305857071673,0.62835297319015,0.3234465841958855
realprize,Affiliate,210,148,0.8715676060477209,0.62835297319015,0.32391550945141406
realprize,Affiliate,210,149,0.8747693616716459,0.62835297319015,0.32510543240961753
realprize,Affiliate,210,150,0.8768823044429649,0.62835297319015,0.3258907013083976
realprize,Affiliate,210,151,0.8788292142876873,0.62835297319015,0.3266142645636555
realprize,Affiliate,210,152,0.881888547459229,0.62835297319015,0.3277512566408797
realprize,Affiliate,210,153,0.8853167957174054,0.62835297319015,0.329025354913197
realprize,Affiliate,210,154,0.8891442343725449,0.62835297319015,0.3304478111096767
realprize,Affiliate,210,155,0.8962100010100169,0.62835297319015,0.3330737822726254
realprize,Affiliate,210,156,0.9002619394182763,0.62835297319015,0.33457967313487164
realprize,Affiliate,210,157,0.9026935143229695,0.62835297319015,0.3354833607186663
realprize,Affiliate,210,158,0.9054841202623164,0.62835297319015,0.3365204811190225
realprize,Affiliate,210,159,0.9076663434405283,0.62835297319015,0.3373314978750405
realprize,Affiliate,210,160,0.9095347659532576,0.62835297319015,0.3380258915467209
realprize,Affiliate,210,161,0.9118693487946293,0.62835297319015,0.338893532318558
realprize,Affiliate,210,162,0.9140132816858668,0.62835297319015,0.33969031860326626
realprize,Affiliate,210,163,0.9149913774634015,0.62835297319015,0.34005382499092235
realprize,Affiliate,210,164,0.9162983857718728,0.62835297319015,0.34053957074278146
realprize,Affiliate,210,165,0.9174128244449914,0.62835297319015,0.3409537485622079
realprize,Affiliate,210,166,0.9188010658170407,0.62835297319015,0.3414696843406244
realprize,Affiliate,210,167,0.9199672131828999,0.62835297319015,0.34190307954196814
realprize,Affiliate,210,168,0.9223955955929034,0.62835297319015,0.3428055806446033
realprize,Affiliate,210,169,0.9246689844928462,0.62835297319015,0.3436504788700495
realprize,Affiliate,210,170,0.9266501384193361,0.62835297319015,0.34438676883648217
realprize,Affiliate,210,171,0.9283333856397742,0.62835297319015,0.34501234266134395
realprize,Affiliate,210,172,0.9302596918326953,0.62835297319015,0.3457282486306685
realprize,Affiliate,210,173,0.9321326079600951,0.62835297319015,0.34642431234088084
realprize,Affiliate,210,174,0.9339240894892867,0.62835297319015,0.34709011112478966
realprize,Affiliate,210,175,0.9370171806808842,0.62835297319015,0.3482396492697986
realprize,Affiliate,210,176,0.9385516813830675,0.62835297319015,0.34880994189340264
realprize,Affiliate,210,177,0.940658726585621,0.62835297319015,0.3495930189782856
realprize,Affiliate,210,178,0.9426183244508247,0.62835297319015,0.3503212976986315
realprize,Affiliate,210,179,0.9460112712491034,0.62835297319015,0.35158227628833577
realprize,Affiliate,210,180,0.9477609447489539,0.62835297319015,0.3522325372424432
realprize,Affiliate,210,181,0.9489050166278198,0.62835297319015,0.35265772815468044
realprize,Affiliate,210,182,0.9501339615552508,0.62835297319015,0.3531144618830732
realprize,Affiliate,210,183,0.9526804145912244,0.62835297319015,0.35406084358280376
realprize,Affiliate,210,184,0.9560642848204112,0.62835297319015,0.3553184488925914
realprize,Affiliate,210,185,0.9575585036608049,0.62835297319015,0.35587377088202693
realprize,Affiliate,210,186,0.9603176858314927,0.62835297319015,0.35689921273218983
realprize,Affiliate,210,187,0.9617333234394443,0.62835297319015,0.35742533024022527
realprize,Affiliate,210,188,0.9637637464717197,0.62835297319015,0.35817993092333666
realprize,Affiliate,210,189,0.9655708090507044,0.62835297319015,0.35885152035807566
realprize,Affiliate,210,190,0.9698039702920064,0.62835297319015,0.3604247621474122
realprize,Affiliate,210,191,0.9714524038820379,0.62835297319015,0.36103739759004094
realprize,Affiliate,210,192,0.9734146762385528,0.62835297319015,0.36176667027713083
realprize,Affiliate,210,193,0.9756215343170805,0.62835297319015,0.36258684252060697
realprize,Affiliate,210,194,0.9776125243127028,0.62835297319015,0.36332678803288815
realprize,Affiliate,210,195,0.9789179250496504,0.62835297319015,0.3638119363355701
realprize,Affiliate,210,196,0.9808276760766074,0.62835297319015,0.36452168962668574
realprize,Affiliate,210,197,0.9819323708780451,0.62835297319015,0.36493224616517234
realprize,Affiliate,210,198,0.9834256600853003,0.62835297319015,0.365487222659216
realprize,Affiliate,210,199,0.9849143436334534,0.62835297319015,0.36604048747374784
realprize,Affiliate,210,200,0.9861740521215807,0.62835297319015,0.36650865438800745
realprize,Affiliate,210,201,0.9872825492542786,0.62835297319015,0.3669206240516019
realprize,Affiliate,210,202,0.9892512209545763,0.62835297319015,0.36765227503578224
realprize,Affiliate,210,203,0.9908397529499572,0.62835297319015,0.3682426482288578
realprize,Affiliate,210,204,0.9915419618182518,0.62835297319015,0.3685036220669591
realprize,Affiliate,210,205,0.9935761123515043,0.62835297319015,0.369259608064726
realprize,Affiliate,210,206,0.9946097885435351,0.62835297319015,0.3696437707481784
realprize,Affiliate,210,207,0.9962552606854221,0.62835297319015,0.37025530557740916
realprize,Affiliate,210,208,0.9970844683146408,0.62835297319015,0.3705634781274163
realprize,Affiliate,210,209,0.9990709273880224,0.62835297319015,0.371301739735918
realprize,Affiliate,210,210,1.0,0.62835297319015,0.37164702680984996
realprize,Affiliate,240,1,0.18733747306507015,0.62835297319015,0.06962341487470367
realprize,Affiliate,240,2,0.24717277063176207,0.62835297319015,0.09186102531364737
realprize,Affiliate,240,3,0.2677403884746415,0.62835297319015,0.09950491933351473
realprize,Affiliate,240,4,0.27689436435575615,0.62835297319015,0.10290696725322007
realprize,Affiliate,240,5,0.2888185277449726,0.62835297319015,0.10733854712401722
realprize,Affiliate,240,6,0.3023577508752149,0.62835297319015,0.11237035914568692
realprize,Affiliate,240,7,0.31300436952096566,0.62835297319015,0.1163271433109585
realprize,Affiliate,240,8,0.3275035334466617,0.62835297319015,0.12171571447517208
realprize,Affiliate,240,9,0.34441853438722975,0.62835297319015,0.12800212428322
realprize,Affiliate,240,10,0.35292157890510323,0.62835297319015,0.1311622554971195
realprize,Affiliate,240,11,0.3618702870231116,0.62835297319015,0.13448801626296644
realprize,Affiliate,240,12,0.36916169790425024,0.62835297319015,0.1371978474381906
realprize,Affiliate,240,13,0.37972270353088833,0.62835297319015,0.14112281377945277
realprize,Affiliate,240,14,0.383346202048795,0.62835297319015,0.14246947623028267
realprize,Affiliate,240,15,0.38725708826376687,0.62835297319015,0.1439229454642686
realprize,Affiliate,240,16,0.3931406035664814,0.62835297319015,0.14610953643371272
realprize,Affiliate,240,17,0.3991573295468276,0.62835297319015,0.14834563475543794
realprize,Affiliate,240,18,0.4117447221346193,0.62835297319015,0.1530237017859791
realprize,Affiliate,240,19,0.4210410549345895,0.62835297319015,0.1564786562313229
realprize,Affiliate,240,20,0.42477079363560094,0.62835297319015,0.15786480253033142
realprize,Affiliate,240,21,0.43384397802685676,0.62835297319015,0.1612368245330392
realprize,Affiliate,240,22,0.43925996848657367,0.62835297319015,0.16324966128462348
realprize,Affiliate,240,23,0.44386806851899074,0.62835297319015,0.16496224796091366
realprize,Affiliate,240,24,0.44795139034762593,0.62835297319015,0.1664798023780337
realprize,Affiliate,240,25,0.4520169138058241,0.62835297319015,0.16799074208369874
realprize,Affiliate,240,26,0.4566724748087944,0.62835297319015,0.16972096748858453
realprize,Affiliate,240,27,0.4610522409812223,0.62835297319015,0.17134869456468974
realprize,Affiliate,240,28,0.4671813201316374,0.62835297319015,0.17362654860802373
realprize,Affiliate,240,29,0.4734864065902536,0.62835297319015,0.17596981524414748
realprize,Affiliate,240,30,0.47710126174883216,0.62835297319015,0.17731326541618148
realprize,Affiliate,240,31,0.4810459991956073,0.62835297319015,0.17877931535982092
realprize,Affiliate,240,32,0.48321935927501686,0.62835297319015,0.17958703817152072
realprize,Affiliate,240,33,0.4896181666463867,0.62835297319015,0.18196513590621927
realprize,Affiliate,240,34,0.4946167917565383,0.62835297319015,0.18382286006654416
realprize,Affiliate,240,35,0.4982783422595843,0.62835297319015,0.1851836644245153
realprize,Affiliate,240,36,0.500126530674178,0.62835297319015,0.1858705381537835
realprize,Affiliate,240,37,0.5041990702417116,0.62835297319015,0.18738408537562282
realprize,Affiliate,240,38,0.5096681469569788,0.62835297319015,0.18941665147624687
realprize,Affiliate,240,39,0.5141081991507734,0.62835297319015,0.19106678367295118
realprize,Affiliate,240,40,0.5178280960306371,0.62835297319015,0.19244927228839173
realprize,Affiliate,240,41,0.525897685377649,0.62835297319015,0.19544831117678516
realprize,Affiliate,240,42,0.5284715943908774,0.62835297319015,0.19640489680883058
realprize,Affiliate,240,43,0.5326768470319951,0.62835297319015,0.19796776644988623
realprize,Affiliate,240,44,0.5346573502950932,0.62835297319015,0.19870381459920383
realprize,Affiliate,240,45,0.5369317885905188,0.62835297319015,0.19954910282936122
realprize,Affiliate,240,46,0.5388387556146336,0.62835297319015,0.2002578214540979
realprize,Affiliate,240,47,0.5437389183668165,0.62835297319015,0.20207895237183107
realprize,Affiliate,240,48,0.5490110867401876,0.62835297319015,0.20403833807263536
realprize,Affiliate,240,49,0.5554729761549903,0.62835297319015,0.2064398800612208
realprize,Affiliate,240,50,0.5600981599764164,0.62835297319015,0.20815881587690288
realprize,Affiliate,240,51,0.5630500637312957,0.62835297319015,0.2092558821308326
realprize,Affiliate,240,52,0.5654922729721833,0.62835297319015,0.210163521934056
realprize,Affiliate,240,53,0.5678780127632095,0.62835297319015,0.21105017503413284
realprize,Affiliate,240,54,0.5710759259912959,0.62835297319015,0.21223866997734703
realprize,Affiliate,240,55,0.578266355278754,0.62835297319015,0.21491097164351733
realprize,Affiliate,240,56,0.5821819973138163,0.62835297319015,0.21636620836389986
realprize,Affiliate,240,57,0.5864164083437287,0.62835297319015,0.21793991463345763
realprize,Affiliate,240,58,0.5930511522140225,0.62835297319015,0.2204056974664972
realprize,Affiliate,240,59,0.5965233644303075,0.62835297319015,0.22169613481313238
realprize,Affiliate,240,60,0.5987232200175768,0.62835297319015,0.22251370460155206
realprize,Affiliate,240,61,0.6020451241029154,0.62835297319015,0.22374828037821565
realprize,Affiliate,240,62,0.6074347137247185,0.62835297319015,0.22575130533688398
realprize,Affiliate,240,63,0.6116011163820199,0.62835297319015,0.2272997364969627
realprize,Affiliate,240,64,0.6142755417883731,0.62835297319015,0.2282936787476586
realprize,Affiliate,240,65,0.6180527432825431,0.62835297319015,0.22969746445262862
realprize,Affiliate,240,66,0.6211172692242996,0.62835297319015,0.23083638640746404
realprize,Affiliate,240,67,0.6234039110726817,0.62835297319015,0.23168621005179424
realprize,Affiliate,240,68,0.6269435350356245,0.62835297319015,0.23300170077364685
realprize,Affiliate,240,69,0.6298022100589356,0.62835297319015,0.23406411884667597
realprize,Affiliate,240,70,0.6349323105240775,0.62835297319015,0.2359707054317818
realprize,Affiliate,240,71,0.6396536456433096,0.62835297319015,0.23772537559141735
realprize,Affiliate,240,72,0.6423454645853091,0.62835297319015,0.2387257820979219
realprize,Affiliate,240,73,0.6446197057915727,0.62835297319015,0.23957099708047822
realprize,Affiliate,240,74,0.6471568668951054,0.62835297319015,0.24051392546114375
realprize,Affiliate,240,75,0.6495606702124602,0.62835297319015,0.24140729181707432
realprize,Affiliate,240,76,0.6531226387959199,0.62835297319015,0.2427310868507072
realprize,Affiliate,240,77,0.6542966680166121,0.62835297319015,0.24316741131996533
realprize,Affiliate,240,78,0.6570051073582017,0.62835297319015,0.24417399474856194
realprize,Affiliate,240,79,0.6598234159611518,0.62835297319015,0.24522141076148096
realprize,Affiliate,240,80,0.6637666529202038,0.62835297319015,0.24668690305331933
realprize,Affiliate,240,81,0.6658316440669801,0.62835297319015,0.24745435087340745
realprize,Affiliate,240,82,0.667801204523469,0.62835297319015,0.2481863321611838
realprize,Affiliate,240,83,0.6702409568038623,0.62835297319015,0.2490930588423445
realprize,Affiliate,240,84,0.6720009513672497,0.62835297319015,0.24974715558902894
realprize,Affiliate,240,85,0.6759831530223108,0.62835297319015,0.2512271289942897
realprize,Affiliate,240,86,0.6784955130036554,0.62835297319015,0.2521608401116324
realprize,Affiliate,240,87,0.6815547391309685,0.62835297319015,0.2532977924061874
realprize,Affiliate,240,88,0.6841499223858846,0.62835297319015,0.2542622845469036
realprize,Affiliate,240,89,0.6861514371340818,0.62835297319015,0.25500614155218715
realprize,Affiliate,240,90,0.688421362325733,0.62835297319015,0.25584975250074515
realprize,Affiliate,240,91,0.6931249566258606,0.62835297319015,0.2575978293377073
realprize,Affiliate,240,92,0.697102053835778,0.62835297319015,0.25907590569110683
realprize,Affiliate,240,93,0.7003800236920055,0.62835297319015,0.2602941534421461
realprize,Affiliate,240,94,0.7036419522141082,0.62835297319015,0.26150643947905183
realprize,Affiliate,240,95,0.7068431923891408,0.62835297319015,0.262696170872207
realprize,Affiliate,240,96,0.7090019806911334,0.62835297319015,0.2634984781261544
realprize,Affiliate,240,97,0.710811142664212,0.62835297319015,0.2641708477944665
realprize,Affiliate,240,98,0.7134772918262758,0.62835297319015,0.2651617142035791
realprize,Affiliate,240,99,0.7179834182945398,0.62835297319015,0.26683640270793857
realprize,Affiliate,240,100,0.7204179147057356,0.62835297319015,0.2677411760609387
realprize,Affiliate,240,101,0.7253386417056713,0.62835297319015,0.26956994962020775
realprize,Affiliate,240,102,0.7273535402478073,0.62835297319015,0.27031878067271614
realprize,Affiliate,240,103,0.7290546975354226,0.62835297319015,0.27095101072079425
realprize,Affiliate,240,104,0.7319782113764057,0.62835297319015,0.2720375259476331
realprize,Affiliate,240,105,0.7346009017774442,0.62835297319015,0.2730122410374218
realprize,Affiliate,240,106,0.7377215759341674,0.62835297319015,0.2741720303094103
realprize,Affiliate,240,107,0.739791458679812,0.62835297319015,0.2749412960776741
realprize,Affiliate,240,108,0.7416621238776128,0.62835297319015,0.27563652323659343
realprize,Affiliate,240,109,0.7436068975223,0.62835297319015,0.27635929257945957
realprize,Affiliate,240,110,0.7464425061026495,0.62835297319015,0.277413138077543
realprize,Affiliate,240,111,0.7494190805015374,0.62835297319015,0.278519373102968
realprize,Affiliate,240,112,0.7518159028479289,0.62835297319015,0.2794101450017958
realprize,Affiliate,240,113,0.7550876766951009,0.62835297319015,0.28062609002449146
realprize,Affiliate,240,114,0.7599494790905293,0.62835297319015,0.28243296442968946
realprize,Affiliate,240,115,0.764647569359673,0.62835297319015,0.284178995709901
realprize,Affiliate,240,116,0.7659010382089526,0.62835297319015,0.2846448436809345
realprize,Affiliate,240,117,0.7680745486783797,0.62835297319015,0.28545262238463714
realprize,Affiliate,240,118,0.7692297351340982,0.62835297319015,0.285881943996316
realprize,Affiliate,240,119,0.7706303495134187,0.62835297319015,0.28640247816609754
realprize,Affiliate,240,120,0.7726205437704743,0.62835297319015,0.28714212794450633
realprize,Affiliate,240,121,0.7741189997909971,0.62835297319015,0.28769902466933894
realprize,Affiliate,240,122,0.7752090549465229,0.62835297319015,0.2881041404269489
realprize,Affiliate,240,123,0.7770380507283494,0.62835297319015,0.28878388127131244
realprize,Affiliate,240,124,0.7781644990577324,0.62835297319015,0.28920252244378253
realprize,Affiliate,240,125,0.779722474910866,0.62835297319015,0.2897815395374412
realprize,Affiliate,240,126,0.7814417580462949,0.62835297319015,0.29042050600296765
realprize,Affiliate,240,127,0.7828815412362738,0.62835297319015,0.29095559714477415
realprize,Affiliate,240,128,0.7848336998114864,0.62835297319015,0.29168111107511324
realprize,Affiliate,240,129,0.7932584418902825,0.62835297319015,0.2948121414203376
realprize,Affiliate,240,130,0.7972036988807863,0.62835297319015,0.29627838445085913
realprize,Affiliate,240,131,0.7991412104437772,0.62835297319015,0.2969984548626544
realprize,Affiliate,240,132,0.8005015154588038,0.62835297319015,0.2975040081770436
realprize,Affiliate,240,133,0.8018655449430978,0.62835297319015,0.2980109456793624
realprize,Affiliate,240,134,0.8038099178225938,0.62835297319015,0.29873356607903684
realprize,Affiliate,240,135,0.8064206449024856,0.62835297319015,0.29970383503609055
realprize,Affiliate,240,136,0.8084171011156361,0.62835297319015,0.300445812051864
realprize,Affiliate,240,137,0.8126713486658129,0.62835297319015,0.3020268905052003
realprize,Affiliate,240,138,0.8137465873938945,0.62835297319015,0.30242649978160263
realprize,Affiliate,240,139,0.8165692834235349,0.62835297319015,0.3034755463686064
realprize,Affiliate,240,140,0.8187751984570467,0.62835297319015,0.30429536813220626
realprize,Affiliate,240,141,0.8216005527063031,0.62835297319015,0.305345402638627
realprize,Affiliate,240,142,0.8242474508247081,0.62835297319015,0.30632911445460076
realprize,Affiliate,240,143,0.8264082344722912,0.62835297319015,0.30713216327280435
realprize,Affiliate,240,144,0.828019350430956,0.62835297319015,0.30773092972868804
realprize,Affiliate,240,145,0.8305127826447083,0.62835297319015,0.30865760639748097
realprize,Affiliate,240,146,0.8326098309232126,0.62835297319015,0.30943696815526384
realprize,Affiliate,240,147,0.834692934729543,0.62835297319015,0.3102111474914228
realprize,Affiliate,240,148,0.83590305292782,0.62835297319015,0.3106608843219009
realprize,Affiliate,240,149,0.838973792687073,0.62835297319015,0.3118021156235341
realprize,Affiliate,240,150,0.8410002738239942,0.62835297319015,0.31255525131295714
realprize,Affiliate,240,151,0.842867516102948,0.62835297319015,0.31324920635426395
realprize,Affiliate,240,152,0.8458016613376608,0.62835297319015,0.31433967270697327
realprize,Affiliate,240,153,0.8490896256508357,0.62835297319015,0.3155616348682216
realprize,Affiliate,240,154,0.85276044548687,0.62835297319015,0.3169258841462384
realprize,Affiliate,240,155,0.8595370808993787,0.62835297319015,0.3194444005490716
realprize,Affiliate,240,156,0.8634232139569147,0.62835297319015,0.3208886703456923
realprize,Affiliate,240,157,0.8657552887978702,0.62835297319015,0.3217553790266315
realprize,Affiliate,240,158,0.8684317031207894,0.62835297319015,0.3227500604522557
realprize,Affiliate,240,159,0.8705246297098226,0.62835297319015,0.3235278903964011
realprize,Affiliate,240,160,0.8723165963590097,0.62835297319015,0.3241938694737139
realprize,Affiliate,240,161,0.8745556480526184,0.62835297319015,0.3250260063785172
realprize,Affiliate,240,162,0.8766118511935135,0.62835297319015,0.3257901881623479
realprize,Affiliate,240,163,0.8775499232843346,0.62835297319015,0.3261388198658349
realprize,Affiliate,240,164,0.8788034488028053,0.62835297319015,0.32660468889780475
realprize,Affiliate,240,165,0.8798722846368777,0.62835297319015,0.3270019185576856
realprize,Affiliate,240,166,0.8812037191613421,0.62835297319015,0.3274967422400948
realprize,Affiliate,240,167,0.8823221477680521,0.62835297319015,0.32791240290647766
realprize,Affiliate,240,168,0.8846511607512251,0.62835297319015,0.32877797365707545
realprize,Affiliate,240,169,0.886831522559957,0.62835297319015,0.3295882986406604
realprize,Affiliate,240,170,0.8887316076525897,0.62835297319015,0.33029445961602305
realprize,Affiliate,240,171,0.8903459763838657,0.62835297319015,0.33089443495517656
realprize,Affiliate,240,172,0.8921934581126076,0.62835297319015,0.33158104604674904
realprize,Affiliate,240,173,0.8939897344977187,0.62835297319015,0.3322486268246043
realprize,Affiliate,240,174,0.8957079085890043,0.62835297319015,0.3328871811171723
realprize,Affiliate,240,175,0.8986744304653336,0.62835297319015,0.3339896801524765
realprize,Affiliate,240,176,0.9001461393870218,0.62835297319015,0.33453663639755143
realprize,Affiliate,240,177,0.9021669642837367,0.62835297319015,0.33528766996211884
realprize,Affiliate,240,178,0.9040463753892762,0.62835297319015,0.335986147511646
realprize,Affiliate,240,179,0.907300482778563,0.62835297319015,0.3371955268477944
realprize,Affiliate,240,180,0.9089785596253885,0.62835297319015,0.3378191791186756
realprize,Affiliate,240,181,0.9100758160742021,0.62835297319015,0.33822697121552503
realprize,Affiliate,240,182,0.911254472565783,0.62835297319015,0.3386650153962512
realprize,Affiliate,240,183,0.9136967247240064,0.62835297319015,0.3395726711495749
realprize,Affiliate,240,184,0.916942126957478,0.62835297319015,0.3407788152404467
realprize,Affiliate,240,185,0.9183752023514699,0.62835297319015,0.3413114134498181
realprize,Affiliate,240,186,0.9210214787665845,0.62835297319015,0.34229489421161247
realprize,Affiliate,240,187,0.922379188472768,0.62835297319015,0.34279948298718643
realprize,Affiliate,240,188,0.9243265265789998,0.62835297319015,0.34352320540456105
realprize,Affiliate,240,189,0.9260596441434016,0.62835297319015,0.34416731339448287
realprize,Affiliate,240,190,0.930119584394263,0.62835297319015,0.34567617811774115
realprize,Affiliate,240,191,0.9317005640691555,0.62835297319015,0.3462637445133617
realprize,Affiliate,240,192,0.9335825402258013,0.62835297319015,0.3469631753565062
realprize,Affiliate,240,193,0.9356990936548405,0.62835297319015,0.3477497861454928
realprize,Affiliate,240,194,0.9376086123245813,0.62835297319015,0.34845945308173987
realprize,Affiliate,240,195,0.9388605960533672,0.62835297319015,0.3489247491121575
realprize,Affiliate,240,196,0.9406922000536632,0.62835297319015,0.3496054592931605
realprize,Affiliate,240,197,0.9417516907353587,0.62835297319015,0.34999921585494537
realprize,Affiliate,240,198,0.9431838745368073,0.62835297319015,0.350531482706599
realprize,Affiliate,240,199,0.9446116411427594,0.62835297319015,0.3510621079206795
realprize,Affiliate,240,200,0.945819802349897,0.62835297319015,0.35151111744121916
realprize,Affiliate,240,201,0.9468829397714285,0.62835297319015,0.3519062293030216
realprize,Affiliate,240,202,0.9487710534106605,0.62835297319015,0.35260794112332133
realprize,Affiliate,240,203,0.9502945826646145,0.62835297319015,0.35317415624081117
realprize,Affiliate,240,204,0.9509680571406363,0.62835297319015,0.35342445102745695
realprize,Affiliate,240,205,0.9529189702184766,0.62835297319015,0.3541495020724008
realprize,Affiliate,240,206,0.9539103483728065,0.62835297319015,0.35451794481590176
realprize,Affiliate,240,207,0.9554884877820352,0.62835297319015,0.355104455635233
realprize,Affiliate,240,208,0.9562837642287105,0.62835297319015,0.3554000177621318
realprize,Affiliate,240,209,0.9581889373815835,0.62835297319015,0.356108069699955
realprize,Affiliate,240,210,0.9590799923351577,0.62835297319015,0.35643922762417507
realprize,Affiliate,240,211,0.961289736941393,0.62835297319015,0.3572604726370915
realprize,Affiliate,240,212,0.9625598374435941,0.62835297319015,0.3577325017124842
realprize,Affiliate,240,213,0.9647910766786236,0.62835297319015,0.35856173514028444
realprize,Affiliate,240,214,0.9666418099129654,0.62835297319015,0.35924955464424574
realprize,Affiliate,240,215,0.967895764804042,0.62835297319015,0.35971558325126807
realprize,Affiliate,240,216,0.9690081185640348,0.62835297319015,0.3601289862189301
realprize,Affiliate,240,217,0.9698101181972916,0.62835297319015,0.36042704699813255
realprize,Affiliate,240,218,0.9718946223194537,0.62835297319015,0.361201746757507
realprize,Affiliate,240,219,0.9726675240133719,0.62835297319015,0.361488993374068
realprize,Affiliate,240,220,0.9743193042538063,0.62835297319015,0.3621028725893687
realprize,Affiliate,240,221,0.977118369041986,0.62835297319015,0.36314313669574383
realprize,Affiliate,240,222,0.9778607266802306,0.62835297319015,0.36341903170482703
realprize,Affiliate,240,223,0.9792661026745286,0.62835297319015,0.3639413355146578
realprize,Affiliate,240,224,0.9810970526073374,0.62835297319015,0.36462180261342386
realprize,Affiliate,240,225,0.9827478472666266,0.62835297319015,0.36523531554042227
realprize,Affiliate,240,226,0.9846308090044175,0.62835297319015,0.365935112671869
realprize,Affiliate,240,227,0.9855023315316589,0.62835297319015,0.36625901142791606
realprize,Affiliate,240,228,0.9871826846654762,0.62835297319015,0.3668835096740899
realprize,Affiliate,240,229,0.9884185120313433,0.62835297319015,0.36734280124026464
realprize,Affiliate,240,230,0.9891760924183681,0.62835297319015,0.36762435373867186
realprize,Affiliate,240,231,0.9902536776531037,0.62835297319015,0.36802483508729555
realprize,Affiliate,240,232,0.991331168720041,0.62835297319015,0.368425281438737
realprize,Affiliate,240,233,0.9932973851851183,0.62835297319015,0.36915601994204755
realprize,Affiliate,240,234,0.9940496792732725,0.62835297319015,0.3694356078031967
realprize,Affiliate,240,235,0.9946595031269695,0.62835297319015,0.36966224702530087
realprize,Affiliate,240,236,0.9956940049363173,0.62835297319015,0.3700467165469744
realprize,Affiliate,240,237,0.9967015824607435,0.62835297319015,0.3704211797382078
realprize,Affiliate,240,238,0.997689242286207,0.62835297319015,0.37078824057584087
realprize,Affiliate,240,239,0.9985955110287322,0.62835297319015,0.3711250526594911
realprize,Affiliate,240,240,1.0,0.62835297319015,0.37164702680984996
realprize,Affiliate,270,1,0.1810454270677221,0.62835297319015,0.06728499468723845
realprize,Affiliate,270,2,0.23887105492768182,0.62835297319015,0.0887757173548053
realprize,Affiliate,270,3,0.2587478745260567,0.62835297319015,0.09616287826097708
realprize,Affiliate,270,4,0.26759439863919227,0.62835297319015,0.09945066264522556
realprize,Affiliate,270,5,0.27911806882596873,0.62835297319015,0.10373340040807835
realprize,Affiliate,270,6,0.2922025542397785,0.62835297319015,0.10859621050945759
realprize,Affiliate,270,7,0.30249158818483235,0.62835297319015,0.11242009938388248
realprize,Affiliate,270,8,0.31650377315831485,0.62835297319015,0.1176276862683869
realprize,Affiliate,270,9,0.3328506551730646,0.62835297319015,0.12370295636678007
realprize,Affiliate,270,10,0.34106811055413266,0.62835297319015,0.1267569492270966
realprize,Affiliate,270,11,0.3497162611692874,0.62835297319015,0.12997100869062264
realprize,Affiliate,270,12,0.3567627776793263,0.62835297319015,0.13258982560094512
realprize,Affiliate,270,13,0.3669690740633668,0.62835297319015,0.1363829653068139
realprize,Affiliate,270,14,0.3704708712527941,0.62835297319015,0.13768439782075564
realprize,Affiliate,270,15,0.3742504037372368,0.62835297319015,0.13908904983133
realprize,Affiliate,270,16,0.379936311223933,0.62835297319015,0.14120220044347653
realprize,Affiliate,270,17,0.38575095528226766,0.62835297319015,0.14336319561971417
realprize,Affiliate,270,18,0.3979155789928388,0.62835297319015,0.14788414185400853
realprize,Affiliate,270,19,0.40689967872685023,0.62835297319015,0.15122305580871703
realprize,Affiliate,270,20,0.4105041478430803,0.62835297319015,0.1525626460389919
realprize,Affiliate,270,21,0.4192725939852386,0.62835297319015,0.1558214129774673
realprize,Affiliate,270,22,0.424506679241815,0.62835297319015,0.1577666452011432
realprize,Affiliate,270,23,0.42896000843799753,0.62835297319015,0.15942171175630993
realprize,Affiliate,270,24,0.43290618499426736,0.62835297319015,0.16088829654071435
realprize,Affiliate,270,25,0.43683516096848507,0.62835297319015,0.16234848877993968
realprize,Affiliate,270,26,0.4413343570782235,0.62835297319015,0.16402060163715843
realprize,Affiliate,270,27,0.4455670213934327,0.62835297319015,0.16559365874539006
realprize,Affiliate,270,28,0.45149024505052415,0.62835297319015,0.16779500720667787
realprize,Affiliate,270,29,0.4575835645125764,0.62835297319015,0.1700595712681522
realprize,Affiliate,270,30,0.4610770086445227,0.62835297319015,0.17135789939311635
realprize,Affiliate,270,31,0.46488925540987425,0.62835297319015,0.1727747095689247
realprize,Affiliate,270,32,0.4669896195138139,0.62835297319015,0.17355530364337202
realprize,Affiliate,270,33,0.47317351211319447,0.62835297319015,0.17585352894204326
realprize,Affiliate,270,34,0.4780042499416293,0.62835297319015,0.17764885829327892
realprize,Affiliate,270,35,0.48154282107589325,0.62835297319015,0.1789639577344833
realprize,Affiliate,270,36,0.483328934955552,0.62835297319015,0.17962776164740227
realprize,Affiliate,270,37,0.4872646913912024,0.62835297319015,0.18109047382495946
realprize,Affiliate,270,38,0.4925500799116175,0.62835297319015,0.18305477275410664
realprize,Affiliate,270,39,0.4968410054401652,0.62835297319015,0.18464948246905388
realprize,Affiliate,270,40,0.5004359632894624,0.62835297319015,0.1859855378652519
realprize,Affiliate,270,41,0.5082345218249642,0.62835297319015,0.18888384895837373
realprize,Affiliate,270,42,0.5107219817490741,0.62835297319015,0.18980830604347784
realprize,Affiliate,270,43,0.5147859938651892,0.62835297319015,0.19131868406335123
realprize,Affiliate,270,44,0.5166999785752961,0.62835297319015,0.19203001079022197
realprize,Affiliate,270,45,0.5188980260123482,0.62835297319015,0.1928469085849894
realprize,Affiliate,270,46,0.5207409443224773,0.62835297319015,0.19353182369560232
realprize,Affiliate,270,47,0.5254765268178287,0.62835297319015,0.19529178885021245
realprize,Affiliate,270,48,0.5305716204961679,0.62835297319015,0.19718536526708486
realprize,Affiliate,270,49,0.5368164764218214,0.62835297319015,0.19950624740470985
realprize,Affiliate,270,50,0.5412863156190543,0.62835297319015,0.20116744985267956
realprize,Affiliate,270,51,0.5441390746918711,0.62835297319015,0.20222766928029676
realprize,Affiliate,270,52,0.5464992582033229,0.62835297319015,0.20310482446505346
realprize,Affiliate,270,53,0.54880486888693,0.62835297319015,0.2039616978205971
realprize,Affiliate,270,54,0.551895374788562,0.62835297319015,0.20511027515027688
realprize,Affiliate,270,55,0.5588443013425993,0.62835297319015,0.20769282304360487
realprize,Affiliate,270,56,0.5626284299148681,0.62835297319015,0.20909918317655476
realprize,Affiliate,270,57,0.5667206210859558,0.62835297319015,0.21062003385842704
realprize,Affiliate,270,58,0.5731325258577527,0.62835297319015,0.2130029992030532
realprize,Affiliate,270,59,0.5764881179519663,0.62835297319015,0.21425009502805437
realprize,Affiliate,270,60,0.5786140876673054,0.62835297319015,0.21504020535184792
realprize,Affiliate,270,61,0.581824419983463,0.62835297319015,0.21623331581221947
realprize,Affiliate,270,62,0.5870329911189357,0.62835297319015,0.2181690657886455
realprize,Affiliate,270,63,0.5910594580936729,0.62835297319015,0.21966549026835464
realprize,Affiliate,270,64,0.5936440583977765,0.62835297319015,0.22062604928686655
realprize,Affiliate,270,65,0.5972943961889526,0.62835297319015,0.2219826864738088
realprize,Affiliate,270,66,0.6002559948419497,0.62835297319015,0.22308335580779923
realprize,Affiliate,270,67,0.6024658359549847,0.62835297319015,0.22390463668718086
realprize,Affiliate,270,68,0.6058865756582875,0.62835297319015,0.22517594442740377
realprize,Affiliate,270,69,0.6086492372442235,0.62835297319015,0.22620267939189864
realprize,Affiliate,270,70,0.6136070346054024,0.62835297319015,0.22804523004070654
realprize,Affiliate,270,71,0.6181697956964219,0.62835297319015,0.2297409666342276
realprize,Affiliate,270,72,0.6207712053448483,0.62835297319015,0.23070777279557972
realprize,Affiliate,270,73,0.6229690623123114,0.62835297319015,0.2315245998028907
realprize,Affiliate,270,74,0.6254210085674483,0.62835297319015,0.23243585833850985
realprize,Affiliate,270,75,0.6277440760832899,0.62835297319015,0.2332992194738509
realprize,Affiliate,270,76,0.6311864099252238,0.62835297319015,0.2345785526114926
realprize,Affiliate,270,77,0.6323210073881477,0.62835297319015,0.23500022238521426
realprize,Affiliate,270,78,0.6349384792119231,0.62835297319015,0.23597299800627897
realprize,Affiliate,270,79,0.6376621301520236,0.62835297319015,0.23698523478023514
realprize,Affiliate,270,80,0.6414729268260709,0.62835297319015,0.2384015060339217
realprize,Affiliate,270,81,0.6434685617513339,0.62835297319015,0.2391431778204936
realprize,Affiliate,270,82,0.6453719711875063,0.62835297319015,0.23985057427824888
realprize,Affiliate,270,83,0.6477297802596391,0.62835297319015,0.24072684700969232
realprize,Affiliate,270,84,0.6494306624278033,0.62835297319015,0.24135897481044444
realprize,Affiliate,270,85,0.6532791151026182,0.62835297319015,0.24278924080485778
realprize,Affiliate,270,86,0.6557070932232177,0.62835297319015,0.243691591654538
realprize,Affiliate,270,87,0.6586635700650066,0.62835297319015,0.244790357482621
realprize,Affiliate,270,88,0.6611715896994024,0.62835297319015,0.2457224555229249
realprize,Affiliate,270,89,0.663105880188331,0.62835297319015,0.24644132883212183
realprize,Affiliate,270,90,0.6652995661018352,0.62835297319015,0.2472566056796303
realprize,Affiliate,270,91,0.6698451822291761,0.62835297319015,0.24894597039837543
realprize,Affiliate,270,92,0.6736887019002739,0.62835297319015,0.2503744030566241
realprize,Affiliate,270,93,0.6768565755927395,0.62835297319015,0.2515517338957381
realprize,Affiliate,270,94,0.6800089467264281,0.62835297319015,0.25272330325497466
realprize,Affiliate,270,95,0.6831026678338641,0.62835297319015,0.2538730755063321
realprize,Affiliate,270,96,0.6851889495781859,0.62835297319015,0.25464843591369696
realprize,Affiliate,270,97,0.6869373477853984,0.62835297319015,0.25529822290908716
realprize,Affiliate,270,98,0.6895139498168801,0.62835297319015,0.25625580939335957
realprize,Affiliate,270,99,0.6938687304035951,0.62835297319015,0.2578742506508215
realprize,Affiliate,270,100,0.6962214601337899,0.62835297319015,0.2587486356599355
realprize,Affiliate,270,101,0.7009769161918399,0.62835297319015,0.2605159867650347
realprize,Affiliate,270,102,0.7029241409573432,0.62835297319015,0.2612396670596645
realprize,Affiliate,270,103,0.7045681619991917,0.62835297319015,0.2618506625918803
realprize,Affiliate,270,104,0.7073934846814046,0.62835297319015,0.2629006853665032
realprize,Affiliate,270,105,0.7099280875878796,0.62835297319015,0.2638426630008382
realprize,Affiliate,270,106,0.7129439486230443,0.62835297319015,0.2649634987878288
realprize,Affiliate,270,107,0.7149443108545515,0.62835297319015,0.26570692746371116
realprize,Affiliate,270,108,0.7167521465966238,0.62835297319015,0.26637880424221294
realprize,Affiliate,270,109,0.7186316017280068,0.62835297319015,0.2670772981538139
realprize,Affiliate,270,110,0.721371971596495,0.62835297319015,0.2680957484677969
realprize,Affiliate,270,111,0.724248572708,0.62835297319015,0.26916482871820563
realprize,Affiliate,270,112,0.7265648937205994,0.62835297319015,0.2700256825356754
realprize,Affiliate,270,113,0.7297267795074571,0.62835297319015,0.2712007879874734
realprize,Affiliate,270,114,0.7344252900435391,0.62835297319015,0.272946975458643
realprize,Affiliate,270,115,0.7389655870020894,0.62835297319015,0.274634363324122
realprize,Affiliate,270,116,0.7401769559792671,0.62835297319015,0.2750845650028598
realprize,Affiliate,270,117,0.7422774654221211,0.62835297319015,0.2758652130920825
realprize,Affiliate,270,118,0.743393852986214,0.62835297319015,0.2762801152110451
realprize,Affiliate,270,119,0.7447474253618444,0.62835297319015,0.2767831663600201
realprize,Affiliate,270,120,0.7466707755774801,0.62835297319015,0.2774979737491752
realprize,Affiliate,270,121,0.7481189034172503,0.62835297319015,0.2780361661552664
realprize,Affiliate,270,122,0.7491723472260658,0.62835297319015,0.2784276754147239
realprize,Affiliate,270,123,0.7509399130900019,0.62835297319015,0.2790845860127463
realprize,Affiliate,270,124,0.7520285277463554,0.62835297319015,0.27948916641312177
realprize,Affiliate,270,125,0.753534176344454,0.62835297319015,0.2800487362380255
realprize,Affiliate,270,126,0.7551957144468492,0.62835297319015,0.2806662419337119
realprize,Affiliate,270,127,0.7565871400823607,0.62835297319015,0.2811833611341768
realprize,Affiliate,270,128,0.7584737321088824,0.62835297319015,0.28188450745163673
realprize,Affiliate,270,129,0.7666155149707727,0.62835297319015,0.2849103768451897
realprize,Affiliate,270,130,0.7704282638300978,0.62835297319015,0.2863273736227305
realprize,Affiliate,270,131,0.7723007007890851,0.62835297319015,0.287023259251427
realprize,Affiliate,270,132,0.7736153176586225,0.62835297319015,0.2875118327023847
realprize,Affiliate,270,133,0.7749335339048254,0.62835297319015,0.28800174385097843
realprize,Affiliate,270,134,0.7768126017313941,0.62835297319015,0.2887000938218967
realprize,Affiliate,270,135,0.7793356431251044,0.62835297319015,0.28963777465438734
realprize,Affiliate,270,136,0.7812650449784448,0.62835297319015,0.29035483111670274
realprize,Affiliate,270,137,0.7853764064267016,0.62835297319015,0.29188280637508796
realprize,Affiliate,270,138,0.7864155314428571,0.62835297319015,0.2922689940978259
realprize,Affiliate,270,139,0.7891434224504993,0.62835297319015,0.29328280668027745
realprize,Affiliate,270,140,0.7912752480953266,0.62835297319015,0.29407509334285453
realprize,Affiliate,270,141,0.7940057080417813,0.62835297319015,0.2950898606637778
realprize,Affiliate,270,142,0.7965637056084771,0.62835297319015,0.2960405328540271
realprize,Affiliate,270,143,0.7986519156813319,0.62835297319015,0.296816609918958
realprize,Affiliate,270,144,0.8002089195846074,0.62835297319015,0.29739526579034165
realprize,Affiliate,270,145,0.8026186056587139,0.62835297319015,0.29829081845532845
realprize,Affiliate,270,146,0.8046452210226971,0.62835297319015,0.29904400402983994
realprize,Affiliate,270,147,0.8066583602631975,0.62835297319015,0.2997921812431262
realprize,Affiliate,270,148,0.8078278345943334,0.62835297319015,0.3002268129012233
realprize,Affiliate,270,149,0.8107954383632531,0.62835297319015,0.30132971401869196
realprize,Affiliate,270,150,0.8127538567024989,0.62835297319015,0.30205755437172255
realprize,Affiliate,270,151,0.8145583844902451,0.62835297319015,0.3027282017588342
realprize,Affiliate,270,152,0.8173939814928415,0.62835297319015,0.30378204295408007
realprize,Affiliate,270,153,0.820571513961508,0.62835297319015,0.3049629634486517
realprize,Affiliate,270,154,0.8241190431025287,0.62835297319015,0.3062813921064334
realprize,Affiliate,270,155,0.8306680737490226,0.62835297319015,0.3087153198746894
realprize,Affiliate,270,156,0.8344236844527029,0.62835297319015,0.31011108142656746
realprize,Affiliate,270,157,0.8366774326143857,0.62835297319015,0.310948680230035
realprize,Affiliate,270,158,0.8392639550339273,0.62835297319015,0.31190995359703466
realprize,Affiliate,270,159,0.8412865871423537,0.62835297319015,0.3126616588064615
realprize,Affiliate,270,160,0.8430183675597211,0.62835297319015,0.3133052698496636
realprize,Affiliate,270,161,0.8451822169138506,0.62835297319015,0.31410945802859025
realprize,Affiliate,270,162,0.8471693589932788,0.62835297319015,0.3148479734742585
realprize,Affiliate,270,163,0.8480759243457645,0.62835297319015,0.3151848957921186
realprize,Affiliate,270,164,0.8492873480888027,0.62835297319015,0.3156351178244256
realprize,Affiliate,270,165,0.8503202852629779,0.62835297319015,0.3160190058540892
realprize,Affiliate,270,166,0.8516070013062258,0.62835297319015,0.3164972100459108
realprize,Affiliate,270,167,0.8526878655958612,0.62835297319015,0.3168989100455388
realprize,Affiliate,270,168,0.8549386547374355,0.62835297319015,0.3177354091379807
realprize,Affiliate,270,169,0.8570457854057717,0.62835297319015,0.31851851798596775
realprize,Affiliate,270,170,0.8588820529257314,0.62835297319015,0.3192009613501883
realprize,Affiliate,270,171,0.8604422003517463,0.62835297319015,0.31978078550245176
realprize,Affiliate,270,172,0.8622276312807935,0.62835297319015,0.3204443355988065
realprize,Affiliate,270,173,0.863963576684312,0.62835297319015,0.32108949454672836
realprize,Affiliate,270,174,0.865624042991688,0.62835297319015,0.3217066019129826
realprize,Affiliate,270,175,0.8684909292116127,0.62835297319015,0.32277207165281974
realprize,Affiliate,270,176,0.8699132082991174,0.62835297319015,0.3233006574469847
realprize,Affiliate,270,177,0.8718661603725542,0.62835297319015,0.32402646627857956
realprize,Affiliate,270,178,0.8736824482762564,0.62835297319015,0.3247014842778212
realprize,Affiliate,270,179,0.8768272609631075,0.62835297319015,0.3258702445627633
realprize,Affiliate,270,180,0.8784489767598209,0.62835297319015,0.3264729504169424
realprize,Affiliate,270,181,0.8795093799943049,0.62835297319015,0.32686704612625794
realprize,Affiliate,270,182,0.8806484493133956,0.62835297319015,0.3272903778520283
realprize,Affiliate,270,183,0.8830086743007319,0.62835297319015,0.3281675484511742
realprize,Affiliate,270,184,0.8861450742091546,0.62835297319015,0.3293331821520261
realprize,Affiliate,270,185,0.8875300173413563,0.62835297319015,0.3298478921494096
realprize,Affiliate,270,186,0.8900874140857186,0.62835297319015,0.33079834104582506
realprize,Affiliate,270,187,0.8913995228142515,0.62835297319015,0.3312859823536356
realprize,Affiliate,270,188,0.893281456275399,0.62835297319015,0.331985397329125
realprize,Affiliate,270,189,0.8949563641540631,0.62835297319015,0.3326078718624109
realprize,Affiliate,270,190,0.898879944442409,0.62835297319015,0.3340660588110244
realprize,Affiliate,270,191,0.9004078242399915,0.62835297319015,0.3346338907951188
realprize,Affiliate,270,192,0.9022265910432188,0.62835297319015,0.33530983006999865
realprize,Affiliate,270,193,0.9042720564442543,0.62835297319015,0.33607002120473595
realprize,Affiliate,270,194,0.9061174406986738,0.62835297319015,0.33675585277621267
realprize,Affiliate,270,195,0.9073273744356425,0.62835297319015,0.337205521052194
realprize,Affiliate,270,196,0.9090974609166177,0.62835297319015,0.3378633684300447
realprize,Affiliate,270,197,0.91012136681117,0.62835297319015,0.3382439000114882
realprize,Affiliate,270,198,0.9115054482964725,0.62835297319015,0.33875828978036343
realprize,Affiliate,270,199,0.912885260945263,0.62835297319015,0.339271093048841
realprize,Affiliate,270,200,0.9140528440141182,0.62835297319015,0.3397050218249346
realprize,Affiliate,270,201,0.9150802741665788,0.62835297319015,0.34008686318635134
realprize,Affiliate,270,202,0.9169049723146552,0.62835297319015,0.3407650068279094
realprize,Affiliate,270,203,0.9183773312608895,0.62835297319015,0.34131220465267426
realprize,Affiliate,270,204,0.9190281859571532,0.62835297319015,0.3415540928654259
realprize,Affiliate,270,205,0.9209135743184391,0.62835297319015,0.3422547918442797
realprize,Affiliate,270,206,0.9218716553600999,0.62835297319015,0.3426108598148558
realprize,Affiliate,270,207,0.9233967902871466,0.62835297319015,0.34317767167597657
realprize,Affiliate,270,208,0.9241653560287973,0.62835297319015,0.34346330684876897
realprize,Affiliate,270,209,0.9260065407178854,0.62835297319015,0.34414757766427634
realprize,Affiliate,270,210,0.926867668083229,0.62835297319015,0.3444676130893109
realprize,Affiliate,270,211,0.9290031946781002,0.62835297319015,0.34526127519896815
realprize,Affiliate,270,212,0.9302306367059965,0.62835297319015,0.34571745037921725
realprize,Affiliate,270,213,0.9323869359961864,0.62835297319015,0.34651883259932853
realprize,Affiliate,270,214,0.9341755092235164,0.62835297319015,0.34718355052149746
realprize,Affiliate,270,215,0.9353873479179551,0.62835297319015,0.3476339267692587
realprize,Affiliate,270,216,0.9364623413948785,0.62835297319015,0.3480334448987973
realprize,Affiliate,270,217,0.9372374045135141,0.62835297319015,0.3483214948024282
realprize,Affiliate,270,218,0.9392518970378698,0.62835297319015,0.34907017495963566
realprize,Affiliate,270,219,0.9399988395206916,0.62835297319015,0.3493477739125743
realprize,Affiliate,270,220,0.9415951419270319,0.62835297319015,0.3499410349557801
realprize,Affiliate,270,221,0.9443001953884406,0.62835297319015,0.3509463600320743
realprize,Affiliate,270,222,0.9450176196893774,0.62835297319015,0.3512129886404786
realprize,Affiliate,270,223,0.9463757937530898,0.62835297319015,0.3517177499931476
realprize,Affiliate,270,224,0.9481452481345409,0.62835297319015,0.3523753624530896
realprize,Affiliate,270,225,0.9497405980621463,0.62835297319015,0.3529682695104054
realprize,Affiliate,270,226,0.9515603173441083,0.62835297319015,0.3536445627711751
realprize,Affiliate,270,227,0.9524025683127052,0.62835297319015,0.3539575828394819
realprize,Affiliate,270,228,0.9540264839434605,0.62835297319015,0.3545611062554421
realprize,Affiliate,270,229,0.9552208039562945,0.62835297319015,0.3550049717372714
realprize,Affiliate,270,230,0.9559529397242377,0.62835297319015,0.35527706781864865
realprize,Affiliate,270,231,0.9569943324356511,0.62835297319015,0.3556640983235869
realprize,Affiliate,270,232,0.9580356341420511,0.62835297319015,0.35605109500678245
realprize,Affiliate,270,233,0.9599358119004213,0.62835297319015,0.35675729042109094
realprize,Affiliate,270,234,0.9606628389187856,0.62835297319015,0.35702748785087646
realprize,Affiliate,270,235,0.9612521808065685,0.62835297319015,0.3572465150112455
realprize,Affiliate,270,236,0.9622519371223306,0.62835297319015,0.35761807147353286
realprize,Affiliate,270,237,0.9632256734508344,0.62835297319015,0.357979957684918
realprize,Affiliate,270,238,0.964180161049995,0.62835297319015,0.35833469016327296
realprize,Affiliate,270,239,0.9650559912234468,0.62835297319015,0.3586601898432266
realprize,Affiliate,270,240,0.9664133080562982,0.62835297319015,0.3591646326085948
realprize,Affiliate,270,241,0.9683560010018363,0.62835297319015,0.35988662866580856
realprize,Affiliate,270,242,0.9698327153735585,0.62835297319015,0.3604354451715065
realprize,Affiliate,270,243,0.9715840813179435,0.62835297319015,0.3610863351175932
realprize,Affiliate,270,244,0.9724050351217945,0.62835297319015,0.36139144015794267
realprize,Affiliate,270,245,0.9741914328876942,0.62835297319015,0.362055349576339
realprize,Affiliate,270,246,0.9753357494987245,0.62835297319015,0.36248063144255754
realprize,Affiliate,270,247,0.9761268523592562,0.62835297319015,0.36277464246857494
realprize,Affiliate,270,248,0.9766980278798951,0.62835297319015,0.362986918152607
realprize,Affiliate,270,249,0.9778328110446787,0.62835297319015,0.36340865694187263
realprize,Affiliate,270,250,0.9783346980668006,0.62835297319015,0.36359518176143873
realprize,Affiliate,270,251,0.9795205427506737,0.62835297319015,0.3640358974124584
realprize,Affiliate,270,252,0.9804276055677331,0.62835297319015,0.3643730046115483
realprize,Affiliate,270,253,0.9813910291492071,0.62835297319015,0.3647310581211616
realprize,Affiliate,270,254,0.9819985287452364,0.62835297319015,0.36495683353981406
realprize,Affiliate,270,255,0.9830234391584982,0.62835297319015,0.3653377384476493
realprize,Affiliate,270,256,0.9838213738892287,0.62835297319015,0.36563428851791363
realprize,Affiliate,270,257,0.9842523531989849,0.62835297319015,0.36579446069700106
realprize,Affiliate,270,258,0.9849534554779641,0.62835297319015,0.36605502327447326
realprize,Affiliate,270,259,0.9858787885689386,0.62835297319015,0.3663989205665427
realprize,Affiliate,270,260,0.9868889269029119,0.62835297319015,0.3667743354750305
realprize,Affiliate,270,261,0.9876514380836006,0.62835297319015,0.36705772048824276
realprize,Affiliate,270,262,0.9884476670115057,0.62835297319015,0.3673536366019587
realprize,Affiliate,270,263,0.9906575757879897,0.62835297319015,0.36817494262826
realprize,Affiliate,270,264,0.9917725567466963,0.62835297319015,0.3685893219865129
realprize,Affiliate,270,265,0.992821947768403,0.62835297319015,0.36897932503969116
realprize,Affiliate,270,266,0.9945263824878493,0.62835297319015,0.36961277313556484
realprize,Affiliate,270,267,0.9958736369889892,0.62835297319015,0.37011347626526964
realprize,Affiliate,270,268,0.996650816342196,0.62835297319015,0.37040231266118695
realprize,Affiliate,270,269,0.9982253502799947,0.62835297319015,0.37098748351778105
realprize,Affiliate,270,270,1.0,0.62835297319015,0.37164702680984996
realprize,Affiliate,365,1,0.1623177705025782,0.62835297319015,0.06032491680568675
realprize,Affiliate,365,2,0.21416181397918835,0.62835297319015,0.07959260142156951
realprize,Affiliate,365,3,0.23198254049045947,0.62835297319015,0.08621562144507489
realprize,Affiliate,365,4,0.23991396463079045,0.62835297319015,0.08916331164519678
realprize,Affiliate,365,5,0.2502456061586646,0.62835297319015,0.09300303550109637
realprize,Affiliate,365,6,0.26197660944851103,0.62835297319015,0.09736282799526437
realprize,Affiliate,365,7,0.27120132767330096,0.62835297319015,0.10079116709666619
realprize,Affiliate,365,8,0.2837640676530003,0.62835297319015,0.10546007205870667
realprize,Affiliate,365,9,0.2984199995165007,0.62835297319015,0.11090690556090435
realprize,Affiliate,365,10,0.30578742689791943,0.62835297319015,0.1136449880424461
realprize,Affiliate,365,11,0.3135409976428868,0.62835297319015,0.11652657955697304
realprize,Affiliate,365,12,0.3198586101241525,0.62835297319015,0.11887450145217225
realprize,Affiliate,365,13,0.32900914930637826,0.62835297319015,0.12227527213295349
realprize,Affiliate,365,14,0.3321487144516907,0.62835297319015,0.12344208218468469
realprize,Affiliate,365,15,0.33553728546589995,0.62835297319015,0.12470143452724959
realprize,Affiliate,365,16,0.3406350327079732,0.62835297319015,0.12659599713319422
realprize,Affiliate,365,17,0.34584819978488524,0.62835297319015,0.1285334551775916
realprize,Affiliate,365,18,0.3567544934796943,0.62835297319015,0.13258674680278237
realprize,Affiliate,365,19,0.3648092621773431,0.62835297319015,0.1355802776409046
realprize,Affiliate,365,20,0.3680408786852431,0.62835297319015,0.13678129830785526
realprize,Affiliate,365,21,0.3759023013768788,0.62835297319015,0.13970297267769718
realprize,Affiliate,365,22,0.3805949636729008,0.62835297319015,0.14144698666783642
realprize,Affiliate,365,23,0.3845876326850156,0.62835297319015,0.14293085023522473
realprize,Affiliate,365,24,0.3881256098159357,0.62835297319015,0.14424572891685242
realprize,Affiliate,365,25,0.39164816562318433,0.62835297319015,0.14555487630938815
realprize,Affiliate,365,26,0.39568195699485725,0.62835297319015,0.1470540228794416
realprize,Affiliate,365,27,0.39947678708837614,0.62835297319015,0.14846436020094644
realprize,Affiliate,365,28,0.40478730209987973,0.62835297319015,0.15043799731580085
realprize,Affiliate,365,29,0.4102503179078975,0.62835297319015,0.15246831089826585
realprize,Affiliate,365,30,0.41338239405064775,0.62835297319015,0.15363233768446105
realprize,Affiliate,365,31,0.41680029532316126,0.62835297319015,0.1549025905303203
realprize,Affiliate,365,32,0.41868339407973804,0.62835297319015,0.15560243858439138
realprize,Affiliate,365,33,0.4242276139808758,0.62835297319015,0.1576629314266292
realprize,Affiliate,365,34,0.4285586518142738,0.62835297319015,0.15927254876041258
realprize,Affiliate,365,35,0.4317311869430603,0.62835297319015,0.16045161200847588
realprize,Affiliate,365,36,0.4333325420698124,0.62835297319015,0.1610467508802
realprize,Affiliate,365,37,0.43686117695566884,0.62835297319015,0.16235815754422606
realprize,Affiliate,365,38,0.44159983561592203,0.62835297319015,0.1641192659463759
realprize,Affiliate,365,39,0.4454469002806701,0.62835297319015,0.16554901609097475
realprize,Affiliate,365,40,0.44866998938377345,0.62835297319015,0.16674686757328636
realprize,Affiliate,365,41,0.45566185134415865,0.62835297319015,0.1693453722827284
realprize,Affiliate,365,42,0.4578920040502252,0.62835297319015,0.17017420190526997
realprize,Affiliate,365,43,0.4615356276239733,0.62835297319015,0.17152834377326773
realprize,Affiliate,365,44,0.4632516263981615,0.62835297319015,0.17216608961570412
realprize,Affiliate,365,45,0.46522230395251774,0.62835297319015,0.17289848606958153
realprize,Affiliate,365,46,0.46687458755980615,0.62835297319015,0.1735125523596769
realprize,Affiliate,365,47,0.4711203130946961,0.62835297319015,0.17509046363136943
realprize,Affiliate,365,48,0.4756883613451523,0.62835297319015,0.1767881651819754
realprize,Affiliate,365,49,0.48128723841915155,0.62835297319015,0.17886897120000106
realprize,Affiliate,365,50,0.48529470960884635,0.62835297319015,0.18035833595267728
realprize,Affiliate,365,51,0.48785237427887085,0.62835297319015,0.18130888442286847
realprize,Affiliate,365,52,0.4899684162676724,0.62835297319015,0.18209530513661137
realprize,Affiliate,365,53,0.492035530537673,0.62835297319015,0.18286354200913332
realprize,Affiliate,365,54,0.49480634908748544,0.62835297319015,0.18389330848500068
realprize,Affiliate,365,55,0.5010364664889904,0.62835297319015,0.1862087130939463
realprize,Affiliate,365,56,0.5044291581636384,0.62835297319015,0.18746959686771178
realprize,Affiliate,365,57,0.5080980459014813,0.62835297319015,0.1888331280871802
realprize,Affiliate,365,58,0.5138466919959425,0.62835297319015,0.19096959531636873
realprize,Affiliate,365,59,0.5168551757575627,0.62835297319015,0.1920876893615806
realprize,Affiliate,365,60,0.5187612314361784,0.62835297319015,0.19279606928747214
realprize,Affiliate,365,61,0.5216394813459989,0.62835297319015,0.19386576230887267
realprize,Affiliate,365,62,0.5263092687463609,0.62835297319015,0.1956012749120513
realprize,Affiliate,365,63,0.5299192309140169,0.62835297319015,0.19694290661855673
realprize,Affiliate,365,64,0.5322364756287671,0.62835297319015,0.19780410372718446
realprize,Affiliate,365,65,0.5355092160754141,0.62835297319015,0.19902040798370116
realprize,Affiliate,365,66,0.5381644617685192,0.62835297319015,0.2000072221509933
realprize,Affiliate,365,67,0.5401457130403262,0.62835297319015,0.20074354829552363
realprize,Affiliate,365,68,0.5432126054280698,0.62835297319015,0.2018833497329743
realprize,Affiliate,365,69,0.5456894924533051,0.62835297319015,0.2028038774316469
realprize,Affiliate,365,70,0.5501344465584929,0.62835297319015,0.20445583140914617
realprize,Affiliate,365,71,0.5542252276382776,0.62835297319015,0.20597615803477817
realprize,Affiliate,365,72,0.556557542909287,0.62835297319015,0.20684295607083203
realprize,Affiliate,365,73,0.5585280496965627,0.62835297319015,0.20757528905963163
realprize,Affiliate,365,74,0.5607263623298726,0.62835297319015,0.2083922854137998
realprize,Affiliate,365,75,0.5628091276667585,0.62835297319015,0.20916633895879608
realprize,Affiliate,365,76,0.5658953804575528,0.62835297319015,0.21031333563247837
realprize,Affiliate,365,77,0.5669126131686049,0.62835297319015,0.2106913871451146
realprize,Affiliate,365,78,0.569259329115369,0.62835297319015,0.21156353714949674
realprize,Affiliate,365,79,0.5717012408244065,0.62835297319015,0.2124710663758927
realprize,Affiliate,365,80,0.5751178420056041,0.62835297319015,0.21374083604667982
realprize,Affiliate,365,81,0.5769070449534621,0.62835297319015,0.21440578800261065
realprize,Affiliate,365,82,0.5786135623786026,0.62835297319015,0.21504001012986332
realprize,Affiliate,365,83,0.5807274755442534,0.62835297319015,0.21582563967281163
realprize,Affiliate,365,84,0.5822524154772611,0.62835297319015,0.21639237906497757
realprize,Affiliate,365,85,0.5857027774564509,0.62835297319015,0.21767469583596122
realprize,Affiliate,365,86,0.5878796012611048,0.62835297319015,0.21848370593084973
realprize,Affiliate,365,87,0.5905302549521377,0.62835297319015,0.21946881349422467
realprize,Affiliate,365,88,0.5927788406359922,0.62835297319015,0.22030449367815635
realprize,Affiliate,365,89,0.5945130447236205,0.62835297319015,0.22094900547120494
realprize,Affiliate,365,90,0.5964798119180755,0.62835297319015,0.22167994865145127
realprize,Affiliate,365,91,0.6005552215393003,0.62835297319015,0.22319456252021172
realprize,Affiliate,365,92,0.6040011607933309,0.62835297319015,0.22447523559853955
realprize,Affiliate,365,93,0.6068413440739748,0.62835297319015,0.2255307812703859
realprize,Affiliate,365,94,0.6096676284077162,0.62835297319015,0.22658116143994012
realprize,Affiliate,365,95,0.6124413295768042,0.62835297319015,0.2276119992326907
realprize,Affiliate,365,96,0.6143118026777452,0.62835297319015,0.22830715499938323
realprize,Affiliate,365,97,0.6158793435073696,0.62835297319015,0.22888972688811618
realprize,Affiliate,365,98,0.6181894173048484,0.62835297319015,0.22974825894666054
realprize,Affiliate,365,99,0.6220937317485327,0.62835297319015,0.23119928580138652
realprize,Affiliate,365,100,0.6242030909882859,0.62835297319015,0.23198322289131468
realprize,Affiliate,365,101,0.6284666343296866,0.62835297319015,0.2335677560978212
realprize,Affiliate,365,102,0.6302124347496315,0.62835297319015,0.23421657763329712
realprize,Affiliate,365,103,0.631686395370975,0.62835297319015,0.23476437071585424
realprize,Affiliate,365,104,0.6342194617187686,0.62835297319015,0.23570577729272382
realprize,Affiliate,365,105,0.6364918808544063,0.62835297319015,0.23655031510814936
realprize,Affiliate,365,106,0.6391957759336806,0.62835297319015,0.23755520967516744
realprize,Affiliate,365,107,0.6409892171869321,0.62835297319015,0.2382217367846965
realprize,Affiliate,365,108,0.6426100472285454,0.62835297319015,0.23882411345062618
realprize,Affiliate,365,109,0.6442950882242044,0.62835297319015,0.23945035392671554
realprize,Affiliate,365,110,0.646751989426349,0.62835297319015,0.24036345395365813
realprize,Affiliate,365,111,0.6493310298727563,0.62835297319015,0.24132194666758772
realprize,Affiliate,365,112,0.6514077465765301,0.62835297319015,0.24209375225607163
realprize,Affiliate,365,113,0.6542425613510261,0.62835297319015,0.2431473027385697
realprize,Affiliate,365,114,0.658455049715145,0.62835297319015,0.2447128615145656
realprize,Affiliate,365,115,0.6625256903917296,0.62835297319015,0.24622570301922947
realprize,Affiliate,365,116,0.663611753236929,0.62835297319015,0.2466293350465765
realprize,Affiliate,365,117,0.6654949822983077,0.62835297319015,0.2473292315280398
realprize,Affiliate,365,118,0.6664958887744076,0.62835297319015,0.24770121544399704
realprize,Affiliate,365,119,0.6677094452490708,0.62835297319015,0.24815223009967147
realprize,Affiliate,365,120,0.6694338407444669,0.62835297319015,0.2487930965585797
realprize,Affiliate,365,121,0.6707321717001906,0.62835297319015,0.24927561739808962
realprize,Affiliate,365,122,0.6716766454334747,0.62835297319015,0.24962662825296467
realprize,Affiliate,365,123,0.6732613711837873,0.62835297319015,0.25021558686637735
realprize,Affiliate,365,124,0.6742373776304436,0.62835297319015,0.2505783167604244
realprize,Affiliate,365,125,0.6755872792963513,0.62835297319015,0.25108000370104466
realprize,Affiliate,365,126,0.6770769449827704,0.62835297319015,0.251633633524343
realprize,Affiliate,365,127,0.6783244391097106,0.62835297319015,0.25209726100758306
realprize,Affiliate,365,128,0.6800158787475556,0.62835297319015,0.2527258795200165
realprize,Affiliate,365,129,0.687315461307925,0.62835297319015,0.25543874767553076
realprize,Affiliate,365,130,0.6907338127369306,0.62835297319015,0.2567091678207119
realprize,Affiliate,365,131,0.6924125615322578,0.62835297319015,0.2573330698192559
realprize,Affiliate,365,132,0.6935911921267139,0.62835297319015,0.25777110437539263
realprize,Affiliate,365,133,0.6947730497719993,0.62835297319015,0.2582103382553754
realprize,Affiliate,365,134,0.6964577435263335,0.62835297319015,0.2588364496802589
realprize,Affiliate,365,135,0.698719797092368,0.62835297319015,0.2596771351625602
realprize,Affiliate,365,136,0.7004496182334489,0.62835297319015,0.26032001804655575
realprize,Affiliate,365,137,0.7041356932413619,0.62835297319015,0.26168993686384473
realprize,Affiliate,365,138,0.7050673293430169,0.62835297319015,0.2620361766510935
realprize,Affiliate,365,139,0.7075130425195716,0.62835297319015,0.2629451186815897
realprize,Affiliate,365,140,0.7094243483800567,0.62835297319015,0.26365544982196326
realprize,Affiliate,365,141,0.7118723647598869,0.62835297319015,0.26456524783110896
realprize,Affiliate,365,142,0.7141657585710532,0.62835297319015,0.2654175808223331
realprize,Affiliate,365,143,0.7160379605308411,0.62835297319015,0.2661133791142758
realprize,Affiliate,365,144,0.7174339052190709,0.62835297319015,0.2666321778072474
realprize,Affiliate,365,145,0.719594329138609,0.62835297319015,0.26743509293359263
realprize,Affiliate,365,146,0.72141130785426,0.62835297319015,0.26811036767104107
realprize,Affiliate,365,147,0.7232162044402812,0.62835297319015,0.2687811521209351
realprize,Affiliate,365,148,0.7242647062951166,0.62835297319015,0.26917082471788933
realprize,Affiliate,365,149,0.7269253359244191,0.62835297319015,0.27015963980906177
realprize,Affiliate,365,150,0.7286811720352027,0.62835297319015,0.27081219107919985
realprize,Affiliate,365,151,0.730299036303088,0.62835297319015,0.27141346552414136
realprize,Affiliate,365,152,0.7328413141775415,0.62835297319015,0.27235829553750646
realprize,Affiliate,365,153,0.7356901571136326,0.62835297319015,0.2734170595445529
realprize,Affiliate,365,154,0.7388707236172429,0.62835297319015,0.2745991076291907
realprize,Affiliate,365,155,0.7447423110453767,0.62835297319015,0.2767812656395107
realprize,Affiliate,365,156,0.7481094347897891,0.62835297319015,0.27803264716802245
realprize,Affiliate,365,157,0.7501300512881102,0.62835297319015,0.2787836032819464
realprize,Affiliate,365,158,0.7524490192913057,0.62835297319015,0.2796454408456012
realprize,Affiliate,365,159,0.7542624267863424,0.62835297319015,0.28031938834952624
realprize,Affiliate,365,160,0.7558150687994541,0.62835297319015,0.2808964231373993
realprize,Affiliate,365,161,0.7577550857805755,0.62835297319015,0.2816174246803937
realprize,Affiliate,365,162,0.7595366743974699,0.62835297319015,0.28227954679286077
realprize,Affiliate,365,163,0.7603494630396006,0.62835297319015,0.2825816172751335
realprize,Affiliate,365,164,0.7614355749855837,0.62835297319015,0.28298526755064074
realprize,Affiliate,365,165,0.7623616633264874,0.62835297319015,0.28332944552910083
realprize,Affiliate,365,166,0.7635152792050689,0.62835297319015,0.28375818344045634
realprize,Affiliate,365,167,0.7644843369965361,0.62835297319015,0.284118330887462
realprize,Affiliate,365,168,0.7665023005609793,0.62835297319015,0.284868301046398
realprize,Affiliate,365,169,0.7683914659366616,0.62835297319015,0.2855704037414224
realprize,Affiliate,365,170,0.7700377867231826,0.62835297319015,0.28618225396690816
realprize,Affiliate,365,171,0.7714365497626454,0.62835297319015,0.286702100091736
realprize,Affiliate,365,172,0.7730372925843951,0.62835297319015,0.28729701140212655
realprize,Affiliate,365,173,0.7745936687501843,0.62835297319015,0.2878754339767398
realprize,Affiliate,365,174,0.7760823735099411,0.62835297319015,0.2884287066745011
realprize,Affiliate,365,175,0.778652703990195,0.62835297319015,0.2893839623554062
realprize,Affiliate,365,176,0.7799278600339312,0.62835297319015,0.2898578703077793
realprize,Affiliate,365,177,0.7816787953190298,0.62835297319015,0.2905086002006227
realprize,Affiliate,365,178,0.7833072032158472,0.62835297319015,0.29111379315390856
realprize,Affiliate,365,179,0.7861267109617509,0.62835297319015,0.292161654824741
realprize,Affiliate,365,180,0.7875806736316441,0.62835297319015,0.29270201572809934
realprize,Affiliate,365,181,0.7885313868953974,0.62835297319015,0.29305534548592194
realprize,Affiliate,365,182,0.7895526288859699,0.62835297319015,0.29343488703537157
realprize,Affiliate,365,183,0.7916687080603177,0.62835297319015,0.2942213215690122
realprize,Affiliate,365,184,0.7944806732603512,0.62835297319015,0.29526638007509737
realprize,Affiliate,365,185,0.7957223554454956,0.62835297319015,0.2957278475674491
realprize,Affiliate,365,186,0.7980152105844446,0.62835297319015,0.29657998036274513
realprize,Affiliate,365,187,0.7991915924844015,0.62835297319015,0.29701717919825704
realprize,Affiliate,365,188,0.8008788554470468,0.62835297319015,0.29764424546177054
realprize,Affiliate,365,189,0.8023805079166243,0.62835297319015,0.29820233013739067
realprize,Affiliate,365,190,0.8058982261772127,0.62835297319015,0.2995096796700931
realprize,Affiliate,365,191,0.807268059408332,0.62835297319015,0.3000187741176639
realprize,Affiliate,365,192,0.808898689782959,0.62835297319015,0.3006247930482199
realprize,Affiliate,365,193,0.8107325686547632,0.62835297319015,0.3013063486784553
realprize,Affiliate,365,194,0.8123870631247389,0.62835297319015,0.3019212366290951
realprize,Affiliate,365,195,0.813471839193494,0.62835297319015,0.3023243904298024
realprize,Affiliate,365,196,0.8150588248237974,0.62835297319015,0.30291418892089467
realprize,Affiliate,365,197,0.8159768160964851,0.62835297319015,0.3032553576480264
realprize,Affiliate,365,198,0.817217725764997,0.62835297319015,0.30371653803686843
realprize,Affiliate,365,199,0.818454808172934,0.62835297319015,0.304176296035697
realprize,Affiliate,365,200,0.8195016144009767,0.62835297319015,0.3045653384579951
realprize,Affiliate,365,201,0.8204227653761523,0.62835297319015,0.30490768147916214
realprize,Affiliate,365,202,0.8220587135469126,0.62835297319015,0.3055156767528402
realprize,Affiliate,365,203,0.8233787691009415,0.62835297319015,0.30600627147471887
realprize,Affiliate,365,204,0.8239622982456966,0.62835297319015,0.30622313834642395
realprize,Affiliate,365,205,0.8256526587275494,0.62835297319015,0.30685135579374145
realprize,Affiliate,365,206,0.8265116341855984,0.62835297319015,0.30717059146882797
realprize,Affiliate,365,207,0.8278790064804049,0.62835297319015,0.307678771316735
realprize,Affiliate,365,208,0.828568070433524,0.62835297319015,0.3079348598861935
realprize,Affiliate,365,209,0.8302187997485729,0.62835297319015,0.30854834852819935
realprize,Affiliate,365,210,0.8309908505886588,0.62835297319015,0.3088352789274633
realprize,Affiliate,365,211,0.8329054745664233,0.62835297319015,0.3095468432362583
realprize,Affiliate,365,212,0.8340059478377794,0.62835297319015,0.3099558308556415
realprize,Affiliate,365,213,0.8359391957468193,0.62835297319015,0.31067431669312257
realprize,Affiliate,365,214,0.8375427558220054,0.62835297319015,0.3112702750273765
realprize,Affiliate,365,215,0.8386292397960882,0.62835297319015,0.31167406356602084
realprize,Affiliate,365,216,0.8395930340620088,0.62835297319015,0.31203225483940666
realprize,Affiliate,365,217,0.8402879232920397,0.62835297319015,0.3122905083557098
realprize,Affiliate,365,218,0.8420940331758603,0.62835297319015,0.3129617437241236
realprize,Affiliate,365,219,0.8427637106179751,0.62835297319015,0.3132106273544072
realprize,Affiliate,365,220,0.8441948887031754,0.62835297319015,0.3137425204346073
realprize,Affiliate,365,221,0.8466201266893405,0.62835297319015,0.3146438529214719
realprize,Affiliate,365,222,0.8472633393620852,0.62835297319015,0.31488290099890387
realprize,Affiliate,365,223,0.848481021518143,0.62835297319015,0.31533544895180216
realprize,Affiliate,365,224,0.8500674404344062,0.62835297319015,0.31592503682530626
realprize,Affiliate,365,225,0.8514977645669427,0.62835297319015,0.31645661253653784
realprize,Affiliate,365,226,0.8531292488942332,0.62835297319015,0.3170629488360623
realprize,Affiliate,365,227,0.8538843759451649,0.62835297319015,0.31734358955940467
realprize,Affiliate,365,228,0.8553403108944075,0.62835297319015,0.31788468345451926
realprize,Affiliate,365,229,0.8564110883500421,0.62835297319015,0.31828263471228085
realprize,Affiliate,365,230,0.8570674907098392,0.62835297319015,0.31852658469769046
realprize,Affiliate,365,231,0.8580011599323766,0.62835297319015,0.3188735800882703
realprize,Affiliate,365,232,0.8589347475636188,0.62835297319015,0.31922054515568793
realprize,Affiliate,365,233,0.8606383676013779,0.62835297319015,0.3198536904775348
realprize,Affiliate,365,234,0.8612901896696142,0.62835297319015,0.32009593821120386
realprize,Affiliate,365,235,0.8618185689987035,0.62835297319015,0.32029230881788767
realprize,Affiliate,365,236,0.8627149087673941,0.62835297319015,0.320625430827933
realprize,Affiliate,365,237,0.8635879201019526,0.62835297319015,0.3209498828947929
realprize,Affiliate,365,238,0.8644436738294972,0.62835297319015,0.3212679212233163
realprize,Affiliate,365,239,0.8652289065934289,0.62835297319015,0.3215597506453852
realprize,Affiliate,365,240,0.8664458201920897,0.62835297319015,0.322012012966212
realprize,Affiliate,365,241,0.868187557571476,0.62835297319015,0.3226593244847445
realprize,Affiliate,365,242,0.8695115180181401,0.62835297319015,0.32315137044836106
realprize,Affiliate,365,243,0.8710817195969979,0.62835297319015,0.32373493119663566
realprize,Affiliate,365,244,0.8718177524992643,0.62835297319015,0.32400847563639723
realprize,Affiliate,365,245,0.8734193621465665,0.62835297319015,0.32460370909992703
realprize,Affiliate,365,246,0.8744453086399956,0.62835297319015,0.32498499906387596
realprize,Affiliate,365,247,0.875154578432884,0.62835297319015,0.325248597073609
realprize,Affiliate,365,248,0.8756666705557139,0.62835297319015,0.32543891458851143
realprize,Affiliate,365,249,0.8766840697592997,0.62835297319015,0.3258170279776028
realprize,Affiliate,365,250,0.8771340407074448,0.62835297319015,0.3259842583426318
realprize,Affiliate,365,251,0.8781972195370135,0.62835297319015,0.32637938559360813
realprize,Affiliate,365,252,0.8790104541851098,0.62835297319015,0.3266816218326719
realprize,Affiliate,365,253,0.8798742195412818,0.62835297319015,0.32700263765915455
realprize,Affiliate,365,254,0.8804188783134241,0.62835297319015,0.3272050584724472
realprize,Affiliate,365,255,0.8813377701956439,0.62835297319015,0.32754656190843384
realprize,Affiliate,365,256,0.8820531651580933,0.62835297319015,0.3278124363192229
realprize,Affiliate,365,257,0.8824395632120258,0.62835297319015,0.327956040007132
realprize,Affiliate,365,258,0.8830681422413963,0.62835297319015,0.32818964953451263
realprize,Affiliate,365,259,0.8838977572542243,0.62835297319015,0.32849797348742693
realprize,Affiliate,365,260,0.8848034051069502,0.62835297319015,0.32883455481922924
realprize,Affiliate,365,261,0.8854870407935139,0.62835297319015,0.3290886259895618
realprize,Affiliate,365,262,0.8862009064043745,0.62835297319015,0.3293539320213799
realprize,Affiliate,365,263,0.8881822183404049,0.62835297319015,0.33009028071158847
realprize,Affiliate,365,264,0.889181863712847,0.62835297319015,0.33046179594212083
realprize,Affiliate,365,265,0.8901227038864303,0.62835297319015,0.3308114563953363
realprize,Affiliate,365,266,0.8916508288885837,0.62835297319015,0.3313793795089804
realprize,Affiliate,365,267,0.8928587210207766,0.62835297319015,0.3318282890286169
realprize,Affiliate,365,268,0.8935555075783622,0.62835297319015,0.3320872476810647
realprize,Affiliate,365,269,0.8949671689635932,0.62835297319015,0.33261188743774805
realprize,Affiliate,365,270,0.8965582458034766,0.62835297319015,0.33320320641471673
realprize,Affiliate,365,271,0.8976700761087285,0.62835297319015,0.3336164148419807
realprize,Affiliate,365,272,0.898670461635917,0.62835297319015,0.3339882051488239
realprize,Affiliate,365,273,0.9004849808456835,0.62835297319015,0.33466256581822296
realprize,Affiliate,365,274,0.9013009089500337,0.62835297319015,0.3349658030722953
realprize,Affiliate,365,275,0.902469914193969,0.62835297319015,0.335400260395529
realprize,Affiliate,365,276,0.903491388706711,0.62835297319015,0.3357798883611516
realprize,Affiliate,365,277,0.9046416891189863,0.62835297319015,0.3362073940893119
realprize,Affiliate,365,278,0.9056105618700774,0.62835297319015,0.3365674727666119
realprize,Affiliate,365,279,0.9065720568667367,0.62835297319015,0.3369248095234129
realprize,Affiliate,365,280,0.9077210146362015,0.62835297319015,0.3373518162623646
realprize,Affiliate,365,281,0.9089499749302838,0.62835297319015,0.33780855570172763
realprize,Affiliate,365,282,0.9104214816137153,0.62835297319015,0.33835543678555574
realprize,Affiliate,365,283,0.9113515831803043,0.62835297319015,0.33870110626740974
realprize,Affiliate,365,284,0.9129618838689801,0.62835297319015,0.33929956973062597
realprize,Affiliate,365,285,0.9136097130934978,0.62835297319015,0.3395403335357985
realprize,Affiliate,365,286,0.9147662683225817,0.62835297319015,0.3399701638480289
realprize,Affiliate,365,287,0.9157535207416556,0.62835297319015,0.3403370732742886
realprize,Affiliate,365,288,0.9173181001841618,0.62835297319015,0.3409185445723038
realprize,Affiliate,365,289,0.9177833408361368,0.62835297319015,0.3410914498773614
realprize,Affiliate,365,290,0.9183459352976923,0.62835297319015,0.34130053643629815
realprize,Affiliate,365,291,0.9194082939621064,0.62835297319015,0.34169535887533337
realprize,Affiliate,365,292,0.9201442331038876,0.62835297319015,0.34196886846928937
realprize,Affiliate,365,293,0.921949246836544,0.62835297319015,0.34263969645638204
realprize,Affiliate,365,294,0.9234819536204312,0.62835297319015,0.343209322375585
realprize,Affiliate,365,295,0.9242723172631939,0.62835297319015,0.3435030586735164
realprize,Affiliate,365,296,0.9264997372735662,0.62835297319015,0.34433087269782797
realprize,Affiliate,365,297,0.9281382855937699,0.62835297319015,0.34493983430931596
realprize,Affiliate,365,298,0.9297348560644556,0.62835297319015,0.34553319497783874
realprize,Affiliate,365,299,0.9306722675752332,0.62835297319015,0.3458815811787166
realprize,Affiliate,365,300,0.9316943225436553,0.62835297319015,0.3462614248689668
realprize,Affiliate,365,301,0.9321571220268839,0.62835297319015,0.3464334229209179
realprize,Affiliate,365,302,0.9328222320137122,0.62835297319015,0.3466806090700242
realprize,Affiliate,365,303,0.9343758840254378,0.62835297319015,0.3472580192208791
realprize,Affiliate,365,304,0.9349184093674934,0.62835297319015,0.34745964715122307
realprize,Affiliate,365,305,0.9360288780430669,0.62835297319015,0.34787234953286544
realprize,Affiliate,365,306,0.9374197040994512,0.62835297319015,0.34838924590153036
realprize,Affiliate,365,307,0.9380145979359223,0.62835297319015,0.34861033642712236
realprize,Affiliate,365,308,0.9387369533298382,0.62835297319015,0.34887879766157126
realprize,Affiliate,365,309,0.940188569912811,0.62835297319015,0.34941828664870095
realprize,Affiliate,365,310,0.9413086106822777,0.62835297319015,0.34983454647057904
realprize,Affiliate,365,311,0.9421350602239222,0.62835297319015,0.3501416939855396
realprize,Affiliate,365,312,0.9466591073786083,0.62835297319015,0.35182304265972625
realprize,Affiliate,365,313,0.9480421542439224,0.62835297319015,0.3523370479151589
realprize,Affiliate,365,314,0.9486795771186907,0.62835297319015,0.35257394423138716
realprize,Affiliate,365,315,0.9493585800680917,0.62835297319015,0.35282629365872714
realprize,Affiliate,365,316,0.9509746337777779,0.62835297319015,0.35342689521509707
realprize,Affiliate,365,317,0.9517756761775988,0.62835297319015,0.35372460024133917
realprize,Affiliate,365,318,0.9523830715104582,0.62835297319015,0.3539503369108945
realprize,Affiliate,365,319,0.9530612037763402,0.62835297319015,0.35420236275129335
realprize,Affiliate,365,320,0.9538231874762286,0.62835297319015,0.35448555172783447
realprize,Affiliate,365,321,0.9555615681517651,0.62835297319015,0.3551316157373613
realprize,Affiliate,365,322,0.9563940283933434,0.62835297319015,0.3554409971110813
realprize,Affiliate,365,323,0.9580786762323754,0.62835297319015,0.3560670914716792
realprize,Affiliate,365,324,0.9586413195173055,0.62835297319015,0.35627619617567796
realprize,Affiliate,365,325,0.9599840382749402,0.62835297319015,0.3567752136097947
realprize,Affiliate,365,326,0.96068955231692,0.62835297319015,0.3570374158058691
realprize,Affiliate,365,327,0.9614613196786598,0.62835297319015,0.3573242408512486
realprize,Affiliate,365,328,0.9620995849465139,0.62835297319015,0.35756145024036257
realprize,Affiliate,365,329,0.9630966667586671,0.62835297319015,0.3579320127313355
realprize,Affiliate,365,330,0.9647957039312508,0.62835297319015,0.3585634548449656
realprize,Affiliate,365,331,0.9659758489876474,0.62835297319015,0.35900205224637977
realprize,Affiliate,365,332,0.9668462178674377,0.62835297319015,0.3593255222527817
realprize,Affiliate,365,333,0.9678107995863554,0.62835297319015,0.35968400618073254
realprize,Affiliate,365,334,0.9693913776893466,0.62835297319015,0.36027142333335
realprize,Affiliate,365,335,0.970446852257898,0.62835297319015,0.3606636873186255
realprize,Affiliate,365,336,0.9717456137036505,0.62835297319015,0.36114636814847473
realprize,Affiliate,365,337,0.9734799528887075,0.62835297319015,0.36179093015008096
realprize,Affiliate,365,338,0.9738408308643919,0.62835297319015,0.3619250493767852
realprize,Affiliate,365,339,0.9743711910488643,0.62835297319015,0.36212215616248267
realprize,Affiliate,365,340,0.9750468821460005,0.62835297319015,0.36237327474977526
realprize,Affiliate,365,341,0.9760282997920349,0.62835297319015,0.36273801569998265
realprize,Affiliate,365,342,0.9772690582004173,0.62835297319015,0.3631991398734473
realprize,Affiliate,365,343,0.9779727495030671,0.62835297319015,0.36346066465386906
realprize,Affiliate,365,344,0.9786112509946833,0.62835297319015,0.3636979618348419
realprize,Affiliate,365,345,0.9793773439952939,0.62835297319015,0.3639826780207786
realprize,Affiliate,365,346,0.9801157324430498,0.62835297319015,0.3642570978920179
realprize,Affiliate,365,347,0.9811353543799555,0.62835297319015,0.36463603735333894
realprize,Affiliate,365,348,0.981791253023383,0.62835297319015,0.3648798001340574
realprize,Affiliate,365,349,0.9827690387528055,0.62835297319015,0.3652431912932544
realprize,Affiliate,365,350,0.9834271344481045,0.62835297319015,0.3654877706017686
realprize,Affiliate,365,351,0.9842719632779948,0.62835297319015,0.3658017487245606
realprize,Affiliate,365,352,0.9848537480383014,0.62835297319015,0.3660179673009718
realprize,Affiliate,365,353,0.9857255355083738,0.62835297319015,0.36634196452223433
realprize,Affiliate,365,354,0.9861072366534591,0.62835297319015,0.36648382261793516
realprize,Affiliate,365,355,0.9867842432693082,0.62835297319015,0.36673543011384613
realprize,Affiliate,365,356,0.9889051333880253,0.62835297319015,0.36752365262065767
realprize,Affiliate,365,357,0.9895960682277737,0.62835297319015,0.3677804364995695
realprize,Affiliate,365,358,0.9900621009033859,0.62835297319015,0.36795363615785703
realprize,Affiliate,365,359,0.9909985331800074,0.62835297319015,0.3683016584292722
realprize,Affiliate,365,360,0.9918928228010963,0.62835297319015,0.36863401850805677
realprize,Affiliate,365,361,0.9932712422954326,0.62835297319015,0.3691463040148236
realprize,Affiliate,365,362,0.9940697146599218,0.62835297319015,0.36944305389507587
realprize,Affiliate,365,363,0.9975026843730976,0.62835297319015,0.3707189068821059
realprize,Affiliate,365,364,0.9985451122509076,0.62835297319015,0.3711063221035577
realprize,Affiliate,365,365,1.0,0.62835297319015,0.37164702680984996
realprize,Blended,7,1,0.4366880602286034,0.0,0.4366880602286034
realprize,Blended,7,2,0.6267412187590367,0.0,0.6267412187590367
realprize,Blended,7,3,0.7393239084025846,0.0,0.7393239084025846
realprize,Blended,7,4,0.8105697484899922,0.0,0.8105697484899922
realprize,Blended,7,5,0.8780816850507097,0.0,0.8780816850507097
realprize,Blended,7,6,0.9403813321655344,0.0,0.9403813321655344
realprize,Blended,7,7,1.0,0.0,1.0
realprize,Blended,30,1,0.2142270989458919,0.0,0.2142270989458919
realprize,Blended,30,2,0.307461928348291,0.0,0.307461928348291
realprize,Blended,30,3,0.36269188581778816,0.0,0.36269188581778816
realprize,Blended,30,4,0.39764312681553443,0.0,0.39764312681553443
realprize,Blended,30,5,0.43076261789127024,0.0,0.43076261789127024
realprize,Blended,30,6,0.4613251037530889,0.0,0.4613251037530889
realprize,Blended,30,7,0.4905723752413689,0.0,0.4905723752413689
realprize,Blended,30,8,0.5189332933466696,0.0,0.5189332933466696
realprize,Blended,30,9,0.5538644345917646,0.0,0.5538644345917646
realprize,Blended,30,10,0.5802189479005384,0.0,0.5802189479005384
realprize,Blended,30,11,0.6029062230167688,0.0,0.6029062230167688
realprize,Blended,30,12,0.628480684658709,0.0,0.628480684658709
realprize,Blended,30,13,0.6570622650993733,0.0,0.6570622650993733
realprize,Blended,30,14,0.6768186147366173,0.0,0.6768186147366173
realprize,Blended,30,15,0.7010013125250939,0.0,0.7010013125250939
realprize,Blended,30,16,0.7236858082390477,0.0,0.7236858082390477
realprize,Blended,30,17,0.7466386303954475,0.0,0.7466386303954475
realprize,Blended,30,18,0.7683515692348147,0.0,0.7683515692348147
realprize,Blended,30,19,0.785701962720328,0.0,0.785701962720328
realprize,Blended,30,20,0.808456370842757,0.0,0.808456370842757
realprize,Blended,30,21,0.8338351836946531,0.0,0.8338351836946531
realprize,Blended,30,22,0.8521226296716732,0.0,0.8521226296716732
realprize,Blended,30,23,0.8737560910179276,0.0,0.8737560910179276
realprize,Blended,30,24,0.8898952595569622,0.0,0.8898952595569622
realprize,Blended,30,25,0.9094038275153363,0.0,0.9094038275153363
realprize,Blended,30,26,0.9270151031518459,0.0,0.9270151031518459
realprize,Blended,30,27,0.9421002989488519,0.0,0.9421002989488519
realprize,Blended,30,28,0.9649383892674096,0.0,0.9649383892674096
realprize,Blended,30,29,0.9817446056626347,0.0,0.9817446056626347
realprize,Blended,30,30,1.0,0.0,1.0
realprize,Blended,60,1,0.15305164785353584,0.0,0.15305164785353584
realprize,Blended,60,2,0.2196620082962389,0.0,0.2196620082962389
realprize,Blended,60,3,0.2591203029899567,0.0,0.2591203029899567
realprize,Blended,60,4,0.2840907434970292,0.0,0.2840907434970292
realprize,Blended,60,5,0.3077525150943383,0.0,0.3077525150943383
realprize,Blended,60,6,0.3295874689665055,0.0,0.3295874689665055
realprize,Blended,60,7,0.3504827857519491,0.0,0.3504827857519491
realprize,Blended,60,8,0.37074485937388524,0.0,0.37074485937388524
realprize,Blended,60,9,0.39570093988504745,0.0,0.39570093988504745
realprize,Blended,60,10,0.41452956478886765,0.0,0.41452956478886765
realprize,Blended,60,11,0.4307381810607175,0.0,0.4307381810607175
realprize,Blended,60,12,0.44900950862163747,0.0,0.44900950862163747
realprize,Blended,60,13,0.4694292314588819,0.0,0.4694292314588819
realprize,Blended,60,14,0.48354388773919926,0.0,0.48354388773919926
realprize,Blended,60,15,0.5008208884747842,0.0,0.5008208884747842
realprize,Blended,60,16,0.5170275190403413,0.0,0.5170275190403413
realprize,Blended,60,17,0.533425851796616,0.0,0.533425851796616
realprize,Blended,60,18,0.5489383667186779,0.0,0.5489383667186779
realprize,Blended,60,19,0.5613341202294687,0.0,0.5613341202294687
realprize,Blended,60,20,0.5775906987678788,0.0,0.5775906987678788
realprize,Blended,60,21,0.5957222477019857,0.0,0.5957222477019857
realprize,Blended,60,22,0.6087874656673485,0.0,0.6087874656673485
realprize,Blended,60,23,0.6242431989714544,0.0,0.6242431989714544
realprize,Blended,60,24,0.6357736092325255,0.0,0.6357736092325255
realprize,Blended,60,25,0.6497112412500602,0.0,0.6497112412500602
realprize,Blended,60,26,0.66229337847842,0.0,0.66229337847842
realprize,Blended,60,27,0.6730707921963183,0.0,0.6730707921963183
realprize,Blended,60,28,0.6893871563457762,0.0,0.6893871563457762
realprize,Blended,60,29,0.7013941299085465,0.0,0.7013941299085465
realprize,Blended,60,30,0.7144364490142894,0.0,0.7144364490142894
realprize,Blended,60,31,0.7233884429556341,0.0,0.7233884429556341
realprize,Blended,60,32,0.7321361198066144,0.0,0.7321361198066144
realprize,Blended,60,33,0.7499424294521552,0.0,0.7499424294521552
realprize,Blended,60,34,0.7610308251351332,0.0,0.7610308251351332
realprize,Blended,60,35,0.7750355581551055,0.0,0.7750355581551055
realprize,Blended,60,36,0.7871526711128716,0.0,0.7871526711128716
realprize,Blended,60,37,0.795716702347172,0.0,0.795716702347172
realprize,Blended,60,38,0.8044955250960736,0.0,0.8044955250960736
realprize,Blended,60,39,0.8151226229985472,0.0,0.8151226229985472
realprize,Blended,60,40,0.8268507765805356,0.0,0.8268507765805356
realprize,Blended,60,41,0.8366446829281539,0.0,0.8366446829281539
realprize,Blended,60,42,0.8444621669696658,0.0,0.8444621669696658
realprize,Blended,60,43,0.853096646699114,0.0,0.853096646699114
realprize,Blended,60,44,0.8635307763712353,0.0,0.8635307763712353
realprize,Blended,60,45,0.8716280610558702,0.0,0.8716280610558702
realprize,Blended,60,46,0.8786817583562646,0.0,0.8786817583562646
realprize,Blended,60,47,0.8873962912705889,0.0,0.8873962912705889
realprize,Blended,60,48,0.8954070820337207,0.0,0.8954070820337207
realprize,Blended,60,49,0.9041216102467774,0.0,0.9041216102467774
realprize,Blended,60,50,0.915516317020936,0.0,0.915516317020936
realprize,Blended,60,51,0.9227910632231215,0.0,0.9227910632231215
realprize,Blended,60,52,0.9315189101273196,0.0,0.9315189101273196
realprize,Blended,60,53,0.9386655279820412,0.0,0.9386655279820412
realprize,Blended,60,54,0.9464046795026224,0.0,0.9464046795026224
realprize,Blended,60,55,0.9544621444505939,0.0,0.9544621444505939
realprize,Blended,60,56,0.9638264865740801,0.0,0.9638264865740801
realprize,Blended,60,57,0.9719779392641268,0.0,0.9719779392641268
realprize,Blended,60,58,0.9834139889856541,0.0,0.9834139889856541
realprize,Blended,60,59,0.9924876658365687,0.0,0.9924876658365687
realprize,Blended,60,60,1.0,0.0,1.0
realprize,Blended,90,1,0.1198270135033042,0.0,0.1198270135033042
realprize,Blended,90,2,0.17197751741598288,0.0,0.17197751741598288
realprize,Blended,90,3,0.20287015841261,0.0,0.20287015841261
realprize,Blended,90,4,0.22241998589756318,0.0,0.22241998589756318
realprize,Blended,90,5,0.240945231881299,0.0,0.240945231881299
realprize,Blended,90,6,0.2580402279115802,0.0,0.2580402279115802
realprize,Blended,90,7,0.2743995643951784,0.0,0.2743995643951784
realprize,Blended,90,8,0.2902631228968427,0.0,0.2902631228968427
realprize,Blended,90,9,0.3098017076709334,0.0,0.3098017076709334
realprize,Blended,90,10,0.3245429922127227,0.0,0.3245429922127227
realprize,Blended,90,11,0.33723302272278594,0.0,0.33723302272278594
realprize,Blended,90,12,0.3515379886938862,0.0,0.3515379886938862
realprize,Blended,90,13,0.3675249737310793,0.0,0.3675249737310793
realprize,Blended,90,14,0.3785756035832623,0.0,0.3785756035832623
realprize,Blended,90,15,0.39210209238278626,0.0,0.39210209238278626
realprize,Blended,90,16,0.40479056824604825,0.0,0.40479056824604825
realprize,Blended,90,17,0.4176291313597117,0.0,0.4176291313597117
realprize,Blended,90,18,0.42977417103164606,0.0,0.42977417103164606
realprize,Blended,90,19,0.43947903957865164,0.0,0.43947903957865164
realprize,Blended,90,20,0.4522066206492176,0.0,0.4522066206492176
realprize,Blended,90,21,0.4664021513046091,0.0,0.4664021513046091
realprize,Blended,90,22,0.4766311561635266,0.0,0.4766311561635266
realprize,Blended,90,23,0.48873174043888745,0.0,0.48873174043888745
realprize,Blended,90,24,0.4977591154814233,0.0,0.4977591154814233
realprize,Blended,90,25,0.5086711497090289,0.0,0.5086711497090289
realprize,Blended,90,26,0.5185219415737847,0.0,0.5185219415737847
realprize,Blended,90,27,0.5269597814612791,0.0,0.5269597814612791
realprize,Blended,90,28,0.5397341698111053,0.0,0.5397341698111053
realprize,Blended,90,29,0.5491346552251319,0.0,0.5491346552251319
realprize,Blended,90,30,0.5593457321362006,0.0,0.5593457321362006
realprize,Blended,90,31,0.566354416550481,0.0,0.566354416550481
realprize,Blended,90,32,0.5732031372721819,0.0,0.5732031372721819
realprize,Blended,90,33,0.587144031971872,0.0,0.587144031971872
realprize,Blended,90,34,0.5958253454883766,0.0,0.5958253454883766
realprize,Blended,90,35,0.60678991435274,0.0,0.60678991435274
realprize,Blended,90,36,0.616276629970469,0.0,0.616276629970469
realprize,Blended,90,37,0.6229815710851002,0.0,0.6229815710851002
realprize,Blended,90,38,0.6298546765160357,0.0,0.6298546765160357
realprize,Blended,90,39,0.6381748313246872,0.0,0.6381748313246872
realprize,Blended,90,40,0.6473570233320717,0.0,0.6473570233320717
realprize,Blended,90,41,0.6550248568028305,0.0,0.6550248568028305
realprize,Blended,90,42,0.6611453120801272,0.0,0.6611453120801272
realprize,Blended,90,43,0.6679054086465144,0.0,0.6679054086465144
realprize,Blended,90,44,0.6760744849985246,0.0,0.6760744849985246
realprize,Blended,90,45,0.6824140014614531,0.0,0.6824140014614531
realprize,Blended,90,46,0.687936473734809,0.0,0.687936473734809
realprize,Blended,90,47,0.6947592454451732,0.0,0.6947592454451732
realprize,Blended,90,48,0.7010310441902905,0.0,0.7010310441902905
realprize,Blended,90,49,0.7078538122199439,0.0,0.7078538122199439
realprize,Blended,90,50,0.7167749424504393,0.0,0.7167749424504393
realprize,Blended,90,51,0.7224704780662111,0.0,0.7224704780662111
realprize,Blended,90,52,0.7293036735496399,0.0,0.7293036735496399
realprize,Blended,90,53,0.7348988950725088,0.0,0.7348988950725088
realprize,Blended,90,54,0.7409580223459914,0.0,0.7409580223459914
realprize,Blended,90,55,0.7472663631882078,0.0,0.7472663631882078
realprize,Blended,90,56,0.7545978827492017,0.0,0.7545978827492017
realprize,Blended,90,57,0.7609798083622894,0.0,0.7609798083622894
realprize,Blended,90,58,0.7699333067638048,0.0,0.7699333067638048
realprize,Blended,90,59,0.7770372590164433,0.0,0.7770372590164433
realprize,Blended,90,60,0.7829188067153237,0.0,0.7829188067153237
realprize,Blended,90,61,0.7891463257963544,0.0,0.7891463257963544
realprize,Blended,90,62,0.7956568235378735,0.0,0.7956568235378735
realprize,Blended,90,63,0.8016858916633093,0.0,0.8016858916633093
realprize,Blended,90,64,0.8103631806162559,0.0,0.8103631806162559
realprize,Blended,90,65,0.8163821405428567,0.0,0.8163821405428567
realprize,Blended,90,66,0.8208682400004444,0.0,0.8208682400004444
realprize,Blended,90,67,0.8265680041978327,0.0,0.8265680041978327
realprize,Blended,90,68,0.834069226329024,0.0,0.834069226329024
realprize,Blended,90,69,0.843964688462989,0.0,0.843964688462989
realprize,Blended,90,70,0.8524478917259372,0.0,0.8524478917259372
realprize,Blended,90,71,0.8605797515602623,0.0,0.8605797515602623
realprize,Blended,90,72,0.8687232849802108,0.0,0.8687232849802108
realprize,Blended,90,73,0.8745792060547835,0.0,0.8745792060547835
realprize,Blended,90,74,0.8839591627748933,0.0,0.8839591627748933
realprize,Blended,90,75,0.8958985937093249,0.0,0.8958985937093249
realprize,Blended,90,76,0.9014890926362108,0.0,0.9014890926362108
realprize,Blended,90,77,0.9069512584815723,0.0,0.9069512584815723
realprize,Blended,90,78,0.9132502190157472,0.0,0.9132502190157472
realprize,Blended,90,79,0.9212477673909556,0.0,0.9212477673909556
realprize,Blended,90,80,0.9301047544748411,0.0,0.9301047544748411
realprize,Blended,90,81,0.9345994444696822,0.0,0.9345994444696822
realprize,Blended,90,82,0.9428611900455987,0.0,0.9428611900455987
realprize,Blended,90,83,0.9503837294359004,0.0,0.9503837294359004
realprize,Blended,90,84,0.9626145832107724,0.0,0.9626145832107724
realprize,Blended,90,85,0.9734415586609704,0.0,0.9734415586609704
realprize,Blended,90,86,0.9789108578339326,0.0,0.9789108578339326
realprize,Blended,90,87,0.9847154170407713,0.0,0.9847154170407713
realprize,Blended,90,88,0.9900532269051885,0.0,0.9900532269051885
realprize,Blended,90,89,0.9946087856289908,0.0,0.9946087856289908
realprize,Blended,90,90,1.0,0.0,1.0
realprize,Blended,120,1,0.10079057737572458,0.0,0.10079057737572458
realprize,Blended,120,2,0.14465614029112617,0.0,0.14465614029112617
realprize,Blended,120,3,0.17064099155027207,0.0,0.17064099155027207
realprize,Blended,120,4,0.18708501650087228,0.0,0.18708501650087228
realprize,Blended,120,5,0.20266723109621948,0.0,0.20266723109621948
realprize,Blended,120,6,0.2170464138009629,0.0,0.2170464138009629
realprize,Blended,120,7,0.23080680823506225,0.0,0.23080680823506225
realprize,Blended,120,8,0.24415018694300475,0.0,0.24415018694300475
realprize,Blended,120,9,0.26058475526703995,0.0,0.26058475526703995
realprize,Blended,120,10,0.27298415116941566,0.0,0.27298415116941566
realprize,Blended,120,11,0.2836581675254151,0.0,0.2836581675254151
realprize,Blended,120,12,0.29569056103514346,0.0,0.29569056103514346
realprize,Blended,120,13,0.30913775800088716,0.0,0.30913775800088716
realprize,Blended,120,14,0.31843281869382706,0.0,0.31843281869382706
realprize,Blended,120,15,0.3298104085720284,0.0,0.3298104085720284
realprize,Blended,120,16,0.3404831172617168,0.0,0.3404831172617168
realprize,Blended,120,17,0.3512820694434394,0.0,0.3512820694434394
realprize,Blended,120,18,0.361497675465796,0.0,0.361497675465796
realprize,Blended,120,19,0.36966077054436297,0.0,0.36966077054436297
realprize,Blended,120,20,0.3803663719542096,0.0,0.3803663719542096
realprize,Blended,120,21,0.39230671569708564,0.0,0.39230671569708564
realprize,Blended,120,22,0.4009106796578578,0.0,0.4009106796578578
realprize,Blended,120,23,0.41108889273385674,0.0,0.41108889273385674
realprize,Blended,120,24,0.4186821249785985,0.0,0.4186821249785985
realprize,Blended,120,25,0.42786060817691096,0.0,0.42786060817691096
realprize,Blended,120,26,0.4361464443221092,0.0,0.4361464443221092
realprize,Blended,120,27,0.4432437984929283,0.0,0.4432437984929283
realprize,Blended,120,28,0.4539887710976675,0.0,0.4539887710976675
realprize,Blended,120,29,0.4618958391684718,0.0,0.4618958391684718
realprize,Blended,120,30,0.470484723322429,0.0,0.470484723322429
realprize,Blended,120,31,0.47637996620720713,0.0,0.47637996620720713
realprize,Blended,120,32,0.48214065818845453,0.0,0.48214065818845453
realprize,Blended,120,33,0.49386681896669354,0.0,0.49386681896669354
realprize,Blended,120,34,0.5011689670894459,0.0,0.5011689670894459
realprize,Blended,120,35,0.5103916389578773,0.0,0.5103916389578773
realprize,Blended,120,36,0.5183712381864256,0.0,0.5183712381864256
realprize,Blended,120,37,0.5240109922490209,0.0,0.5240109922490209
realprize,Blended,120,38,0.5297921950387332,0.0,0.5297921950387332
realprize,Blended,120,39,0.5367905602862847,0.0,0.5367905602862847
realprize,Blended,120,40,0.5445140143467794,0.0,0.5445140143467794
realprize,Blended,120,41,0.5509636899261292,0.0,0.5509636899261292
realprize,Blended,120,42,0.5561118130676946,0.0,0.5561118130676946
realprize,Blended,120,43,0.5617979602570597,0.0,0.5617979602570597
realprize,Blended,120,44,0.5686692482752893,0.0,0.5686692482752893
realprize,Blended,120,45,0.5740016312321913,0.0,0.5740016312321913
realprize,Blended,120,46,0.578646770526743,0.0,0.578646770526743
realprize,Blended,120,47,0.5843856359118124,0.0,0.5843856359118124
realprize,Blended,120,48,0.5896610591926178,0.0,0.5896610591926178
realprize,Blended,120,49,0.5953999214817163,0.0,0.5953999214817163
realprize,Blended,120,50,0.6029037876007768,0.0,0.6029037876007768
realprize,Blended,120,51,0.6076944963599651,0.0,0.6076944963599651
realprize,Blended,120,52,0.6134421295351588,0.0,0.6134421295351588
realprize,Blended,120,53,0.6181484606982859,0.0,0.6181484606982859
realprize,Blended,120,54,0.6232449987695653,0.0,0.6232449987695653
realprize,Blended,120,55,0.6285511588513428,0.0,0.6285511588513428
realprize,Blended,120,56,0.6347179493603429,0.0,0.6347179493603429
realprize,Blended,120,57,0.6400860040961334,0.0,0.6400860040961334
realprize,Blended,120,58,0.6476170961849508,0.0,0.6476170961849508
realprize,Blended,120,59,0.6535924720894272,0.0,0.6535924720894272
realprize,Blended,120,60,0.6585396419395434,0.0,0.6585396419395434
realprize,Blended,120,61,0.6637778200885642,0.0,0.6637778200885642
realprize,Blended,120,62,0.6692540212153908,0.0,0.6692540212153908
realprize,Blended,120,63,0.6743252755146854,0.0,0.6743252755146854
realprize,Blended,120,64,0.6816240384401201,0.0,0.6816240384401201
realprize,Blended,120,65,0.6866867903895102,0.0,0.6866867903895102
realprize,Blended,120,66,0.6904602012530191,0.0,0.6904602012530191
realprize,Blended,120,67,0.6952544668160543,0.0,0.6952544668160543
realprize,Blended,120,68,0.70156399992985,0.0,0.70156399992985
realprize,Blended,120,69,0.7098874097580891,0.0,0.7098874097580891
realprize,Blended,120,70,0.7170229206071899,0.0,0.7170229206071899
realprize,Blended,120,71,0.7238629045463498,0.0,0.7238629045463498
realprize,Blended,120,72,0.7307127075354937,0.0,0.7307127075354937
realprize,Blended,120,73,0.735638321960129,0.0,0.735638321960129
realprize,Blended,120,74,0.7435281226481275,0.0,0.7435281226481275
realprize,Blended,120,75,0.753570784166899,0.0,0.753570784166899
realprize,Blended,120,76,0.7582731429938898,0.0,0.7582731429938898
realprize,Blended,120,77,0.7628675565003298,0.0,0.7628675565003298
realprize,Blended,120,78,0.7681658264859109,0.0,0.7681658264859109
realprize,Blended,120,79,0.7748928364877526,0.0,0.7748928364877526
realprize,Blended,120,80,0.7823427496241552,0.0,0.7823427496241552
realprize,Blended,120,81,0.7861233862807839,0.0,0.7861233862807839
realprize,Blended,120,82,0.7930726215356957,0.0,0.7930726215356957
realprize,Blended,120,83,0.7994000853213072,0.0,0.7994000853213072
realprize,Blended,120,84,0.8096878725048994,0.0,0.8096878725048994
realprize,Blended,120,85,0.8187948098719744,0.0,0.8187948098719744
realprize,Blended,120,86,0.8233952234629234,0.0,0.8233952234629234
realprize,Blended,120,87,0.8282776356733613,0.0,0.8282776356733613
realprize,Blended,120,88,0.832767449133843,0.0,0.832767449133843
realprize,Blended,120,89,0.8365992845490551,0.0,0.8365992845490551
realprize,Blended,120,90,0.8411340183567648,0.0,0.8411340183567648
realprize,Blended,120,91,0.8476237298525531,0.0,0.8476237298525531
realprize,Blended,120,92,0.8582026936343682,0.0,0.8582026936343682
realprize,Blended,120,93,0.864480255306158,0.0,0.864480255306158
realprize,Blended,120,94,0.8700114087375227,0.0,0.8700114087375227
realprize,Blended,120,95,0.8736591588472339,0.0,0.8736591588472339
realprize,Blended,120,96,0.8805413783704843,0.0,0.8805413783704843
realprize,Blended,120,97,0.8871097807384668,0.0,0.8871097807384668
realprize,Blended,120,98,0.8940522129998751,0.0,0.8940522129998751
realprize,Blended,120,99,0.9004398060355429,0.0,0.9004398060355429
realprize,Blended,120,100,0.9042699547993263,0.0,0.9042699547993263
realprize,Blended,120,101,0.9158930018605849,0.0,0.9158930018605849
realprize,Blended,120,102,0.9194079230432669,0.0,0.9194079230432669
realprize,Blended,120,103,0.9262264919153895,0.0,0.9262264919153895
realprize,Blended,120,104,0.9312379941714047,0.0,0.9312379941714047
realprize,Blended,120,105,0.9370731073333695,0.0,0.9370731073333695
realprize,Blended,120,106,0.9438679556430821,0.0,0.9438679556430821
realprize,Blended,120,107,0.9474571264121996,0.0,0.9474571264121996
realprize,Blended,120,108,0.953155086032631,0.0,0.953155086032631
realprize,Blended,120,109,0.9574695553231728,0.0,0.9574695553231728
realprize,Blended,120,110,0.9631405664764835,0.0,0.9631405664764835
realprize,Blended,120,111,0.9663395289382022,0.0,0.9663395289382022
realprize,Blended,120,112,0.969141049474736,0.0,0.969141049474736
realprize,Blended,120,113,0.9723232475735141,0.0,0.9723232475735141
realprize,Blended,120,114,0.9759885398545298,0.0,0.9759885398545298
realprize,Blended,120,115,0.9809077629262302,0.0,0.9809077629262302
realprize,Blended,120,116,0.9865170472077665,0.0,0.9865170472077665
realprize,Blended,120,117,0.9893389981773306,0.0,0.9893389981773306
realprize,Blended,120,118,0.9928698073921962,0.0,0.9928698073921962
realprize,Blended,120,119,0.9966018978555196,0.0,0.9966018978555196
realprize,Blended,120,120,1.0,0.0,1.0
realprize,Blended,150,1,0.0908474328919566,0.0,0.0908474328919566
realprize,Blended,150,2,0.13038559099149194,0.0,0.13038559099149194
realprize,Blended,150,3,0.15380699696451988,0.0,0.15380699696451988
realprize,Blended,150,4,0.16862879372439354,0.0,0.16862879372439354
realprize,Blended,150,5,0.1826737990375571,0.0,0.1826737990375571
realprize,Blended,150,6,0.19563445339456828,0.0,0.19563445339456828
realprize,Blended,150,7,0.20803736388945132,0.0,0.20803736388945132
realprize,Blended,150,8,0.22006439789683593,0.0,0.22006439789683593
realprize,Blended,150,9,0.23487767094080664,0.0,0.23487767094080664
realprize,Blended,150,10,0.24605384748896467,0.0,0.24605384748896467
realprize,Blended,150,11,0.2556748558196785,0.0,0.2556748558196785
realprize,Blended,150,12,0.26652023532206776,0.0,0.26652023532206776
realprize,Blended,150,13,0.278640845757469,0.0,0.278640845757469
realprize,Blended,150,14,0.28701893450856986,0.0,0.28701893450856986
realprize,Blended,150,15,0.2972741077583369,0.0,0.2972741077583369
realprize,Blended,150,16,0.3068939374260196,0.0,0.3068939374260196
realprize,Blended,150,17,0.31662755647232527,0.0,0.31662755647232527
realprize,Blended,150,18,0.3258353773493413,0.0,0.3258353773493413
realprize,Blended,150,19,0.3331931706237689,0.0,0.3331931706237689
realprize,Blended,150,20,0.34284264809450044,0.0,0.34284264809450044
realprize,Blended,150,21,0.35360505868020553,0.0,0.35360505868020553
realprize,Blended,150,22,0.36136022844788385,0.0,0.36136022844788385
realprize,Blended,150,23,0.3705343452498435,0.0,0.3705343452498435
realprize,Blended,150,24,0.3773784935298529,0.0,0.3773784935298529
realprize,Blended,150,25,0.3856515053343222,0.0,0.3856515053343222
realprize,Blended,150,26,0.39311993108158794,0.0,0.39311993108158794
realprize,Blended,150,27,0.39951712041745563,0.0,0.39951712041745563
realprize,Blended,150,28,0.40920208505453753,0.0,0.40920208505453753
realprize,Blended,150,29,0.4163291087767723,0.0,0.4163291087767723
realprize,Blended,150,30,0.42407068638362255,0.0,0.42407068638362255
realprize,Blended,150,31,0.42938435454885376,0.0,0.42938435454885376
realprize,Blended,150,32,0.434576745462805,0.0,0.434576745462805
realprize,Blended,150,33,0.4451461025606435,0.0,0.4451461025606435
realprize,Blended,150,34,0.4517278826121253,0.0,0.4517278826121253
realprize,Blended,150,35,0.46004072380687827,0.0,0.46004072380687827
realprize,Blended,150,36,0.4672331233773052,0.0,0.4672331233773052
realprize,Blended,150,37,0.47231650708309364,0.0,0.47231650708309364
realprize,Blended,150,38,0.4775273853829106,0.0,0.4775273853829106
realprize,Blended,150,39,0.4838353512040635,0.0,0.4838353512040635
realprize,Blended,150,40,0.4907968747187,0.0,0.4907968747187
realprize,Blended,150,41,0.4966102799459132,0.0,0.4966102799459132
realprize,Blended,150,42,0.5012505328723295,0.0,0.5012505328723295
realprize,Blended,150,43,0.5063757329520351,0.0,0.5063757329520351
realprize,Blended,150,44,0.5125691579067349,0.0,0.5125691579067349
realprize,Blended,150,45,0.5173754931361235,0.0,0.5173754931361235
realprize,Blended,150,46,0.5215623823406813,0.0,0.5215623823406813
realprize,Blended,150,47,0.5267350998855224,0.0,0.5267350998855224
realprize,Blended,150,48,0.5314900945979057,0.0,0.5314900945979057
realprize,Blended,150,49,0.536662809352198,0.0,0.536662809352198
realprize,Blended,150,50,0.5434264076113917,0.0,0.5434264076113917
realprize,Blended,150,51,0.5477445056304442,0.0,0.5477445056304442
realprize,Blended,150,52,0.552925126009515,0.0,0.552925126009515
realprize,Blended,150,53,0.5571671704113014,0.0,0.5571671704113014
realprize,Blended,150,54,0.5617609272134465,0.0,0.5617609272134465
realprize,Blended,150,55,0.5665436264944148,0.0,0.5665436264944148
realprize,Blended,150,56,0.5721020536957662,0.0,0.5721020536957662
realprize,Blended,150,57,0.5769405416285432,0.0,0.5769405416285432
realprize,Blended,150,58,0.5837286799739713,0.0,0.5837286799739713
realprize,Blended,150,59,0.5891145759140503,0.0,0.5891145759140503
realprize,Blended,150,60,0.5935736998983107,0.0,0.5935736998983107
realprize,Blended,150,61,0.598295123768077,0.0,0.598295123768077
realprize,Blended,150,62,0.6032310892851479,0.0,0.6032310892851479
realprize,Blended,150,63,0.6078020565980523,0.0,0.6078020565980523
realprize,Blended,150,64,0.614380785407105,0.0,0.614380785407105
realprize,Blended,150,65,0.6189440891399163,0.0,0.6189440891399163
realprize,Blended,150,66,0.6223452472553074,0.0,0.6223452472553074
realprize,Blended,150,67,0.6266665511940718,0.0,0.6266665511940718
realprize,Blended,150,68,0.6323536392241199,0.0,0.6323536392241199
realprize,Blended,150,69,0.6398559319531755,0.0,0.6398559319531755
realprize,Blended,150,70,0.6462875137527023,0.0,0.6462875137527023
realprize,Blended,150,71,0.6524527228235708,0.0,0.6524527228235708
realprize,Blended,150,72,0.6586267822801372,0.0,0.6586267822801372
realprize,Blended,150,73,0.6630664773145808,0.0,0.6630664773145808
realprize,Blended,150,74,0.6701779371077111,0.0,0.6701779371077111
realprize,Blended,150,75,0.6792298747207104,0.0,0.6792298747207104
realprize,Blended,150,76,0.6834683386633907,0.0,0.6834683386633907
realprize,Blended,150,77,0.6876095062563521,0.0,0.6876095062563521
realprize,Blended,150,78,0.6923850938111712,0.0,0.6923850938111712
realprize,Blended,150,79,0.698448473996282,0.0,0.698448473996282
realprize,Blended,150,80,0.7051634418170064,0.0,0.7051634418170064
realprize,Blended,150,81,0.7085711128899839,0.0,0.7085711128899839
realprize,Blended,150,82,0.7148347954673501,0.0,0.7148347954673501
realprize,Blended,150,83,0.7205380452810384,0.0,0.7205380452810384
realprize,Blended,150,84,0.7298109265374287,0.0,0.7298109265374287
realprize,Blended,150,85,0.7380194506162466,0.0,0.7380194506162466
realprize,Blended,150,86,0.742166026376211,0.0,0.742166026376211
realprize,Blended,150,87,0.7465667811609084,0.0,0.7465667811609084
realprize,Blended,150,88,0.7506136676622923,0.0,0.7506136676622923
realprize,Blended,150,89,0.7540674866580782,0.0,0.7540674866580782
realprize,Blended,150,90,0.75815486204579,0.0,0.75815486204579
realprize,Blended,150,91,0.7640043535851031,0.0,0.7640043535851031
realprize,Blended,150,92,0.7735396864233328,0.0,0.7735396864233328
realprize,Blended,150,93,0.779197957042987,0.0,0.779197957042987
realprize,Blended,150,94,0.7841834537357765,0.0,0.7841834537357765
realprize,Blended,150,95,0.7874713477227637,0.0,0.7874713477227637
realprize,Blended,150,96,0.7936746257728088,0.0,0.7936746257728088
realprize,Blended,150,97,0.7995950452095207,0.0,0.7995950452095207
realprize,Blended,150,98,0.805852595919089,0.0,0.805852595919089
realprize,Blended,150,99,0.8116100431404273,0.0,0.8116100431404273
realprize,Blended,150,100,0.8150623418755254,0.0,0.8150623418755254
realprize,Blended,150,101,0.8255387575821395,0.0,0.8255387575821395
realprize,Blended,150,102,0.8287069264187348,0.0,0.8287069264187348
realprize,Blended,150,103,0.8348528330516553,0.0,0.8348528330516553
realprize,Blended,150,104,0.8393699429516615,0.0,0.8393699429516615
realprize,Blended,150,105,0.8446294132831237,0.0,0.8446294132831237
realprize,Blended,150,106,0.850753939423365,0.0,0.850753939423365
realprize,Blended,150,107,0.8539890330112276,0.0,0.8539890330112276
realprize,Blended,150,108,0.8591248802076233,0.0,0.8591248802076233
realprize,Blended,150,109,0.8630137205093885,0.0,0.8630137205093885
realprize,Blended,150,110,0.8681252777461269,0.0,0.8681252777461269
realprize,Blended,150,111,0.8710086576724223,0.0,0.8710086576724223
realprize,Blended,150,112,0.8735338039268131,0.0,0.8735338039268131
realprize,Blended,150,113,0.8764020733201907,0.0,0.8764020733201907
realprize,Blended,150,114,0.8797057789164758,0.0,0.8797057789164758
realprize,Blended,150,115,0.8841397131147185,0.0,0.8841397131147185
realprize,Blended,150,116,0.8891956329299127,0.0,0.8891956329299127
realprize,Blended,150,117,0.891739194123894,0.0,0.891739194123894
realprize,Blended,150,118,0.8949216836140182,0.0,0.8949216836140182
realprize,Blended,150,119,0.898285597649847,0.0,0.898285597649847
realprize,Blended,150,120,0.9013484718248793,0.0,0.9013484718248793
realprize,Blended,150,121,0.9038347095675541,0.0,0.9038347095675541
realprize,Blended,150,122,0.9066121956426919,0.0,0.9066121956426919
realprize,Blended,150,123,0.9092451367341516,0.0,0.9092451367341516
realprize,Blended,150,124,0.9118089616396006,0.0,0.9118089616396006
realprize,Blended,150,125,0.9149686044454052,0.0,0.9149686044454052
realprize,Blended,150,126,0.9182868361588593,0.0,0.9182868361588593
realprize,Blended,150,127,0.9231205699950265,0.0,0.9231205699950265
realprize,Blended,150,128,0.9262564707846538,0.0,0.9262564707846538
realprize,Blended,150,129,0.9309665885032935,0.0,0.9309665885032935
realprize,Blended,150,130,0.9336578248536773,0.0,0.9336578248536773
realprize,Blended,150,131,0.9374150243775698,0.0,0.9374150243775698
realprize,Blended,150,132,0.942023155707209,0.0,0.942023155707209
realprize,Blended,150,133,0.9459768513353669,0.0,0.9459768513353669
realprize,Blended,150,134,0.9494634597784615,0.0,0.9494634597784615
realprize,Blended,150,135,0.9528678781633069,0.0,0.9528678781633069
realprize,Blended,150,136,0.9564588690231837,0.0,0.9564588690231837
realprize,Blended,150,137,0.9597864059578912,0.0,0.9597864059578912
realprize,Blended,150,138,0.962767197900463,0.0,0.962767197900463
realprize,Blended,150,139,0.9661830337942114,0.0,0.9661830337942114
realprize,Blended,150,140,0.9705617333381044,0.0,0.9705617333381044
realprize,Blended,150,141,0.9735970397629689,0.0,0.9735970397629689
realprize,Blended,150,142,0.9767063077822532,0.0,0.9767063077822532
realprize,Blended,150,143,0.9793273972666593,0.0,0.9793273972666593
realprize,Blended,150,144,0.9819296507715302,0.0,0.9819296507715302
realprize,Blended,150,145,0.9849007785737071,0.0,0.9849007785737071
realprize,Blended,150,146,0.9873915246318133,0.0,0.9873915246318133
realprize,Blended,150,147,0.9913022542435656,0.0,0.9913022542435656
realprize,Blended,150,148,0.9938271436975611,0.0,0.9938271436975611
realprize,Blended,150,149,0.9967593966765185,0.0,0.9967593966765185
realprize,Blended,150,150,1.0,0.0,1.0
realprize,Blended,180,1,0.08159395436437315,0.0,0.08159395436437315
realprize,Blended,180,2,0.11710486056093652,0.0,0.11710486056093652
realprize,Blended,180,3,0.13814062425043422,0.0,0.13814062425043422
realprize,Blended,180,4,0.15145271210944317,0.0,0.15145271210944317
realprize,Blended,180,5,0.16406713043794507,0.0,0.16406713043794507
realprize,Blended,180,6,0.1757076469222806,0.0,0.1757076469222806
realprize,Blended,180,7,0.18684722985478294,0.0,0.18684722985478294
realprize,Blended,180,8,0.19764922208173322,0.0,0.19764922208173322
realprize,Blended,180,9,0.21095365442793063,0.0,0.21095365442793063
realprize,Blended,180,10,0.22099145527942085,0.0,0.22099145527942085
realprize,Blended,180,11,0.22963249322277285,0.0,0.22963249322277285
realprize,Blended,180,12,0.23937319113808625,0.0,0.23937319113808625
realprize,Blended,180,13,0.25025922834632125,0.0,0.25025922834632125
realprize,Blended,180,14,0.2577839472014043,0.0,0.2577839472014043
realprize,Blended,180,15,0.2669945557073747,0.0,0.2669945557073747
realprize,Blended,180,16,0.2756345350431853,0.0,0.2756345350431853
realprize,Blended,180,17,0.28437671347335614,0.0,0.28437671347335614
realprize,Blended,180,18,0.2926466501410007,0.0,0.2926466501410007
realprize,Blended,180,19,0.29925499811017364,0.0,0.29925499811017364
realprize,Blended,180,20,0.3079216054024599,0.0,0.3079216054024599
realprize,Blended,180,21,0.31758778539485477,0.0,0.31758778539485477
realprize,Blended,180,22,0.32455303414177816,0.0,0.32455303414177816
realprize,Blended,180,23,0.33279269974204634,0.0,0.33279269974204634
realprize,Blended,180,24,0.33893972123341015,0.0,0.33893972123341015
realprize,Blended,180,25,0.3463700660009127,0.0,0.3463700660009127
realprize,Blended,180,26,0.35307777771271015,0.0,0.35307777771271015
realprize,Blended,180,27,0.35882336631235523,0.0,0.35882336631235523
realprize,Blended,180,28,0.3675218461423625,0.0,0.3675218461423625
realprize,Blended,180,29,0.37392293013377725,0.0,0.37392293013377725
realprize,Blended,180,30,0.3808759711813193,0.0,0.3808759711813193
realprize,Blended,180,31,0.3856484032025623,0.0,0.3856484032025623
realprize,Blended,180,32,0.3903119109516341,0.0,0.3903119109516341
realprize,Blended,180,33,0.3998047013723324,0.0,0.3998047013723324
realprize,Blended,180,34,0.40571607876695437,0.0,0.40571607876695437
realprize,Blended,180,35,0.4131821960086999,0.0,0.4131821960086999
realprize,Blended,180,36,0.41964199683782943,0.0,0.41964199683782943
realprize,Blended,180,37,0.4242076005638035,0.0,0.4242076005638035
realprize,Blended,180,38,0.42888771262265746,0.0,0.42888771262265746
realprize,Blended,180,39,0.4345531657781174,0.0,0.4345531657781174
realprize,Blended,180,40,0.44080560697406507,0.0,0.44080560697406507
realprize,Blended,180,41,0.44602687416578607,0.0,0.44602687416578607
realprize,Blended,180,42,0.4501944832381023,0.0,0.4501944832381023
realprize,Blended,180,43,0.45479764403307066,0.0,0.45479764403307066
realprize,Blended,180,44,0.46036022315089725,0.0,0.46036022315089725
realprize,Blended,180,45,0.4646769978233639,0.0,0.4646769978233639
realprize,Blended,180,46,0.4684374215999132,0.0,0.4684374215999132
realprize,Blended,180,47,0.4730832598570658,0.0,0.4730832598570658
realprize,Blended,180,48,0.47735392342140076,0.0,0.47735392342140076
realprize,Blended,180,49,0.48199975917224247,0.0,0.48199975917224247
realprize,Blended,180,50,0.48807443525423955,0.0,0.48807443525423955
realprize,Blended,180,51,0.49195270326349055,0.0,0.49195270326349055
realprize,Blended,180,52,0.4966056393931418,0.0,0.4966056393931418
realprize,Blended,180,53,0.5004156004048376,0.0,0.5004156004048376
realprize,Blended,180,54,0.5045414493247627,0.0,0.5045414493247627
realprize,Blended,180,55,0.5088369955438172,0.0,0.5088369955438172
realprize,Blended,180,56,0.5138292560950222,0.0,0.5138292560950222
realprize,Blended,180,57,0.5181749084818,0.0,0.5181749084818
realprize,Blended,180,58,0.524271625061944,0.0,0.524271625061944
realprize,Blended,180,59,0.5291089279284841,0.0,0.5291089279284841
realprize,Blended,180,60,0.5331138573722201,0.0,0.5331138573722201
realprize,Blended,180,61,0.5373543695309152,0.0,0.5373543695309152
realprize,Blended,180,62,0.5417875706938251,0.0,0.5417875706938251
realprize,Blended,180,63,0.545892951401431,0.0,0.545892951401431
realprize,Blended,180,64,0.5518015883450837,0.0,0.5518015883450837
realprize,Blended,180,65,0.555900086064536,0.0,0.555900086064536
realprize,Blended,180,66,0.5589548112363886,0.0,0.5589548112363886
realprize,Blended,180,67,0.5628359586188738,0.0,0.5628359586188738
realprize,Blended,180,68,0.5679437749480573,0.0,0.5679437749480573
realprize,Blended,180,69,0.5746819040407167,0.0,0.5746819040407167
realprize,Blended,180,70,0.5804583819789039,0.0,0.5804583819789039
realprize,Blended,180,71,0.5859956192079793,0.0,0.5859956192079793
realprize,Blended,180,72,0.5915408053459422,0.0,0.5915408053459422
realprize,Blended,180,73,0.5955282848211515,0.0,0.5955282848211515
realprize,Blended,180,74,0.6019153901839946,0.0,0.6019153901839946
realprize,Blended,180,75,0.6100453214433909,0.0,0.6100453214433909
realprize,Blended,180,76,0.6138520666920474,0.0,0.6138520666920474
realprize,Blended,180,77,0.6175714259390738,0.0,0.6175714259390738
realprize,Blended,180,78,0.6218605848135397,0.0,0.6218605848135397
realprize,Blended,180,79,0.6273063651770437,0.0,0.6273063651770437
realprize,Blended,180,80,0.6333373641880343,0.0,0.6333373641880343
realprize,Blended,180,81,0.63639793892489,0.0,0.63639793892489
realprize,Blended,180,82,0.6420236194103074,0.0,0.6420236194103074
realprize,Blended,180,83,0.6471459513267209,0.0,0.6471459513267209
realprize,Blended,180,84,0.6554743214960793,0.0,0.6554743214960793
realprize,Blended,180,85,0.6628467470866017,0.0,0.6628467470866017
realprize,Blended,180,86,0.6665709636390862,0.0,0.6665709636390862
realprize,Blended,180,87,0.6705234692150933,0.0,0.6705234692150933
realprize,Blended,180,88,0.6741581505924353,0.0,0.6741581505924353
realprize,Blended,180,89,0.6772601727470966,0.0,0.6772601727470966
realprize,Blended,180,90,0.680931218920208,0.0,0.680931218920208
realprize,Blended,180,91,0.6861848967680029,0.0,0.6861848967680029
realprize,Blended,180,92,0.6947489858972679,0.0,0.6947489858972679
realprize,Blended,180,93,0.6998309200810373,0.0,0.6998309200810373
realprize,Blended,180,94,0.7043086073054962,0.0,0.7043086073054962
realprize,Blended,180,95,0.7072616051326135,0.0,0.7072616051326135
realprize,Blended,180,96,0.7128330337356302,0.0,0.7128330337356302
realprize,Blended,180,97,0.7181504149533421,0.0,0.7181504149533421
realprize,Blended,180,98,0.7237705881467495,0.0,0.7237705881467495
realprize,Blended,180,99,0.7289415970666367,0.0,0.7289415970666367
realprize,Blended,180,100,0.7320422538103313,0.0,0.7320422538103313
realprize,Blended,180,101,0.741451569603374,0.0,0.741451569603374
realprize,Blended,180,102,0.7442970371663289,0.0,0.7442970371663289
realprize,Blended,180,103,0.7498169380525829,0.0,0.7498169380525829
realprize,Blended,180,104,0.7538739471205034,0.0,0.7538739471205034
realprize,Blended,180,105,0.758597701755557,0.0,0.758597701755557
realprize,Blended,180,106,0.7640983999094011,0.0,0.7640983999094011
realprize,Blended,180,107,0.7670039754459874,0.0,0.7670039754459874
realprize,Blended,180,108,0.7716166988705829,0.0,0.7716166988705829
realprize,Blended,180,109,0.7751094322149575,0.0,0.7751094322149575
realprize,Blended,180,110,0.7797003397907537,0.0,0.7797003397907537
realprize,Blended,180,111,0.7822900262863653,0.0,0.7822900262863653
realprize,Blended,180,112,0.7845579678416228,0.0,0.7845579678416228
realprize,Blended,180,113,0.7871340829231168,0.0,0.7871340829231168
realprize,Blended,180,114,0.7901012818309516,0.0,0.7901012818309516
realprize,Blended,180,115,0.7940835872534538,0.0,0.7940835872534538
realprize,Blended,180,116,0.7986245244878775,0.0,0.7986245244878775
realprize,Blended,180,117,0.8009090052858272,0.0,0.8009090052858272
realprize,Blended,180,118,0.8037673348385304,0.0,0.8037673348385304
realprize,Blended,180,119,0.806788609513969,0.0,0.806788609513969
realprize,Blended,180,120,0.8095395074502775,0.0,0.8095395074502775
realprize,Blended,180,121,0.8117725036116115,0.0,0.8117725036116115
realprize,Blended,180,122,0.8142670823228448,0.0,0.8142670823228448
realprize,Blended,180,123,0.8166318390190098,0.0,0.8166318390190098
realprize,Blended,180,124,0.8189345195205296,0.0,0.8189345195205296
realprize,Blended,180,125,0.8217723294915736,0.0,0.8217723294915736
realprize,Blended,180,126,0.8247525749248154,0.0,0.8247525749248154
realprize,Blended,180,127,0.8290939574546532,0.0,0.8290939574546532
realprize,Blended,180,128,0.8319104437083084,0.0,0.8319104437083084
realprize,Blended,180,129,0.8361408013304392,0.0,0.8361408013304392
realprize,Blended,180,130,0.8385579154850913,0.0,0.8385579154850913
realprize,Blended,180,131,0.84193241663203,0.0,0.84193241663203
realprize,Blended,180,132,0.8460711759282092,0.0,0.8460711759282092
realprize,Blended,180,133,0.8496221586074688,0.0,0.8496221586074688
realprize,Blended,180,134,0.8527536303633151,0.0,0.8527536303633151
realprize,Blended,180,135,0.8558112837222237,0.0,0.8558112837222237
realprize,Blended,180,136,0.859036505778769,0.0,0.859036505778769
realprize,Blended,180,137,0.8620251086281109,0.0,0.8620251086281109
realprize,Blended,180,138,0.8647022850104215,0.0,0.8647022850104215
realprize,Blended,180,139,0.8677701929210628,0.0,0.8677701929210628
realprize,Blended,180,140,0.871702889744589,0.0,0.871702889744589
realprize,Blended,180,141,0.8744290279086341,0.0,0.8744290279086341
realprize,Blended,180,142,0.8772215941352859,0.0,0.8772215941352859
realprize,Blended,180,143,0.8795757063976534,0.0,0.8795757063976534
realprize,Blended,180,144,0.8819129012633958,0.0,0.8819129012633958
realprize,Blended,180,145,0.8845813978690166,0.0,0.8845813978690166
realprize,Blended,180,146,0.8868184431407312,0.0,0.8868184431407312
realprize,Blended,180,147,0.8903308362080422,0.0,0.8903308362080422
realprize,Blended,180,148,0.8925985471199115,0.0,0.8925985471199115
realprize,Blended,180,149,0.8952321285886844,0.0,0.8952321285886844
realprize,Blended,180,150,0.898142652653835,0.0,0.898142652653835
realprize,Blended,180,151,0.9029030864889439,0.0,0.9029030864889439
realprize,Blended,180,152,0.9052043046000582,0.0,0.9052043046000582
realprize,Blended,180,153,0.9087254032031087,0.0,0.9087254032031087
realprize,Blended,180,154,0.9122175535128768,0.0,0.9122175535128768
realprize,Blended,180,155,0.9164120487034694,0.0,0.9164120487034694
realprize,Blended,180,156,0.9202917930829372,0.0,0.9202917930829372
realprize,Blended,180,157,0.9257675285814406,0.0,0.9257675285814406
realprize,Blended,180,158,0.9289751892699385,0.0,0.9289751892699385
realprize,Blended,180,159,0.9335174357390102,0.0,0.9335174357390102
realprize,Blended,180,160,0.9373718359317333,0.0,0.9373718359317333
realprize,Blended,180,161,0.9405509435655593,0.0,0.9405509435655593
realprize,Blended,180,162,0.9431503868179735,0.0,0.9431503868179735
realprize,Blended,180,163,0.9456275643758532,0.0,0.9456275643758532
realprize,Blended,180,164,0.9481559977289902,0.0,0.9481559977289902
realprize,Blended,180,165,0.9512993754010972,0.0,0.9512993754010972
realprize,Blended,180,166,0.9536019846738554,0.0,0.9536019846738554
realprize,Blended,180,167,0.9565179925304245,0.0,0.9565179925304245
realprize,Blended,180,168,0.9597888933532369,0.0,0.9597888933532369
realprize,Blended,180,169,0.9634071169532626,0.0,0.9634071169532626
realprize,Blended,180,170,0.9672536730292053,0.0,0.9672536730292053
realprize,Blended,180,171,0.9694086058953736,0.0,0.9694086058953736
realprize,Blended,180,172,0.9710507010113414,0.0,0.9710507010113414
realprize,Blended,180,173,0.9753883195379955,0.0,0.9753883195379955
realprize,Blended,180,174,0.9788529733715553,0.0,0.9788529733715553
realprize,Blended,180,175,0.983060986896605,0.0,0.983060986896605
realprize,Blended,180,176,0.986392928605226,0.0,0.986392928605226
realprize,Blended,180,177,0.9903849794488928,0.0,0.9903849794488928
realprize,Blended,180,178,0.9936073050551438,0.0,0.9936073050551438
realprize,Blended,180,179,0.997167794468628,0.0,0.997167794468628
realprize,Blended,180,180,1.0,0.0,1.0
realprize,Blended,210,1,0.07421993108228325,0.0,0.07421993108228325
realprize,Blended,210,2,0.10652155233731539,0.0,0.10652155233731539
realprize,Blended,210,3,0.12565621670626553,0.0,0.12565621670626553
realprize,Blended,210,4,0.13776522957558604,0.0,0.13776522957558604
realprize,Blended,210,5,0.14923962453876605,0.0,0.14923962453876605
realprize,Blended,210,6,0.15982813367476645,0.0,0.15982813367476645
realprize,Blended,210,7,0.16996098094239076,0.0,0.16996098094239076
realprize,Blended,210,8,0.17978674713893228,0.0,0.17978674713893228
realprize,Blended,210,9,0.1918887963595646,0.0,0.1918887963595646
realprize,Blended,210,10,0.20101943469201175,0.0,0.20101943469201175
realprize,Blended,210,11,0.2088795420447081,0.0,0.2088795420447081
realprize,Blended,210,12,0.21773992800834718,0.0,0.21773992800834718
realprize,Blended,210,13,0.22764214365224492,0.0,0.22764214365224492
realprize,Blended,210,14,0.23448681883913197,0.0,0.23448681883913197
realprize,Blended,210,15,0.24286502202666496,0.0,0.24286502202666496
realprize,Blended,210,16,0.2507241664430828,0.0,0.2507241664430828
realprize,Blended,210,17,0.25867627374871444,0.0,0.25867627374871444
realprize,Blended,210,18,0.26619881796548833,0.0,0.26619881796548833
realprize,Blended,210,19,0.2722099389444945,0.0,0.2722099389444945
realprize,Blended,210,20,0.2800933048257241,0.0,0.2800933048257241
realprize,Blended,210,21,0.2888859073960163,0.0,0.2888859073960163
realprize,Blended,210,22,0.29522167437770996,0.0,0.29522167437770996
realprize,Blended,210,23,0.3027166832635642,0.0,0.3027166832635642
realprize,Blended,210,24,0.3083081699736328,0.0,0.3083081699736328
realprize,Blended,210,25,0.31506700009600813,0.0,0.31506700009600813
realprize,Blended,210,26,0.3211685048563511,0.0,0.3211685048563511
realprize,Blended,210,27,0.32639483802300306,0.0,0.32639483802300306
realprize,Blended,210,28,0.33430719597321007,0.0,0.33430719597321007
realprize,Blended,210,29,0.3401297843793696,0.0,0.3401297843793696
realprize,Blended,210,30,0.34645444692797356,0.0,0.34645444692797356
realprize,Blended,210,31,0.35079557218009394,0.0,0.35079557218009394
realprize,Blended,210,32,0.35503761715063326,0.0,0.35503761715063326
realprize,Blended,210,33,0.36367250016729,0.0,0.36367250016729
realprize,Blended,210,34,0.3690496390282272,0.0,0.3690496390282272
realprize,Blended,210,35,0.375841008700789,0.0,0.375841008700789
realprize,Blended,210,36,0.38171700743229087,0.0,0.38171700743229087
realprize,Blended,210,37,0.38586999641941083,0.0,0.38586999641941083
realprize,Blended,210,38,0.3901271450914106,0.0,0.3901271450914106
realprize,Blended,210,39,0.3952805850248445,0.0,0.3952805850248445
realprize,Blended,210,40,0.4009679641728992,0.0,0.4009679641728992
realprize,Blended,210,41,0.4057173612838808,0.0,0.4057173612838808
realprize,Blended,210,42,0.4095083242361589,0.0,0.4095083242361589
realprize,Blended,210,43,0.4136954760861297,0.0,0.4136954760861297
realprize,Blended,210,44,0.418755339184824,0.0,0.418755339184824
realprize,Blended,210,45,0.42268198695161147,0.0,0.42268198695161147
realprize,Blended,210,46,0.4261025638278013,0.0,0.4261025638278013
realprize,Blended,210,47,0.4303285361801826,0.0,0.4303285361801826
realprize,Blended,210,48,0.4342132401130877,0.0,0.4342132401130877
realprize,Blended,210,49,0.438439210185665,0.0,0.438439210185665
realprize,Blended,210,50,0.4439648896758342,0.0,0.4439648896758342
realprize,Blended,210,51,0.4474926606560199,0.0,0.4474926606560199
realprize,Blended,210,52,0.45172508941331235,0.0,0.45172508941331235
realprize,Blended,210,53,0.45519072661544446,0.0,0.45519072661544446
realprize,Blended,210,54,0.4589437034735739,0.0,0.4589437034735739
realprize,Blended,210,55,0.46285104130053173,0.0,0.46285104130053173
realprize,Blended,210,56,0.46739212816096976,0.0,0.46739212816096976
realprize,Blended,210,57,0.47134504382937675,0.0,0.47134504382937675
realprize,Blended,210,58,0.4768907719158693,0.0,0.4768907719158693
realprize,Blended,210,59,0.48129090533476754,0.0,0.48129090533476754
realprize,Blended,210,60,0.4849338907694002,0.0,0.4849338907694002
realprize,Blended,210,61,0.48879116821873725,0.0,0.48879116821873725
realprize,Blended,210,62,0.4928237204751914,0.0,0.4928237204751914
realprize,Blended,210,63,0.49655807892807813,0.0,0.49655807892807813
realprize,Blended,210,64,0.5019327250052834,0.0,0.5019327250052834
realprize,Blended,210,65,0.5056608225175111,0.0,0.5056608225175111
realprize,Blended,210,66,0.5084394780379647,0.0,0.5084394780379647
realprize,Blended,210,67,0.5119698681690995,0.0,0.5119698681690995
realprize,Blended,210,68,0.5166160674970546,0.0,0.5166160674970546
realprize,Blended,210,69,0.522745240678776,0.0,0.522745240678776
realprize,Blended,210,70,0.5279996715714866,0.0,0.5279996715714866
realprize,Blended,210,71,0.5330364830452012,0.0,0.5330364830452012
realprize,Blended,210,72,0.5380805250481189,0.0,0.5380805250481189
realprize,Blended,210,73,0.541707637548641,0.0,0.541707637548641
realprize,Blended,210,74,0.5475175106395878,0.0,0.5475175106395878
realprize,Blended,210,75,0.5549127023848177,0.0,0.5549127023848177
realprize,Blended,210,76,0.5583754144472994,0.0,0.5583754144472994
realprize,Blended,210,77,0.5617586379855507,0.0,0.5617586379855507
realprize,Blended,210,78,0.5656601657218119,0.0,0.5656601657218119
realprize,Blended,210,79,0.5706137857101697,0.0,0.5706137857101697
realprize,Blended,210,80,0.5760997354283818,0.0,0.5760997354283818
realprize,Blended,210,81,0.5788837118615768,0.0,0.5788837118615768
realprize,Blended,210,82,0.5840009735652324,0.0,0.5840009735652324
realprize,Blended,210,83,0.5886603766396198,0.0,0.5886603766396198
realprize,Blended,210,84,0.5962360734521207,0.0,0.5962360734521207
realprize,Blended,210,85,0.6029422188215963,0.0,0.6029422188215963
realprize,Blended,210,86,0.6063298606881312,0.0,0.6063298606881312
realprize,Blended,210,87,0.6099251600425853,0.0,0.6099251600425853
realprize,Blended,210,88,0.6132313584421345,0.0,0.6132313584421345
realprize,Blended,210,89,0.6160530364981647,0.0,0.6160530364981647
realprize,Blended,210,90,0.6193923132385892,0.0,0.6193923132385892
realprize,Blended,210,91,0.6241711919046551,0.0,0.6241711919046551
realprize,Blended,210,92,0.6319613046637214,0.0,0.6319613046637214
realprize,Blended,210,93,0.6365839609355292,0.0,0.6365839609355292
realprize,Blended,210,94,0.6406569788422635,0.0,0.6406569788422635
realprize,Blended,210,95,0.6433431005889314,0.0,0.6433431005889314
realprize,Blended,210,96,0.6484110134038829,0.0,0.6484110134038829
realprize,Blended,210,97,0.6532478382714997,0.0,0.6532478382714997
realprize,Blended,210,98,0.6583600904026127,0.0,0.6583600904026127
realprize,Blended,210,99,0.6630637713143872,0.0,0.6630637713143872
realprize,Blended,210,100,0.6658842073579588,0.0,0.6658842073579588
realprize,Blended,210,101,0.6744431597353914,0.0,0.6744431597353914
realprize,Blended,210,102,0.6770314692255317,0.0,0.6770314692255317
realprize,Blended,210,103,0.6820525111219604,0.0,0.6820525111219604
realprize,Blended,210,104,0.6857428695041095,0.0,0.6857428695041095
realprize,Blended,210,105,0.690039716570715,0.0,0.690039716570715
realprize,Blended,210,106,0.695043291174534,0.0,0.695043291174534
realprize,Blended,210,107,0.6976862764025421,0.0,0.6976862764025421
realprize,Blended,210,108,0.7018821266630438,0.0,0.7018821266630438
realprize,Blended,210,109,0.7050592055303166,0.0,0.7050592055303166
realprize,Blended,210,110,0.7092352115412411,0.0,0.7092352115412411
realprize,Blended,210,111,0.7115908560828782,0.0,0.7115908560828782
realprize,Blended,210,112,0.7136538332634933,0.0,0.7136538332634933
realprize,Blended,210,113,0.7159971329025165,0.0,0.7159971329025165
realprize,Blended,210,114,0.7186961723125134,0.0,0.7186961723125134
realprize,Blended,210,115,0.7223185783634178,0.0,0.7223185783634178
realprize,Blended,210,116,0.726449130083988,0.0,0.726449130083988
realprize,Blended,210,117,0.7285271517793879,0.0,0.7285271517793879
realprize,Blended,210,118,0.7311271608617361,0.0,0.7311271608617361
realprize,Blended,210,119,0.7338753889619496,0.0,0.7338753889619496
realprize,Blended,210,120,0.7363776755202825,0.0,0.7363776755202825
realprize,Blended,210,121,0.7384088654839545,0.0,0.7384088654839545
realprize,Blended,210,122,0.7406779975718571,0.0,0.7406779975718571
realprize,Blended,210,123,0.7428290402610245,0.0,0.7428290402610245
realprize,Blended,210,124,0.7449236168685524,0.0,0.7449236168685524
realprize,Blended,210,125,0.747504960818803,0.0,0.747504960818803
realprize,Blended,210,126,0.7502158676793249,0.0,0.7502158676793249
realprize,Blended,210,127,0.7541648993775248,0.0,0.7541648993775248
realprize,Blended,210,128,0.7567268467334157,0.0,0.7567268467334157
realprize,Blended,210,129,0.7605748873586542,0.0,0.7605748873586542
realprize,Blended,210,130,0.7627735557204689,0.0,0.7627735557204689
realprize,Blended,210,131,0.7658430875811802,0.0,0.7658430875811802
realprize,Blended,210,132,0.769607808045111,0.0,0.769607808045111
realprize,Blended,210,133,0.7728378719852906,0.0,0.7728378719852906
realprize,Blended,210,134,0.7756863381457505,0.0,0.7756863381457505
realprize,Blended,210,135,0.778467657219444,0.0,0.778467657219444
realprize,Blended,210,136,0.7814014010320417,0.0,0.7814014010320417
realprize,Blended,210,137,0.7841199100102917,0.0,0.7841199100102917
realprize,Blended,210,138,0.7865551375726534,0.0,0.7865551375726534
realprize,Blended,210,139,0.7893457844467804,0.0,0.7893457844467804
realprize,Blended,210,140,0.7929230652573924,0.0,0.7929230652573924
realprize,Blended,210,141,0.7954028296986725,0.0,0.7954028296986725
realprize,Blended,210,142,0.7979430187911049,0.0,0.7979430187911049
realprize,Blended,210,143,0.8000843790332206,0.0,0.8000843790332206
realprize,Blended,210,144,0.80221035078214,0.0,0.80221035078214
realprize,Blended,210,145,0.8046376829994023,0.0,0.8046376829994023
realprize,Blended,210,146,0.80667255613661,0.0,0.80667255613661
realprize,Blended,210,147,0.8098675179866701,0.0,0.8098675179866701
realprize,Blended,210,148,0.8119302853682074,0.0,0.8119302853682074
realprize,Blended,210,149,0.8143258578911302,0.0,0.8143258578911302
realprize,Blended,210,150,0.8169733444262738,0.0,0.8169733444262738
realprize,Blended,210,151,0.8213035558238699,0.0,0.8213035558238699
realprize,Blended,210,152,0.8233968022039814,0.0,0.8233968022039814
realprize,Blended,210,153,0.826599682830226,0.0,0.826599682830226
realprize,Blended,210,154,0.8297762313544281,0.0,0.8297762313544281
realprize,Blended,210,155,0.8335916506020419,0.0,0.8335916506020419
realprize,Blended,210,156,0.8371207645260351,0.0,0.8371207645260351
realprize,Blended,210,157,0.8421016324652066,0.0,0.8421016324652066
realprize,Blended,210,158,0.8450194020118633,0.0,0.8450194020118633
realprize,Blended,210,159,0.8491511446454874,0.0,0.8491511446454874
realprize,Blended,210,160,0.8526572048541877,0.0,0.8526572048541877
realprize,Blended,210,161,0.8555490018178701,0.0,0.8555490018178701
realprize,Blended,210,162,0.857913521353042,0.0,0.857913521353042
realprize,Blended,210,163,0.8601668249103541,0.0,0.8601668249103541
realprize,Blended,210,164,0.8624667520394885,0.0,0.8624667520394885
realprize,Blended,210,165,0.8653260481234547,0.0,0.8653260481234547
realprize,Blended,210,166,0.8674205599394939,0.0,0.8674205599394939
realprize,Blended,210,167,0.8700730346704459,0.0,0.8700730346704459
realprize,Blended,210,168,0.8730483290477966,0.0,0.8730483290477966
realprize,Blended,210,169,0.876339557035534,0.0,0.876339557035534
realprize,Blended,210,170,0.8798384820365909,0.0,0.8798384820365909
realprize,Blended,210,171,0.881798663646367,0.0,0.881798663646367
realprize,Blended,210,172,0.8832923550269003,0.0,0.8832923550269003
realprize,Blended,210,173,0.8872379628923046,0.0,0.8872379628923046
realprize,Blended,210,174,0.8903894999241102,0.0,0.8903894999241102
realprize,Blended,210,175,0.8942172157917317,0.0,0.8942172157917317
realprize,Blended,210,176,0.8972480345075361,0.0,0.8972480345075361
realprize,Blended,210,177,0.9008793052407915,0.0,0.9008793052407915
realprize,Blended,210,178,0.9038104143687131,0.0,0.9038104143687131
realprize,Blended,210,179,0.9070491258755472,0.0,0.9070491258755472
realprize,Blended,210,180,0.909625371885277,0.0,0.909625371885277
realprize,Blended,210,181,0.9135526768231182,0.0,0.9135526768231182
realprize,Blended,210,182,0.9163555504893784,0.0,0.9163555504893784
realprize,Blended,210,183,0.9209077738307142,0.0,0.9209077738307142
realprize,Blended,210,184,0.9235435577438521,0.0,0.9235435577438521
realprize,Blended,210,185,0.927084548830619,0.0,0.927084548830619
realprize,Blended,210,186,0.9300848039845478,0.0,0.9300848039845478
realprize,Blended,210,187,0.9335776386720339,0.0,0.9335776386720339
realprize,Blended,210,188,0.9369758207116201,0.0,0.9369758207116201
realprize,Blended,210,189,0.9410029973458802,0.0,0.9410029973458802
realprize,Blended,210,190,0.943660503568528,0.0,0.943660503568528
realprize,Blended,210,191,0.9469440109016238,0.0,0.9469440109016238
realprize,Blended,210,192,0.9498520555133367,0.0,0.9498520555133367
realprize,Blended,210,193,0.9520684929882517,0.0,0.9520684929882517
realprize,Blended,210,194,0.953847707330131,0.0,0.953847707330131
realprize,Blended,210,195,0.9563854481185932,0.0,0.9563854481185932
realprize,Blended,210,196,0.9590449352939634,0.0,0.9590449352939634
realprize,Blended,210,197,0.9615469347228799,0.0,0.9615469347228799
realprize,Blended,210,198,0.963679404263516,0.0,0.963679404263516
realprize,Blended,210,199,0.9662234708676058,0.0,0.9662234708676058
realprize,Blended,210,200,0.9699089491973324,0.0,0.9699089491973324
realprize,Blended,210,201,0.9725988564280735,0.0,0.9725988564280735
realprize,Blended,210,202,0.9756983757595191,0.0,0.9756983757595191
realprize,Blended,210,203,0.9786583241395806,0.0,0.9786583241395806
realprize,Blended,210,204,0.9823065072247811,0.0,0.9823065072247811
realprize,Blended,210,205,0.9856886972816602,0.0,0.9856886972816602
realprize,Blended,210,206,0.988907280292784,0.0,0.988907280292784
realprize,Blended,210,207,0.9906115031430359,0.0,0.9906115031430359
realprize,Blended,210,208,0.994230078203081,0.0,0.994230078203081
realprize,Blended,210,209,0.9974767273844583,0.0,0.9974767273844583
realprize,Blended,210,210,1.0,0.0,1.0
realprize,Blended,240,1,0.0691753989533032,0.0,0.0691753989533032
realprize,Blended,240,2,0.0992815645690879,0.0,0.0992815645690879
realprize,Blended,240,3,0.11711569648295658,0.0,0.11711569648295658
realprize,Blended,240,4,0.12840169182074906,0.0,0.12840169182074906
realprize,Blended,240,5,0.13909620255056598,0.0,0.13909620255056598
realprize,Blended,240,6,0.1489650387664267,0.0,0.1489650387664267
realprize,Blended,240,7,0.1584091832441911,0.0,0.1584091832441911
realprize,Blended,240,8,0.16756711813790715,0.0,0.16756711813790715
realprize,Blended,240,9,0.1788466231277681,0.0,0.1788466231277681
realprize,Blended,240,10,0.18735667615712379,0.0,0.18735667615712379
realprize,Blended,240,11,0.1946825528321609,0.0,0.1946825528321609
realprize,Blended,240,12,0.2029407218303977,0.0,0.2029407218303977
realprize,Blended,240,13,0.21216991010502514,0.0,0.21216991010502514
realprize,Blended,240,14,0.21854937084898304,0.0,0.21854937084898304
realprize,Blended,240,15,0.22635812975724587,0.0,0.22635812975724587
realprize,Blended,240,16,0.2336831089442328,0.0,0.2336831089442328
realprize,Blended,240,17,0.2410947325790849,0.0,0.2410947325790849
realprize,Blended,240,18,0.24810598939044312,0.0,0.24810598939044312
realprize,Blended,240,19,0.2537085503981909,0.0,0.2537085503981909
realprize,Blended,240,20,0.2610561047811818,0.0,0.2610561047811818
realprize,Blended,240,21,0.2692510974437793,0.0,0.2692510974437793
realprize,Blended,240,22,0.27515623912530324,0.0,0.27515623912530324
realprize,Blended,240,23,0.2821418321092515,0.0,0.2821418321092515
realprize,Blended,240,24,0.287353280277834,0.0,0.287353280277834
realprize,Blended,240,25,0.2936527306189368,0.0,0.2936527306189368
realprize,Blended,240,26,0.2993395322618038,0.0,0.2993395322618038
realprize,Blended,240,27,0.30421064540613185,0.0,0.30421064540613185
realprize,Blended,240,28,0.3115852213439632,0.0,0.3115852213439632
realprize,Blended,240,29,0.3170120638384735,0.0,0.3170120638384735
realprize,Blended,240,30,0.3229068558258125,0.0,0.3229068558258125
realprize,Blended,240,31,0.3269529262929053,0.0,0.3269529262929053
realprize,Blended,240,32,0.3309066507027216,0.0,0.3309066507027216
realprize,Blended,240,33,0.33895464359199173,0.0,0.33895464359199173
realprize,Blended,240,34,0.34396631256700416,0.0,0.34396631256700416
realprize,Blended,240,35,0.35029609083125496,0.0,0.35029609083125496
realprize,Blended,240,36,0.3557727134927623,0.0,0.3557727134927623
realprize,Blended,240,37,0.35964343481846933,0.0,0.35964343481846933
realprize,Blended,240,38,0.36361123637116305,0.0,0.36361123637116305
realprize,Blended,240,39,0.3684144106422622,0.0,0.3684144106422622
realprize,Blended,240,40,0.3737152336938117,0.0,0.3737152336938117
realprize,Blended,240,41,0.3781418268629105,0.0,0.3781418268629105
realprize,Blended,240,42,0.38167512810446375,0.0,0.38167512810446375
realprize,Blended,240,43,0.385577690333721,0.0,0.385577690333721
realprize,Blended,240,44,0.39029364793968035,0.0,0.39029364793968035
realprize,Blended,240,45,0.3939534118582898,0.0,0.3939534118582898
realprize,Blended,240,46,0.3971415011843032,0.0,0.3971415011843032
realprize,Blended,240,47,0.4010802453892461,0.0,0.4010802453892461
realprize,Blended,240,48,0.40470091628526533,0.0,0.40470091628526533
realprize,Blended,240,49,0.4086396583653565,0.0,0.4086396583653565
realprize,Blended,240,50,0.41378977205647227,0.0,0.41378977205647227
realprize,Blended,240,51,0.4170777697871585,0.0,0.4170777697871585
realprize,Blended,240,52,0.4210225315722718,0.0,0.4210225315722718
realprize,Blended,240,53,0.4242526185932247,0.0,0.4242526185932247
realprize,Blended,240,54,0.4277505155548346,0.0,0.4277505155548346
realprize,Blended,240,55,0.43139228197907836,0.0,0.43139228197907836
realprize,Blended,240,56,0.4356247231936106,0.0,0.4356247231936106
realprize,Blended,240,57,0.43930896965414246,0.0,0.43930896965414246
realprize,Blended,240,58,0.4444777692915924,0.0,0.4444777692915924
realprize,Blended,240,59,0.4485788372966623,0.0,0.4485788372966623
realprize,Blended,240,60,0.4519742186604957,0.0,0.4519742186604957
realprize,Blended,240,61,0.4555693271783904,0.0,0.4555693271783904
realprize,Blended,240,62,0.4593277975390136,0.0,0.4593277975390136
realprize,Blended,240,63,0.4628083415390705,0.0,0.4628083415390705
realprize,Blended,240,64,0.4678176871582586,0.0,0.4678176871582586
realprize,Blended,240,65,0.4712923957572097,0.0,0.4712923957572097
realprize,Blended,240,66,0.4738821934217761,0.0,0.4738821934217761
realprize,Blended,240,67,0.47717263228665874,0.0,0.47717263228665874
realprize,Blended,240,68,0.4815030417527029,0.0,0.4815030417527029
realprize,Blended,240,69,0.4872156312676327,0.0,0.4872156312676327
realprize,Blended,240,70,0.49211293241000176,0.0,0.49211293241000176
realprize,Blended,240,71,0.4968074051488744,0.0,0.4968074051488744
realprize,Blended,240,72,0.5015086169770316,0.0,0.5015086169770316
realprize,Blended,240,73,0.5048892042480434,0.0,0.5048892042480434
realprize,Blended,240,74,0.5103041956536367,0.0,0.5103041956536367
realprize,Blended,240,75,0.5171967558036229,0.0,0.5171967558036229
realprize,Blended,240,76,0.5204241164989195,0.0,0.5204241164989195
realprize,Blended,240,77,0.523577391294436,0.0,0.523577391294436
realprize,Blended,240,78,0.5272137425244585,0.0,0.5272137425244585
realprize,Blended,240,79,0.5318306780828844,0.0,0.5318306780828844
realprize,Blended,240,80,0.5369437623294105,0.0,0.5369437623294105
realprize,Blended,240,81,0.5395385192583729,0.0,0.5395385192583729
realprize,Blended,240,82,0.5443079742381463,0.0,0.5443079742381463
realprize,Blended,240,83,0.5486506900269505,0.0,0.5486506900269505
realprize,Blended,240,84,0.5557114867928897,0.0,0.5557114867928897
realprize,Blended,240,85,0.561961833224201,0.0,0.561961833224201
realprize,Blended,240,86,0.5651192260459307,0.0,0.5651192260459307
realprize,Blended,240,87,0.568470162426149,0.0,0.568470162426149
realprize,Blended,240,88,0.5715516472776241,0.0,0.5715516472776241
realprize,Blended,240,89,0.574181543349978,0.0,0.574181543349978
realprize,Blended,240,90,0.5772938582951139,0.0,0.5772938582951139
realprize,Blended,240,91,0.5817479292360859,0.0,0.5817479292360859
realprize,Blended,240,92,0.5890085686646269,0.0,0.5890085686646269
realprize,Blended,240,93,0.5933170352336915,0.0,0.5933170352336915
realprize,Blended,240,94,0.5971132209015269,0.0,0.5971132209015269
realprize,Blended,240,95,0.5996167740678172,0.0,0.5996167740678172
realprize,Blended,240,96,0.604340234272141,0.0,0.604340234272141
realprize,Blended,240,97,0.6088483129648269,0.0,0.6088483129648269
realprize,Blended,240,98,0.6136130988594345,0.0,0.6136130988594345
realprize,Blended,240,99,0.6179970830382976,0.0,0.6179970830382976
realprize,Blended,240,100,0.6206258215144901,0.0,0.6206258215144901
realprize,Blended,240,101,0.6286030445689661,0.0,0.6286030445689661
realprize,Blended,240,102,0.6310154335187292,0.0,0.6310154335187292
realprize,Blended,240,103,0.6356952084967151,0.0,0.6356952084967151
realprize,Blended,240,104,0.6391347429942992,0.0,0.6391347429942992
realprize,Blended,240,105,0.6431395447468666,0.0,0.6431395447468666
realprize,Blended,240,106,0.6478030396378559,0.0,0.6478030396378559
realprize,Blended,240,107,0.6502663881604037,0.0,0.6502663881604037
realprize,Blended,240,108,0.6541770575922676,0.0,0.6541770575922676
realprize,Blended,240,109,0.6571381988240756,0.0,0.6571381988240756
realprize,Blended,240,110,0.6610303727674446,0.0,0.6610303727674446
realprize,Blended,240,111,0.6632259103889934,0.0,0.6632259103889934
realprize,Blended,240,112,0.6651486724748595,0.0,0.6651486724748595
realprize,Blended,240,113,0.6673327042441273,0.0,0.6673327042441273
realprize,Blended,240,114,0.669848297094385,0.0,0.669848297094385
realprize,Blended,240,115,0.6732244978006935,0.0,0.6732244978006935
realprize,Blended,240,116,0.6770743068614284,0.0,0.6770743068614284
realprize,Blended,240,117,0.6790110909262579,0.0,0.6790110909262579
realprize,Blended,240,118,0.6814343842779353,0.0,0.6814343842779353
realprize,Blended,240,119,0.6839958225934221,0.0,0.6839958225934221
realprize,Blended,240,120,0.6863280353622034,0.0,0.6863280353622034
realprize,Blended,240,121,0.6882211707240669,0.0,0.6882211707240669
realprize,Blended,240,122,0.6903360759142159,0.0,0.6903360759142159
realprize,Blended,240,123,0.6923409179292773,0.0,0.6923409179292773
realprize,Blended,240,124,0.6942931317127066,0.0,0.6942931317127066
realprize,Blended,240,125,0.6966990285518766,0.0,0.6966990285518766
realprize,Blended,240,126,0.6992256822534807,0.0,0.6992256822534807
realprize,Blended,240,127,0.7029063087269729,0.0,0.7029063087269729
realprize,Blended,240,128,0.705294127306926,0.0,0.705294127306926
realprize,Blended,240,129,0.7088806268031904,0.0,0.7088806268031904
realprize,Blended,240,130,0.7109298575000758,0.0,0.7109298575000758
realprize,Blended,240,131,0.7137907614104981,0.0,0.7137907614104981
realprize,Blended,240,132,0.7172996037961284,0.0,0.7172996037961284
realprize,Blended,240,133,0.7203101288457797,0.0,0.7203101288457797
realprize,Blended,240,134,0.722964992306059,0.0,0.722964992306059
realprize,Blended,240,135,0.7255572724892065,0.0,0.7255572724892065
realprize,Blended,240,136,0.7282916175054831,0.0,0.7282916175054831
realprize,Blended,240,137,0.7308253566290089,0.0,0.7308253566290089
realprize,Blended,240,138,0.7330950682241557,0.0,0.7330950682241557
realprize,Blended,240,139,0.7356960422218479,0.0,0.7356960422218479
realprize,Blended,240,140,0.7390301847309232,0.0,0.7390301847309232
realprize,Blended,240,141,0.7413414061512934,0.0,0.7413414061512934
realprize,Blended,240,142,0.743708945319324,0.0,0.743708945319324
realprize,Blended,240,143,0.7457047629776141,0.0,0.7457047629776141
realprize,Blended,240,144,0.7476862380578309,0.0,0.7476862380578309
realprize,Blended,240,145,0.7499485909335722,0.0,0.7499485909335722
realprize,Blended,240,146,0.7518451591334221,0.0,0.7518451591334221
realprize,Blended,240,147,0.7548229678890441,0.0,0.7548229678890441
realprize,Blended,240,148,0.7567455344353201,0.0,0.7567455344353201
realprize,Blended,240,149,0.7589782862390241,0.0,0.7589782862390241
realprize,Blended,240,150,0.761445830126784,0.0,0.761445830126784
realprize,Blended,240,151,0.7654817285251371,0.0,0.7654817285251371
realprize,Blended,240,152,0.767432702493184,0.0,0.767432702493184
realprize,Blended,240,153,0.7704178918067478,0.0,0.7704178918067478
realprize,Blended,240,154,0.773378538741499,0.0,0.773378538741499
realprize,Blended,240,155,0.7769346340487714,0.0,0.7769346340487714
realprize,Blended,240,156,0.7802238834469316,0.0,0.7802238834469316
realprize,Blended,240,157,0.7848662149851261,0.0,0.7848662149851261
realprize,Blended,240,158,0.7875856714640065,0.0,0.7875856714640065
realprize,Blended,240,159,0.7914365904945894,0.0,0.7914365904945894
realprize,Blended,240,160,0.7947043530774227,0.0,0.7947043530774227
realprize,Blended,240,161,0.7973996022609998,0.0,0.7973996022609998
realprize,Blended,240,162,0.7996034116662802,0.0,0.7996034116662802
realprize,Blended,240,163,0.8017035641491376,0.0,0.8017035641491376
realprize,Blended,240,164,0.8038471713231327,0.0,0.8038471713231327
realprize,Blended,240,165,0.8065121286257028,0.0,0.8065121286257028
realprize,Blended,240,166,0.808464282021349,0.0,0.808464282021349
realprize,Blended,240,167,0.8109364750704606,0.0,0.8109364750704606
realprize,Blended,240,168,0.8137095465696591,0.0,0.8137095465696591
realprize,Blended,240,169,0.8167770785085612,0.0,0.8167770785085612
realprize,Blended,240,170,0.8200381908449155,0.0,0.8200381908449155
realprize,Blended,240,171,0.8218651441026175,0.0,0.8218651441026175
realprize,Blended,240,172,0.8232573132363632,0.0,0.8232573132363632
realprize,Blended,240,173,0.8269347485859062,0.0,0.8269347485859062
realprize,Blended,240,174,0.829872083993151,0.0,0.829872083993151
realprize,Blended,240,175,0.8334396401517394,0.0,0.8334396401517394
realprize,Blended,240,176,0.8362644621471745,0.0,0.8362644621471745
realprize,Blended,240,177,0.8396489250268545,0.0,0.8396489250268545
realprize,Blended,240,178,0.8423808144309939,0.0,0.8423808144309939
realprize,Blended,240,179,0.845399399295099,0.0,0.845399399295099
realprize,Blended,240,180,0.8478005446872624,0.0,0.8478005446872624
realprize,Blended,240,181,0.8514609211107498,0.0,0.8514609211107498
realprize,Blended,240,182,0.8540732908778991,0.0,0.8540732908778991
realprize,Blended,240,183,0.8583161116562198,0.0,0.8583161116562198
realprize,Blended,240,184,0.8607727483181951,0.0,0.8607727483181951
realprize,Blended,240,185,0.8640730676198342,0.0,0.8640730676198342
realprize,Blended,240,186,0.8668694033777405,0.0,0.8668694033777405
realprize,Blended,240,187,0.8701248393430059,0.0,0.8701248393430059
realprize,Blended,240,188,0.8732920559501423,0.0,0.8732920559501423
realprize,Blended,240,189,0.8770455160553735,0.0,0.8770455160553735
realprize,Blended,240,190,0.8795223986190174,0.0,0.8795223986190174
realprize,Blended,240,191,0.882582734655724,0.0,0.882582734655724
realprize,Blended,240,192,0.8852931271777303,0.0,0.8852931271777303
realprize,Blended,240,193,0.8873589192681637,0.0,0.8873589192681637
realprize,Blended,240,194,0.889017205123839,0.0,0.889017205123839
realprize,Blended,240,195,0.8913824623926354,0.0,0.8913824623926354
realprize,Blended,240,196,0.893861191268892,0.0,0.893861191268892
realprize,Blended,240,197,0.8961931364236827,0.0,0.8961931364236827
realprize,Blended,240,198,0.8981806676579239,0.0,0.8981806676579239
realprize,Blended,240,199,0.9005518207934151,0.0,0.9005518207934151
realprize,Blended,240,200,0.903986806922814,0.0,0.903986806922814
realprize,Blended,240,201,0.9064938882838516,0.0,0.9064938882838516
realprize,Blended,240,202,0.9093827414960505,0.0,0.9093827414960505
realprize,Blended,240,203,0.9121415100247485,0.0,0.9121415100247485
realprize,Blended,240,204,0.9155417357686076,0.0,0.9155417357686076
realprize,Blended,240,205,0.9186940473257434,0.0,0.9186940473257434
realprize,Blended,240,206,0.9216938717746772,0.0,0.9216938717746772
realprize,Blended,240,207,0.9232822631117807,0.0,0.9232822631117807
realprize,Blended,240,208,0.9266548932095313,0.0,0.9266548932095313
realprize,Blended,240,209,0.9296808762454655,0.0,0.9296808762454655
realprize,Blended,240,210,0.932032648704733,0.0,0.932032648704733
realprize,Blended,240,211,0.9352625465038362,0.0,0.9352625465038362
realprize,Blended,240,212,0.9376984084114407,0.0,0.9376984084114407
realprize,Blended,240,213,0.9409416957144625,0.0,0.9409416957144625
realprize,Blended,240,214,0.9425116519564984,0.0,0.9425116519564984
realprize,Blended,240,215,0.9441914581927919,0.0,0.9441914581927919
realprize,Blended,240,216,0.945618246720352,0.0,0.945618246720352
realprize,Blended,240,217,0.9474367188825745,0.0,0.9474367188825745
realprize,Blended,240,218,0.9494136506379288,0.0,0.9494136506379288
realprize,Blended,240,219,0.9511755579858994,0.0,0.9511755579858994
realprize,Blended,240,220,0.9533690184822947,0.0,0.9533690184822947
realprize,Blended,240,221,0.9561902850666879,0.0,0.9561902850666879
realprize,Blended,240,222,0.9589225474232178,0.0,0.9589225474232178
realprize,Blended,240,223,0.9618255899589694,0.0,0.9618255899589694
realprize,Blended,240,224,0.9640661052646704,0.0,0.9640661052646704
realprize,Blended,240,225,0.9660597939888506,0.0,0.9660597939888506
realprize,Blended,240,226,0.9682118264444397,0.0,0.9682118264444397
realprize,Blended,240,227,0.9713473735577992,0.0,0.9713473735577992
realprize,Blended,240,228,0.972892701708817,0.0,0.972892701708817
realprize,Blended,240,229,0.9752474062171631,0.0,0.9752474062171631
realprize,Blended,240,230,0.9774924887172224,0.0,0.9774924887172224
realprize,Blended,240,231,0.9810715675861411,0.0,0.9810715675861411
realprize,Blended,240,232,0.9837634596072686,0.0,0.9837634596072686
realprize,Blended,240,233,0.9858642419379496,0.0,0.9858642419379496
realprize,Blended,240,234,0.9878398786582422,0.0,0.9878398786582422
realprize,Blended,240,235,0.9898358416359145,0.0,0.9898358416359145
realprize,Blended,240,236,0.9919216049236091,0.0,0.9919216049236091
realprize,Blended,240,237,0.993797916379033,0.0,0.993797916379033
realprize,Blended,240,238,0.995444446007332,0.0,0.995444446007332
realprize,Blended,240,239,0.9976523481068373,0.0,0.9976523481068373
realprize,Blended,240,240,1.0,0.0,1.0
realprize,Blended,270,1,0.06409896528361547,0.0,0.06409896528361547
realprize,Blended,270,2,0.0919957912337145,0.0,0.0919957912337145
realprize,Blended,270,3,0.10852116614600331,0.0,0.10852116614600331
realprize,Blended,270,4,0.1189789392025281,0.0,0.1189789392025281
realprize,Blended,270,5,0.1288886337235317,0.0,0.1288886337235317
realprize,Blended,270,6,0.1380332458191868,0.0,0.1380332458191868
realprize,Blended,270,7,0.14678433216163517,0.0,0.14678433216163517
realprize,Blended,270,8,0.15527021239802064,0.0,0.15527021239802064
realprize,Blended,270,9,0.16572197140051703,0.0,0.16572197140051703
realprize,Blended,270,10,0.17360751455522475,0.0,0.17360751455522475
realprize,Blended,270,11,0.1803957820863198,0.0,0.1803957820863198
realprize,Blended,270,12,0.1880479257086723,0.0,0.1880479257086723
realprize,Blended,270,13,0.19659983039968307,0.0,0.19659983039968307
realprize,Blended,270,14,0.20251113469199633,0.0,0.20251113469199633
realprize,Blended,270,15,0.2097468481644513,0.0,0.2097468481644513
realprize,Blended,270,16,0.216534284069618,0.0,0.216534284069618
realprize,Blended,270,17,0.22340200602357896,0.0,0.22340200602357896
realprize,Blended,270,18,0.22989874205612632,0.0,0.22989874205612632
realprize,Blended,270,19,0.23509015936587518,0.0,0.23509015936587518
realprize,Blended,270,20,0.2418985137872604,0.0,0.2418985137872604
realprize,Blended,270,21,0.24949211726664067,0.0,0.24949211726664067
realprize,Blended,270,22,0.25496391038046645,0.0,0.25496391038046645
realprize,Blended,270,23,0.2614368659244718,0.0,0.2614368659244718
realprize,Blended,270,24,0.26626587219389475,0.0,0.26626587219389475
realprize,Blended,270,25,0.2721030376433168,0.0,0.2721030376433168
realprize,Blended,270,26,0.27737251359280873,0.0,0.27737251359280873
realprize,Blended,270,27,0.28188616030905844,0.0,0.28188616030905844
realprize,Blended,270,28,0.28871955330964727,0.0,0.28871955330964727
realprize,Blended,270,29,0.2937481472016765,0.0,0.2937481472016765
realprize,Blended,270,30,0.29921035013317887,0.0,0.29921035013317887
realprize,Blended,270,31,0.3029594998934905,0.0,0.3029594998934905
realprize,Blended,270,32,0.3066230804079575,0.0,0.3066230804079575
realprize,Blended,270,33,0.3140804716860381,0.0,0.3140804716860381
realprize,Blended,270,34,0.31872435954939754,0.0,0.31872435954939754
realprize,Blended,270,35,0.324589627308635,0.0,0.324589627308635
realprize,Blended,270,36,0.3296643482522524,0.0,0.3296643482522524
realprize,Blended,270,37,0.33325101686035874,0.0,0.33325101686035874
realprize,Blended,270,38,0.33692764146718,0.0,0.33692764146718
realprize,Blended,270,39,0.3413783350014836,0.0,0.3413783350014836
realprize,Blended,270,40,0.3462901573819404,0.0,0.3462901573819404
realprize,Blended,270,41,0.3503919052021776,0.0,0.3503919052021776
realprize,Blended,270,42,0.35366591528445795,0.0,0.35366591528445795
realprize,Blended,270,43,0.3572820881527803,0.0,0.3572820881527803
realprize,Blended,270,44,0.36165196541315503,0.0,0.36165196541315503
realprize,Blended,270,45,0.3650431577143882,0.0,0.3650431577143882
realprize,Blended,270,46,0.3679972892426667,0.0,0.3679972892426667
realprize,Blended,270,47,0.37164698887394904,0.0,0.37164698887394904
realprize,Blended,270,48,0.37500195699236927,0.0,0.37500195699236927
realprize,Blended,270,49,0.378651654654732,0.0,0.378651654654732
realprize,Blended,270,50,0.38342382747467263,0.0,0.38342382747467263
realprize,Blended,270,51,0.3864705356336546,0.0,0.3864705356336546
realprize,Blended,270,52,0.390125811245246,0.0,0.390125811245246
realprize,Blended,270,53,0.39311885846943156,0.0,0.39311885846943156
realprize,Blended,270,54,0.3963600624133257,0.0,0.3963600624133257
realprize,Blended,270,55,0.39973457796554124,0.0,0.39973457796554124
realprize,Blended,270,56,0.403656421664027,0.0,0.403656421664027
realprize,Blended,270,57,0.40707029985689913,0.0,0.40707029985689913
realprize,Blended,270,58,0.4118597873558078,0.0,0.4118597873558078
realprize,Blended,270,59,0.4156598986621434,0.0,0.4156598986621434
realprize,Blended,270,60,0.41880611011098395,0.0,0.41880611011098395
realprize,Blended,270,61,0.4221373917452962,0.0,0.4221373917452962
realprize,Blended,270,62,0.42562004692055166,0.0,0.42562004692055166
realprize,Blended,270,63,0.42884517134922817,0.0,0.42884517134922817
realprize,Blended,270,64,0.43348690635613035,0.0,0.43348690635613035
realprize,Blended,270,65,0.43670662361435963,0.0,0.43670662361435963
realprize,Blended,270,66,0.4391063690889711,0.0,0.4391063690889711
realprize,Blended,270,67,0.44215533923962175,0.0,0.44215533923962175
realprize,Blended,270,68,0.44616796179370605,0.0,0.44616796179370605
realprize,Blended,270,69,0.4514613331733813,0.0,0.4514613331733813
realprize,Blended,270,70,0.4559992460825649,0.0,0.4559992460825649
realprize,Blended,270,71,0.4603492151418978,0.0,0.4603492151418978
realprize,Blended,270,72,0.46470542874273874,0.0,0.46470542874273874
realprize,Blended,270,73,0.4678379317626214,0.0,0.4678379317626214
realprize,Blended,270,74,0.47285554425738285,0.0,0.47285554425738285
realprize,Blended,270,75,0.4792422941779353,0.0,0.4792422941779353
realprize,Blended,270,76,0.4822328151477554,0.0,0.4822328151477554
realprize,Blended,270,77,0.48515468700835657,0.0,0.48515468700835657
realprize,Blended,270,78,0.48852418476014525,0.0,0.48852418476014525
realprize,Blended,270,79,0.49280230670167546,0.0,0.49280230670167546
realprize,Blended,270,80,0.4975401674812212,0.0,0.4975401674812212
realprize,Blended,270,81,0.4999445082848247,0.0,0.4999445082848247
realprize,Blended,270,82,0.5043639570165426,0.0,0.5043639570165426
realprize,Blended,270,83,0.5083879827944219,0.0,0.5083879827944219
realprize,Blended,270,84,0.5149306232941192,0.0,0.5149306232941192
realprize,Blended,270,85,0.5207222883220527,0.0,0.5207222883220527
realprize,Blended,270,86,0.5236479760076909,0.0,0.5236479760076909
realprize,Blended,270,87,0.5267530040661226,0.0,0.5267530040661226
realprize,Blended,270,88,0.5296083542846306,0.0,0.5296083542846306
realprize,Blended,270,89,0.5320452555471028,0.0,0.5320452555471028
realprize,Blended,270,90,0.5349291733941776,0.0,0.5349291733941776
realprize,Blended,270,91,0.5390563825311837,0.0,0.5390563825311837
realprize,Blended,270,92,0.5457842002483041,0.0,0.5457842002483041
realprize,Blended,270,93,0.5497764901839576,0.0,0.5497764901839576
realprize,Blended,270,94,0.5532940929302316,0.0,0.5532940929302316
realprize,Blended,270,95,0.5556139229553545,0.0,0.5556139229553545
realprize,Blended,270,96,0.5599907522362363,0.0,0.5599907522362363
realprize,Blended,270,97,0.5641680057684254,0.0,0.5641680057684254
realprize,Blended,270,98,0.5685831280555912,0.0,0.5685831280555912
realprize,Blended,270,99,0.5726453937445041,0.0,0.5726453937445041
realprize,Blended,270,100,0.5750812223609593,0.0,0.5750812223609593
realprize,Blended,270,101,0.582473037245521,0.0,0.582473037245521
realprize,Blended,270,102,0.584708393136216,0.0,0.584708393136216
realprize,Blended,270,103,0.5890447430292111,0.0,0.5890447430292111
realprize,Blended,270,104,0.5922318674359857,0.0,0.5922318674359857
realprize,Blended,270,105,0.5959427769846081,0.0,0.5959427769846081
realprize,Blended,270,106,0.600264041504089,0.0,0.600264041504089
realprize,Blended,270,107,0.602546617301517,0.0,0.602546617301517
realprize,Blended,270,108,0.6061703024257322,0.0,0.6061703024257322
realprize,Blended,270,109,0.6089141404359137,0.0,0.6089141404359137
realprize,Blended,270,110,0.6125206873622598,0.0,0.6125206873622598
realprize,Blended,270,111,0.614555105550112,0.0,0.614555105550112
realprize,Blended,270,112,0.6163367658232068,0.0,0.6163367658232068
realprize,Blended,270,113,0.6183605225152514,0.0,0.6183605225152514
realprize,Blended,270,114,0.6206915086926529,0.0,0.6206915086926529
realprize,Blended,270,115,0.623819947055694,0.0,0.623819947055694
realprize,Blended,270,116,0.6273872380444916,0.0,0.6273872380444916
realprize,Blended,270,117,0.6291818912942281,0.0,0.6291818912942281
realprize,Blended,270,118,0.6314273513677731,0.0,0.6314273513677731
realprize,Blended,270,119,0.6338008186429143,0.0,0.6338008186429143
realprize,Blended,270,120,0.6359618820782121,0.0,0.6359618820782121
realprize,Blended,270,121,0.6377160897831678,0.0,0.6377160897831678
realprize,Blended,270,122,0.6396757927471219,0.0,0.6396757927471219
realprize,Blended,270,123,0.641533509517347,0.0,0.641533509517347
realprize,Blended,270,124,0.6433424601764491,0.0,0.6433424601764491
realprize,Blended,270,125,0.645571800379807,0.0,0.645571800379807
realprize,Blended,270,126,0.6479130357084556,0.0,0.6479130357084556
realprize,Blended,270,127,0.651323559566881,0.0,0.651323559566881
realprize,Blended,270,128,0.6535361481832952,0.0,0.6535361481832952
realprize,Blended,270,129,0.6568594525686583,0.0,0.6568594525686583
realprize,Blended,270,130,0.6587583005592054,0.0,0.6587583005592054
realprize,Blended,270,131,0.6614092571595095,0.0,0.6614092571595095
realprize,Blended,270,132,0.6646606032979541,0.0,0.6646606032979541
realprize,Blended,270,133,0.6674502010966357,0.0,0.6674502010966357
realprize,Blended,270,134,0.6699102375163469,0.0,0.6699102375163469
realprize,Blended,270,135,0.6723122833300205,0.0,0.6723122833300205
realprize,Blended,270,136,0.6748459685551689,0.0,0.6748459685551689
realprize,Blended,270,137,0.6771937693423572,0.0,0.6771937693423572
realprize,Blended,270,138,0.6792969182499529,0.0,0.6792969182499529
realprize,Blended,270,139,0.6817070198829654,0.0,0.6817070198829654
realprize,Blended,270,140,0.684796486487764,0.0,0.684796486487764
realprize,Blended,270,141,0.6869380990238486,0.0,0.6869380990238486
realprize,Blended,270,142,0.6891318964321099,0.0,0.6891318964321099
realprize,Blended,270,143,0.6909812510975962,0.0,0.6909812510975962
realprize,Blended,270,144,0.6928173157144827,0.0,0.6928173157144827
realprize,Blended,270,145,0.6949136459219791,0.0,0.6949136459219791
realprize,Blended,270,146,0.6966710345462536,0.0,0.6966710345462536
realprize,Blended,270,147,0.6994303169347327,0.0,0.6994303169347327
realprize,Blended,270,148,0.7012117960179017,0.0,0.7012117960179017
realprize,Blended,270,149,0.703280697426756,0.0,0.703280697426756
realprize,Blended,270,150,0.7055671607127011,0.0,0.7055671607127011
realprize,Blended,270,151,0.7093068848810989,0.0,0.7093068848810989
realprize,Blended,270,152,0.711114686708617,0.0,0.711114686708617
realprize,Blended,270,153,0.7138808080331115,0.0,0.7138808080331115
realprize,Blended,270,154,0.7166241880202044,0.0,0.7166241880202044
realprize,Blended,270,155,0.7199193194266739,0.0,0.7199193194266739
realprize,Blended,270,156,0.7229671873995662,0.0,0.7229671873995662
realprize,Blended,270,157,0.7272688416379847,0.0,0.7272688416379847
realprize,Blended,270,158,0.729788730920412,0.0,0.729788730920412
realprize,Blended,270,159,0.733357050423968,0.0,0.733357050423968
realprize,Blended,270,160,0.7363850083905499,0.0,0.7363850083905499
realprize,Blended,270,161,0.7388824668289959,0.0,0.7388824668289959
realprize,Blended,270,162,0.7409245497760871,0.0,0.7409245497760871
realprize,Blended,270,163,0.7428705826595382,0.0,0.7428705826595382
realprize,Blended,270,164,0.7448568813134914,0.0,0.7448568813134914
realprize,Blended,270,165,0.7473262708393121,0.0,0.7473262708393121
realprize,Blended,270,166,0.7491351655421862,0.0,0.7491351655421862
realprize,Blended,270,167,0.7514259368109774,0.0,0.7514259368109774
realprize,Blended,270,168,0.7539955065777683,0.0,0.7539955065777683
realprize,Blended,270,169,0.7568379278175908,0.0,0.7568379278175908
realprize,Blended,270,170,0.7598597235657447,0.0,0.7598597235657447
realprize,Blended,270,171,0.7615526059373994,0.0,0.7615526059373994
realprize,Blended,270,172,0.7628426107992886,0.0,0.7628426107992886
realprize,Blended,270,173,0.7662501777142583,0.0,0.7662501777142583
realprize,Blended,270,174,0.7689719568892858,0.0,0.7689719568892858
realprize,Blended,270,175,0.7722777080929916,0.0,0.7722777080929916
realprize,Blended,270,176,0.7748952306480839,0.0,0.7748952306480839
realprize,Blended,270,177,0.7780313248652598,0.0,0.7780313248652598
realprize,Blended,270,178,0.780562734683262,0.0,0.780562734683262
realprize,Blended,270,179,0.7833598008272612,0.0,0.7833598008272612
realprize,Blended,270,180,0.7855847382683462,0.0,0.7855847382683462
realprize,Blended,270,181,0.7889764981258133,0.0,0.7889764981258133
realprize,Blended,270,182,0.7913971592502327,0.0,0.7913971592502327
realprize,Blended,270,183,0.7953286208086657,0.0,0.7953286208086657
realprize,Blended,270,184,0.7976049772951199,0.0,0.7976049772951199
realprize,Blended,270,185,0.8006631028071016,0.0,0.8006631028071016
realprize,Blended,270,186,0.8032542295859783,0.0,0.8032542295859783
realprize,Blended,270,187,0.8062707655232909,0.0,0.8062707655232909
realprize,Blended,270,188,0.8092055560762672,0.0,0.8092055560762672
realprize,Blended,270,189,0.8126835686735067,0.0,0.8126835686735067
realprize,Blended,270,190,0.8149786853170085,0.0,0.8149786853170085
realprize,Blended,270,191,0.8178144387256079,0.0,0.8178144387256079
realprize,Blended,270,192,0.8203259292092454,0.0,0.8203259292092454
realprize,Blended,270,193,0.8222401232361891,0.0,0.8222401232361891
realprize,Blended,270,194,0.8237767158558427,0.0,0.8237767158558427
realprize,Blended,270,195,0.8259683988219467,0.0,0.8259683988219467
realprize,Blended,270,196,0.8282652262864897,0.0,0.8282652262864897
realprize,Blended,270,197,0.8304260417466379,0.0,0.8304260417466379
realprize,Blended,270,198,0.832267718086947,0.0,0.832267718086947
realprize,Blended,270,199,0.8344648642518224,0.0,0.8344648642518224
realprize,Blended,270,200,0.837647774072215,0.0,0.837647774072215
realprize,Blended,270,201,0.8399708733756658,0.0,0.8399708733756658
realprize,Blended,270,202,0.8426477282194405,0.0,0.8426477282194405
realprize,Blended,270,203,0.8452040446386044,0.0,0.8452040446386044
realprize,Blended,270,204,0.8483547449628513,0.0,0.8483547449628513
realprize,Blended,270,205,0.8512757242722788,0.0,0.8512757242722788
realprize,Blended,270,206,0.8540554067333651,0.0,0.8540554067333651
realprize,Blended,270,207,0.8555272340406789,0.0,0.8555272340406789
realprize,Blended,270,208,0.8586523638241171,0.0,0.8586523638241171
realprize,Blended,270,209,0.8614562852254247,0.0,0.8614562852254247
realprize,Blended,270,210,0.8636354729641655,0.0,0.8636354729641655
realprize,Blended,270,211,0.8666283448525388,0.0,0.8666283448525388
realprize,Blended,270,212,0.868885451139076,0.0,0.868885451139076
realprize,Blended,270,213,0.8718907299432,0.0,0.8718907299432
realprize,Blended,270,214,0.8733454750141029,0.0,0.8733454750141029
realprize,Blended,270,215,0.874902008742171,0.0,0.874902008742171
realprize,Blended,270,216,0.876224092455152,0.0,0.876224092455152
realprize,Blended,270,217,0.8779091161161534,0.0,0.8779091161161534
realprize,Blended,270,218,0.8797409708198765,0.0,0.8797409708198765
realprize,Blended,270,219,0.8813735806730809,0.0,0.8813735806730809
realprize,Blended,270,220,0.8834060741655194,0.0,0.8834060741655194
realprize,Blended,270,221,0.886020302223256,0.0,0.886020302223256
realprize,Blended,270,222,0.8885520576245536,0.0,0.8885520576245536
realprize,Blended,270,223,0.8912420605089838,0.0,0.8912420605089838
realprize,Blended,270,224,0.8933181556955758,0.0,0.8933181556955758
realprize,Blended,270,225,0.89516553765869,0.0,0.89516553765869
realprize,Blended,270,226,0.8971596433053107,0.0,0.8971596433053107
realprize,Blended,270,227,0.9000650884289457,0.0,0.9000650884289457
realprize,Blended,270,228,0.9014970127402279,0.0,0.9014970127402279
realprize,Blended,270,229,0.9036789173597521,0.0,0.9036789173597521
realprize,Blended,270,230,0.9057592445773415,0.0,0.9057592445773415
realprize,Blended,270,231,0.9090756728977767,0.0,0.9090756728977767
realprize,Blended,270,232,0.9115700205389948,0.0,0.9115700205389948
realprize,Blended,270,233,0.9135166370489142,0.0,0.9135166370489142
realprize,Blended,270,234,0.9153472917536677,0.0,0.9153472917536677
realprize,Blended,270,235,0.9171967810742796,0.0,0.9171967810742796
realprize,Blended,270,236,0.9191294807130346,0.0,0.9191294807130346
realprize,Blended,270,237,0.9208680991331994,0.0,0.9208680991331994
realprize,Blended,270,238,0.9223937982557158,0.0,0.9223937982557158
realprize,Blended,270,239,0.9244396735548428,0.0,0.9244396735548428
realprize,Blended,270,240,0.9266150431150448,0.0,0.9266150431150448
realprize,Blended,270,241,0.9295486215478501,0.0,0.9295486215478501
realprize,Blended,270,242,0.9322815837027428,0.0,0.9322815837027428
realprize,Blended,270,243,0.9348758723836658,0.0,0.9348758723836658
realprize,Blended,270,244,0.9379807337862432,0.0,0.9379807337862432
realprize,Blended,270,245,0.942133916366367,0.0,0.942133916366367
realprize,Blended,270,246,0.9449693996453287,0.0,0.9449693996453287
realprize,Blended,270,247,0.9470152853340569,0.0,0.9470152853340569
realprize,Blended,270,248,0.9489692438290122,0.0,0.9489692438290122
realprize,Blended,270,249,0.9514227568732677,0.0,0.9514227568732677
realprize,Blended,270,250,0.954902085486693,0.0,0.954902085486693
realprize,Blended,270,251,0.9565781238740261,0.0,0.9565781238740261
realprize,Blended,270,252,0.9589467815799061,0.0,0.9589467815799061
realprize,Blended,270,253,0.9615566477366274,0.0,0.9615566477366274
realprize,Blended,270,254,0.9642308913272337,0.0,0.9642308913272337
realprize,Blended,270,255,0.9660607356430732,0.0,0.9660607356430732
realprize,Blended,270,256,0.9681313641676936,0.0,0.9681313641676936
realprize,Blended,270,257,0.9725426798594471,0.0,0.9725426798594471
realprize,Blended,270,258,0.9758847306686984,0.0,0.9758847306686984
realprize,Blended,270,259,0.9776529282842378,0.0,0.9776529282842378
realprize,Blended,270,260,0.9791886118137636,0.0,0.9791886118137636
realprize,Blended,270,261,0.9808582554013938,0.0,0.9808582554013938
realprize,Blended,270,262,0.9828559887505272,0.0,0.9828559887505272
realprize,Blended,270,263,0.985040028433153,0.0,0.985040028433153
realprize,Blended,270,264,0.9877061993034196,0.0,0.9877061993034196
realprize,Blended,270,265,0.9903283615534761,0.0,0.9903283615534761
realprize,Blended,270,266,0.9916275985328323,0.0,0.9916275985328323
realprize,Blended,270,267,0.9930964336349244,0.0,0.9930964336349244
realprize,Blended,270,268,0.9951078016043816,0.0,0.9951078016043816
realprize,Blended,270,269,0.9971780595665491,0.0,0.9971780595665491
realprize,Blended,270,270,1.0,0.0,1.0
realprize,Blended,365,1,0.0531643963121119,0.0,0.0531643963121119
realprize,Blended,365,2,0.07630233471874288,0.0,0.07630233471874288
realprize,Blended,365,3,0.09000866487798691,0.0,0.09000866487798691
realprize,Blended,365,4,0.0986824584230026,0.0,0.0986824584230026
realprize,Blended,365,5,0.1069016695212708,0.0,0.1069016695212708
realprize,Blended,365,6,0.1144863127276442,0.0,0.1144863127276442
realprize,Blended,365,7,0.12174456128770884,0.0,0.12174456128770884
realprize,Blended,365,8,0.1287828449471743,0.0,0.1287828449471743
realprize,Blended,365,9,0.13745165036874069,0.0,0.13745165036874069
realprize,Blended,365,10,0.1439920077607547,0.0,0.1439920077607547
realprize,Blended,365,11,0.1496222725193034,0.0,0.1496222725193034
realprize,Blended,365,12,0.15596904573749662,0.0,0.15596904573749662
realprize,Blended,365,13,0.16306209081559747,0.0,0.16306209081559747
realprize,Blended,365,14,0.1679649924884637,0.0,0.1679649924884637
realprize,Blended,365,15,0.17396637389841932,0.0,0.17396637389841932
realprize,Blended,365,16,0.17959594889715302,0.0,0.17959594889715302
realprize,Blended,365,17,0.18529211403969864,0.0,0.18529211403969864
realprize,Blended,365,18,0.19068057932367433,0.0,0.19068057932367433
realprize,Blended,365,19,0.19498639870868079,0.0,0.19498639870868079
realprize,Blended,365,20,0.2006333237579431,0.0,0.2006333237579431
realprize,Blended,365,21,0.206931543129013,0.0,0.206931543129013
realprize,Blended,365,22,0.2114699093312468,0.0,0.2114699093312468
realprize,Blended,365,23,0.2168386508129466,0.0,0.2168386508129466
realprize,Blended,365,24,0.22084388244134073,0.0,0.22084388244134073
realprize,Blended,365,25,0.2256852925314934,0.0,0.2256852925314934
realprize,Blended,365,26,0.23005585462241596,0.0,0.23005585462241596
realprize,Blended,365,27,0.2337995235221213,0.0,0.2337995235221213
realprize,Blended,365,28,0.23946721584807804,0.0,0.23946721584807804
realprize,Blended,365,29,0.24363798767544861,0.0,0.24363798767544861
realprize,Blended,365,30,0.24816839967356238,0.0,0.24816839967356238
realprize,Blended,365,31,0.25127798627622816,0.0,0.25127798627622816
realprize,Blended,365,32,0.254316600792557,0.0,0.254316600792557
realprize,Blended,365,33,0.2605018442455228,0.0,0.2605018442455228
realprize,Blended,365,34,0.2643535366044283,0.0,0.2643535366044283
realprize,Blended,365,35,0.2692182550635959,0.0,0.2692182550635959
realprize,Blended,365,36,0.2734272851817282,0.0,0.2734272851817282
realprize,Blended,365,37,0.27640210810559085,0.0,0.27640210810559085
realprize,Blended,365,38,0.2794515415375198,0.0,0.2794515415375198
realprize,Blended,365,39,0.28314299636638507,0.0,0.28314299636638507
realprize,Blended,365,40,0.28721691660041504,0.0,0.28721691660041504
realprize,Blended,365,41,0.29061895196436455,0.0,0.29061895196436455
realprize,Blended,365,42,0.2933344524217283,0.0,0.2933344524217283
realprize,Blended,365,43,0.2963337465078957,0.0,0.2963337465078957
realprize,Blended,365,44,0.29995817141831205,0.0,0.29995817141831205
realprize,Blended,365,45,0.3027708641142958,0.0,0.3027708641142958
realprize,Blended,365,46,0.3052210537333106,0.0,0.3052210537333106
realprize,Blended,365,47,0.308248155290397,0.0,0.308248155290397
realprize,Blended,365,48,0.31103080324536775,0.0,0.31103080324536775
realprize,Blended,365,49,0.31405790316941035,0.0,0.31405790316941035
realprize,Blended,365,50,0.3180159965012861,0.0,0.3180159965012861
realprize,Blended,365,51,0.32054297020975037,0.0,0.32054297020975037
realprize,Blended,365,52,0.32357469654706017,0.0,0.32357469654706017
realprize,Blended,365,53,0.32605716327805034,0.0,0.32605716327805034
realprize,Blended,365,54,0.32874545395854926,0.0,0.32874545395854926
realprize,Blended,365,55,0.3315443147730035,0.0,0.3315443147730035
realprize,Blended,365,56,0.3347971356529959,0.0,0.3347971356529959
realprize,Blended,365,57,0.3376286442803828,0.0,0.3376286442803828
realprize,Blended,365,58,0.34160109859999993,0.0,0.34160109859999993
realprize,Blended,365,59,0.3447529532770021,0.0,0.3447529532770021
realprize,Blended,365,60,0.3473624561232301,0.0,0.3473624561232301
realprize,Blended,365,61,0.35012545824425034,0.0,0.35012545824425034
realprize,Blended,365,62,0.35301401126747733,0.0,0.35301401126747733
realprize,Blended,365,63,0.3556889654188178,0.0,0.3556889654188178
realprize,Blended,365,64,0.35953887217457986,0.0,0.35953887217457986
realprize,Blended,365,65,0.36220934155847806,0.0,0.36220934155847806
realprize,Blended,365,66,0.36419971720488575,0.0,0.36419971720488575
realprize,Blended,365,67,0.3667285670344543,0.0,0.3667285670344543
realprize,Blended,365,68,0.3700566809091846,0.0,0.3700566809091846
realprize,Blended,365,69,0.37444706213626155,0.0,0.37444706213626155
realprize,Blended,365,70,0.37821085768687956,0.0,0.37821085768687956
realprize,Blended,365,71,0.3818187705134367,0.0,0.3818187705134367
realprize,Blended,365,72,0.385431862632328,0.0,0.385431862632328
realprize,Blended,365,73,0.3880299955547716,0.0,0.3880299955547716
realprize,Blended,365,74,0.39219165928883953,0.0,0.39219165928883953
realprize,Blended,365,75,0.3974889008655205,0.0,0.3974889008655205
realprize,Blended,365,76,0.39996927229298,0.0,0.39996927229298
realprize,Blended,365,77,0.4023927053840273,0.0,0.4023927053840273
realprize,Blended,365,78,0.4051874043788745,0.0,0.4051874043788745
realprize,Blended,365,79,0.40873572640505224,0.0,0.40873572640505224
realprize,Blended,365,80,0.4126653609481509,0.0,0.4126653609481509
realprize,Blended,365,81,0.41465954801164834,0.0,0.41465954801164834
realprize,Blended,365,82,0.41832508805296587,0.0,0.41832508805296587
realprize,Blended,365,83,0.42166265988862256,0.0,0.42166265988862256
realprize,Blended,365,84,0.4270891988493457,0.0,0.4270891988493457
realprize,Blended,365,85,0.4318928703827263,0.0,0.4318928703827263
realprize,Blended,365,86,0.43431946836159396,0.0,0.43431946836159396
realprize,Blended,365,87,0.43689481324474905,0.0,0.43689481324474905
realprize,Blended,365,88,0.43926307254433306,0.0,0.43926307254433306
realprize,Blended,365,89,0.44128426561536493,0.0,0.44128426561536493
realprize,Blended,365,90,0.4436762192245232,0.0,0.4436762192245232
realprize,Blended,365,91,0.4470993724884161,0.0,0.4470993724884161
realprize,Blended,365,92,0.45267949949742514,0.0,0.45267949949742514
realprize,Blended,365,93,0.4559907492717829,0.0,0.4559907492717829
realprize,Blended,365,94,0.45890828819997037,0.0,0.45890828819997037
realprize,Blended,365,95,0.4608323810817614,0.0,0.4608323810817614
realprize,Blended,365,96,0.4644625720754798,0.0,0.4644625720754798
realprize,Blended,365,97,0.4679272327185782,0.0,0.4679272327185782
realprize,Blended,365,98,0.4715891843585576,0.0,0.4715891843585576
realprize,Blended,365,99,0.4749584728026827,0.0,0.4749584728026827
realprize,Blended,365,100,0.4769787762091514,0.0,0.4769787762091514
realprize,Blended,365,101,0.48310962987035794,0.0,0.48310962987035794
realprize,Blended,365,102,0.4849636589634282,0.0,0.4849636589634282
realprize,Blended,365,103,0.48856027590161305,0.0,0.48856027590161305
realprize,Blended,365,104,0.4912037124112049,0.0,0.4912037124112049
realprize,Blended,365,105,0.4942815821560351,0.0,0.4942815821560351
realprize,Blended,365,106,0.49786568711727186,0.0,0.49786568711727186
realprize,Blended,365,107,0.49975888092734294,0.0,0.49975888092734294
realprize,Blended,365,108,0.5027644057622863,0.0,0.5027644057622863
realprize,Blended,365,109,0.505040175593267,0.0,0.505040175593267
realprize,Blended,365,110,0.5080314858158597,0.0,0.5080314858158597
realprize,Blended,365,111,0.509718854938356,0.0,0.509718854938356
realprize,Blended,365,112,0.5111965838288811,0.0,0.5111965838288811
realprize,Blended,365,113,0.5128751101879119,0.0,0.5128751101879119
realprize,Blended,365,114,0.5148084561067594,0.0,0.5148084561067594
realprize,Blended,365,115,0.5174032177575102,0.0,0.5174032177575102
realprize,Blended,365,116,0.5203619686679174,0.0,0.5203619686679174
realprize,Blended,365,117,0.5218504740781007,0.0,0.5218504740781007
realprize,Blended,365,118,0.5237128836930572,0.0,0.5237128836930572
realprize,Blended,365,119,0.5256814639079034,0.0,0.5256814639079034
realprize,Blended,365,120,0.5274738740103353,0.0,0.5274738740103353
realprize,Blended,365,121,0.5289288334348343,0.0,0.5289288334348343
realprize,Blended,365,122,0.5305542329177851,0.0,0.5305542329177851
realprize,Blended,365,123,0.5320950439148255,0.0,0.5320950439148255
realprize,Blended,365,124,0.5335954077557087,0.0,0.5335954077557087
realprize,Blended,365,125,0.5354444473706451,0.0,0.5354444473706451
realprize,Blended,365,126,0.5373862940497834,0.0,0.5373862940497834
realprize,Blended,365,127,0.5402150205547898,0.0,0.5402150205547898
realprize,Blended,365,128,0.5420501662167865,0.0,0.5420501662167865
realprize,Blended,365,129,0.5448065519186067,0.0,0.5448065519186067
realprize,Blended,365,130,0.5463814776082685,0.0,0.5463814776082685
realprize,Blended,365,131,0.5485802105625552,0.0,0.5485802105625552
realprize,Blended,365,132,0.5512769132922687,0.0,0.5512769132922687
realprize,Blended,365,133,0.5535906368019118,0.0,0.5535906368019118
realprize,Blended,365,134,0.5556310184302434,0.0,0.5556310184302434
realprize,Blended,365,135,0.5576233020035108,0.0,0.5576233020035108
realprize,Blended,365,136,0.5597247687720294,0.0,0.5597247687720294
realprize,Blended,365,137,0.5616720609156651,0.0,0.5616720609156651
realprize,Blended,365,138,0.5634164360632524,0.0,0.5634164360632524
realprize,Blended,365,139,0.5654154012228773,0.0,0.5654154012228773
realprize,Blended,365,140,0.5679778392629267,0.0,0.5679778392629267
realprize,Blended,365,141,0.5697541165727337,0.0,0.5697541165727337
realprize,Blended,365,142,0.5715736765972245,0.0,0.5715736765972245
realprize,Blended,365,143,0.5731075519713827,0.0,0.5731075519713827
realprize,Blended,365,144,0.5746304044310893,0.0,0.5746304044310893
realprize,Blended,365,145,0.5763691240728068,0.0,0.5763691240728068
realprize,Blended,365,146,0.5778267217872461,0.0,0.5778267217872461
realprize,Blended,365,147,0.580115301357744,0.0,0.580115301357744
realprize,Blended,365,148,0.5815928799673249,0.0,0.5815928799673249
realprize,Blended,365,149,0.5833088498577021,0.0,0.5833088498577021
realprize,Blended,365,150,0.5852052679940826,0.0,0.5852052679940826
realprize,Blended,365,151,0.5883070369057488,0.0,0.5883070369057488
realprize,Blended,365,152,0.5898064478929101,0.0,0.5898064478929101
realprize,Blended,365,153,0.5921006997531723,0.0,0.5921006997531723
realprize,Blended,365,154,0.5943760896946977,0.0,0.5943760896946977
realprize,Blended,365,155,0.5971091084137816,0.0,0.5971091084137816
realprize,Blended,365,156,0.5996370440848314,0.0,0.5996370440848314
realprize,Blended,365,157,0.6032048840603609,0.0,0.6032048840603609
realprize,Blended,365,158,0.6052949083202042,0.0,0.6052949083202042
realprize,Blended,365,159,0.6082545122922168,0.0,0.6082545122922168
realprize,Blended,365,160,0.6107659343820976,0.0,0.6107659343820976
realprize,Blended,365,161,0.6128373542499082,0.0,0.6128373542499082
realprize,Blended,365,162,0.6145310806091558,0.0,0.6145310806091558
realprize,Blended,365,163,0.6161451419749583,0.0,0.6161451419749583
realprize,Blended,365,164,0.6177926002196543,0.0,0.6177926002196543
realprize,Blended,365,165,0.6198407394184515,0.0,0.6198407394184515
realprize,Blended,365,166,0.6213410568486153,0.0,0.6213410568486153
realprize,Blended,365,167,0.6232410480739893,0.0,0.6232410480739893
realprize,Blended,365,168,0.625372277881348,0.0,0.625372277881348
realprize,Blended,365,169,0.627729813741892,0.0,0.627729813741892
realprize,Blended,365,170,0.6302361248191188,0.0,0.6302361248191188
realprize,Blended,365,171,0.6316402203285895,0.0,0.6316402203285895
realprize,Blended,365,172,0.6327101647406183,0.0,0.6327101647406183
realprize,Blended,365,173,0.6355364387237615,0.0,0.6355364387237615
realprize,Blended,365,174,0.6377939127109774,0.0,0.6377939127109774
realprize,Blended,365,175,0.640535739608267,0.0,0.640535739608267
realprize,Blended,365,176,0.6427067419927688,0.0,0.6427067419927688
realprize,Blended,365,177,0.6453078534942782,0.0,0.6453078534942782
realprize,Blended,365,178,0.6474074330147457,0.0,0.6474074330147457
realprize,Blended,365,179,0.6497273508532444,0.0,0.6497273508532444
realprize,Blended,365,180,0.6515727387680744,0.0,0.6515727387680744
realprize,Blended,365,181,0.6543859022015251,0.0,0.6543859022015251
realprize,Blended,365,182,0.6563936255210286,0.0,0.6563936255210286
realprize,Blended,365,183,0.6596544235612708,0.0,0.6596544235612708
realprize,Blended,365,184,0.661542459005494,0.0,0.661542459005494
realprize,Blended,365,185,0.6640789023938046,0.0,0.6640789023938046
realprize,Blended,365,186,0.6662280118272814,0.0,0.6662280118272814
realprize,Blended,365,187,0.6687299603587659,0.0,0.6687299603587659
realprize,Blended,365,188,0.6711641083572728,0.0,0.6711641083572728
realprize,Blended,365,189,0.6740488107745429,0.0,0.6740488107745429
realprize,Blended,365,190,0.6759524061021392,0.0,0.6759524061021392
realprize,Blended,365,191,0.678304411589141,0.0,0.678304411589141
realprize,Blended,365,192,0.6803874697916474,0.0,0.6803874697916474
realprize,Blended,365,193,0.6819751236549575,0.0,0.6819751236549575
realprize,Blended,365,194,0.6832495907019694,0.0,0.6832495907019694
realprize,Blended,365,195,0.6850673969845654,0.0,0.6850673969845654
realprize,Blended,365,196,0.6869724112862037,0.0,0.6869724112862037
realprize,Blended,365,197,0.6887646157152825,0.0,0.6887646157152825
realprize,Blended,365,198,0.6902921226009491,0.0,0.6902921226009491
realprize,Blended,365,199,0.692114460121504,0.0,0.692114460121504
realprize,Blended,365,200,0.6947544010061709,0.0,0.6947544010061709
realprize,Blended,365,201,0.6966812054638494,0.0,0.6966812054638494
realprize,Blended,365,202,0.6989014187099564,0.0,0.6989014187099564
realprize,Blended,365,203,0.7010216560430593,0.0,0.7010216560430593
realprize,Blended,365,204,0.7036348820125864,0.0,0.7036348820125864
realprize,Blended,365,205,0.7060575748117411,0.0,0.7060575748117411
realprize,Blended,365,206,0.7083630744298574,0.0,0.7083630744298574
realprize,Blended,365,207,0.709583824404881,0.0,0.709583824404881
realprize,Blended,365,208,0.7121758418828288,0.0,0.7121758418828288
realprize,Blended,365,209,0.7145014455481539,0.0,0.7145014455481539
realprize,Blended,365,210,0.7163088881498917,0.0,0.7163088881498917
realprize,Blended,365,211,0.7187912094554046,0.0,0.7187912094554046
realprize,Blended,365,212,0.7206632785692362,0.0,0.7206632785692362
realprize,Blended,365,213,0.7231558903089718,0.0,0.7231558903089718
realprize,Blended,365,214,0.724362472086702,0.0,0.724362472086702
realprize,Blended,365,215,0.7256534785113148,0.0,0.7256534785113148
realprize,Blended,365,216,0.7267500294800194,0.0,0.7267500294800194
realprize,Blended,365,217,0.7281476068872738,0.0,0.7281476068872738
realprize,Blended,365,218,0.729666967598075,0.0,0.729666967598075
realprize,Blended,365,219,0.7310210724088902,0.0,0.7310210724088902
realprize,Blended,365,220,0.7327068451675561,0.0,0.7327068451675561
realprize,Blended,365,221,0.7348751150592274,0.0,0.7348751150592274
realprize,Blended,365,222,0.7369749812103324,0.0,0.7369749812103324
realprize,Blended,365,223,0.7392060995879192,0.0,0.7392060995879192
realprize,Blended,365,224,0.7409280360777405,0.0,0.7409280360777405
realprize,Blended,365,225,0.7424602752705618,0.0,0.7424602752705618
realprize,Blended,365,226,0.7441142087220003,0.0,0.7441142087220003
realprize,Blended,365,227,0.7465240172943003,0.0,0.7465240172943003
realprize,Blended,365,228,0.74771167127962,0.0,0.74771167127962
realprize,Blended,365,229,0.7495213672925644,0.0,0.7495213672925644
realprize,Blended,365,230,0.751246813876069,0.0,0.751246813876069
realprize,Blended,365,231,0.753997496492991,0.0,0.753997496492991
realprize,Blended,365,232,0.7560663362309048,0.0,0.7560663362309048
realprize,Blended,365,233,0.7576808816630056,0.0,0.7576808816630056
realprize,Blended,365,234,0.7591992470812853,0.0,0.7591992470812853
realprize,Blended,365,235,0.7607332341399058,0.0,0.7607332341399058
realprize,Blended,365,236,0.7623362367639326,0.0,0.7623362367639326
realprize,Blended,365,237,0.7637782662618535,0.0,0.7637782662618535
realprize,Blended,365,238,0.7650436981209109,0.0,0.7650436981209109
realprize,Blended,365,239,0.7667405698992102,0.0,0.7667405698992102
realprize,Blended,365,240,0.7685448456611069,0.0,0.7685448456611069
realprize,Blended,365,241,0.7709779883136325,0.0,0.7709779883136325
realprize,Blended,365,242,0.7732447375890044,0.0,0.7732447375890044
realprize,Blended,365,243,0.7753964695392839,0.0,0.7753964695392839
realprize,Blended,365,244,0.7779716761962158,0.0,0.7779716761962158
realprize,Blended,365,245,0.7814163721233541,0.0,0.7814163721233541
realprize,Blended,365,246,0.7837681535618233,0.0,0.7837681535618233
realprize,Blended,365,247,0.7854650339573735,0.0,0.7854650339573735
realprize,Blended,365,248,0.7870856689137037,0.0,0.7870856689137037
realprize,Blended,365,249,0.7891206399817169,0.0,0.7891206399817169
realprize,Blended,365,250,0.792006433917481,0.0,0.792006433917481
realprize,Blended,365,251,0.7933965588385968,0.0,0.7933965588385968
realprize,Blended,365,252,0.7953611499430858,0.0,0.7953611499430858
realprize,Blended,365,253,0.7975258020254333,0.0,0.7975258020254333
realprize,Blended,365,254,0.799743849469055,0.0,0.799743849469055
realprize,Blended,365,255,0.801261542741736,0.0,0.801261542741736
realprize,Blended,365,256,0.8029789451211816,0.0,0.8029789451211816
realprize,Blended,365,257,0.8066377395284943,0.0,0.8066377395284943
realprize,Blended,365,258,0.8094096737232522,0.0,0.8094096737232522
realprize,Blended,365,259,0.8108762365355335,0.0,0.8108762365355335
realprize,Blended,365,260,0.81214994957306,0.0,0.81214994957306
realprize,Blended,365,261,0.81353477057602,0.0,0.81353477057602
realprize,Blended,365,262,0.81519171288436,0.0,0.81519171288436
realprize,Blended,365,263,0.8170031797424401,0.0,0.8170031797424401
realprize,Blended,365,264,0.8192145315818262,0.0,0.8192145315818262
realprize,Blended,365,265,0.8213893821810495,0.0,0.8213893821810495
realprize,Blended,365,266,0.8224669838142149,0.0,0.8224669838142149
realprize,Blended,365,267,0.823685252020874,0.0,0.823685252020874
realprize,Blended,365,268,0.8253535030352946,0.0,0.8253535030352946
realprize,Blended,365,269,0.8270705980661112,0.0,0.8270705980661112
realprize,Blended,365,270,0.8294111469175527,0.0,0.8294111469175527
realprize,Blended,365,271,0.8308256392984029,0.0,0.8308256392984029
realprize,Blended,365,272,0.8323920240345318,0.0,0.8323920240345318
realprize,Blended,365,273,0.834756124093417,0.0,0.834756124093417
realprize,Blended,365,274,0.8366583649392019,0.0,0.8366583649392019
realprize,Blended,365,275,0.8392627532572202,0.0,0.8392627532572202
realprize,Blended,365,276,0.8415684309889042,0.0,0.8415684309889042
realprize,Blended,365,277,0.8428933271076015,0.0,0.8428933271076015
realprize,Blended,365,278,0.8450449991285279,0.0,0.8450449991285279
realprize,Blended,365,279,0.8470449160026373,0.0,0.8470449160026373
realprize,Blended,365,280,0.8488450021288197,0.0,0.8488450021288197
realprize,Blended,365,281,0.8502560392727002,0.0,0.8502560392727002
realprize,Blended,365,282,0.8515990072127335,0.0,0.8515990072127335
realprize,Blended,365,283,0.8531953085710597,0.0,0.8531953085710597
realprize,Blended,365,284,0.8552853040943015,0.0,0.8552853040943015
realprize,Blended,365,285,0.8573954364693661,0.0,0.8573954364693661
realprize,Blended,365,286,0.8590148742808411,0.0,0.8590148742808411
realprize,Blended,365,287,0.8622356254427309,0.0,0.8622356254427309
realprize,Blended,365,288,0.8640876669765711,0.0,0.8640876669765711
realprize,Blended,365,289,0.8676249934390201,0.0,0.8676249934390201
realprize,Blended,365,290,0.8689545788078913,0.0,0.8689545788078913
realprize,Blended,365,291,0.8709934663367385,0.0,0.8709934663367385
realprize,Blended,365,292,0.8725486388116398,0.0,0.8725486388116398
realprize,Blended,365,293,0.874845070936706,0.0,0.874845070936706
realprize,Blended,365,294,0.8785372772745106,0.0,0.8785372772745106
realprize,Blended,365,295,0.8799582063717847,0.0,0.8799582063717847
realprize,Blended,365,296,0.8816927551785532,0.0,0.8816927551785532
realprize,Blended,365,297,0.8840813491051112,0.0,0.8840813491051112
realprize,Blended,365,298,0.885616090463503,0.0,0.885616090463503
realprize,Blended,365,299,0.8873272724104622,0.0,0.8873272724104622
realprize,Blended,365,300,0.8886673218661216,0.0,0.8886673218661216
realprize,Blended,365,301,0.8905751701369391,0.0,0.8905751701369391
realprize,Blended,365,302,0.8924880752730526,0.0,0.8924880752730526
realprize,Blended,365,303,0.8946065126432717,0.0,0.8946065126432717
realprize,Blended,365,304,0.895991556981763,0.0,0.895991556981763
realprize,Blended,365,305,0.897632541699309,0.0,0.897632541699309
realprize,Blended,365,306,0.899229669760187,0.0,0.899229669760187
realprize,Blended,365,307,0.9008379772903332,0.0,0.9008379772903332
realprize,Blended,365,308,0.9022743936847857,0.0,0.9022743936847857
realprize,Blended,365,309,0.9052093784547848,0.0,0.9052093784547848
realprize,Blended,365,310,0.9067793159408148,0.0,0.9067793159408148
realprize,Blended,365,311,0.908290735312605,0.0,0.908290735312605
realprize,Blended,365,312,0.9112086881115551,0.0,0.9112086881115551
realprize,Blended,365,313,0.9125947144829315,0.0,0.9125947144829315
realprize,Blended,365,314,0.9140765468780085,0.0,0.9140765468780085
realprize,Blended,365,315,0.9159439971809139,0.0,0.9159439971809139
realprize,Blended,365,316,0.917454010813187,0.0,0.917454010813187
realprize,Blended,365,317,0.9206215026555657,0.0,0.9206215026555657
realprize,Blended,365,318,0.9219580727117587,0.0,0.9219580727117587
realprize,Blended,365,319,0.923249703976629,0.0,0.923249703976629
realprize,Blended,365,320,0.9248213457815941,0.0,0.9248213457815941
realprize,Blended,365,321,0.9264023099953977,0.0,0.9264023099953977
realprize,Blended,365,322,0.9278312662191192,0.0,0.9278312662191192
realprize,Blended,365,323,0.9292796844706597,0.0,0.9292796844706597
realprize,Blended,365,324,0.9311843415660737,0.0,0.9311843415660737
realprize,Blended,365,325,0.9326515297625037,0.0,0.9326515297625037
realprize,Blended,365,326,0.9340572459795216,0.0,0.9340572459795216
realprize,Blended,365,327,0.9355160601450931,0.0,0.9355160601450931
realprize,Blended,365,328,0.9366787120047426,0.0,0.9366787120047426
realprize,Blended,365,329,0.9382940689431825,0.0,0.9382940689431825
realprize,Blended,365,330,0.9396926287465653,0.0,0.9396926287465653
realprize,Blended,365,331,0.9411809901933197,0.0,0.9411809901933197
realprize,Blended,365,332,0.9427460468550986,0.0,0.9427460468550986
realprize,Blended,365,333,0.9441305043901086,0.0,0.9441305043901086
realprize,Blended,365,334,0.9458572185074535,0.0,0.9458572185074535
realprize,Blended,365,335,0.947736248686708,0.0,0.947736248686708
realprize,Blended,365,336,0.949463142296883,0.0,0.949463142296883
realprize,Blended,365,337,0.95101709025099,0.0,0.95101709025099
realprize,Blended,365,338,0.9523442930251372,0.0,0.9523442930251372
realprize,Blended,365,339,0.953618250286914,0.0,0.953618250286914
realprize,Blended,365,340,0.9556672325615346,0.0,0.9556672325615346
realprize,Blended,365,341,0.9568436156226501,0.0,0.9568436156226501
realprize,Blended,365,342,0.958685126622837,0.0,0.958685126622837
realprize,Blended,365,343,0.9599150736235059,0.0,0.9599150736235059
realprize,Blended,365,344,0.9619516950553793,0.0,0.9619516950553793
realprize,Blended,365,345,0.9634011816344342,0.0,0.9634011816344342
realprize,Blended,365,346,0.9646521120372424,0.0,0.9646521120372424
realprize,Blended,365,347,0.9665755701436126,0.0,0.9665755701436126
realprize,Blended,365,348,0.9683118948938587,0.0,0.9683118948938587
realprize,Blended,365,349,0.9700288603068955,0.0,0.9700288603068955
realprize,Blended,365,350,0.9714272794500318,0.0,0.9714272794500318
realprize,Blended,365,351,0.9734816240729375,0.0,0.9734816240729375
realprize,Blended,365,352,0.9760549445983987,0.0,0.9760549445983987
realprize,Blended,365,353,0.9773151257855026,0.0,0.9773151257855026
realprize,Blended,365,354,0.978968420431964,0.0,0.978968420431964
realprize,Blended,365,355,0.9807034921841882,0.0,0.9807034921841882
realprize,Blended,365,356,0.9822664734601245,0.0,0.9822664734601245
realprize,Blended,365,357,0.9840712686842457,0.0,0.9840712686842457
realprize,Blended,365,358,0.9854847902505125,0.0,0.9854847902505125
realprize,Blended,365,359,0.9869847988834274,0.0,0.9869847988834274
realprize,Blended,365,360,0.9887838330780748,0.0,0.9887838330780748
realprize,Blended,365,361,0.990674819378264,0.0,0.990674819378264
realprize,Blended,365,362,0.9921391098010314,0.0,0.9921391098010314
realprize,Blended,365,363,0.9950179090006286,0.0,0.9950179090006286
realprize,Blended,365,364,0.9971686205623274,0.0,0.9971686205623274
realprize,Blended,365,365,1.0,0.0,1.0
lonestar,Web,7,1,0.356400601386834,0.3830162698564268,0.2198933724690616
lonestar,Web,7,2,0.4928732033805392,0.3830162698564268,0.3040947475095371
lonestar,Web,7,3,0.5920860455240555,0.3830162698564268,0.3653074569333893
lonestar,Web,7,4,0.6802604881981739,0.3830162698564268,0.4197096534777975
lonestar,Web,7,5,0.7766821839983329,0.3830162698564268,0.4792002710193485
lonestar,Web,7,6,0.913360034300526,0.3830162698564268,0.5635282809268005
lonestar,Web,7,7,1.0,0.3830162698564268,0.6169837301435732
lonestar,Web,30,1,0.17742460464574894,0.36078084664889876,0.1134132055653095
lonestar,Web,30,2,0.2453638768004235,0.36078084664889876,0.15684128959131063
lonestar,Web,30,3,0.2947543638663771,0.36078084664889876,0.188412634917208
lonestar,Web,30,4,0.3386496759686552,0.36078084664889876,0.21647135915530855
lonestar,Web,30,5,0.3866506647157182,0.36078084664889876,0.2471545105422219
lonestar,Web,30,6,0.4546921143073722,0.36078084664889876,0.2906479083429806
lonestar,Web,30,7,0.49782352766900606,0.36078084664889876,0.31821833387484055
lonestar,Web,30,8,0.5343070030468353,0.36078084664889876,0.34153927011716234
lonestar,Web,30,9,0.5663971094434894,0.36078084664889876,0.3620518807589783
lonestar,Web,30,10,0.590850614996523,0.36078084664889876,0.3776830298750549
lonestar,Web,30,11,0.6088933855862324,0.36078084664889876,0.38921631441551713
lonestar,Web,30,12,0.627658375119601,0.36078084664889876,0.40121125513767925
lonestar,Web,30,13,0.6480744753118165,0.36078084664889876,0.4142616174172785
lonestar,Web,30,14,0.672014444108405,0.36078084664889876,0.42956450400268564
lonestar,Web,30,15,0.7000320541646762,0.36078084664889876,0.44747389698177653
lonestar,Web,30,16,0.7277433945666222,0.36078084664889876,0.4651875165317326
lonestar,Web,30,17,0.753281892589137,0.36078084664889876,0.48151221361554336
lonestar,Web,30,18,0.7743979444435763,0.36078084664889876,0.495009998404056
lonestar,Web,30,19,0.7909416029172928,0.36078084664889876,0.5055850217669547
lonestar,Web,30,20,0.8074219046996377,0.36078084664889876,0.516119546319236
lonestar,Web,30,21,0.8338122489572887,0.36078084664889876,0.5329887598322557
lonestar,Web,30,22,0.8545837189218424,0.36078084664889876,0.5462662812768556
lonestar,Web,30,23,0.8743679717379252,0.36078084664889876,0.5589127546116361
lonestar,Web,30,24,0.8954459548023039,0.36078084664889876,0.5723862051003972
lonestar,Web,30,25,0.9150471061717104,0.36078084664889876,0.5849156364834559
lonestar,Web,30,26,0.9322991301890088,0.36078084664889876,0.5959434606693863
lonestar,Web,30,27,0.9437337348926286,0.36078084664889876,0.6032526790069387
lonestar,Web,30,28,0.9632718186621948,0.36078084664889876,0.6157417963722237
lonestar,Web,30,29,0.9844818100489405,0.36078084664889876,0.6292996291090435
lonestar,Web,30,30,1.0,0.36078084664889876,0.6392191533511012
lonestar,Web,60,1,0.12026490893769687,0.4454738531909322,0.06669003654956447
lonestar,Web,60,2,0.1663166411384771,0.4454738531909322,0.09222692616074621
lonestar,Web,60,3,0.19979532602119254,0.4454738531909322,0.11079173228899339
lonestar,Web,60,4,0.22954917962741925,0.4454738531909322,0.12729102208197537
lonestar,Web,60,5,0.26208601155166755,0.4454738531909322,0.14533354611830307
lonestar,Web,60,6,0.30820700336938966,0.4454738531909322,0.17090884199799705
lonestar,Web,60,7,0.33744305837229055,0.4454738531909322,0.18712099892665365
lonestar,Web,60,8,0.3621728970144896,0.4454738531909322,0.2008343410601223
lonestar,Web,60,9,0.38392474891406253,0.4454738531909322,0.21289631167995396
lonestar,Web,60,10,0.40050023248025074,0.4454738531909322,0.22208785071340933
lonestar,Web,60,11,0.41273028459893896,0.4454738531909322,0.2288697343900596
lonestar,Web,60,12,0.4254498832248078,0.4454738531909322,0.23592308440502055
lonestar,Web,60,13,0.43928866525496707,0.4454738531909322,0.24359705088073533
lonestar,Web,60,14,0.4555160547596054,0.4454738531909322,0.2525955626555123
lonestar,Web,60,15,0.4745074191692771,0.4454738531909322,0.26312677078425445
lonestar,Web,60,16,0.4932911827664158,0.4454738531909322,0.2735428588343482
lonestar,Web,60,17,0.510602114050246,0.4454738531909322,0.28314222285684715
lonestar,Web,60,18,0.5249153490069665,0.4454738531909322,0.2910792858857702
lonestar,Web,60,19,0.536129247912422,0.4454738531909322,0.29729768603651885
lonestar,Web,60,20,0.5473002013271235,0.4454738531909322,0.3034922717897569
lonestar,Web,60,21,0.5651885452539301,0.4454738531909322,0.31341182622028435
lonestar,Web,60,22,0.5792682099587038,0.4454738531909322,0.32121936843738613
lonestar,Web,60,23,0.5926787026470052,0.4454738531909322,0.3286558372746411
lonestar,Web,60,24,0.6069661331806064,0.4454738531909322,0.3365785910762412
lonestar,Web,60,25,0.620252512988088,0.4454738531909322,0.3439462360759258
lonestar,Web,60,26,0.6319465680576991,0.4454738531909322,0.35043089537425026
lonestar,Web,60,27,0.6396973628032482,0.4454738531909322,0.35472891371920756
lonestar,Web,60,28,0.6529409930768257,0.4454738531909322,0.3620728529845784
lonestar,Web,60,29,0.6673179036963497,0.4454738531909322,0.3700452258334414
lonestar,Web,60,30,0.6778367023999925,0.4454738531909322,0.3758781747476327
lonestar,Web,60,31,0.6911957062103401,0.4454738531909322,0.3832860916557924
lonestar,Web,60,32,0.701149889552848,0.4454738531909322,0.3888059465893443
lonestar,Web,60,33,0.715500572142199,0.4454738531909322,0.3967637753096971
lonestar,Web,60,34,0.7257847391899153,0.4454738531909322,0.402466614835808
lonestar,Web,60,35,0.7417922091605132,0.4454738531909322,0.41134317547876553
lonestar,Web,60,36,0.7619167845576311,0.4454738531909322,0.4225027787298979
lonestar,Web,60,37,0.7724744100660013,0.4454738531909322,0.4283572581225075
lonestar,Web,60,38,0.7844657175227732,0.4454738531909322,0.4350067516417141
lonestar,Web,60,39,0.7925582878443503,0.4454738531909322,0.4394942934799197
lonestar,Web,60,40,0.8000953586588061,0.4454738531909322,0.4436737963168869
lonestar,Web,60,41,0.8093358916312546,0.4454738531909322,0.44879791346056097
lonestar,Web,60,42,0.8214884430257221,0.4454738531909322,0.45553682095923415
lonestar,Web,60,43,0.8314867096499086,0.4454738531909322,0.46108112122511397
lonestar,Web,60,44,0.8408647590541428,0.4454738531909322,0.4662814948258291
lonestar,Web,60,45,0.853802505588398,0.4454738531909322,0.473455813559862
lonestar,Web,60,46,0.8628311908054973,0.4454738531909322,0.47846245558405204
lonestar,Web,60,47,0.8761201685179569,0.4454738531909322,0.48583154118997385
lonestar,Web,60,48,0.8837816589611714,0.4454738531909322,0.4900800379642641
lonestar,Web,60,49,0.8939743155809275,0.4454738531909322,0.4957321325653654
lonestar,Web,60,50,0.9021608345650708,0.4454738531909322,0.5002717713934216
lonestar,Web,60,51,0.9085097745551155,0.4454738531909322,0.5037924246224231
lonestar,Web,60,52,0.9211551976592498,0.4454738531909322,0.5108046423711291
lonestar,Web,60,53,0.9315808519779673,0.4454738531909322,0.5165859402884508
lonestar,Web,60,54,0.9461002743348317,0.4454738531909322,0.5246373396218963
lonestar,Web,60,55,0.9547604656727148,0.4454738531909322,0.5294396421551218
lonestar,Web,60,56,0.963543962017822,0.4454738531909322,0.5343103205388857
lonestar,Web,60,57,0.9768447407857753,0.4454738531909322,0.5416859501386387
lonestar,Web,60,58,0.9883416857265785,0.4454738531909322,0.5480613067167384
lonestar,Web,60,59,0.9928780699759677,0.4454738531909322,0.5505768503949975
lonestar,Web,60,60,1.0,0.4454738531909322,0.5545261468090679
lonestar,Web,90,1,0.09243145736544382,0.3295824355302553,0.061967672527329896
lonestar,Web,90,2,0.12782522899110063,0.3295824355302553,0.08569627869800109
lonestar,Web,90,3,0.1535557904800794,0.3295824355302553,0.10294649906388124
lonestar,Web,90,4,0.17642357523420357,0.3295824355302553,0.11827746362355954
lonestar,Web,90,5,0.2014302610528472,0.3295824355302553,0.1350423850255547
lonestar,Web,90,6,0.23687726322918629,0.3295824355302553,0.15880667789236969
lonestar,Web,90,7,0.2593470858516301,0.3295824355302553,0.17387084164897565
lonestar,Web,90,8,0.2783535861375522,0.3295824355302553,0.18661313327975704
lonestar,Web,90,9,0.2950713086156558,0.3295824355302553,0.19782098806700837
lonestar,Web,90,10,0.3078106530852337,0.3295824355302553,0.2063616683592439
lonestar,Web,90,11,0.3172102489521487,0.3295824355302553,0.21266332252734096
lonestar,Web,90,12,0.3269860933649327,0.3295824355302553,0.21921722032919472
lonestar,Web,90,13,0.33762210350711797,0.3295824355302553,0.2263477883443941
lonestar,Web,90,14,0.35009391489748337,0.3295824355302553,0.2347091097612489
lonestar,Web,90,15,0.364690021985159,0.3295824355302553,0.24449459632570797
lonestar,Web,90,16,0.3791265742548734,0.3295824355302553,0.2541731145377101
lonestar,Web,90,17,0.39243115845196774,0.3295824355302553,0.2630927414714087
lonestar,Web,90,18,0.4034318167350008,0.3295824355302553,0.27046777600508365
lonestar,Web,90,19,0.4120504323206741,0.3295824355302553,0.27624584727513174
lonestar,Web,90,20,0.4206360414846676,0.3295824355302553,0.28200179046034535
lonestar,Web,90,21,0.43438440510639204,0.3295824355302553,0.2912189349150663
lonestar,Web,90,22,0.44520554935681683,0.3295824355302553,0.2984736200882119
lonestar,Web,90,23,0.4555123910957523,0.3295824355302553,0.3053835078242041
lonestar,Web,90,24,0.46649321698996593,0.3295824355302553,0.3127452463760691
lonestar,Web,90,25,0.47670466985318255,0.3295824355302553,0.3195911837343244
lonestar,Web,90,26,0.48569231689123804,0.3295824355302553,0.3256166601718913
lonestar,Web,90,27,0.49164931016882546,0.3295824355302553,0.3296103330966141
lonestar,Web,90,28,0.5018279072160327,0.3295824355302553,0.3364342433387217
lonestar,Web,90,29,0.51287750441536,0.3295824355302553,0.3438420873814664
lonestar,Web,90,30,0.5209618899813535,0.3295824355302553,0.34926200146285413
lonestar,Web,90,31,0.5312291591461323,0.3295824355302553,0.35614535905006045
lonestar,Web,90,32,0.5388796008365465,0.3295824355302553,0.36127434953526577
lonestar,Web,90,33,0.5499090400772962,0.3295824355302553,0.3686686793285162
lonestar,Web,90,34,0.5578130958522234,0.3295824355302553,0.3739676971505759
lonestar,Web,90,35,0.5701158846805294,0.3295824355302553,0.3822157028730344
lonestar,Web,90,36,0.5855829386137761,0.3295824355302553,0.3925850875004838
lonestar,Web,90,37,0.5936971651215497,0.3295824355302553,0.39802500747338126
lonestar,Web,90,38,0.6029132700829789,0.3295824355302553,0.4042036461155201
lonestar,Web,90,39,0.6091329402699263,0.3295824355302553,0.4083734222540585
lonestar,Web,90,40,0.614925672712002,0.3295824355302553,0.4122569718294998
lonestar,Web,90,41,0.6220276273637894,0.3295824355302553,0.41701824697012563
lonestar,Web,90,42,0.6313676588494573,0.3295824355302553,0.42327996813081786
lonestar,Web,90,43,0.6390519814283785,0.3295824355302553,0.4284316729587781
lonestar,Web,90,44,0.6462596264624554,0.3295824355302553,0.43326380478808635
lonestar,Web,90,45,0.6562031318269789,0.3295824355302553,0.439930105436862
lonestar,Web,90,46,0.6631422676071644,0.3295824355302553,0.4445822239461389
lonestar,Web,90,47,0.6733557171304654,0.3295824355302553,0.451429499900385
lonestar,Web,90,48,0.6792440742041368,0.3295824355302553,0.45537715790844396
lonestar,Web,90,49,0.6870777982231494,0.3295824355302553,0.46062902408599854
lonestar,Web,90,50,0.6933696741089594,0.3295824355302553,0.4648472081933092
lonestar,Web,90,51,0.6982492502146511,0.3295824355302553,0.46811856172173183
lonestar,Web,90,52,0.7079680858820303,0.3295824355302553,0.47463423985933784
lonestar,Web,90,53,0.7159808838891913,0.3295824355302553,0.48000616038388677
lonestar,Web,90,54,0.7271400106902155,0.3295824355302553,0.48748743499543845
lonestar,Web,90,55,0.7337959347955488,0.3295824355302553,0.4919496834234315
lonestar,Web,90,56,0.7405466268728438,0.3295824355302553,0.49647546596437675
lonestar,Web,90,57,0.7507691462800149,0.3295824355302553,0.5033288225280771
lonestar,Web,90,58,0.7596053012774733,0.3295824355302553,0.5092527360407504
lonestar,Web,90,59,0.7630918096118197,0.3295824355302553,0.5115901524667663
lonestar,Web,90,60,0.7685654791733793,0.3295824355302553,0.5152597966829393
lonestar,Web,90,61,0.7726116102870685,0.3295824355302553,0.5179723940497041
lonestar,Web,90,62,0.7740455447823525,0.3295824355302553,0.5189337289216416
lonestar,Web,90,63,0.7763473171567457,0.3295824355302553,0.5204768775508459
lonestar,Web,90,64,0.7803897050771788,0.3295824355302553,0.5231869654151046
lonestar,Web,90,65,0.7839107459499957,0.3295824355302553,0.525547533061457
lonestar,Web,90,66,0.7879425332698548,0.3295824355302553,0.5282505140968968
lonestar,Web,90,67,0.7943042743002203,0.3295824355302553,0.5325155370242618
lonestar,Web,90,68,0.7959911811594164,0.3295824355302553,0.5336464690122913
lonestar,Web,90,69,0.797904996098335,0.3295824355302553,0.534929524162487
lonestar,Web,90,70,0.8074456593424754,0.3295824355302553,0.5413257523780496
lonestar,Web,90,71,0.8130219434272797,0.3295824355302553,0.5450641911729754
lonestar,Web,90,72,0.8191265700356218,0.3295824355302553,0.5491568400757374
lonestar,Web,90,73,0.8237102022235613,0.3295824355302553,0.5522297876036009
lonestar,Web,90,74,0.8262458167897744,0.3295824355302553,0.5539297081455155
lonestar,Web,90,75,0.8315766916019587,0.3295824355302553,0.5575036202535932
lonestar,Web,90,76,0.836296137273083,0.3295824355302553,0.5606676195260757
lonestar,Web,90,77,0.8452495026999006,0.3295824355302553,0.5666701129693303
lonestar,Web,90,78,0.8510492278083791,0.3295824355302553,0.5705583505511505
lonestar,Web,90,79,0.8585713587481634,0.3295824355302553,0.5756013192554231
lonestar,Web,90,80,0.8706055102934289,0.3295824355302553,0.5836692258248599
lonestar,Web,90,81,0.8769643058602484,0.3295824355302553,0.5879322740617281
lonestar,Web,90,82,0.8814222649368983,0.3295824355302553,0.5909209681284014
lonestar,Web,90,83,0.9067505821049039,0.3295824355302553,0.607901516836293
lonestar,Web,90,84,0.9538760045142914,0.3295824355302553,0.6394952277526025
lonestar,Web,90,85,0.9601359889837208,0.3295824355302553,0.6436920312942158
lonestar,Web,90,86,0.9663688506429995,0.3295824355302553,0.6478706512275063
lonestar,Web,90,87,0.9747260051570771,0.3295824355302553,0.6534734344027315
lonestar,Web,90,88,0.9811676418861239,0.3295824355302553,0.6577920208098179
lonestar,Web,90,89,0.9884352050025753,0.3295824355302553,0.6626643227739795
lonestar,Web,90,90,1.0,0.3295824355302553,0.6704175644697448
lonestar,Web,120,1,0.08010287352914643,0.37435587456037017,0.0501158922543441
lonestar,Web,120,2,0.11077579477326627,0.37435587456037017,0.0693062252408001
lonestar,Web,120,3,0.13307439279965794,0.37435587456037017,0.08325721210155176
lonestar,Web,120,4,0.15289205360759164,0.37435587456037017,0.09565601516599068
lonestar,Web,120,5,0.17456332709616465,0.37435587456037017,0.10921452011491198
lonestar,Web,120,6,0.2052823789563185,0.37435587456037017,0.12843371445029259
lonestar,Web,120,7,0.22475515814913985,0.37435587456037017,0.1406167443582643
lonestar,Web,120,8,0.2412265557883173,0.37435587456037017,0.15092197752899586
lonestar,Web,120,9,0.25571445468689674,0.37435587456037017,0.15998624636485537
lonestar,Web,120,10,0.26675461490914953,0.37435587456037017,0.16689345775182013
lonestar,Web,120,11,0.2749004849453183,0.37435587456037017,0.17198987348654382
lonestar,Web,120,12,0.28337241918672956,0.37435587456037017,0.1772902893757936
lonestar,Web,120,13,0.2925897895448075,0.37435587456037017,0.18305708299232645
lonestar,Web,120,14,0.30339810047008026,0.37435587456037017,0.18981923922864832
lonestar,Web,120,15,0.3160473667846787,0.37435587456037017,0.19773317838949825
lonestar,Web,120,16,0.32855835983421794,0.37435587456037017,0.2055606076943585
lonestar,Web,120,17,0.34008836764405004,0.37435587456037017,0.212774289346853
lonestar,Web,120,18,0.3496217490739158,0.37435587456037017,0.21873879343402378
lonestar,Web,120,19,0.35709080662134796,0.37435587456037017,0.22341176541114524
lonestar,Web,120,20,0.3645312601707817,0.37435587456037017,0.2280668414649549
lonestar,Web,120,21,0.3764458557404436,0.37435587456037017,0.2355211381901029
lonestar,Web,120,22,0.38582366686707514,0.37435587456037017,0.24138831063096233
lonestar,Web,120,23,0.39475577357436953,0.37435587456037017,0.24697663072018097
lonestar,Web,120,24,0.4042719678757548,0.37435587456037017,0.25293038178138477
lonestar,Web,120,25,0.41312140875405995,0.37435587456037017,0.2584669824803217
lonestar,Web,120,26,0.42091027603511527,0.37435587456037017,0.2633400415385429
lonestar,Web,120,27,0.42607272064790525,0.37435587456037017,0.2665698946834424
lonestar,Web,120,28,0.4348936880459742,0.37435587456037017,0.2720886811167388
lonestar,Web,120,29,0.44446948087921184,0.37435587456037017,0.2780797196492808
lonestar,Web,120,30,0.4514755644465553,0.37435587456037017,0.28246303467552836
lonestar,Web,120,31,0.4603733768021944,0.37435587456037017,0.2880298987050981
lonestar,Web,120,32,0.46700339628513365,0.37435587456037017,0.29217793144614934
lonestar,Web,120,33,0.47656171984489476,0.37435587456037017,0.2981580404303651
lonestar,Web,120,34,0.4834115261570801,0.37435587456037017,0.30244358150998313
lonestar,Web,120,35,0.4940733588886933,0.37435587456037017,0.30911409452493693
lonestar,Web,120,36,0.5074774044419827,0.37435587456037017,0.3175002568824776
lonestar,Web,120,37,0.5145093487417384,0.37435587456037017,0.32189975152403844
lonestar,Web,120,38,0.522496202040372,0.37435587456037017,0.3268966793710767
lonestar,Web,120,39,0.5278862875002199,0.37435587456037017,0.3302689546746481
lonestar,Web,120,40,0.5329063805228933,0.37435587456037017,0.33340974638344417
lonestar,Web,120,41,0.5390610706197144,0.37435587456037017,0.3372603920864218
lonestar,Web,120,42,0.5471553210208168,0.37435587456037017,0.34232451229970884
lonestar,Web,120,43,0.5538147023314766,0.37435587456037017,0.3464909150957856
lonestar,Web,120,44,0.5600609857404352,0.37435587456037017,0.3503988656164316
lonestar,Web,120,45,0.568678218177891,0.37435587456037017,0.35579018646847366
lonestar,Web,120,46,0.5746918063181726,0.37435587456037017,0.3595525525612543
lonestar,Web,120,47,0.5835429775403972,0.37435587456037017,0.3650902358396994
lonestar,Web,120,48,0.5886459407026235,0.37435587456037017,0.3682828747644811
lonestar,Web,120,49,0.5954347961663674,0.37435587456037017,0.37253028230383123
lonestar,Web,120,50,0.6008874564695528,0.37435587456037017,0.375941707190537
lonestar,Web,120,51,0.6051161906993368,0.37435587456037017,0.37858738991944685
lonestar,Web,120,52,0.6135387200687122,0.37435587456037017,0.38385689594073935
lonestar,Web,120,53,0.6204827644847227,0.37435587456037017,0.38820139653640817
lonestar,Web,120,54,0.6301534777712615,0.37435587456037017,0.3942518214929422
lonestar,Web,120,55,0.6359216292429102,0.37435587456037017,0.39786063157582513
lonestar,Web,120,56,0.6417719084564447,0.37435587456037017,0.40152082439795456
lonestar,Web,120,57,0.6506309398139662,0.37435587456037017,0.4070634253238734
lonestar,Web,120,58,0.6582885211874474,0.37435587456037017,0.4118543461252678
lonestar,Web,120,59,0.6613099961714487,0.37435587456037017,0.413744714199171
lonestar,Web,120,60,0.6660535831831349,0.37435587456037017,0.4167125115465442
lonestar,Web,120,61,0.6695600379997108,0.37435587456037017,0.4189063044036544
lonestar,Web,120,62,0.6708027131321681,0.37435587456037017,0.41968377680010627
lonestar,Web,120,63,0.672797473213359,0.37435587456037017,0.42093178672656484
lonestar,Web,120,64,0.6763006841068753,0.37435587456037017,0.42312355004226937
lonestar,Web,120,65,0.6793520856509523,0.37435587456037017,0.42503264149267855
lonestar,Web,120,66,0.6828461098607213,0.37435587456037017,0.42721865721366437
lonestar,Web,120,67,0.6883593166379961,0.37435587456037017,0.43066796264620033
lonestar,Web,120,68,0.6898212224723203,0.37435587456037017,0.43158259544339117
lonestar,Web,120,69,0.691479771199993,0.37435587456037017,0.432620256711615
lonestar,Web,120,70,0.6997478929305422,0.37435587456037017,0.43779315850075284
lonestar,Web,120,71,0.7045804076559311,0.37435587456037017,0.4408165929497929
lonestar,Web,120,72,0.7098707941443465,0.37435587456037017,0.4441264921775752
lonestar,Web,120,73,0.7138430576996316,0.37435587456037017,0.4466117155356373
lonestar,Web,120,74,0.7160404699086915,0.37435587456037017,0.4479865135754049
lonestar,Web,120,75,0.7206603082521661,0.37435587456037017,0.45087688829548056
lonestar,Web,120,76,0.7247502703765012,0.37435587456037017,0.45343574907184137
lonestar,Web,120,77,0.7325094285558326,0.37435587456037017,0.4582902208050969
lonestar,Web,120,78,0.73753558155731,0.37435587456037017,0.4614348039040321
lonestar,Web,120,79,0.7440544044831128,0.37435587456037017,0.4655132671723417
lonestar,Web,120,80,0.754483430993533,0.37435587456037017,0.4720381263426403
lonestar,Web,120,81,0.7599940851756131,0.37435587456037017,0.47548583475898804
lonestar,Web,120,82,0.7638574380025968,0.37435587456037017,0.47790291875969093
lonestar,Web,120,83,0.7858074433865144,0.37435587456037017,0.4916358106815073
lonestar,Web,120,84,0.8266472381799918,0.37435587456037017,0.5171869883782063
lonestar,Web,120,85,0.8320722607701537,0.37435587456037017,0.5205811218921185
lonestar,Web,120,86,0.8374737782128995,0.37435587456037017,0.523960549548632
lonestar,Web,120,87,0.8447162485815964,0.37435587456037017,0.5284917585884779
lonestar,Web,120,88,0.850298694503524,0.37435587456037017,0.5319843830851163
lonestar,Web,120,89,0.8565969040717292,0.37435587456037017,0.5359248209022516
lonestar,Web,120,90,0.8666191771968477,0.37435587456037017,0.5421951972065334
lonestar,Web,120,91,0.8687517578797901,0.37435587456037017,0.5435294337828424
lonestar,Web,120,92,0.8707793787129203,0.37435587456037017,0.5447980028457093
lonestar,Web,120,93,0.8731720401151375,0.37435587456037017,0.5462949573961726
lonestar,Web,120,94,0.8764049573706139,0.37435587456037017,0.5483176130850939
lonestar,Web,120,95,0.878676223548451,0.37435587456037017,0.5497386174265674
lonestar,Web,120,96,0.8827085753757483,0.37435587456037017,0.5522614346590217
lonestar,Web,120,97,0.8842925479575255,0.37435587456037017,0.553252437799668
lonestar,Web,120,98,0.8852162843999445,0.37435587456037017,0.553830368078322
lonestar,Web,120,99,0.8911677280199843,0.37435587456037017,0.557553853817085
lonestar,Web,120,100,0.895695834006564,0.37435587456037017,0.5603868367269567
lonestar,Web,120,101,0.9051755828039393,0.37435587456037017,0.5663177858726779
lonestar,Web,120,102,0.9096650261213459,0.37435587456037017,0.5691265797107076
lonestar,Web,120,103,0.9149175495604556,0.37435587456037017,0.5724127901441205
lonestar,Web,120,104,0.9167839583905045,0.37435587456037017,0.5735804978643092
lonestar,Web,120,105,0.9174846311081246,0.37435587456037017,0.5740188696339441
lonestar,Web,120,106,0.9195510428448201,0.37435587456037017,0.5753117079977471
lonestar,Web,120,107,0.9221242368985059,0.37435587456037017,0.5769216117410518
lonestar,Web,120,108,0.9241885113953353,0.37435587456037017,0.5782131129532879
lonestar,Web,120,109,0.9290029220343446,0.37435587456037017,0.5812252206870382
lonestar,Web,120,110,0.9339113925998497,0.37435587456037017,0.5842961764612398
lonestar,Web,120,111,0.9426428296029948,0.37435587456037017,0.5897589487289038
lonestar,Web,120,112,0.9474289859309772,0.37435587456037017,0.5927533793189417
lonestar,Web,120,113,0.9564024226041326,0.37435587456037017,0.5983675572585058
lonestar,Web,120,114,0.9611357249902327,0.37435587456037017,0.6013289200902987
lonestar,Web,120,115,0.9626998639860552,0.37435587456037017,0.6023075144644061
lonestar,Web,120,116,0.9663282133615109,0.37435587456037017,0.6045775699362025
lonestar,Web,120,117,0.9718096779350504,0.37435587456037017,0.6080070160454429
lonestar,Web,120,118,0.9754783783991733,0.37435587456037017,0.6103023169388191
lonestar,Web,120,119,0.98985279119252,0.37435587456037017,0.6192955838596208
lonestar,Web,120,120,1.0,0.37435587456037017,0.6256441254396299
lonestar,Web,150,1,0.0732906263498052,0.31072870373849226,0.05051712502794804
lonestar,Web,150,2,0.10135500794957157,0.31072870373849226,0.06986109771199661
lonestar,Web,150,3,0.12175725001748094,0.31072870373849226,0.08392377754878558
lonestar,Web,150,4,0.13988954302283682,0.31072870373849226,0.0964218466527807
lonestar,Web,150,5,0.15971781057178464,0.31072870373849226,0.11008890232886394
lonestar,Web,150,6,0.18782439966791262,0.31072870373849226,0.12946196742864163
lonestar,Web,150,7,0.20564114107724588,0.31072870373849226,0.14174253587500885
lonestar,Web,150,8,0.22071174961656084,0.31072870373849226,0.15213027375835222
lonestar,Web,150,9,0.23396754354738877,0.31072870373849226,0.1612671120240294
lonestar,Web,150,10,0.24406880736031175,0.31072870373849226,0.1682296232262423
lonestar,Web,150,11,0.25152192222138714,0.31072870373849226,0.17336684136772165
lonestar,Web,150,12,0.25927337157134667,0.31072870373849226,0.17870969290907365
lonestar,Web,150,13,0.2677068623698491,0.31072870373849226,0.18452265604376691
lonestar,Web,150,14,0.2775959942148939,0.31072870373849226,0.19133895076950191
lonestar,Web,150,15,0.289169519735487,0.31072870373849226,0.19931624970739675
lonestar,Web,150,16,0.3006165312652937,0.31072870373849226,0.20720634618286707
lonestar,Web,150,17,0.311165984199629,0.31072870373849226,0.21447778128176612
lonestar,Web,150,18,0.31988861130953195,0.31072870373849226,0.2204900377766147
lonestar,Web,150,19,0.32672247234068286,0.31072870373849226,0.2252004220280271
lonestar,Web,150,20,0.333530161964529,0.31072870373849226,0.22989276707960152
lonestar,Web,150,21,0.34443149588093835,0.31072870373849226,0.23740674363914455
lonestar,Web,150,22,0.3530117829665311,0.31072870373849226,0.2433208892409269
lonestar,Web,150,23,0.3611842699992553,0.31072870373849226,0.2489539499716531
lonestar,Web,150,24,0.3698911716381984,0.31072870373849226,0.25495536735074886
lonestar,Web,150,25,0.3779880230524059,0.31072870373849226,0.2605362946206565
lonestar,Web,150,26,0.38511449600441977,0.31072870373849226,0.26544836787006365
lonestar,Web,150,27,0.3898379070694408,0.31072870373849226,0.26870407953762665
lonestar,Web,150,28,0.3979087064943885,0.31072870373849226,0.274267049919127
lonestar,Web,150,29,0.4066701381837098,0.31072870373849226,0.28030605329673214
lonestar,Web,150,30,0.4130803982691091,0.31072870373849226,0.2847244615751687
lonestar,Web,150,31,0.421221507469774,0.31072870373849226,0.2903358944669175
lonestar,Web,150,32,0.42728768536337003,0.31072870373849226,0.2945171367669893
lonestar,Web,150,33,0.4360331334313983,0.31072870373849226,0.3005451230932269
lonestar,Web,150,34,0.4423004066623923,0.31072870373849226,0.30486497463717915
lonestar,Web,150,35,0.45205551736578625,0.31072870373849226,0.31158889243688204
lonestar,Web,150,36,0.46431963288299616,0.31072870373849226,0.32004219523693017
lonestar,Web,150,37,0.4707535544076529,0.31072870373849226,0.3244769126662751
lonestar,Web,150,38,0.4780611759077464,0.31072870373849226,0.329513846410233
lonestar,Web,150,39,0.4829928683930041,0.31072870373849226,0.33291312048230975
lonestar,Web,150,40,0.487586033978158,0.31072870373849226,0.3360790576791325
lonestar,Web,150,41,0.49321730626979227,0.31072870373849226,0.33996053203118876
lonestar,Web,150,42,0.5006231914221282,0.31072870373849226,0.3450651960901032
lonestar,Web,150,43,0.5067162341040846,0.31072870373849226,0.349264955517672
lonestar,Web,150,44,0.512431310270914,0.31072870373849226,0.35320419347541576
lonestar,Web,150,45,0.5203157011163085,0.31072870373849226,0.3586386777736532
lonestar,Web,150,46,0.5258178712881517,0.31072870373849226,0.36243116574025097
lonestar,Web,150,47,0.533916305891377,0.31072870373849226,0.36801318425690505
lonestar,Web,150,48,0.5385852940302789,0.31072870373849226,0.3712313837636356
lonestar,Web,150,49,0.5447967999003529,0.31072870373849226,0.3755127964664375
lonestar,Web,150,50,0.5497857456308424,0.31072870373849226,0.3789515335570703
lonestar,Web,150,51,0.5536548525269259,0.31072870373849226,0.3816183978827081
lonestar,Web,150,52,0.5613610985794667,0.31072870373849226,0.38693009208865303
lonestar,Web,150,53,0.5677145955543922,0.31072870373849226,0.3913093751843535
lonestar,Web,150,54,0.5765628753075763,0.31072870373849226,0.39740824043951517
lonestar,Web,150,55,0.58184048166066,0.31072870373849226,0.4010459430116632
lonestar,Web,150,56,0.5871932313060917,0.31072870373849226,0.40473543969833314
lonestar,Web,150,57,0.5952988575893868,0.31072870373849226,0.41032241523363133
lonestar,Web,150,58,0.6023052096771534,0.31072870373849226,0.41515169261923074
lonestar,Web,150,59,0.6050697271572553,0.31072870373849226,0.41705719516627815
lonestar,Web,150,60,0.6094099018340698,0.31072870373849226,0.4200487529917675
lonestar,Web,150,61,0.6126181546526236,0.31072870373849226,0.42226010957074667
lonestar,Web,150,62,0.6137551480561622,0.31072870373849226,0.4230438064878445
lonestar,Web,150,63,0.6155802662988289,0.31072870373849226,0.4243018081047979
lonestar,Web,150,64,0.6187855510696411,0.31072870373849226,0.4265111188936629
lonestar,Web,150,65,0.6215774500435124,0.31072870373849226,0.42843549471841436
lonestar,Web,150,66,0.6247743294004331,0.31072870373849226,0.43063901189675075
lonestar,Web,150,67,0.6298186725069939,0.31072870373849226,0.43411593280859767
lonestar,Web,150,68,0.631156252415698,0.31072870373849226,0.4350378882461235
lonestar,Web,150,69,0.6326737519725469,0.31072870373849226,0.43608385713274905
lonestar,Web,150,70,0.6402387217878669,0.31072870373849226,0.44129817368353386
lonestar,Web,150,71,0.6446602614338766,0.31072870373849226,0.44434581404681056
lonestar,Web,150,72,0.6495007337201476,0.31072870373849226,0.44768221265408653
lonestar,Web,150,73,0.6531351811646257,0.31072870373849226,0.4501873329553362
lonestar,Web,150,74,0.6551457172422372,0.31072870373849226,0.4515731377637321
lonestar,Web,150,75,0.6593726672992148,0.31072870373849226,0.4544866531087377
lonestar,Web,150,76,0.66311480378737,0.31072870373849226,0.45706600037671585
lonestar,Web,150,77,0.6702140942104968,0.31072870373849226,0.4619593374892014
lonestar,Web,150,78,0.6748128044112514,0.31072870373849226,0.4651290964304065
lonestar,Web,150,79,0.6807772423177356,0.31072870373849226,0.4692402122776802
lonestar,Web,150,80,0.6903193455094433,0.31072870373849226,0.4758173101136896
lonestar,Web,150,81,0.6953613531030268,0.31072870373849226,0.4792926212234793
lonestar,Web,150,82,0.6988961519938169,0.31072870373849226,0.4817290566369579
lonestar,Web,150,83,0.7189794470379525,0.31072870373849226,0.49557189544523156
lonestar,Web,150,84,0.7563460733341035,0.31072870373849226,0.521327638389299
lonestar,Web,150,85,0.7613097317657844,0.31072870373849226,0.524748945670703
lonestar,Web,150,86,0.7662518840154686,0.31072870373849226,0.5281554293581645
lonestar,Web,150,87,0.7728784276868209,0.31072870373849226,0.532722915704251
lonestar,Web,150,88,0.7779861215828846,0.31072870373849226,0.5362435024968978
lonestar,Web,150,89,0.7837487079146738,0.31072870373849226,0.540215487847629
lonestar,Web,150,90,0.7929186495463117,0.31072870373849226,0.5465360654027105
lonestar,Web,150,91,0.7948698676126333,0.31072870373849226,0.5478809840085729
lonestar,Web,150,92,0.7967250520063114,0.31072870373849226,0.5491597093604074
lonestar,Web,150,93,0.7989142325573398,0.31072870373849226,0.5506686486765653
lonestar,Web,150,94,0.8018722104693898,0.31072870373849226,0.5527074979463169
lonestar,Web,150,95,0.8039503196987703,0.31072870373849226,0.5541398789886249
lonestar,Web,150,96,0.8076397452844563,0.31072870373849226,0.5566828941445311
lonestar,Web,150,97,0.8090890109290543,0.31072870373849226,0.5576818313540104
lonestar,Web,150,98,0.8099341893785189,0.31072870373849226,0.5582643885994453
lonestar,Web,150,99,0.8153795000319446,0.31072870373849226,0.5620176849320785
lonestar,Web,150,100,0.8195225189938546,0.31072870373849226,0.5648733489823903
lonestar,Web,150,101,0.8281960745904042,0.31072870373849226,0.5708517818916202
lonestar,Web,150,102,0.8323037189007543,0.31072870373849226,0.5736830632099964
lonestar,Web,150,103,0.8371095481526762,0.31072870373849226,0.5769955833680802
lonestar,Web,150,104,0.8388172306133975,0.31072870373849226,0.5781726398713846
lonestar,Web,150,105,0.8394583155093334,0.31072870373849226,0.5786145212886199
lonestar,Web,150,106,0.8413489918834325,0.31072870373849226,0.5799177102438062
lonestar,Web,150,107,0.8437033519157926,0.31072870373849226,0.5815405030351773
lonestar,Web,150,108,0.8455920728088765,0.31072870373849226,0.5828423441334295
lonestar,Web,150,109,0.8499970480075474,0.31072870373849226,0.5858785670986172
lonestar,Web,150,110,0.8544880839256852,0.31072870373849226,0.5889741092474691
lonestar,Web,150,111,0.862476966954476,0.31072870373849226,0.5944806170084053
lonestar,Web,150,112,0.8668560906941291,0.31072870373849226,0.5974990213049255
lonestar,Web,150,113,0.8750663928382408,0.31072870373849226,0.603158146906496
lonestar,Web,150,114,0.8793971575323949,0.31072870373849226,0.6061432187010392
lonestar,Web,150,115,0.8808282763131745,0.31072870373849226,0.6071296477981714
lonestar,Web,150,116,0.8841480573226076,0.31072870373849226,0.6094178775578476
lonestar,Web,150,117,0.8891633577008492,0.31072870373849226,0.612874780150699
lonestar,Web,150,118,0.8925200581918442,0.31072870373849226,0.6151884574492887
lonestar,Web,150,119,0.9056720172991751,0.31072870373849226,0.6242537253515771
lonestar,Web,150,120,0.9149562696166886,0.31072870373849226,0.6306530939812885
lonestar,Web,150,121,0.9190059194266224,0.31072870373849226,0.6334444013551868
lonestar,Web,150,122,0.9213343867392311,0.31072870373849226,0.635049347038051
lonestar,Web,150,123,0.9231762846272328,0.31072870373849226,0.6363189143828953
lonestar,Web,150,124,0.928191762502071,0.31072870373849226,0.6397759393190561
lonestar,Web,150,125,0.9313904580062956,0.31072870373849226,0.6419807083155987
lonestar,Web,150,126,0.9348169771383033,0.31072870373849226,0.6443425095993826
lonestar,Web,150,127,0.9376878766628014,0.31072870373849226,0.64632133823607
lonestar,Web,150,128,0.9391491590289379,0.31072870373849226,0.6473285582267809
lonestar,Web,150,129,0.9426564465866407,0.31072870373849226,0.6497460308680406
lonestar,Web,150,130,0.9455729598084565,0.31072870373849226,0.6517562997170053
lonestar,Web,150,131,0.9466041651741942,0.31072870373849226,0.6524670799761593
lonestar,Web,150,132,0.949101724981307,0.31072870373849226,0.6541885762618985
lonestar,Web,150,133,0.9502029599651659,0.31072870373849226,0.6549476259267114
lonestar,Web,150,134,0.9520593045226406,0.31072870373849226,0.65622715094615
lonestar,Web,150,135,0.9534368801574266,0.31072870373849226,0.6571766742896372
lonestar,Web,150,136,0.9571298406486888,0.31072870373849226,0.6597221259544921
lonestar,Web,150,137,0.9615745876297898,0.31072870373849226,0.6627857624677099
lonestar,Web,150,138,0.9645676716977926,0.31072870373849226,0.6648488094030819
lonestar,Web,150,139,0.968728907162974,0.31072870373849226,0.6677170295662169
lonestar,Web,150,140,0.9716311835942927,0.31072870373849226,0.6697174854041411
lonestar,Web,150,141,0.9757331282489269,0.31072870373849226,0.6725448381134338
lonestar,Web,150,142,0.9774428723420928,0.31072870373849226,0.6737233156408058
lonestar,Web,150,143,0.9800958825103094,0.31072870373849226,0.6755519593984474
lonestar,Web,150,144,0.9819905299807918,0.31072870373849226,0.6768578855163854
lonestar,Web,150,145,0.984836453907219,0.31072870373849226,0.6788194991902154
lonestar,Web,150,146,0.9879567246343067,0.31072870373849226,0.680970212238962
lonestar,Web,150,147,0.9889668721428475,0.31072870373849226,0.6816664779215893
lonestar,Web,150,148,0.9942194433002154,0.31072870373849226,0.6852869244519341
lonestar,Web,150,149,0.9978043510989824,0.31072870373849226,0.6877578984973681
lonestar,Web,150,150,1.0,0.31072870373849226,0.6892712962615077
lonestar,Web,180,1,0.06612250828148729,0.3225449196143609,0.04479502916313506
lonestar,Web,180,2,0.09144208047191246,0.3225449196143609,0.061947901976729544
lonestar,Web,180,3,0.1098489011976277,0.3225449196143609,0.074417696191113
lonestar,Web,180,4,0.12620778300996993,0.3225449196143609,0.08550010378431248
lonestar,Web,180,5,0.1440967662334887,0.3225449196143609,0.09761908635201874
lonestar,Web,180,6,0.1694544178573518,0.3225449196143609,0.11479775627125395
lonestar,Web,180,7,0.1855286102890677,0.3225449196143609,0.12568729959721628
lonestar,Web,180,8,0.19912525269176365,0.3225449196143609,0.13489841406910946
lonestar,Web,180,9,0.21108457665476849,0.3225449196143609,0.1430003188458248
lonestar,Web,180,10,0.22019789623448666,0.3225449196143609,0.1491741834942828
lonestar,Web,180,11,0.22692206648201846,0.3225449196143609,0.15372950678985117
lonestar,Web,180,12,0.23391539290537205,0.3225449196143609,0.1584671713041472
lonestar,Web,180,13,0.24152405438009156,0.3225449196143609,0.1636216976751304
lonestar,Web,180,14,0.2504459893516902,0.3225449196143609,0.16966590784851024
lonestar,Web,180,15,0.2608875775219004,0.3225449196143609,0.1767396148017137
lonestar,Web,180,16,0.2712150252785252,0.3225449196143609,0.18373599675185645
lonestar,Web,180,17,0.28073269928074224,0.3225449196143609,0.1901837933581127
lonestar,Web,180,18,0.28860221837255745,0.3225449196143609,0.1955150390470547
lonestar,Web,180,19,0.29476770030567795,0.3225449196143609,0.19969187610567304
lonestar,Web,180,20,0.3009095705004025,0.3225449196143609,0.20385271727215834
lonestar,Web,180,21,0.3107447101092067,0.3225449196143609,0.21051558256644476
lonestar,Web,180,22,0.3184858106036514,0.3225449196143609,0.2157598304241821
lonestar,Web,180,23,0.3258589955307726,0.3225449196143609,0.22075483201168317
lonestar,Web,180,24,0.3337143271659434,0.3225449196143609,0.22607646633604367
lonestar,Web,180,25,0.3410192739422829,0.3225449196143609,0.23102523964162155
lonestar,Web,180,26,0.3474487491733754,0.3225449196143609,0.23538092030113883
lonestar,Web,180,27,0.35171019163633177,0.3225449196143609,0.2382678561474397
lonestar,Web,180,28,0.35899163441275495,0.3225449196143609,0.2432007065488649
lonestar,Web,180,29,0.36689616284003007,0.3225449196143609,0.24855566948997512
lonestar,Web,180,30,0.3726794737038269,0.3225449196143609,0.25247360281610376
lonestar,Web,180,31,0.3800243496770814,0.3225449196143609,0.25744942635898743
lonestar,Web,180,32,0.38549723097150285,0.3225449196143609,0.26115705759624075
lonestar,Web,180,33,0.39338733903994144,0.3225449196143609,0.26650225139199624
lonestar,Web,180,34,0.3990416477388579,0.3225449196143609,0.2703327915461459
lonestar,Web,180,35,0.4078426693755588,0.3225449196143609,0.27629508836651284
lonestar,Web,180,36,0.41890730506282065,0.3225449196143609,0.28379088202546465
lonestar,Web,180,37,0.42471196318193744,0.3225449196143609,0.28772327715816204
lonestar,Web,180,38,0.431304869904438,0.3225449196143609,0.2921896753118287
lonestar,Web,180,39,0.43575422302692046,0.3225449196143609,0.29520391218908415
lonestar,Web,180,40,0.43989815854185266,0.3225449196143609,0.2980112423564654
lonestar,Web,180,41,0.44497866975159056,0.3225449196143609,0.3014530604864586
lonestar,Web,180,42,0.45166022954587903,0.3225449196143609,0.30597951711399973
lonestar,Web,180,43,0.4571573481442956,0.3225449196143609,0.3097035680359794
lonestar,Web,180,44,0.46231346687313374,0.3225449196143609,0.3131966068639023
lonestar,Web,180,45,0.46942673257891204,0.3225449196143609,0.3180155248544148
lonestar,Web,180,46,0.4743907683754873,0.3225449196143609,0.3213784361240209
lonestar,Web,180,47,0.4816971434985901,0.3225449196143609,0.32632817707037015
lonestar,Web,180,48,0.4859094858165179,0.3225449196143609,0.32918184977397374
lonestar,Web,180,49,0.4915134814267364,0.3225449196143609,0.3329783050705751
lonestar,Web,180,50,0.49601448819676597,0.3225449196143609,0.33602753497378174
lonestar,Web,180,51,0.49950518087494256,0.3225449196143609,0.3383923224626774
lonestar,Web,180,52,0.506457725065195,0.3225449196143609,0.3431023588459696
lonestar,Web,180,53,0.5121898244790519,0.3225449196143609,0.34698559871516255
lonestar,Web,180,54,0.520172706880198,0.3225449196143609,0.35239364295394005
lonestar,Web,180,55,0.5249341421027957,0.3225449196143609,0.355619301435416
lonestar,Web,180,56,0.529763371301486,0.3225449196143609,0.3588908872904154
lonestar,Web,180,57,0.5370762347294193,0.3225449196143609,0.3638450237718352
lonestar,Web,180,58,0.5433973373999739,0.3225449196143609,0.3681272868896416
lonestar,Web,180,59,0.5458914739502592,0.3225449196143609,0.3698169523668079
lonestar,Web,180,60,0.5498071620853427,0.3225449196143609,0.372469655187126
lonestar,Web,180,61,0.5527016348730553,0.3225449196143609,0.3744305304821999
lonestar,Web,180,62,0.5537274257481756,0.3225449196143609,0.3751254577219633
lonestar,Web,180,63,0.5553740400851772,0.3225449196143609,0.3762409649700009
lonestar,Web,180,64,0.5582658351121564,0.3225449196143609,0.3782000262024619
lonestar,Web,180,65,0.5607846751359785,0.3225449196143609,0.3799064271732789
lonestar,Web,180,66,0.5636688868323555,0.3225449196143609,0.38186035103989713
lonestar,Web,180,67,0.5682198728922409,0.3225449196143609,0.3849434396669307
lonestar,Web,180,68,0.5694266321054628,0.3225449196143609,0.3857609648267301
lonestar,Web,180,69,0.570795714101515,0.3225449196143609,0.38668845638042015
lonestar,Web,180,70,0.57762079943883,0.3225449196143609,0.3913121451162498
lonestar,Web,180,71,0.581609894721831,0.3225449196143609,0.3940145779818612
lonestar,Web,180,72,0.5859769493477207,0.3225449196143609,0.3969730613244917
lonestar,Web,180,73,0.5892559332125757,0.3225449196143609,0.39919442560224033
lonestar,Web,180,74,0.591069830774422,0.3225449196143609,0.4004232597208122
lonestar,Web,180,75,0.5948833681129343,0.3225449196143609,0.40300675996502766
lonestar,Web,180,76,0.598259508599816,0.3225449196143609,0.40529394348996134
lonestar,Web,180,77,0.6046644598626884,0.3225449196143609,0.4096330102626166
lonestar,Web,180,78,0.6088133977075122,0.3225449196143609,0.4124437292837968
lonestar,Web,180,79,0.6141944895948102,0.3225449196143609,0.41608917732086875
lonestar,Web,180,80,0.6228033367112896,0.3225449196143609,0.421921284536191
lonestar,Web,180,81,0.6273522156807615,0.3225449196143609,0.4250029457041191
lonestar,Web,180,82,0.6305412970213152,0.3225449196143609,0.4271634050600403
lonestar,Web,180,83,0.6486603650251451,0.3225449196143609,0.43943825973108774
lonestar,Web,180,84,0.6823723849623994,0.3225449196143609,0.4622766389076426
lonestar,Web,180,85,0.6868505776331619,0.3225449196143609,0.4653104132833964
lonestar,Web,180,86,0.6913093675130356,0.3225449196143609,0.46833104313988894
lonestar,Web,180,87,0.6972878085580793,0.3225449196143609,0.47238116839863975
lonestar,Web,180,88,0.7018959494454258,0.3225449196143609,0.47550297685390547
lonestar,Web,180,89,0.7070949316539811,0.3225449196143609,0.4790250537639258
lonestar,Web,180,90,0.7153680161079844,0.3225449196143609,0.4846296968577498
lonestar,Web,180,91,0.7171283971986514,0.3225449196143609,0.48582227597103694
lonestar,Web,180,92,0.7188021370961545,0.3225449196143609,0.48695615956784455
lonestar,Web,180,93,0.7207772069833207,0.3225449196143609,0.488294180697022
lonestar,Web,180,94,0.7234458827571156,0.3225449196143609,0.49010208865788146
lonestar,Web,180,95,0.7253207445446751,0.3225449196143609,0.49137222330088454
lonestar,Web,180,96,0.7286493294673784,0.3225449196143609,0.4936271900672649
lonestar,Web,180,97,0.7299568511022684,0.3225449196143609,0.49451297724153526
lonestar,Web,180,98,0.7307193676996478,0.3225449196143609,0.49502954798430837
lonestar,Web,180,99,0.735632105067424,0.3225449196143609,0.4983577068727087
lonestar,Web,180,100,0.7393699201095789,0.3225449196143609,0.5008899086625584
lonestar,Web,180,101,0.7471951670794368,0.3225449196143609,0.506191161977561
lonestar,Web,180,102,0.7509010672532486,0.3225449196143609,0.5087017428777117
lonestar,Web,180,103,0.7552368670728999,0.3225449196143609,0.5116390524930697
lonestar,Web,180,104,0.7567775313198156,0.3225449196143609,0.5126827833143113
lonestar,Web,180,105,0.757355915534167,0.3225449196143609,0.5130746126387384
lonestar,Web,180,106,0.7590616761536396,0.3225449196143609,0.514230188836322
lonestar,Web,180,107,0.7611857703044292,0.3225449196143609,0.5156691672099918
lonestar,Web,180,108,0.7628897666967959,0.3225449196143609,0.5168235482229594
lonestar,Web,180,109,0.7668639176020383,0.3225449196143609,0.5195158569439351
lonestar,Web,180,110,0.7709157121422048,0.3225449196143609,0.5222607657398496
lonestar,Web,180,111,0.7781232502755238,0.3225449196143609,0.5271435490653398
lonestar,Web,180,112,0.7820740780984278,0.3225449196143609,0.529820057445695
lonestar,Web,180,113,0.7894813796669317,0.3225449196143609,0.5348381715252265
lonestar,Web,180,114,0.7933885781535105,0.3225449196143609,0.5374851229900344
lonestar,Web,180,115,0.7946797277608593,0.3225449196143609,0.5383598188510708
lonestar,Web,180,116,0.7976748208337614,0.3225449196143609,0.5403888598695361
lonestar,Web,180,117,0.8021996046609814,0.3225449196143609,0.5434541976609332
lonestar,Web,180,118,0.8052280063416403,0.3225449196143609,0.5455058037649438
lonestar,Web,180,119,0.8170936509445613,0.3225449196143609,0.5535442449832432
lonestar,Web,180,120,0.8254698660395472,0.3225449196143609,0.5592187544537442
lonestar,Web,180,121,0.8291234438083661,0.3225449196143609,0.5616938892748147
lonestar,Web,180,122,0.8312241776515494,0.3225449196143609,0.5631170420894173
lonestar,Web,180,123,0.8328859305170763,0.3225449196143609,0.5642428050105138
lonestar,Web,180,124,0.8374108744810119,0.3225449196143609,0.5673082512873423
lonestar,Web,180,125,0.840296724698181,0.3225449196143609,0.5692632851781955
lonestar,Web,180,126,0.8433881164759163,0.3225449196143609,0.5713575642434847
lonestar,Web,180,127,0.8459782304787344,0.3225449196143609,0.5731122501334718
lonestar,Web,180,128,0.8472965935514593,0.3225449196143609,0.574005381894882
lonestar,Web,180,129,0.8504608542779659,0.3225449196143609,0.5761490263997188
lonestar,Web,180,130,0.853092120775023,0.3225449196143609,0.5779315912559987
lonestar,Web,180,131,0.8540224701079714,0.3225449196143609,0.5785618611381379
lonestar,Web,180,132,0.8562757585195223,0.3225449196143609,0.5800883628201171
lonestar,Web,180,133,0.8572692882922457,0.3225449196143609,0.580761434612163
lonestar,Web,180,134,0.8589440748848595,0.3225449196143609,0.5818960272978909
lonestar,Web,180,135,0.8601869180812698,0.3225449196143609,0.5827379977354219
lonestar,Web,180,136,0.8635186921815649,0.3225449196143609,0.584995125026364
lonestar,Web,180,137,0.8675287250289339,0.3225449196143609,0.5877117421513275
lonestar,Web,180,138,0.870229073435415,0.3225449196143609,0.5895411068981093
lonestar,Web,180,139,0.8739833233335456,0.3225449196143609,0.5920844425646352
lonestar,Web,180,140,0.8766017454554837,0.3225449196143609,0.5938583059337363
lonestar,Web,180,141,0.8803025034228357,0.3225449196143609,0.5963654032199965
lonestar,Web,180,142,0.88184502766625,0.3225449196143609,0.5974103941053156
lonestar,Web,180,143,0.88423856276829,0.3225449196143609,0.599031906620274
lonestar,Web,180,144,0.885947906094946,0.3225449196143609,0.6001899099410404
lonestar,Web,180,145,0.8885154872136488,0.3225449196143609,0.6019293308142079
lonestar,Web,180,146,0.8913305829123485,0.3225449196143609,0.6038364316970637
lonestar,Web,180,147,0.892241933931239,0.3225449196143609,0.6044538310748256
lonestar,Web,180,148,0.8969807825009658,0.3225449196143609,0.6076641881135653
lonestar,Web,180,149,0.9002150718967333,0.3225449196143609,0.6098552738961655
lonestar,Web,180,150,0.9021959775032409,0.3225449196143609,0.6111972484630583
lonestar,Web,180,151,0.9043977348254435,0.3225449196143609,0.6126888401467608
lonestar,Web,180,152,0.9074232570268616,0.3225449196143609,0.614738495532931
lonestar,Web,180,153,0.9094561214472607,0.3225449196143609,0.6161156698622656
lonestar,Web,180,154,0.9115413177472762,0.3225449196143609,0.6175282966893124
lonestar,Web,180,155,0.9148079604907977,0.3225449196143609,0.6197413004117159
lonestar,Web,180,156,0.9192245380083792,0.3225449196143609,0.6227333332889186
lonestar,Web,180,157,0.9207952178790787,0.3225449196143609,0.6237973983469834
lonestar,Web,180,158,0.9243270168513482,0.3225449196143609,0.6261900335036482
lonestar,Web,180,159,0.9252350272141856,0.3225449196143609,0.6268051697369952
lonestar,Web,180,160,0.9275570835499765,0.3225449196143609,0.6283782585986183
lonestar,Web,180,161,0.9288345923531469,0.3225449196143609,0.6292437134275636
lonestar,Web,180,162,0.9298508034993388,0.3225449196143609,0.6299321508312957
lonestar,Web,180,163,0.9323256753545626,0.3225449196143609,0.6316087653429205
lonestar,Web,180,164,0.9360746797626592,0.3225449196143609,0.6341485474255738
lonestar,Web,180,165,0.9375650129149611,0.3225449196143609,0.6351581811910678
lonestar,Web,180,166,0.9436488149843772,0.3225449196143609,0.6392796838110545
lonestar,Web,180,167,0.9457541080123562,0.3225449196143609,0.6407059252685592
lonestar,Web,180,168,0.9536989876715415,0.3225449196143609,0.6460882243567269
lonestar,Web,180,169,0.9565919518553136,0.3225449196143609,0.648048077640397
lonestar,Web,180,170,0.9643001322525472,0.3225449196143609,0.6532700236110318
lonestar,Web,180,171,0.9659791736804246,0.3225449196143609,0.6544074987565254
lonestar,Web,180,172,0.9683497837109749,0.3225449196143609,0.6560134805653348
lonestar,Web,180,173,0.9711544830655324,0.3225449196143609,0.6579135383920341
lonestar,Web,180,174,0.9770015858729969,0.3225449196143609,0.6618746878944881
lonestar,Web,180,175,0.9807663863092729,0.3225449196143609,0.6644251710766813
lonestar,Web,180,176,0.9849331614982706,0.3225449196143609,0.6672479740972926
lonestar,Web,180,177,0.9885214724695728,0.3225449196143609,0.6696788935948048
lonestar,Web,180,178,0.9917153650578672,0.3225449196143609,0.6718426123549509
lonestar,Web,180,179,0.995954408080621,0.3225449196143609,0.6747143735866887
lonestar,Web,180,180,1.0,0.3225449196143609,0.6774550803856392
lonestar,Web,210,1,0.05902575622588796,0.2905157670157932,0.04187784338223689
lonestar,Web,210,2,0.08162784641722806,0.2905157670157932,0.05791367000547969
lonestar,Web,210,3,0.09805911227944396,0.2905157670157932,0.06957139406269351
lonestar,Web,210,4,0.11266223903732239,0.2905157670157932,0.07993208224967804
lonestar,Web,210,5,0.12863124551217275,0.2905157670157932,0.09126184056000708
lonestar,Web,210,6,0.15126732817315358,0.2905157670157932,0.10732178430450016
lonestar,Web,210,7,0.16561632050059852,0.2905157670157932,0.11750216812003371
lonestar,Web,210,8,0.17775367162066782,0.2905157670157932,0.12611342736991607
lonestar,Web,210,9,0.18842943331230924,0.2905157670157932,0.13368771196523246
lonestar,Web,210,10,0.196564644663202,0.2905157670157932,0.13945951615068503
lonestar,Web,210,11,0.20256712769307375,0.2905157670157932,0.14371818321913432
lonestar,Web,210,12,0.20880987908592286,0.2905157670157932,0.14814731690280095
lonestar,Web,210,13,0.21560192326398434,0.2905157670157932,0.15296616515686776
lonestar,Web,210,14,0.22356629080513898,0.2905157670157932,0.15861675835300817
lonestar,Web,210,15,0.23288721122942507,0.2905157670157932,0.1652298044309396
lonestar,Web,210,16,0.24210624162559655,0.2905157670157932,0.1717705611404254
lonestar,Web,210,17,0.25060240911973897,0.2905157670157932,0.1777984580183124
lonestar,Web,210,18,0.25762731376417614,0.2905157670157932,0.1827825171017581
lonestar,Web,210,19,0.26313107100294036,0.2905157670157932,0.186687346084834
lonestar,Web,210,20,0.26861375068807203,0.2905157670157932,0.19057722087593773
lonestar,Web,210,21,0.27739331105389353,0.2905157670157932,0.19680618052802115
lonestar,Web,210,22,0.28430357992572824,0.2905157670157932,0.20170890733826943
lonestar,Web,210,23,0.29088542062457085,0.2905157670157932,0.206378619538112
lonestar,Web,210,24,0.29789766051415945,0.2905157670157932,0.21135369317767805
lonestar,Web,210,25,0.30441858688052986,0.2905157670157932,0.21598018761906884
lonestar,Web,210,26,0.3101580037223,0.2905157670157932,0.22005221337482878
lonestar,Web,210,27,0.3139620769573671,0.2905157670157932,0.22275114335622612
lonestar,Web,210,28,0.3204620219453016,0.2905157670157932,0.22736275184043037
lonestar,Web,210,29,0.3275181784668105,0.2905157670157932,0.2323689836379096
lonestar,Web,210,30,0.33268078203550444,0.2905157670157932,0.23603176947104595
lonestar,Web,210,31,0.3392373521048235,0.2905157670157932,0.24068355255768398
lonestar,Web,210,32,0.3441228436799848,0.2905157670157932,0.24414973180063812
lonestar,Web,210,33,0.3511661275412228,0.2905157670157932,0.2491468306486186
lonestar,Web,210,34,0.3562135744025452,0.2905157670157932,0.2527279146135525
lonestar,Web,210,35,0.3640700059138119,0.2905157670157932,0.2583019288983165
lonestar,Web,210,36,0.37394710383067103,0.2905157670157932,0.2653095741379692
lonestar,Web,210,37,0.3791287635108368,0.2905157670157932,0.2689858799817368
lonestar,Web,210,38,0.3850140711789261,0.2905157670157932,0.2731614129785072
lonestar,Web,210,39,0.3889858871247539,0.2905157670157932,0.2759793537683873
lonestar,Web,210,40,0.3926850651184095,0.2905157670157932,0.2786038622298881
lonestar,Web,210,41,0.3972202986411953,0.2905157670157932,0.281821538907206
lonestar,Web,210,42,0.4031847444838643,0.2905157670157932,0.2860532191910679
lonestar,Web,210,43,0.408091872037974,0.2905157670157932,0.28953474881995106
lonestar,Web,210,44,0.4126945983269485,0.2905157670157932,0.29280031055072037
lonestar,Web,210,45,0.41904441623966054,0.2905157670157932,0.29730540624211027
lonestar,Web,210,46,0.42347567534401714,0.2905157670157932,0.300449314708919
lonestar,Web,210,47,0.4299978767565111,0.2905157670157932,0.3050767137754308
lonestar,Web,210,48,0.4337581196338613,0.2905157670157932,0.3077445468091019
lonestar,Web,210,49,0.4387606533757991,0.2905157670157932,0.31129376562397826
lonestar,Web,210,50,0.442778579121263,0.2905157670157932,0.3141444205896862
lonestar,Web,210,51,0.4458946250855876,0.2905157670157932,0.31635520607062856
lonestar,Web,210,52,0.4521009712933955,0.2905157670157932,0.3207585108495096
lonestar,Web,210,53,0.45721785980017343,0.2905157670157932,0.32438886256700666
lonestar,Web,210,54,0.46434396077299306,0.2905157670157932,0.3294447188498756
lonestar,Web,210,55,0.4685943638813865,0.2905157670157932,0.3324603128391078
lonestar,Web,210,56,0.472905284819645,0.2905157670157932,0.3355188432744437
lonestar,Web,210,57,0.47943327816455655,0.2905157670157932,0.3401503516256843
lonestar,Web,210,58,0.4850759537830103,0.2905157670157932,0.3441537410088216
lonestar,Web,210,59,0.4873024013246629,0.2905157670157932,0.3457333704351906
lonestar,Web,210,60,0.4907978291195996,0.2905157670157932,0.34821332134323296
lonestar,Web,210,61,0.4933816458804926,0.2905157670157932,0.35004649859600684
lonestar,Web,210,62,0.49429734136312353,0.2905157670157932,0.35069617010314835
lonestar,Web,210,63,0.49576722898505343,0.2905157670157932,0.3517390321951663
lonestar,Web,210,64,0.4983486553821143,0.2905157670157932,0.3535705135224902
lonestar,Web,210,65,0.5005971550395261,0.2905157670157932,0.3551657885772942
lonestar,Web,210,66,0.5031718120045866,0.2905157670157932,0.3569924670993476
lonestar,Web,210,67,0.5072343528963303,0.2905157670157932,0.3598747758078934
lonestar,Web,210,68,0.5083115938690981,0.2905157670157932,0.36063906129319667
lonestar,Web,210,69,0.5095337359543348,0.2905157670157932,0.3615061518331386
lonestar,Web,210,70,0.515626303127169,0.2905157670157932,0.3658287321806616
lonestar,Web,210,71,0.5191872594770686,0.2905157670157932,0.36835517456526035
lonestar,Web,210,72,0.5230856098039431,0.2905157670157932,0.3711209926568267
lonestar,Web,210,73,0.5260126690959412,0.2905157670157932,0.37319769507350925
lonestar,Web,210,74,0.5276318858813737,0.2905157670157932,0.3743465038525569
lonestar,Web,210,75,0.5310361264516662,0.2905157670157932,0.37676175886246466
lonestar,Web,210,76,0.5340499148051674,0.2905157670157932,0.3788999941808252
lonestar,Web,210,77,0.539767439770669,0.2905157670157932,0.38295648799554216
lonestar,Web,210,78,0.5434710832075212,0.2905157670157932,0.38558416461858425
lonestar,Web,210,79,0.5482746368872549,0.2905157670157932,0.38899221021664854
lonestar,Web,210,80,0.5559595194558358,0.2905157670157932,0.39444451323139185
lonestar,Web,210,81,0.5600201794055476,0.2905157670157932,0.3973254874412228
lonestar,Web,210,82,0.5628669851708508,0.2905157670157932,0.39934525124607395
lonestar,Web,210,83,0.5790413820416026,0.2905157670157932,0.41082073080390147
lonestar,Web,210,84,0.6091351809977407,0.2905157670157932,0.43217180667387806
lonestar,Web,210,85,0.6131327412202253,0.2905157670157932,0.43500801262213573
lonestar,Web,210,86,0.6171129811014998,0.2905157670157932,0.4378319300613949
lonestar,Web,210,87,0.6224497720507081,0.2905157670157932,0.441618299094591
lonestar,Web,210,88,0.6265633334950675,0.2905157670157932,0.4445368060807758
lonestar,Web,210,89,0.6312043228410635,0.2905157670157932,0.4478295148472076
lonestar,Web,210,90,0.6385894792561734,0.2905157670157932,0.4530691668818502
lonestar,Web,210,91,0.6401609233502182,0.2905157670157932,0.4541840816895912
lonestar,Web,210,92,0.6416550252187527,0.2905157670157932,0.45524412340778864
lonestar,Web,210,93,0.6434181161346731,0.2905157670157932,0.45649500861395187
lonestar,Web,210,94,0.6458003700715531,0.2905157670157932,0.45818518022113275
lonestar,Web,210,95,0.647474007955322,0.2905157670157932,0.45937259991139184
lonestar,Web,210,96,0.6504453447562228,0.2905157670157932,0.4614807165225167
lonestar,Web,210,97,0.6516125335892983,0.2905157670157932,0.46230881859649897
lonestar,Web,210,98,0.6522932113186354,0.2905157670157932,0.46279174871320716
lonestar,Web,210,99,0.6566786777174252,0.2905157670157932,0.46590316797743053
lonestar,Web,210,100,0.6600153230630081,0.2905157670157932,0.4682704652411818
lonestar,Web,210,101,0.6670007071939896,0.2905157670157932,0.4732264851434512
lonestar,Web,210,102,0.6703088630087342,0.2905157670157932,0.4755735695342675
lonestar,Web,210,103,0.6741793130241738,0.2905157670157932,0.47831959279477543
lonestar,Web,210,104,0.6755546218959615,0.2905157670157932,0.47929535275479207
lonestar,Web,210,105,0.6760709296787194,0.2905157670157932,0.47966166498602586
lonestar,Web,210,106,0.677593615570732,0.2905157670157932,0.48074198661819634
lonestar,Web,210,107,0.6794897363744319,0.2905157670157932,0.4820872544322547
lonestar,Web,210,108,0.6810108473891178,0.2905157670157932,0.48316645871379293
lonestar,Web,210,109,0.6845584633013745,0.2905157670157932,0.48568343626822297
lonestar,Web,210,110,0.6881753895647753,0.2905157670157932,0.4882495884239723
lonestar,Web,210,111,0.6946093618973885,0.2905157670157932,0.49281439034941804
lonestar,Web,210,112,0.6981361579313871,0.2905157670157932,0.49531659652849125
lonestar,Web,210,113,0.7047484536236931,0.2905157670157932,0.5000079160660117
lonestar,Web,210,114,0.7082363029414046,0.2905157670157932,0.5024824901639527
lonestar,Web,210,115,0.7093888769128892,0.2905157670157932,0.5033002232240691
lonestar,Web,210,116,0.7120625146527398,0.2905157670157932,0.5051971270452047
lonestar,Web,210,117,0.7161016655274066,0.2905157670157932,0.5080628409054251
lonestar,Web,210,118,0.7188050369511837,0.2905157670157932,0.509980840306495
lonestar,Web,210,119,0.7293971736380361,0.2905157670157932,0.5174957942794304
lonestar,Web,210,120,0.73687439195812,0.2905157670157932,0.5228007627841106
lonestar,Web,210,121,0.7401358409917317,0.2905157670157932,0.5251147094501396
lonestar,Web,210,122,0.742011108687194,0.2905157670157932,0.5264451823126948
lonestar,Web,210,123,0.7434945100598506,0.2905157670157932,0.5274976321977817
lonestar,Web,210,124,0.7475338038841873,0.2905157670157932,0.5303634474785391
lonestar,Web,210,125,0.7501099235119834,0.2905157670157932,0.5321911637367416
lonestar,Web,210,126,0.7528695244741025,0.2905157670157932,0.5341490571086931
lonestar,Web,210,127,0.7551816484648738,0.2905157670157932,0.5357894726248499
lonestar,Web,210,128,0.7563585151532425,0.2905157670157932,0.5366244409845718
lonestar,Web,210,129,0.759183164234654,0.2905157670157932,0.5386284849715466
lonestar,Web,210,130,0.7615320239324663,0.2905157670157932,0.5402949638926365
lonestar,Web,210,131,0.762362521358513,0.2905157670157932,0.5408841887219505
lonestar,Web,210,132,0.7643739703483279,0.2905157670157932,0.5423112800656763
lonestar,Web,210,133,0.7652608672264422,0.2905157670157932,0.5429405194169813
lonestar,Web,210,134,0.7667559034510991,0.2905157670157932,0.5440012240461156
lonestar,Web,210,135,0.7678653556095989,0.2905157670157932,0.5447883628598215
lonestar,Web,210,136,0.7708395393021858,0.2905157670157932,0.5468984992957107
lonestar,Web,210,137,0.77441918604364,0.2905157670157932,0.5494382022184257
lonestar,Web,210,138,0.7768297132742071,0.2905157670157932,0.5511484332816922
lonestar,Web,210,139,0.7801810295666074,0.2905157670157932,0.5535261393508932
lonestar,Web,210,140,0.7825184234417467,0.2905157670157932,0.5551844834515784
lonestar,Web,210,141,0.7858219889493046,0.2905157670157932,0.5575283110918212
lonestar,Web,210,142,0.7871989581891388,0.2905157670157932,0.5585052490567878
lonestar,Web,210,143,0.7893356015670592,0.2905157670157932,0.5600211638449325
lonestar,Web,210,144,0.7908614856438704,0.2905157670157932,0.5611037545387917
lonestar,Web,210,145,0.7931534951447438,0.2905157670157932,0.5627298991415113
lonestar,Web,210,146,0.7956664541473972,0.2905157670157932,0.5645128039320297
lonestar,Web,210,147,0.7964799922976477,0.2905157670157932,0.5650899964225635
lonestar,Web,210,148,0.8007102329182444,0.2905157670157932,0.5680912854446062
lonestar,Web,210,149,0.8035973946790453,0.2905157670157932,0.5701396811919694
lonestar,Web,210,150,0.8053656949821502,0.2905157670157932,0.5713942623762035
lonestar,Web,210,151,0.807331143576684,0.2905157670157932,0.5727887171647662
lonestar,Web,210,152,0.8100319445680298,0.2905157670157932,0.5747048928845542
lonestar,Web,210,153,0.8118466270844273,0.2905157670157932,0.5759923815178103
lonestar,Web,210,154,0.8137080248396951,0.2905157670157932,0.5773130138764849
lonestar,Web,210,155,0.8166240675499223,0.2905157670157932,0.5793819002020998
lonestar,Web,210,156,0.8205666256089077,0.2905157670157932,0.5821790829825747
lonestar,Web,210,157,0.821968728607816,0.2905157670157932,0.58317385295332
lonestar,Web,210,158,0.8251214690375736,0.2905157670157932,0.5854106725789249
lonestar,Web,210,159,0.8259320250754549,0.2905157670157932,0.5859857493077518
lonestar,Web,210,160,0.828004861312031,0.2905157670157932,0.5874563939351608
lonestar,Web,210,161,0.8291452585103852,0.2905157670157932,0.5882654877667326
lonestar,Web,210,162,0.8300524024307853,0.2905157670157932,0.5889090920753038
lonestar,Web,210,163,0.832261652905599,0.2905157670157932,0.590476520453897
lonestar,Web,210,164,0.8356082866923885,0.2905157670157932,0.5928509043591964
lonestar,Web,210,165,0.8369386663714026,0.2905157670157932,0.5937947877653396
lonestar,Web,210,166,0.8423695102278879,0.2905157670157932,0.597647885853315
lonestar,Web,210,167,0.8442488477830291,0.2905157670157932,0.5989812462171428
lonestar,Web,210,168,0.851341024746594,0.2905157670157932,0.6040130339503259
lonestar,Web,210,169,0.8539234948179747,0.2905157670157932,0.6058452557481241
lonestar,Web,210,170,0.8608043768186301,0.2905157670157932,0.6107271330366139
lonestar,Web,210,171,0.8623032112184559,0.2905157670157932,0.6117905324111447
lonestar,Web,210,172,0.8644193900115263,0.2905157670157932,0.6132919278990037
lonestar,Web,210,173,0.866923068481863,0.2905157670157932,0.6150682482981695
lonestar,Web,210,174,0.872142617375439,0.2905157670157932,0.6187714359414519
lonestar,Web,210,175,0.8755033518449291,0.2905157670157932,0.6211558240588017
lonestar,Web,210,176,0.8792229181914876,0.2905157670157932,0.6237947977352236
lonestar,Web,210,177,0.8824261053384891,0.2905157670157932,0.6260674085113188
lonestar,Web,210,178,0.8852772059731744,0.2905157670157932,0.6280902194582793
lonestar,Web,210,179,0.889061283840078,0.2905157670157932,0.6307749630412319
lonestar,Web,210,180,0.8926726731933996,0.2905157670157932,0.6333371868465807
lonestar,Web,210,181,0.897912521598432,0.2905157670157932,0.6370547766731786
lonestar,Web,210,182,0.9005125242038153,0.2905157670157932,0.6388994375274158
lonestar,Web,210,183,0.903977074021249,0.2905157670157932,0.6413574809972734
lonestar,Web,210,184,0.908519677418695,0.2905157670157932,0.6445803864844618
lonestar,Web,210,185,0.9134221983971496,0.2905157670157932,0.6480586478205497
lonestar,Web,210,186,0.9172638752671448,0.2905157670157932,0.6507842569880314
lonestar,Web,210,187,0.9240617472353858,0.2905157670157932,0.6556072399673437
lonestar,Web,210,188,0.9289712609231675,0.2905157670157932,0.659090462520445
lonestar,Web,210,189,0.9323884084493365,0.2905157670157932,0.6615148748120429
lonestar,Web,210,190,0.9349209455694042,0.2905157670157932,0.6633116699681781
lonestar,Web,210,191,0.9391306872892194,0.2905157670157932,0.6662984153433228
lonestar,Web,210,192,0.9424870570614231,0.2905157670157932,0.6686797067767661
lonestar,Web,210,193,0.9448280462278649,0.2905157670157932,0.6703406016799434
lonestar,Web,210,194,0.9477312405105557,0.2905157670157932,0.6724003722488024
lonestar,Web,210,195,0.9534782672911511,0.2905157670157932,0.676477797136173
lonestar,Web,210,196,0.9553465623775594,0.2905157670157932,0.6778033230425414
lonestar,Web,210,197,0.9584869641738447,0.2905157670157932,0.6800313886022411
lonestar,Web,210,198,0.9622610230695361,0.2905157670157932,0.682709023883088
lonestar,Web,210,199,0.9667976576122915,0.2905157670157932,0.6859276945619844
lonestar,Web,210,200,0.9711140762715934,0.2905157670157932,0.688990125543718
lonestar,Web,210,201,0.9731630708093072,0.2905157670157932,0.6904438548616967
lonestar,Web,210,202,0.9761224246080279,0.2905157670157932,0.6925434697217109
lonestar,Web,210,203,0.9819850816101459,0.2905157670157932,0.6967029324281081
lonestar,Web,210,204,0.985308426624281,0.2905157670157932,0.6990607933164036
lonestar,Web,210,205,0.9883307583752288,0.2905157670157932,0.7012050900405487
lonestar,Web,210,206,0.9910812240439231,0.2905157670157932,0.7031565020658516
lonestar,Web,210,207,0.9928317322788296,0.2905157670157932,0.7043984600582268
lonestar,Web,210,208,0.9948306232917693,0.2905157670157932,0.7058166417153613
lonestar,Web,210,209,0.9985498297199035,0.2905157670157932,0.708455360035336
lonestar,Web,210,210,1.0,0.2905157670157932,0.7094842329842068
lonestar,Web,240,1,0.05542742994851299,0.23834390731762614,0.042216639722010396
lonestar,Web,240,2,0.07665165223507177,0.23834390731762614,0.05838219793901291
lonestar,Web,240,3,0.09208123578937656,0.23834390731762614,0.07013423426070092
lonestar,Web,240,4,0.10579412719739148,0.23834390731762614,0.08057874154990725
lonestar,Web,240,5,0.1207896316064297,0.23834390731762614,0.09200015884589663
lonestar,Web,240,6,0.142045774114774,0.23834390731762614,0.10819002929430185
lonestar,Web,240,7,0.1555200236274365,0.23834390731762614,0.11845277352994375
lonestar,Web,240,8,0.16691745793380275,0.23834390731762614,0.1271336988103347
lonestar,Web,240,9,0.1769424041800814,0.23834390731762614,0.13476926019762614
lonestar,Web,240,10,0.18458167703483883,0.23834390731762614,0.1405877589111152
lonestar,Web,240,11,0.19021823688478168,0.23834390731762614,0.14488087906259303
lonestar,Web,240,12,0.19608041786538494,0.23834390731762614,0.14934584492287623
lonestar,Web,240,13,0.2024584056618648,0.23834390731762614,0.15420367818711894
lonestar,Web,240,14,0.20993724968179026,0.23834390731762614,0.1598999853011163
lonestar,Web,240,15,0.21868994845104706,0.23834390731762614,0.16656653164613427
lonestar,Web,240,16,0.22734696860884882,0.23834390731762614,0.1731602037937981
lonestar,Web,240,17,0.23532519300990906,0.23834390731762614,0.17923686701765282
lonestar,Web,240,18,0.24192184564040514,0.23834390731762614,0.18426124768497937
lonestar,Web,240,19,0.24709008300508684,0.23834390731762614,0.18819766716221786
lonestar,Web,240,20,0.2522385277452914,0.23834390731762614,0.19211901146643318
lonestar,Web,240,21,0.2604828688307832,0.23834390731762614,0.19839836408434966
lonestar,Web,240,22,0.2669718741110073,0.23834390731762614,0.20334075449148045
lonestar,Web,240,23,0.2731524728460959,0.23834390731762614,0.20804824517448564
lonestar,Web,240,24,0.27973723279012647,0.23834390731762614,0.21306356770470736
lonestar,Web,240,25,0.28586063065034545,0.23834390731762614,0.21772749099286137
lonestar,Web,240,26,0.2912501613447952,0.23834390731762614,0.2218324598829877
lonestar,Web,240,27,0.29482233078805964,0.23834390731762614,0.22455322450354384
lonestar,Web,240,28,0.3009260263359689,0.23834390731762614,0.2292021414054872
lonestar,Web,240,29,0.30755202566759865,0.23834390731762614,0.23424887416653234
lonestar,Web,240,30,0.31239990676141555,0.23834390731762614,0.2379412923382377
lonestar,Web,240,31,0.31855677541429545,0.23834390731762614,0.24263070885954877
lonestar,Web,240,32,0.32314443780713303,0.23834390731762614,0.2461249298722233
lonestar,Web,240,33,0.3297583492211987,0.23834390731762614,0.2511624557972079
lonestar,Web,240,34,0.3344980937871834,0.23834390731762614,0.25477251112364835
lonestar,Web,240,35,0.34187558177004873,0.23834390731762614,0.2603916197944887
lonestar,Web,240,36,0.3511505523572312,0.23834390731762614,0.2674559576516661
lonestar,Web,240,37,0.35601632786445725,0.23834390731762614,0.27116200521236944
lonestar,Web,240,38,0.3615428555933031,0.23834390731762614,0.275371318728423
lonestar,Web,240,39,0.36527254182151964,0.23834390731762614,0.27821205696793766
lonestar,Web,240,40,0.3687462106437498,0.23834390731762614,0.28085779799035004
lonestar,Web,240,41,0.3730049674044824,0.23834390731762614,0.2841015060244143
lonestar,Web,240,42,0.37860580888902134,0.23834390731762614,0.2883674210652616
lonestar,Web,240,43,0.3832137882889455,0.23834390731762614,0.2918771166501687
lonestar,Web,240,44,0.3875359233239969,0.23834390731762614,0.29516909713301154
lonestar,Web,240,45,0.39349864383867783,0.23834390731762614,0.29971063954198046
lonestar,Web,240,46,0.39765976466617703,0.23834390731762614,0.3028799825726327
lonestar,Web,240,47,0.4037843598431982,0.23834390731762614,0.307544817804424
lonestar,Web,240,48,0.40731537091362163,0.23834390731762614,0.3102342338995409
lonestar,Web,240,49,0.41201294035238,0.23834390731762614,0.3138121662833697
lonestar,Web,240,50,0.41578592543609083,0.23834390731762614,0.31668588335997777
lonestar,Web,240,51,0.4187120111052515,0.23834390731762614,0.3189145543376046
lonestar,Web,240,52,0.42454000623254856,0.23834390731762614,0.3233534823344336
lonestar,Web,240,53,0.42934495914460274,0.23834390731762614,0.3270132039949516
lonestar,Web,240,54,0.43603663897612277,0.23834390731762614,0.3321099627089086
lonestar,Web,240,55,0.44002792914514377,0.23834390731762614,0.3351499531838067
lonestar,Web,240,56,0.4440760478580067,0.23834390731762614,0.3382332274653603
lonestar,Web,240,57,0.4502060818798453,0.23834390731762614,0.3429022052264438
lonestar,Web,240,58,0.4555047688863636,0.23834390731762614,0.3469379824681755
lonestar,Web,240,59,0.45759548780365655,0.23834390731762614,0.34853039126961793
lonestar,Web,240,60,0.46087782744031447,0.23834390731762614,0.35103040525213125
lonestar,Web,240,61,0.46330412964584855,0.23834390731762614,0.352878413109665
lonestar,Web,240,62,0.4641640025295345,0.23834390731762614,0.35353334053045676
lonestar,Web,240,63,0.46554428290891525,0.23834390731762614,0.35458463949102204
lonestar,Web,240,64,0.4679683404719013,0.23834390731762614,0.35643093770288314
lonestar,Web,240,65,0.4700797671645726,0.23834390731762614,0.35803911870760846
lonestar,Web,240,66,0.472497467973457,0.23834390731762614,0.3598805752589783
lonestar,Web,240,67,0.4763123483763164,0.23834390731762614,0.3627862021606708
lonestar,Web,240,68,0.4773239186190973,0.23834390731762614,0.3635566707992611
lonestar,Web,240,69,0.47847155651732853,0.23834390731762614,0.3644307761966421
lonestar,Web,240,70,0.48419270880357007,0.23834390731762614,0.3687883266926216
lonestar,Web,240,71,0.4875365822455034,0.23834390731762614,0.37133520827282895
lonestar,Web,240,72,0.4911972814634972,0.23834390731762614,0.37412340213569156
lonestar,Web,240,73,0.49394590145985084,0.23834390731762614,0.3762169053023829
lonestar,Web,240,74,0.4954664076030088,0.23834390731762614,0.3773750080702801
lonestar,Web,240,75,0.4986631189677168,0.23834390731762614,0.37980980275775694
lonestar,Web,240,76,0.5014931808512791,0.23834390731762614,0.38196533663404036
lonestar,Web,240,77,0.5068621542413266,0.23834390731762614,0.3860546479280196
lonestar,Web,240,78,0.510340016284547,0.23834390731762614,0.3887035827427471
lonestar,Web,240,79,0.5148507358773369,0.23834390731762614,0.3921391998029773
lonestar,Web,240,80,0.522067132878715,0.23834390731762614,0.39763561254629176
lonestar,Web,240,81,0.5258802470054709,0.23834390731762614,0.4005398941530286
lonestar,Web,240,82,0.5285535058880765,0.23834390731762614,0.4025759980682824
lonestar,Web,240,83,0.5437418796902209,0.23834390731762614,0.4141443155126231
lonestar,Web,240,84,0.572001101429669,0.23834390731762614,0.4356681239249359
lonestar,Web,240,85,0.5757549625127659,0.23834390731762614,0.4385272750899599
lonestar,Web,240,86,0.5794925591367438,0.23834390731762614,0.4413740383306018
lonestar,Web,240,87,0.5845040088055133,0.23834390731762614,0.44519103950399114
lonestar,Web,240,88,0.5883667994476794,0.23834390731762614,0.4481331575313534
lonestar,Web,240,89,0.5927248649484849,0.23834390731762614,0.4514525046723507
lonestar,Web,240,90,0.5996598076926454,0.23834390731762614,0.456734546065844
lonestar,Web,240,91,0.6011354534617118,0.23834390731762614,0.4578584806564944
lonestar,Web,240,92,0.6025384719395643,0.23834390731762614,0.45892709822829675
lonestar,Web,240,93,0.6041940813630345,0.23834390731762614,0.4601881032327852
lonestar,Web,240,94,0.6064311084110349,0.23834390731762614,0.4618919485133899
lonestar,Web,240,95,0.6080027180352601,0.23834390731762614,0.4630889745589993
lonestar,Web,240,96,0.6107929162964243,0.23834390731762614,0.46521414606440675
lonestar,Web,240,97,0.6118889510009081,0.23834390731762614,0.4660489475748682
lonestar,Web,240,98,0.6125281332761162,0.23834390731762614,0.46653578464911505
lonestar,Web,240,99,0.6166462530115119,0.23834390731762614,0.4696723756359747
lonestar,Web,240,100,0.6197794898894532,0.23834390731762614,0.47205882459387577
lonestar,Web,240,101,0.6263390312547804,0.23834390731762614,0.4770549392399793
lonestar,Web,240,102,0.629445515379758,0.23834390731762614,0.47942101180058955
lonestar,Web,240,103,0.633080015144217,0.23834390731762614,0.48218925069004237
lonestar,Web,240,104,0.6343714824802195,0.23834390731762614,0.48317290465500895
lonestar,Web,240,105,0.6348563151243142,0.23834390731762614,0.483542180392315
lonestar,Web,240,106,0.6362861750873129,0.23834390731762614,0.48463124194481555
lonestar,Web,240,107,0.6380667046347666,0.23834390731762614,0.4859873931228346
lonestar,Web,240,108,0.6394950857280601,0.23834390731762614,0.487075328285214
lonestar,Web,240,109,0.6428264319916865,0.23834390731762614,0.48961266846373974
lonestar,Web,240,110,0.6462228633110308,0.23834390731762614,0.49219958107149553
lonestar,Web,240,111,0.6522646080265383,0.23834390731762614,0.49680131274449335
lonestar,Web,240,112,0.6555764036326641,0.23834390731762614,0.4993237620456178
lonestar,Web,240,113,0.6617856007648714,0.23834390731762614,0.5040530348720293
lonestar,Web,240,114,0.6650608239231921,0.23834390731762614,0.5065476285454588
lonestar,Web,240,115,0.6661431347168135,0.23834390731762614,0.5073719771555963
lonestar,Web,240,116,0.6686537822376372,0.23834390731762614,0.5092842271364096
lonestar,Web,240,117,0.6724466985248982,0.23834390731762614,0.5121731249356363
lonestar,Web,240,118,0.6749852671057528,0.23834390731762614,0.5141066411619362
lonestar,Web,240,119,0.6849316862921297,0.23834390731762614,0.521682391935613
lonestar,Web,240,120,0.6919530786663357,0.23834390731762614,0.5270302782165406
lonestar,Web,240,121,0.6950157033474892,0.23834390731762614,0.5293629449645405
lonestar,Web,240,122,0.6967766510332277,0.23834390731762614,0.5307041814982781
lonestar,Web,240,123,0.6981696213384925,0.23834390731762614,0.5317651458182087
lonestar,Web,240,124,0.7019626718609301,0.23834390731762614,0.5346541458584754
lonestar,Web,240,125,0.7043817461657509,0.23834390731762614,0.5364966485413936
lonestar,Web,240,126,0.7069731164216159,0.23834390731762614,0.5384703814851689
lonestar,Web,240,127,0.709144288783056,0.23834390731762614,0.5401240681425235
lonestar,Web,240,128,0.7102494113617259,0.23834390731762614,0.5409657914877282
lonestar,Web,240,129,0.7129018642755,0.23834390731762614,0.5429860484100574
lonestar,Web,240,130,0.7151075328629746,0.23834390731762614,0.5446660093281455
lonestar,Web,240,131,0.7158874015312973,0.23834390731762614,0.5452600010508656
lonestar,Web,240,132,0.7177762286316449,0.23834390731762614,0.5466986377198689
lonestar,Web,240,133,0.7186090585304284,0.23834390731762614,0.5473329676864455
lonestar,Web,240,134,0.7200129544042152,0.23834390731762614,0.5484022535322067
lonestar,Web,240,135,0.7210547721754461,0.23834390731762614,0.5491957603851295
lonestar,Web,240,136,0.7238476437761758,0.23834390731762614,0.551322968055905
lonestar,Web,240,137,0.7272090682066069,0.23834390731762614,0.5538832174534342
lonestar,Web,240,138,0.7294726449526622,0.23834390731762614,0.5556072844733213
lonestar,Web,240,139,0.7326196584076267,0.23834390731762614,0.5580042264450484
lonestar,Web,240,140,0.7348145601515461,0.23834390731762614,0.5596759867311438
lonestar,Web,240,141,0.737916733803498,0.23834390731762614,0.5620387761937117
lonestar,Web,240,142,0.7392097602882428,0.23834390731762614,0.5630236176938173
lonestar,Web,240,143,0.7412161496803824,0.23834390731762614,0.5645517963986336
lonestar,Web,240,144,0.7426490128605396,0.23834390731762614,0.5656431453697807
lonestar,Web,240,145,0.7448012969509764,0.23834390731762614,0.5672824456604452
lonestar,Web,240,146,0.7471610610266796,0.23834390731762614,0.5690797743459974
lonestar,Web,240,147,0.7479250042900388,0.23834390731762614,0.5696616363869987
lonestar,Web,240,148,0.7518973611162042,0.23834390731762614,0.5726872061659559
lonestar,Web,240,149,0.754608515813391,0.23834390731762614,0.5747521736592727
lonestar,Web,240,150,0.7562690170495495,0.23834390731762614,0.5760169045426995
lonestar,Web,240,151,0.758114648029253,0.23834390731762614,0.577422640623234
lonestar,Web,240,152,0.7606508028762965,0.23834390731762614,0.5793543184144706
lonestar,Web,240,153,0.7623548587747333,0.23834390731762614,0.5806522229717863
lonestar,Web,240,154,0.7641027820591312,0.23834390731762614,0.5819835393908893
lonestar,Web,240,155,0.7668410570662221,0.23834390731762614,0.58406916323348
lonestar,Web,240,156,0.770543269025965,0.23834390731762614,0.5868889755290198
lonestar,Web,240,157,0.7718598970663612,0.23834390731762614,0.587891793297784
lonestar,Web,240,158,0.774820440234118,0.23834390731762614,0.5901467090391551
lonestar,Web,240,159,0.7755815831805477,0.23834390731762614,0.5907264382017056
lonestar,Web,240,160,0.7775280552402681,0.23834390731762614,0.5922089805052276
lonestar,Web,240,161,0.7785989315808163,0.23834390731762614,0.5930246199945155
lonestar,Web,240,162,0.7794507742223366,0.23834390731762614,0.5936734311324361
lonestar,Web,240,163,0.7815253444398333,0.23834390731762614,0.5952535401782899
lonestar,Web,240,164,0.7846679608439455,0.23834390731762614,0.5976471331094455
lonestar,Web,240,165,0.7859172379591981,0.23834390731762614,0.5985986526357263
lonestar,Web,240,166,0.7910170068848967,0.23834390731762614,0.6024829227092569
lonestar,Web,240,167,0.7927817763236578,0.23834390731762614,0.6038270701044689
lonestar,Web,240,168,0.7994416002202983,0.23834390731762614,0.6088995655515368
lonestar,Web,240,169,0.8018666378331634,0.23834390731762614,0.6107466102243594
lonestar,Web,240,170,0.8083280477237162,0.23834390731762614,0.6156679824348171
lonestar,Web,240,171,0.8097355102284376,0.23834390731762614,0.6167399848267602
lonestar,Web,240,172,0.8117226825970992,0.23834390731762614,0.6182535267685614
lonestar,Web,240,173,0.814073731900002,0.23834390731762614,0.620044217794314
lonestar,Web,240,174,0.8189750868196132,0.23834390731762614,0.6237773646312345
lonestar,Web,240,175,0.8221309443010548,0.23834390731762614,0.6261810427096117
lonestar,Web,240,176,0.8256237585620655,0.23834390731762614,0.6288413659721185
lonestar,Web,240,177,0.8286316731158909,0.23834390731762614,0.6311323624183075
lonestar,Web,240,178,0.8313089650441876,0.23834390731762614,0.633171538127384
lonestar,Web,240,179,0.8348623580762878,0.23834390731762614,0.6358780015799783
lonestar,Web,240,180,0.8382535900264894,0.23834390731762614,0.6384609540565485
lonestar,Web,240,181,0.8431740069593839,0.23834390731762614,0.6422086195920251
lonestar,Web,240,182,0.8456155082884703,0.23834390731762614,0.6440682039546158
lonestar,Web,240,183,0.8488688523299096,0.23834390731762614,0.64654613326537
lonestar,Web,240,184,0.8531345296832373,0.23834390731762614,0.6497951124109492
lonestar,Web,240,185,0.8577381833334252,0.23834390731762614,0.6533015132622143
lonestar,Web,240,186,0.8613456640200189,0.23834390731762614,0.6560491729063924
lonestar,Web,240,187,0.8677291243331183,0.23834390731762614,0.6609111743462607
lonestar,Web,240,188,0.8723393444033093,0.23834390731762614,0.6644225765513282
lonestar,Web,240,189,0.8755481758904592,0.23834390731762614,0.666866602603907
lonestar,Web,240,190,0.8779263245630043,0.23834390731762614,0.6686779340296555
lonestar,Web,240,191,0.8818794321417269,0.23834390731762614,0.6716888425020184
lonestar,Web,240,192,0.8850311910064195,0.23834390731762614,0.6740893988439772
lonestar,Web,240,193,0.8872294688656072,0.23834390731762614,0.6757637305688362
lonestar,Web,240,194,0.8899556787105933,0.23834390731762614,0.6778401649072007
lonestar,Web,240,195,0.8953523554270193,0.23834390731762614,0.6819505766085036
lonestar,Web,240,196,0.8971067555676756,0.23834390731762614,0.6832868261646373
lonestar,Web,240,197,0.9000557122893422,0.23834390731762614,0.6855329170187513
lonestar,Web,240,198,0.9035996971264353,0.23834390731762614,0.6882322146622971
lonestar,Web,240,199,0.9078597694982027,0.23834390731762614,0.6914769247395216
lonestar,Web,240,200,0.9119130507802132,0.23834390731762614,0.6945641311233204
lonestar,Web,240,201,0.9138371345779605,0.23834390731762614,0.696029621270706
lonestar,Web,240,202,0.916616080344343,0.23834390731762614,0.6981462222449052
lonestar,Web,240,203,0.9221213382363975,0.23834390731762614,0.7023393354601762
lonestar,Web,240,204,0.9252420855972746,0.23834390731762614,0.7047162717013107
lonestar,Web,240,205,0.9280801700559597,0.23834390731762614,0.7068779160208153
lonestar,Web,240,206,0.9306629619238677,0.23834390731762614,0.708845115183138
lonestar,Web,240,207,0.9323067557313246,0.23834390731762614,0.7100971207517011
lonestar,Web,240,208,0.9341837904137847,0.23834390731762614,0.711526775653773
lonestar,Web,240,209,0.9376762666977064,0.23834390731762614,0.7141868414939706
lonestar,Web,240,210,0.9390380317432209,0.23834390731762614,0.7152240381376885
lonestar,Web,240,211,0.9407472851893383,0.23834390731762614,0.7165259014388622
lonestar,Web,240,212,0.9416139094367955,0.23834390731762614,0.7171859710770043
lonestar,Web,240,213,0.9451315058570532,0.23834390731762614,0.7198651698220913
lonestar,Web,240,214,0.9464952142355906,0.23834390731762614,0.7209038466172463
lonestar,Web,240,215,0.9478977892745823,0.23834390731762614,0.7219721264411386
lonestar,Web,240,216,0.9504990530342751,0.23834390731762614,0.7239533948323824
lonestar,Web,240,217,0.9523003181849851,0.23834390731762614,0.7253253394089572
lonestar,Web,240,218,0.9535025253612637,0.23834390731762614,0.7262410078294362
lonestar,Web,240,219,0.9558723483860163,0.23834390731762614,0.7280459979748181
lonestar,Web,240,220,0.9568392486174468,0.23834390731762614,0.7287824434271031
lonestar,Web,240,221,0.958685517269736,0.23834390731762614,0.7301886651948476
lonestar,Web,240,222,0.9608838564973347,0.23834390731762614,0.7318630436613308
lonestar,Web,240,223,0.9631986729694751,0.23834390731762614,0.7336261377307781
lonestar,Web,240,224,0.9646972691159278,0.23834390731762614,0.7347675526161941
lonestar,Web,240,225,0.9664634929038172,0.23834390731762614,0.7361128077252805
lonestar,Web,240,226,0.9682279574639178,0.23834390731762614,0.7374567229078033
lonestar,Web,240,227,0.9696733676539583,0.23834390731762614,0.7385576283854729
lonestar,Web,240,228,0.9711230327205117,0.23834390731762614,0.7396617746157621
lonestar,Web,240,229,0.9716688842823942,0.23834390731762614,0.74007752578357
lonestar,Web,240,230,0.9759104233939658,0.23834390731762614,0.7433081198902491
lonestar,Web,240,231,0.9776546159222184,0.23834390731762614,0.7446365947562038
lonestar,Web,240,232,0.9829805553166167,0.23834390731762614,0.7486931289452043
lonestar,Web,240,233,0.9847514021914866,0.23834390731762614,0.7500419052566566
lonestar,Web,240,234,0.9868125830199541,0.23834390731762614,0.751611816192779
lonestar,Web,240,235,0.9879369955069119,0.23834390731762614,0.7524682318141586
lonestar,Web,240,236,0.9896482536544636,0.23834390731762614,0.7537716220083936
lonestar,Web,240,237,0.9912165029476785,0.23834390731762614,0.7549660886374155
lonestar,Web,240,238,0.9952352133580215,0.23834390731762614,0.7580269639061793
lonestar,Web,240,239,0.9970387286838104,0.23834390731762614,0.7594006223423125
lonestar,Web,240,240,1.0,0.23834390731762614,0.7616560926823739
lonestar,Web,270,1,0.051162098672563806,0.176339410488308,0.04214020435329926
lonestar,Web,270,2,0.07075304409222384,0.176339410488308,0.05827649400674782
lonestar,Web,270,3,0.08499526815015325,0.176339410488308,0.07000725267025956
lonestar,Web,270,4,0.09765290542387703,0.176339410488308,0.08043284964896005
lonestar,Web,270,5,0.11149445421899055,0.176339410488308,0.09183358788929812
lonestar,Web,270,6,0.1311148634896384,0.176339410488308,0.1079941457556206
lonestar,Web,270,7,0.14355222318223007,0.176339410488308,0.1182383087719896
lonestar,Web,270,8,0.15407258573806273,0.176339410488308,0.12690351679660344
lonestar,Web,270,9,0.16332607790819745,0.176339410488308,0.13452525361249845
lonestar,Web,270,10,0.17037748245545492,0.176339410488308,0.14033321763877796
lonestar,Web,270,11,0.1755802896482918,0.176339410488308,0.14461856487834565
lonestar,Web,270,12,0.18099135565017302,0.176339410488308,0.14907544669134182
lonestar,Web,270,13,0.18687853536027366,0.176339410488308,0.15392448460192457
lonestar,Web,270,14,0.19378185662304143,0.176339410488308,0.15961047826280447
lonestar,Web,270,15,0.20186100513308267,0.176339410488308,0.16626495448733755
lonestar,Web,270,16,0.20985183782973219,0.176339410488308,0.1728466884569492
lonestar,Web,270,17,0.21721611043659964,0.176339410488308,0.17891234957364643
lonestar,Web,270,18,0.22330512797004065,0.176339410488308,0.18392763334478748
lonestar,Web,270,19,0.2280756517027971,0.176339410488308,0.18785692573478918
lonestar,Web,270,20,0.2328279059215705,0.176339410488308,0.1917711702461335
lonestar,Web,270,21,0.24043781661918023,0.176339410488308,0.19803915377745807
lonestar,Web,270,22,0.24642747063600914,0.176339410488308,0.20297259573593046
lonestar,Web,270,23,0.2521324510515517,0.176339410488308,0.20767156326814887
lonestar,Web,270,24,0.2582104910816339,0.176339410488308,0.21267780530240207
lonestar,Web,270,25,0.26386267242626604,0.176339410488308,0.21733328432074875
lonestar,Web,270,26,0.26883746020633065,0.176339410488308,0.22143082095637234
lonestar,Web,270,27,0.2721347389309834,0.176339410488308,0.22414665949450416
lonestar,Web,270,28,0.2777687341239681,0.176339410488308,0.22878715929646398
lonestar,Web,270,29,0.2838848400290062,0.176339410488308,0.23382475469172362
lonestar,Web,270,30,0.2883596600072212,0.176339410488308,0.23751048755293885
lonestar,Web,270,31,0.2940427364519573,0.176339410488308,0.2421914136476502
lonestar,Web,270,32,0.29827736245278025,0.176339410488308,0.2456793081958496
lonestar,Web,270,33,0.3043823106470651,0.176339410488308,0.2507077134244926
lonestar,Web,270,34,0.3087573155750027,0.176339410488308,0.2543112325625542
lonestar,Web,270,35,0.315567080496191,0.176339410488308,0.2599201675519762
lonestar,Web,270,36,0.3241283102123685,0.176339410488308,0.266971715066948
lonestar,Web,270,37,0.32861964756736567,0.176339410488308,0.2706710526404609
lonestar,Web,270,38,0.33372088998907856,0.176339410488308,0.27487274498077097
lonestar,Web,270,39,0.33716356404059,0.176339410488308,0.2777083399195355
lonestar,Web,270,40,0.34036992210561,0.176339410488308,0.2803492906935554
lonestar,Web,270,41,0.34430095289338875,0.176339410488308,0.2835871258296059
lonestar,Web,270,42,0.34947079037182766,0.176339410488308,0.28784531721477646
lonestar,Web,270,43,0.3537241699161986,0.176339410488308,0.29134865831771
lonestar,Web,270,44,0.3577137018022134,0.176339410488308,0.29463467850282066
lonestar,Web,270,45,0.36321757047540293,0.176339410488308,0.2991679982187749
lonestar,Web,270,46,0.36705847875065095,0.176339410488308,0.302331602993026
lonestar,Web,270,47,0.3727117652744414,0.176339410488308,0.30698799230388973
lonestar,Web,270,48,0.37597105290453225,0.176339410488308,0.30967253907467857
lonestar,Web,270,49,0.38030712822626783,0.176339410488308,0.31324399343034637
lonestar,Web,270,50,0.383789769137496,0.176339410488308,0.3161125074963461
lonestar,Web,270,51,0.38649068245548746,0.176339410488308,0.3183371433520629
lonestar,Web,270,52,0.3918701933229941,0.176339410488308,0.32276803444447805
lonestar,Web,270,53,0.39630538859060616,0.176339410488308,0.32642112999319883
lonestar,Web,270,54,0.4024821206552797,0.176339410488308,0.3315086607668436
lonestar,Web,270,55,0.40616626732504185,0.176339410488308,0.33454314718470746
lonestar,Web,270,56,0.4099028693868393,0.176339410488308,0.3376208390416981
lonestar,Web,270,57,0.41556117621764144,0.176339410488308,0.34228136338159465
lonestar,Web,270,58,0.4204521110438519,0.176339410488308,0.3463098336438144
lonestar,Web,270,59,0.42238194195324996,0.176339410488308,0.3478993593083071
lonestar,Web,270,60,0.42541169427125486,0.176339410488308,0.35039484688862943
lonestar,Web,270,61,0.4276512841812381,0.176339410488308,0.35223950883415067
lonestar,Web,270,62,0.4284449868905621,0.176339410488308,0.3528932504756095
lonestar,Web,270,63,0.42971904994979615,0.176339410488308,0.3539426460060533
lonestar,Web,270,64,0.43195656795019177,0.176339410488308,0.35578560140130217
lonestar,Web,270,65,0.43390551310046627,0.176339410488308,0.3573908707127032
lonestar,Web,270,66,0.4361371635208408,0.176339410488308,0.3592289932135329
lonestar,Web,270,67,0.4396584757623867,0.176339410488308,0.36212935933025936
lonestar,Web,270,68,0.44059220219753725,0.176339410488308,0.3628984329962781
lonestar,Web,270,69,0.4416515254142952,0.176339410488308,0.3637709557814764
lonestar,Web,270,70,0.4469324153646564,0.176339410488308,0.36812061671113727
lonestar,Web,270,71,0.4500189662500876,0.176339410488308,0.37066288703298933
lonestar,Web,270,72,0.4533979620789678,0.176339410488308,0.3734460327293624
lonestar,Web,270,73,0.4559350663177437,0.176339410488308,0.37553574550232516
lonestar,Web,270,74,0.4573385642861819,0.176339410488308,0.37669175146638745
lonestar,Web,270,75,0.46028927772212547,0.176339410488308,0.37912213783451676
lonestar,Web,270,76,0.4629015566149187,0.176339410488308,0.3812737690073238
lonestar,Web,270,77,0.4678573690458241,0.176339410488308,0.3853556763956727
lonestar,Web,270,78,0.47106759764906425,0.176339410488308,0.3879998151794848
lonestar,Web,270,79,0.47523120186280743,0.176339410488308,0.39142921188066987
lonestar,Web,270,80,0.4818922723073122,0.176339410488308,0.39691567308976955
lonestar,Web,270,81,0.48541195419377253,0.176339410488308,0.3998146963472651
lonestar,Web,270,82,0.48787949661557023,0.176339410488308,0.4018471137930481
lonestar,Web,270,83,0.5018990728409685,0.176339410488308,0.4133944862115637
lonestar,Web,270,84,0.5279836503215862,0.176339410488308,0.43487932467641277
lonestar,Web,270,85,0.5314486388897899,0.176339410488308,0.4377332992031506
lonestar,Web,270,86,0.5348986146049155,0.176339410488308,0.44057490823447204
lonestar,Web,270,87,0.5395244159939452,0.176339410488308,0.4443849985335242
lonestar,Web,270,88,0.5430899516171833,0.176339410488308,0.44732178970688546
lonestar,Web,270,89,0.547112648996095,0.176339410488308,0.45063512700142705
lonestar,Web,270,90,0.5535139240560231,0.176339410488308,0.4559076049909139
lonestar,Web,270,91,0.5548760138103713,0.176339410488308,0.45702950464094816
lonestar,Web,270,92,0.5561710651932336,0.176339410488308,0.4580961874264044
lonestar,Web,270,93,0.5576992697801231,0.176339410488308,0.4593549093173363
lonestar,Web,270,94,0.5597641499066109,0.176339410488308,0.4610556696995903
lonestar,Web,270,95,0.5612148187675712,0.176339410488308,0.46225052846879505
lonestar,Web,270,96,0.563790301680748,0.176339410488308,0.4643718522433395
lonestar,Web,270,97,0.5648019927469121,0.176339410488308,0.4652051423033
lonestar,Web,270,98,0.565391987748743,0.176339410488308,0.46569109793431696
lonestar,Web,270,99,0.5691932040137486,0.176339410488308,0.46882200996401296
lonestar,Web,270,100,0.5720853275428868,0.176339410488308,0.4712041381349635
lonestar,Web,270,101,0.57814008965059,0.176339410488308,0.47619120706194745
lonestar,Web,270,102,0.5810075191430721,0.176339410488308,0.47855299572810844
lonestar,Web,270,103,0.5843623316564323,0.176339410488308,0.48131622258056384
lonestar,Web,270,104,0.5855544161412862,0.176339410488308,0.4822980955901064
lonestar,Web,270,105,0.5860019392467215,0.176339410488308,0.4826667027349493
lonestar,Web,270,106,0.5873217665701757,0.176339410488308,0.48375379248623923
lonestar,Web,270,107,0.5889652782480734,0.176339410488308,0.48510748828372585
lonestar,Web,270,108,0.59028374050593,0.176339410488308,0.4861934536842809
lonestar,Web,270,109,0.5933587282224895,0.176339410488308,0.4887261998796435
lonestar,Web,270,110,0.596493792475988,0.176339410488308,0.49130842875083713
lonestar,Web,270,111,0.602070604166091,0.176339410488308,0.4959018287551031
lonestar,Web,270,112,0.6051275457154532,0.176339410488308,0.49841971103375354
lonestar,Web,270,113,0.6108589237831442,0.176339410488308,0.5031404212717022
lonestar,Web,270,114,0.6138821072602841,0.176339410488308,0.5056304983566854
lonestar,Web,270,115,0.6148811305177051,0.176339410488308,0.5064533544418286
lonestar,Web,270,116,0.6171985750810148,0.176339410488308,0.5083621421970049
lonestar,Web,270,117,0.620699613421163,0.176339410488308,0.5112458095001544
lonestar,Web,270,118,0.6230428304229506,0.176339410488308,0.5131758249972006
lonestar,Web,270,119,0.6322238384603935,0.176339410488308,0.5207378594896325
lonestar,Web,270,120,0.6387049105541494,0.176339410488308,0.5260760631510432
lonestar,Web,270,121,0.6415318557377842,0.176339410488308,0.528404506487513
lonestar,Web,270,122,0.6431572924455419,0.176339410488308,0.5297433146444387
lonestar,Web,270,123,0.6444430688972392,0.176339410488308,0.530802358034624
lonestar,Web,270,124,0.6479442311427057,0.176339410488308,0.533686127393701
lonestar,Web,270,125,0.6501771493637827,0.176339410488308,0.5355252941320047
lonestar,Web,270,126,0.6525691047701738,0.176339410488308,0.5374954535321185
lonestar,Web,270,127,0.6545731979546194,0.176339410488308,0.5391461461058553
lonestar,Web,270,128,0.65559327755181,0.176339410488308,0.5399863454682261
lonestar,Web,270,129,0.6580416150956018,0.176339410488308,0.5420029446128692
lonestar,Web,270,130,0.6600775499029016,0.176339410488308,0.5436798638764572
lonestar,Web,270,131,0.6607974049962629,0.176339410488308,0.5442727801470182
lonestar,Web,270,132,0.6625408803580678,0.176339410488308,0.5457088120913215
lonestar,Web,270,133,0.6633096211331427,0.176339410488308,0.5463419935713014
lonestar,Web,270,134,0.6646054823933057,0.176339410488308,0.5474093434207726
lonestar,Web,270,135,0.6655671287056111,0.176339410488308,0.5482014135892678
lonestar,Web,270,136,0.6681450792356837,0.176339410488308,0.5503247698425994
lonestar,Web,270,137,0.6712478305007132,0.176339410488308,0.5528803837786618
lonestar,Web,270,138,0.6733372172347215,0.176339410488308,0.5546013292877129
lonestar,Web,270,139,0.6762420571859215,0.176339410488308,0.5569939314743554
lonestar,Web,270,140,0.6782680536952906,0.176339410488308,0.558662664953611
lonestar,Web,270,141,0.6811315044204644,0.176339410488308,0.5610211764659454
lonestar,Web,270,142,0.6823250280722053,0.176339410488308,0.5620042348605344
lonestar,Web,270,143,0.684177018903308,0.176339410488308,0.5635296467202506
lonestar,Web,270,144,0.6854996183360361,0.176339410488308,0.5646190197486993
lonestar,Web,270,145,0.6874862767668637,0.176339410488308,0.5662553520029932
lonestar,Web,270,146,0.6896644488848428,0.176339410488308,0.5680494265337458
lonestar,Web,270,147,0.690369604087899,0.176339410488308,0.5686302350839924
lonestar,Web,270,148,0.6940362744006249,0.176339410488308,0.5716503269153171
lonestar,Web,270,149,0.6965387964237983,0.176339410488308,0.5737115556801902
lonestar,Web,270,150,0.6980715163815732,0.176339410488308,0.5749739967041673
lonestar,Web,270,151,0.6997751197127117,0.176339410488308,0.5763771876281869
lonestar,Web,270,152,0.7021161087258027,0.176339410488308,0.5783053680187499
lonestar,Web,270,153,0.7036890316648668,0.176339410488308,0.5796009226539959
lonestar,Web,270,154,0.7053024462437406,0.176339410488308,0.5809298286571578
lonestar,Web,270,155,0.7078300015757403,0.176339410488308,0.5830116763719361
lonestar,Web,270,156,0.7112473155981848,0.176339410488308,0.5858263832542093
lonestar,Web,270,157,0.7124626245847351,0.176339410488308,0.5868273853705102
lonestar,Web,270,158,0.7151953437783519,0.176339410488308,0.5890782184724945
lonestar,Web,270,159,0.7158979141584929,0.176339410488308,0.5896568980059749
lonestar,Web,270,160,0.7176945985018823,0.176339410488308,0.5911367560914175
lonestar,Web,270,161,0.7186830672267019,0.176339410488308,0.5919509188240163
lonestar,Web,270,162,0.7194693576486003,0.176339410488308,0.5925985552564444
lonestar,Web,270,163,0.7213842825561655,0.176339410488308,0.5941758034346802
lonestar,Web,270,164,0.7242850638246919,0.176339410488308,0.5965650626443592
lonestar,Web,270,165,0.7254382047713188,0.176339410488308,0.5975148593962479
lonestar,Web,270,166,0.7301455289468441,0.176339410488308,0.6013920968016838
lonestar,Web,270,167,0.7317744933105912,0.176339410488308,0.6027338105498212
lonestar,Web,270,168,0.7379218208640848,0.176339410488308,0.6077971219864532
lonestar,Web,270,169,0.7401602434961521,0.176339410488308,0.609640822491158
lonestar,Web,270,170,0.7461244256834089,0.176339410488308,0.6145532843074691
lonestar,Web,270,171,0.7474235791099954,0.176339410488308,0.6156233457846775
lonestar,Web,270,172,0.7492578317336385,0.176339410488308,0.6171341473819808
lonestar,Web,270,173,0.7514279597105428,0.176339410488308,0.6189215962707536
lonestar,Web,270,174,0.7559521385198316,0.176339410488308,0.6226479840558687
lonestar,Web,270,175,0.7588651419192685,0.176339410488308,0.6250473101530984
lonestar,Web,270,176,0.762089172115739,0.176339410488308,0.6277028167653269
lonestar,Web,270,177,0.7648656173044193,0.176339410488308,0.6299896652461822
lonestar,Web,270,178,0.7673368824151778,0.176339410488308,0.6320251489241492
lonestar,Web,270,179,0.7706168296380526,0.176339410488308,0.6347267121873095
lonestar,Web,270,180,0.7737470946317377,0.176339410488308,0.637304988097336
lonestar,Web,270,181,0.7782888685668589,0.176339410488308,0.6410458682941668
lonestar,Web,270,182,0.7805424879755873,0.176339410488308,0.642902085784895
lonestar,Web,270,183,0.7835454760091031,0.176339410488308,0.6453755286788772
lonestar,Web,270,184,0.7874828948260859,0.176339410488308,0.6486186253828277
lonestar,Web,270,185,0.7917322815020333,0.176339410488308,0.6521186777174016
lonestar,Web,270,186,0.7950621541484526,0.176339410488308,0.6548613625843501
lonestar,Web,270,187,0.8009543852462062,0.176339410488308,0.6597145611238651
lonestar,Web,270,188,0.8052098330335643,0.176339410488308,0.6632196057570366
lonestar,Web,270,189,0.8081717339068628,0.176339410488308,0.6656592067764129
lonestar,Web,270,190,0.8103668758637568,0.176339410488308,0.66746725869469
lonestar,Web,270,191,0.8140157782248032,0.176339410488308,0.6704727157644601
lonestar,Web,270,192,0.8169249984101395,0.176339410488308,0.6728689257773336
lonestar,Web,270,193,0.8189541112311011,0.176339410488308,0.6745402260396325
lonestar,Web,270,194,0.821470529856696,0.176339410488308,0.6766129008882482
lonestar,Web,270,195,0.82645191374778,0.176339410488308,0.6807158704805625
lonestar,Web,270,196,0.8280713067665578,0.176339410488308,0.6820497006890601
lonestar,Web,270,197,0.8307933311309416,0.176339410488308,0.6842917248816937
lonestar,Web,270,198,0.8340645941517573,0.176339410488308,0.6869861353098665
lonestar,Web,270,199,0.837996839309779,0.176339410488308,0.6902249706748271
lonestar,Web,270,200,0.8417382066632809,0.176339410488308,0.6933065875147923
lonestar,Web,270,201,0.8435142255984195,0.176339410488308,0.6947694243178926
lonestar,Web,270,202,0.8460793219349706,0.176339410488308,0.6968821930786105
lonestar,Web,270,203,0.8511609313069518,0.176339410488308,0.7010677144496047
lonestar,Web,270,204,0.8540415264302986,0.176339410488308,0.7034403471270451
lonestar,Web,270,205,0.85666121053348,0.176339410488308,0.7055980776798058
lonestar,Web,270,206,0.8590452476883571,0.176339410488308,0.7075617151282096
lonestar,Web,270,207,0.8605625459115037,0.176339410488308,0.7088114538771516
lonestar,Web,270,208,0.862295136322516,0.176339410488308,0.7102385203164683
lonestar,Web,270,209,0.8655188545503966,0.176339410488308,0.712893769972464
lonestar,Web,270,210,0.866775827094355,0.176339410488308,0.7139290887190208
lonestar,Web,270,211,0.8683535476119382,0.176339410488308,0.7152285949306181
lonestar,Web,270,212,0.8691534821443823,0.176339410488308,0.7158874694791817
lonestar,Web,270,213,0.8724003874277529,0.176339410488308,0.7185618173989714
lonestar,Web,270,214,0.8736591537585776,0.176339410488308,0.719598613617076
lonestar,Web,270,215,0.8749537958267238,0.176339410488308,0.7206649592661319
lonestar,Web,270,216,0.8773548833978125,0.176339410488308,0.722642640470404
lonestar,Web,270,217,0.8790175350030137,0.176339410488308,0.7240121010716966
lonestar,Web,270,218,0.8801272282042819,0.176339410488308,0.7249261116280303
lonestar,Web,270,219,0.8823146852006019,0.176339410488308,0.7267278337471507
lonestar,Web,270,220,0.8832071791353364,0.176339410488308,0.7274629458275698
lonestar,Web,270,221,0.884911371067963,0.176339410488308,0.728866621559438
lonestar,Web,270,222,0.8869405405348252,0.176339410488308,0.7305379684787329
lonestar,Web,270,223,0.8890772239218511,0.176339410488308,0.7322978703768904
lonestar,Web,270,224,0.8904604979431499,0.176339410488308,0.7334372186727296
lonestar,Web,270,225,0.8920908047388603,0.176339410488308,0.7347800381291694
lonestar,Web,270,226,0.893719487685408,0.176339410488308,0.7361215200850505
lonestar,Web,270,227,0.8950536685924764,0.176339410488308,0.7372204323174817
lonestar,Web,270,228,0.8963917769486833,0.176339410488308,0.7383225794349856
lonestar,Web,270,229,0.8968956233564195,0.176339410488308,0.7387375778642049
lonestar,Web,270,230,0.9008107614523287,0.176339410488308,0.7419623228163013
lonestar,Web,270,231,0.9024207323695677,0.176339410488308,0.7432883924110909
lonestar,Web,270,232,0.9073368224187259,0.176339410488308,0.7473375820390732
lonestar,Web,270,233,0.9089713965389812,0.176339410488308,0.7486839163225631
lonestar,Web,270,234,0.9108739624170312,0.176339410488308,0.7502509848552626
lonestar,Web,270,235,0.9119118474977546,0.176339410488308,0.7511058498926967
lonestar,Web,270,236,0.9134914184481052,0.176339410488308,0.7524068802328381
lonestar,Web,270,237,0.914938985567078,0.176339410488308,0.7535991842194089
lonestar,Web,270,238,0.9186484423963306,0.176339410488308,0.7566545176181593
lonestar,Web,270,239,0.920313171017903,0.176339410488308,0.7580256889759805
lonestar,Web,270,240,0.9230465623264277,0.176339410488308,0.7602770756725261
lonestar,Web,270,241,0.9253020888138248,0.176339410488308,0.7621348639487949
lonestar,Web,270,242,0.9260681490974498,0.176339410488308,0.762765837613607
lonestar,Web,270,243,0.92787454911751,0.176339410488308,0.7642536981190237
lonestar,Web,270,244,0.9310534415557055,0.176339410488308,0.766872026538662
lonestar,Web,270,245,0.9340489712122517,0.176339410488308,0.7693393262614726
lonestar,Web,270,246,0.9385798691343742,0.176339410488308,0.7730712483150254
lonestar,Web,270,247,0.9468471118067739,0.176339410488308,0.7798806502882103
lonestar,Web,270,248,0.9491595863066774,0.176339410488308,0.7817853443980316
lonestar,Web,270,249,0.9504786427581695,0.176339410488308,0.7828717992124667
lonestar,Web,270,250,0.9532700772332878,0.176339410488308,0.785170993777826
lonestar,Web,270,251,0.9548758374718833,0.176339410488308,0.786493595202562
lonestar,Web,270,252,0.9569481144694331,0.176339410488308,0.7882004480959953
lonestar,Web,270,253,0.9594867949341349,0.176339410488308,0.7902914591441335
lonestar,Web,270,254,0.9628072454790157,0.176339410488308,0.7930263833973744
lonestar,Web,270,255,0.9661728994529221,0.176339410488308,0.7957985399336145
lonestar,Web,270,256,0.968653026937921,0.176339410488308,0.7978413231999728
lonestar,Web,270,257,0.9709992435128739,0.176339410488308,0.7997738093272206
lonestar,Web,270,258,0.9723787600227372,0.176339410488308,0.8009100627089757
lonestar,Web,270,259,0.9739566882419575,0.176339410488308,0.8022097399962259
lonestar,Web,270,260,0.9768561842142828,0.176339410488308,0.8045979405580781
lonestar,Web,270,261,0.9788680955632968,0.176339410488308,0.8062550726458523
lonestar,Web,270,262,0.9805814641318913,0.176339410488308,0.8076663068111116
lonestar,Web,270,263,0.9838128295564117,0.176339410488308,0.8103278551615998
lonestar,Web,270,264,0.9854698732174103,0.176339410488308,0.8116926967202646
lonestar,Web,270,265,0.9891639978894494,0.176339410488308,0.814735401625366
lonestar,Web,270,266,0.9905398135337783,0.176339410488308,0.8158686067500333
lonestar,Web,270,267,0.9922403046008709,0.176339410488308,0.8172692342248141
lonestar,Web,270,268,0.9949376879983045,0.176339410488308,0.8194909626240834
lonestar,Web,270,269,0.9983259248047566,0.176339410488308,0.8222817197494908
lonestar,Web,270,270,1.0,0.176339410488308,0.823660589511692
lonestar,Web,365,1,0.040651002555210765,0.21366916921305681,0.03196513661156103
lonestar,Web,365,2,0.05621704837773422,0.21366916921305681,0.04420519835525352
lonestar,Web,365,3,0.0675332512230496,0.21366916921305681,0.05310347753996394
lonestar,Web,365,4,0.07759041577468685,0.21366916921305681,0.06101173609721386
lonestar,Web,365,5,0.08858826085995841,0.21366916921305681,0.06965968075998154
lonestar,Web,365,6,0.10417771727573094,0.21366916921305681,0.0819181509749128
lonestar,Web,365,7,0.11405985959908226,0.21366916921305681,0.08968878415798845
lonestar,Web,365,8,0.12241884596271702,0.21366916921305681,0.0962617128498421
lonestar,Web,365,9,0.12977123657241832,0.21366916921305681,0.10204312426623864
lonestar,Web,365,10,0.13537395170150088,0.21366916921305681,0.10644871190835271
lonestar,Web,365,11,0.13950785812789424,0.21366916921305681,0.10969932998301408
lonestar,Web,365,12,0.1438072372303165,0.21366916921305681,0.1130800643244898
lonestar,Web,365,13,0.14848491394115523,0.21366916921305681,0.11675826573867636
lonestar,Web,365,14,0.15396996904196764,0.21366916921305681,0.12107133367301035
lonestar,Web,365,15,0.16038928129159855,0.21366916921305681,0.1261190368073434
lonestar,Web,365,16,0.16673842194059146,0.21366916921305681,0.13111156184864917
lonestar,Web,365,17,0.1725897273468643,0.21366916921305681,0.13571262368995182
lonestar,Web,365,18,0.17742777491983008,0.21366916921305681,0.13951692965738877
lonestar,Web,365,19,0.18121820919601372,0.21366916921305681,0.14249746499082355
lonestar,Web,365,20,0.1849941273737793,0.21366916921305681,0.14546658586852945
lonestar,Web,365,21,0.1910406052790993,0.21366916921305681,0.15022111786315465
lonestar,Web,365,22,0.19579970326491966,0.21366916921305681,0.15396334333614123
lonestar,Web,365,23,0.20033261296696075,0.21366916921305681,0.1575277099880294
lonestar,Web,365,24,0.2051619383309346,0.21366916921305681,0.1613251574136234
lonestar,Web,365,25,0.20965289636910378,0.21366916921305681,0.16485653617880627
lonestar,Web,365,26,0.21360562927111595,0.21366916921305681,0.1679646919255244
lonestar,Web,365,27,0.21622549220361487,0.21366916921305681,0.1700247709217842
lonestar,Web,365,28,0.22070200037916562,0.21366916921305681,0.17354478731448955
lonestar,Web,365,29,0.22556157110093847,0.21366916921305681,0.1773660175974091
lonestar,Web,365,30,0.22911705305121416,0.21366916921305681,0.18016180267321738
lonestar,Web,365,31,0.23363255888601123,0.21366916921305681,0.18371248412771665
lonestar,Web,365,32,0.23699719397421432,0.21366916921305681,0.18635820043191828
lonestar,Web,365,33,0.24184789930265674,0.21366916921305681,0.19017245958273507
lonestar,Web,365,34,0.24532407289832714,0.21366916921305681,0.1929058820541782
lonestar,Web,365,35,0.2507347925207429,0.21366916921305681,0.19716049771002758
lonestar,Web,365,36,0.2575371438725788,0.21366916921305681,0.20250939629982143
lonestar,Web,365,37,0.26110574975528106,0.21366916921305681,0.20531550112831784
lonestar,Web,365,38,0.2651589575809992,0.21366916921305681,0.20850266340526696
lonestar,Web,365,39,0.2678943448167812,0.21366916921305681,0.2106535827229034
lonestar,Web,365,40,0.2704419664600651,0.21366916921305681,0.21265685616619762
lonestar,Web,365,41,0.273565379039782,0.21366916921305681,0.21511289177489681
lonestar,Web,365,42,0.2776730892783916,0.21366916921305681,0.21834291097945474
lonestar,Web,365,43,0.2810526250521894,0.21366916921305681,0.22100034415213934
lonestar,Web,365,44,0.2842225198590937,0.21366916921305681,0.2234929301691596
lonestar,Web,365,45,0.2885956356088851,0.21366916921305681,0.22693164590982057
lonestar,Web,365,46,0.2916474410696171,0.21366916921305681,0.22933137463315809
lonestar,Web,365,47,0.29613927723127914,0.21366916921305681,0.2328634438939166
lonestar,Web,365,48,0.2987289542229707,0.21366916921305681,0.23489978675426326
lonestar,Web,365,49,0.3021741961805291,0.21366916921305681,0.2376088867250122
lonestar,Web,365,50,0.3049413392073873,0.21366916921305681,0.23978477660022793
lonestar,Web,365,51,0.3070873581753299,0.21366916921305681,0.24147225747817475
lonestar,Web,365,52,0.3113616650488685,0.21366916921305681,0.2448332767530827
lonestar,Web,365,53,0.3148856630636966,0.21366916921305681,0.24760430503977401
lonestar,Web,365,54,0.31979340448671506,0.21366916921305681,0.2514634134302236
lonestar,Web,365,55,0.322720654532589,0.21366916921305681,0.2537652003907168
lonestar,Web,365,56,0.32568958317122965,0.21366916921305681,0.25609976051368627
lonestar,Web,365,57,0.33018540823323894,0.21366916921305681,0.2596349663697688
lonestar,Web,365,58,0.33407151551335856,0.21366916921305681,0.2626907323358724
lonestar,Web,365,59,0.335604868586522,0.21366916921305681,0.2638964551317827
lonestar,Web,365,60,0.3380121675913793,0.21366916921305681,0.26578938855822476
lonestar,Web,365,61,0.3397916406293408,0.21366916921305681,0.26718864307052803
lonestar,Web,365,62,0.3404222795535042,0.21366916921305681,0.267684533899692
lonestar,Web,365,63,0.3414345902682755,0.21366916921305681,0.26848054502505264
lonestar,Web,365,64,0.34321241706411393,0.21366916921305681,0.2698785050464195
lonestar,Web,365,65,0.3447609574160417,0.21366916921305681,0.271096170067858
lonestar,Web,365,66,0.3465341221081623,0.21366916921305681,0.2724904641333353
lonestar,Web,365,67,0.34933199155923583,0.21366916921305681,0.27469051514323134
lonestar,Web,365,68,0.3500738867645928,0.21366916921305681,0.2752738902164165
lonestar,Web,365,69,0.35091557527832673,0.21366916921305681,0.2759357358446848
lonestar,Web,365,70,0.3551115225994057,0.21366916921305681,0.27923513858760707
lonestar,Web,365,71,0.35756395108036904,0.21366916921305681,0.2811635587124885
lonestar,Web,365,72,0.36024874258888306,0.21366916921305681,0.2832746930498681
lonestar,Web,365,73,0.3622646065500818,0.21366916921305681,0.2848598290332309
lonestar,Web,365,74,0.36337976016929424,0.21366916921305681,0.28573670870508133
lonestar,Web,365,75,0.36572425858777996,0.21366916921305681,0.28758026009426785
lonestar,Web,365,76,0.3677998528010957,0.21366916921305681,0.289212363816401
lonestar,Web,365,77,0.3717375087811838,0.21366916921305681,0.29230866411457684
lonestar,Web,365,78,0.3742882057724921,0.21366916921305681,0.2943143557988381
lonestar,Web,365,79,0.37759641028175167,0.21366916921305681,0.29691569899901726
lonestar,Web,365,80,0.38288898425126344,0.21366916921305681,0.3010774130854648
lonestar,Web,365,81,0.385685558298699,0.21366916921305681,0.303276445479542
lonestar,Web,365,82,0.3876461517046802,0.21366916921305681,0.3048181205213026
lonestar,Web,365,83,0.39878544903118446,0.21366916921305681,0.31357729344243546
lonestar,Web,365,84,0.4195110301415781,0.21366916921305681,0.3298744568555135
lonestar,Web,365,85,0.4222641474450979,0.21366916921305681,0.3320393178720441
lonestar,Web,365,86,0.4250053362401188,0.21366916921305681,0.3341947991345768
lonestar,Web,365,87,0.4286807809338327,0.21366916921305681,0.3370849146140963
lonestar,Web,365,88,0.4315137882085846,0.21366916921305681,0.3393125955780774
lonestar,Web,365,89,0.43471003475968,0.21366916921305681,0.34182590278400016
lonestar,Web,365,90,0.439796187508869,0.21366916921305681,0.3458253015007792
lonestar,Web,365,91,0.4408784401044634,0.21366916921305681,0.3466763100833943
lonestar,Web,365,92,0.4419074271562024,0.21366916921305681,0.34748543432665724
lonestar,Web,365,93,0.44312166680192366,0.21366916921305681,0.34844022839605165
lonestar,Web,365,94,0.4447623236450933,0.21366916921305681,0.34973032745457755
lonestar,Web,365,95,0.44591495704176204,0.21366916921305681,0.35063667863097286
lonestar,Web,365,96,0.44796131489651897,0.21366916921305681,0.35224579290299124
lonestar,Web,365,97,0.44876515713877985,0.21366916921305681,0.3528778788411699
lonestar,Web,365,98,0.44923393947862256,0.21366916921305681,0.35324649684791665
lonestar,Web,365,99,0.4522542075307718,0.21366916921305681,0.35562142673456243
lonestar,Web,365,100,0.4545521531589488,0.21366916921305681,0.35742837222947005
lonestar,Web,365,101,0.4593629829782391,0.21366916921305681,0.3612112760380472
lonestar,Web,365,102,0.46164130788378654,0.21366916921305681,0.3630027931538289
lonestar,Web,365,103,0.4643068844647173,0.21366916921305681,0.3650988182012384
lonestar,Web,365,104,0.465254058851561,0.21366916921305681,0.3658436106237453
lonestar,Web,365,105,0.4656096397087693,0.21366916921305681,0.36612321481460586
lonestar,Web,365,106,0.4666583125601616,0.21366916921305681,0.3669478186090649
lonestar,Web,365,107,0.46796416980900757,0.21366916921305681,0.3679746544244391
lonestar,Web,365,108,0.469011758043339,0.21366916921305681,0.36879840535106356
lonestar,Web,365,109,0.47145499897297916,0.21366916921305681,0.37071960102108015
lonestar,Web,365,110,0.4739459738994644,0.21366916921305681,0.37267833140449275
lonestar,Web,365,111,0.4783770467472614,0.21366916921305681,0.3761626205981784
lonestar,Web,365,112,0.4808059490393578,0.21366916921305681,0.3780725413554229
lonestar,Web,365,113,0.48535983307694763,0.21366916921305681,0.38165340077400833
lonestar,Web,365,114,0.4877619127891309,0.21366916921305681,0.38354223010970584
lonestar,Web,365,115,0.48855568978506786,0.21366916921305681,0.3841664014343805
lonestar,Web,365,116,0.49039702247682426,0.21366916921305681,0.3856142980996445
lonestar,Web,365,117,0.49317878323730646,0.21366916921305681,0.387801682349485
lonestar,Web,365,118,0.49504059349917057,0.21366916921305681,0.38926568115946425
lonestar,Web,365,119,0.5023353916187333,0.21366916921305681,0.395001805825243
lonestar,Web,365,120,0.5074849473461073,0.21366916921305681,0.39905106025853265
lonestar,Web,365,121,0.5097311053197833,0.21366916921305681,0.40081728352405205
lonestar,Web,365,122,0.5110226010456188,0.21366916921305681,0.40183282643110607
lonestar,Web,365,123,0.5120442186723291,0.21366916921305681,0.40263615586826373
lonestar,Web,365,124,0.5148260778821623,0.21366916921305681,0.4048236175318642
lonestar,Web,365,125,0.5166002499092228,0.21366916921305681,0.40621870369586166
lonestar,Web,365,126,0.5185007854200795,0.21366916921305681,0.4077131533630537
lonestar,Web,365,127,0.5200931438118486,0.21366916921305681,0.408965273860164
lonestar,Web,365,128,0.5209036511871871,0.21366916921305681,0.4096026007979729
lonestar,Web,365,129,0.5228489852983945,0.21366916921305681,0.4111322769857968
lonestar,Web,365,130,0.5244666435493484,0.21366916921305681,0.4124042915421987
lonestar,Web,365,131,0.5250386066235548,0.21366916921305681,0.41285404374151896
lonestar,Web,365,132,0.5264238903243129,0.21366916921305681,0.4139433350248117
lonestar,Web,365,133,0.5270346956669917,0.21366916921305681,0.4144236300973693
lonestar,Web,365,134,0.5280643262092263,0.21366916921305681,0.41523326033704827
lonestar,Web,365,135,0.5288284052386836,0.21366916921305681,0.4158340792350683
lonestar,Web,365,136,0.5308767237460201,0.21366916921305681,0.41744473522865855
lonestar,Web,365,137,0.5333420242883244,0.21366916921305681,0.4193832770522282
lonestar,Web,365,138,0.5350021529317286,0.21366916921305681,0.4206886873876094
lonestar,Web,365,139,0.5373102024320912,0.21366916921305681,0.4225035778687269
lonestar,Web,365,140,0.538919964177916,0.21366916921305681,0.42376938315969037
lonestar,Web,365,141,0.5411951277416848,0.21366916921305681,0.42555841441496484
lonestar,Web,365,142,0.5421434456229964,0.21366916921305681,0.42630410600242674
lonestar,Web,365,143,0.5436149506230005,0.21366916921305681,0.4274611957515871
lonestar,Web,365,144,0.5446658260623262,0.21366916921305681,0.42828753150884563
lonestar,Web,365,145,0.5462443316170877,0.21366916921305681,0.4295287590931231
lonestar,Web,365,146,0.5479750049598751,0.21366916921305681,0.4308896409005779
lonestar,Web,365,147,0.5485352881911145,0.21366916921305681,0.4313302088792744
lonestar,Web,365,148,0.5514486523438573,0.21366916921305681,0.4336210769338855
lonestar,Web,365,149,0.5534370388994903,0.21366916921305681,0.435184606586102
lonestar,Web,365,150,0.5546548662470095,0.21366916921305681,0.4361422217760319
lonestar,Web,365,151,0.5560084695034044,0.21366916921305681,0.4372066017491888
lonestar,Web,365,152,0.5578685095100102,0.21366916921305681,0.43866920855288005
lonestar,Web,365,153,0.5591182802597261,0.21366916921305681,0.4396519418247974
lonestar,Web,365,154,0.560400223766152,0.21366916921305681,0.44065997352722713
lonestar,Web,365,155,0.5624085006141588,0.21366916921305681,0.44223914352957056
lonestar,Web,365,156,0.5651237379609967,0.21366916921305681,0.44437421836829333
lonestar,Web,365,157,0.5660893654469568,0.21366916921305681,0.445133521031559
lonestar,Web,365,158,0.5682606558710137,0.21366916921305681,0.44684087363458747
lonestar,Web,365,159,0.5688188853232711,0.21366916921305681,0.4472798266635507
lonestar,Web,365,160,0.5702464463836854,0.21366916921305681,0.4484023619381854
lonestar,Web,365,161,0.5710318372433442,0.21366916921305681,0.44901993898535336
lonestar,Web,365,162,0.5716565867117797,0.21366916921305681,0.44951119875390194
lonestar,Web,365,163,0.573178096175429,0.21366916921305681,0.45070760855450354
lonestar,Web,365,164,0.5754829208370141,0.21366916921305681,0.452519963245466
lonestar,Web,365,165,0.5763991525160126,0.21366916921305681,0.45324042446280616
lonestar,Web,365,166,0.5801393713899913,0.21366916921305681,0.45618147387730684
lonestar,Web,365,167,0.5814336700257222,0.21366916921305681,0.4571992207988276
lonestar,Web,365,168,0.586318048004118,0.21366916921305681,0.461039957792457
lonestar,Web,365,169,0.5880965935778282,0.21366916921305681,0.4624384830110249
lonestar,Web,365,170,0.5928354528432698,0.21366916921305681,0.46616479415420203
lonestar,Web,365,171,0.5938676991864421,0.21366916921305681,0.4669764812788055
lonestar,Web,365,172,0.5953251102392574,0.21366916921305681,0.46812248852276384
lonestar,Web,365,173,0.5970493920850602,0.21366916921305681,0.4694783444990848
lonestar,Web,365,174,0.600644092246085,0.21366916921305681,0.4723049680631333
lonestar,Web,365,175,0.6029586280393039,0.21366916921305681,0.4741249589163013
lonestar,Web,365,176,0.6055202911288808,0.21366916921305681,0.4761392735817246
lonestar,Web,365,177,0.6077263241765433,0.21366916921305681,0.47787394538083644
lonestar,Web,365,178,0.6096898754564661,0.21366916921305681,0.47941794629007095
lonestar,Web,365,179,0.6122959675910239,0.21366916921305681,0.48146719688334505
lonestar,Web,365,180,0.6147831292508918,0.21366916921305681,0.4834229287776505
lonestar,Web,365,181,0.6183918096731593,0.21366916921305681,0.48626054545213665
lonestar,Web,365,182,0.6201824298924159,0.21366916921305681,0.48766856533676856
lonestar,Web,365,183,0.6225684632528726,0.21366916921305681,0.4895447769313819
lonestar,Web,365,184,0.6256969514608033,0.21366916921305681,0.4920048036630311
lonestar,Web,365,185,0.6290733146887382,0.21366916921305681,0.4946597421650917
lonestar,Web,365,186,0.6317190752218319,0.21366916921305681,0.49674018524314256
lonestar,Web,365,187,0.6364007655282369,0.21366916921305681,0.5004215426712652
lonestar,Web,365,188,0.639781944630849,0.21366916921305681,0.5030802680440616
lonestar,Web,365,189,0.6421353320620279,0.21366916921305681,0.504930809137984
lonestar,Web,365,190,0.6438794888424181,0.21366916921305681,0.5063022933881309
lonestar,Web,365,191,0.6467787354146107,0.21366916921305681,0.5085820603538994
lonestar,Web,365,192,0.6490902652434525,0.21366916921305681,0.5103996875246013
lonestar,Web,365,193,0.6507025030642195,0.21366916921305681,0.5116674398296311
lonestar,Web,365,194,0.6527019312079656,0.21366916921305681,0.5132396518230018
lonestar,Web,365,195,0.6566599050702366,0.21366916921305681,0.5163519286983544
lonestar,Web,365,196,0.6579465987644406,0.21366916921305681,0.5173636956198862
lonestar,Web,365,197,0.6601093915790999,0.21366916921305681,0.5190643662906572
lonestar,Web,365,198,0.6627085836542533,0.21366916921305681,0.5211081911544875
lonestar,Web,365,199,0.6658329611155747,0.21366916921305681,0.5235649854793403
lonestar,Web,365,200,0.6688056760313673,0.21366916921305681,0.5259025228687683
lonestar,Web,365,201,0.6702168173282184,0.21366916921305681,0.5270121467770789
lonestar,Web,365,202,0.6722549224966331,0.21366916921305681,0.5286147717073896
lonestar,Web,365,203,0.6762925308224185,0.21366916921305681,0.5317896676165967
lonestar,Web,365,204,0.6785813165203847,0.21366916921305681,0.5335894103759717
lonestar,Web,365,205,0.6806627945663464,0.21366916921305681,0.5352261407371176
lonestar,Web,365,206,0.6825570386061555,0.21366916921305681,0.5367156432266539
lonestar,Web,365,207,0.6837626125670849,0.21366916921305681,0.5376636232009266
lonestar,Web,365,208,0.6851392475967767,0.21366916921305681,0.5387461137675146
lonestar,Web,365,209,0.6877006628107528,0.21366916921305681,0.5407602335207108
lonestar,Web,365,210,0.6886993942041482,0.21366916921305681,0.5415455668070124
lonestar,Web,365,211,0.6899529768846038,0.21366916921305681,0.5425312975175951
lonestar,Web,365,212,0.6905885673229574,0.21366916921305681,0.5430310818750259
lonestar,Web,365,213,0.6931684058830516,0.21366916921305681,0.545059688473281
lonestar,Web,365,214,0.694168562535308,0.21366916921305681,0.5458461424845669
lonestar,Web,365,215,0.695197224364783,0.21366916921305681,0.5466550109955368
lonestar,Web,365,216,0.6971050158651335,0.21366916921305681,0.5481551662709757
lonestar,Web,365,217,0.6984260808019732,0.21366916921305681,0.5491939603602843
lonestar,Web,365,218,0.6993077909415232,0.21366916921305681,0.5498872762268299
lonestar,Web,365,219,0.7010458416128984,0.21366916921305681,0.5512539590552022
lonestar,Web,365,220,0.7017549754084763,0.21366916921305681,0.551811572821818
lonestar,Web,365,221,0.7031090463399904,0.21366916921305681,0.55287632054234
lonestar,Web,365,222,0.7047213291689316,0.21366916921305681,0.5541441082386849
lonestar,Web,365,223,0.7064190375131798,0.21366916921305681,0.5554790686514515
lonestar,Web,365,224,0.7075181221331102,0.21366916921305681,0.5563433127737465
lonestar,Web,365,225,0.7088134874022786,0.21366916921305681,0.5573618984220242
lonestar,Web,365,226,0.7101075624371097,0.21366916921305681,0.5583794695192636
lonestar,Web,365,227,0.7111676399724247,0.21366916921305681,0.5592130411683065
lonestar,Web,365,228,0.7122308380745089,0.21366916921305681,0.5600490666152095
lonestar,Web,365,229,0.7126311707844589,0.21366916921305681,0.5603638605676156
lonestar,Web,365,230,0.7157419557770643,0.21366916921305681,0.5628099667152505
lonestar,Web,365,231,0.7170211631115672,0.21366916921305681,0.5638158468813389
lonestar,Web,365,232,0.7209272575513002,0.21366916921305681,0.5668873293672665
lonestar,Web,365,233,0.7222260134362852,0.21366916921305681,0.5679085811612962
lonestar,Web,365,234,0.7237377029950942,0.21366916921305681,0.5690972692679664
lonestar,Web,365,235,0.7245623577720322,0.21366916921305681,0.5697457207438285
lonestar,Web,365,236,0.7258174107195234,0.21366916921305681,0.5707326075707109
lonestar,Web,365,237,0.7269675796175745,0.21366916921305681,0.5716370208358607
lonestar,Web,365,238,0.7299149399283675,0.21366916921305681,0.573954621117675
lonestar,Web,365,239,0.731237655164941,0.21366916921305681,0.5749947128885443
lonestar,Web,365,240,0.7334094796199611,0.21366916921305681,0.5767024854165836
lonestar,Web,365,241,0.7352016151144282,0.21366916921305681,0.5781116968088308
lonestar,Web,365,242,0.7358102906643971,0.21366916921305681,0.5785903171597175
lonestar,Web,365,243,0.7372455713455349,0.21366916921305681,0.5797189226101291
lonestar,Web,365,244,0.7397713700907127,0.21366916921305681,0.5817050360358254
lonestar,Web,365,245,0.7421514773748529,0.21366916921305681,0.5835765877739254
lonestar,Web,365,246,0.7457515162276057,0.21366916921305681,0.5864074093158758
lonestar,Web,365,247,0.7523202792713408,0.21366916921305681,0.5915726302172986
lonestar,Web,365,248,0.754157662983961,0.21366916921305681,0.5930174216785176
lonestar,Web,365,249,0.7552057233366696,0.21366916921305681,0.5938415438463778
lonestar,Web,365,250,0.7574236661678847,0.21366916921305681,0.5955855806754851
lonestar,Web,365,251,0.7586995278947456,0.21366916921305681,0.5965888300871369
lonestar,Web,365,252,0.7603460619445239,0.21366916921305681,0.5978835505744181
lonestar,Web,365,253,0.7623631783008707,0.21366916921305681,0.5994696713546982
lonestar,Web,365,254,0.7650014524742637,0.21366916921305681,0.601544227677306
lonestar,Web,365,255,0.7676756431709519,0.21366916921305681,0.6036470262695156
lonestar,Web,365,256,0.7696462360775327,0.21366916921305681,0.60519656422689
lonestar,Web,365,257,0.7715104296594633,0.21366916921305681,0.6066624371149173
lonestar,Web,365,258,0.7726065287371479,0.21366916921305681,0.6075243336132978
lonestar,Web,365,259,0.7738602764475767,0.21366916921305681,0.6085101940920365
lonestar,Web,365,260,0.7761640798731196,0.21366916921305681,0.6103217457536135
lonestar,Web,365,261,0.7777626502115466,0.21366916921305681,0.6115787508959001
lonestar,Web,365,262,0.7791240124673389,0.21366916921305681,0.6126492320094993
lonestar,Web,365,263,0.7816915037848802,0.21366916921305681,0.6146681295902597
lonestar,Web,365,264,0.7830081129124388,0.21366916921305681,0.6157034199393546
lonestar,Web,365,265,0.7859432910106519,0.21366916921305681,0.6180114409718301
lonestar,Web,365,266,0.7870364495542654,0.21366916921305681,0.6188710252376116
lonestar,Web,365,267,0.7883875799517087,0.21366916921305681,0.6199334607255347
lonestar,Web,365,268,0.7905307942104361,0.21366916921305681,0.6216187361741543
lonestar,Web,365,269,0.7932229281660474,0.21366916921305681,0.6237356441040599
lonestar,Web,365,270,0.7945530697514228,0.21366916921305681,0.6247815754419523
lonestar,Web,365,271,0.7974862484406136,0.21366916921305681,0.6270880242774702
lonestar,Web,365,272,0.8002023501611177,0.21366916921305681,0.6292237787998561
lonestar,Web,365,273,0.803013779206535,0.21366916921305681,0.6314344921368377
lonestar,Web,365,274,0.8050341106634558,0.21366916921305681,0.6330231410498232
lonestar,Web,365,275,0.8066356149619165,0.21366916921305681,0.6342824532553406
lonestar,Web,365,276,0.809218098609848,0.21366916921305681,0.6363131397677123
lonestar,Web,365,277,0.8144946762957426,0.21366916921305681,0.6404622754831737
lonestar,Web,365,278,0.8166459272641624,0.21366916921305681,0.6421538704444024
lonestar,Web,365,279,0.8192386025650804,0.21366916921305681,0.6441925709677341
lonestar,Web,365,280,0.8221251328271699,0.21366916921305681,0.6464623387068146
lonestar,Web,365,281,0.8242228841673168,0.21366916921305681,0.6481118652608967
lonestar,Web,365,282,0.8259854244428495,0.21366916921305681,0.6494978050200517
lonestar,Web,365,283,0.8273039990225433,0.21366916921305681,0.6505346408647569
lonestar,Web,365,284,0.8298117482485116,0.21366916921305681,0.6525065613970179
lonestar,Web,365,285,0.8315911872802815,0.21366916921305681,0.6539057891692042
lonestar,Web,365,286,0.8341420348845601,0.21366916921305681,0.6559115992850875
lonestar,Web,365,287,0.8362070235973044,0.21366916921305681,0.6575353635751454
lonestar,Web,365,288,0.8378671626499647,0.21366916921305681,0.6588407820956457
lonestar,Web,365,289,0.8401127846570918,0.21366916921305681,0.6606065839141433
lonestar,Web,365,290,0.8418817831394656,0.21366916921305681,0.6619976019604491
lonestar,Web,365,291,0.8442583770573359,0.21366916921305681,0.6638663910303313
lonestar,Web,365,292,0.8460705656166972,0.21366916921305681,0.6652913707657565
lonestar,Web,365,293,0.8479614447409551,0.21366916921305681,0.6667782273184519
lonestar,Web,365,294,0.8494462559227022,0.21366916921305681,0.6679457801285568
lonestar,Web,365,295,0.8513854340502518,0.21366916921305681,0.6694706156766368
lonestar,Web,365,296,0.8526004546237016,0.21366916921305681,0.6704260238135807
lonestar,Web,365,297,0.8539660313253941,0.21366916921305681,0.6714998188759259
lonestar,Web,365,298,0.8561605771692898,0.21366916921305681,0.6732254579325565
lonestar,Web,365,299,0.8590689317165662,0.21366916921305681,0.6755123867799393
lonestar,Web,365,300,0.8623690230130794,0.21366916921305681,0.6781073503107993
lonestar,Web,365,301,0.8640306030449536,0.21366916921305681,0.6794139019176819
lonestar,Web,365,302,0.8655806381858516,0.21366916921305681,0.6806327423377733
lonestar,Web,365,303,0.8672500257051036,0.21366916921305681,0.681945433212692
lonestar,Web,365,304,0.8690597384001788,0.21366916921305681,0.6833684660996961
lonestar,Web,365,305,0.8711730261162149,0.21366916921305681,0.6850302093851387
lonestar,Web,365,306,0.8726026739936874,0.21366916921305681,0.6861543855883644
lonestar,Web,365,307,0.87513663594154,0.21366916921305681,0.6881469179920018
lonestar,Web,365,308,0.8791206159730264,0.21366916921305681,0.6912796443199991
lonestar,Web,365,309,0.880805644666656,0.21366916921305681,0.6926046343325607
lonestar,Web,365,310,0.8833169308416038,0.21366916921305681,0.6945793360768512
lonestar,Web,365,311,0.8850912216476363,0.21366916921305681,0.6959745156404163
lonestar,Web,365,312,0.8861699648868734,0.21366916921305681,0.6968227647079315
lonestar,Web,365,313,0.888296444112623,0.21366916921305681,0.6984948808841663
lonestar,Web,365,314,0.8902999292125509,0.21366916921305681,0.7000702829872618
lonestar,Web,365,315,0.8918657496257482,0.21366916921305681,0.7013015358536344
lonestar,Web,365,316,0.8934315307395122,0.21366916921305681,0.702532757817651
lonestar,Web,365,317,0.8959808063664663,0.21366916921305681,0.7045373318392987
lonestar,Web,365,318,0.8978609436456741,0.21366916921305681,0.7060157417480517
lonestar,Web,365,319,0.8993183500227331,0.21366916921305681,0.7071617453153187
lonestar,Web,365,320,0.9011250628610808,0.21366916921305681,0.7085824193224901
lonestar,Web,365,321,0.9023307301694504,0.21366916921305681,0.709530472698733
lonestar,Web,365,322,0.9053623408387694,0.21366916921305681,0.7119143216349613
lonestar,Web,365,323,0.9068287860854436,0.21366916921305681,0.713067432744082
lonestar,Web,365,324,0.9088896614575226,0.21366916921305681,0.7146879625875573
lonestar,Web,365,325,0.9105223302064388,0.21366916921305681,0.7159717803612925
lonestar,Web,365,326,0.9125388889177812,0.21366916921305681,0.717557462648113
lonestar,Web,365,327,0.915139384805888,0.21366916921305681,0.719602312740266
lonestar,Web,365,328,0.918368855021103,0.21366916921305681,0.7221417447375977
lonestar,Web,365,329,0.9197669585535995,0.21366916921305681,0.7232411166498318
lonestar,Web,365,330,0.9219879660157887,0.21366916921305681,0.724987563292759
lonestar,Web,365,331,0.9239362485120087,0.21366916921305681,0.7265195578866195
lonestar,Web,365,332,0.9257274642739005,0.21366916921305681,0.7279280460647864
lonestar,Web,365,333,0.9268836404961742,0.21366916921305681,0.7288371830741831
lonestar,Web,365,334,0.9290112594054842,0.21366916921305681,0.7305101954187389
lonestar,Web,365,335,0.9305929043904135,0.21366916921305681,0.7317538916337483
lonestar,Web,365,336,0.93339901491255,0.21366916921305681,0.7339604228518998
lonestar,Web,365,337,0.9363399486898742,0.21366916921305681,0.7362729697523126
lonestar,Web,365,338,0.9382109161013565,0.21366916921305681,0.7377441691113588
lonestar,Web,365,339,0.9402587440616428,0.21366916921305681,0.7393544393726794
lonestar,Web,365,340,0.9428827803101824,0.21366916921305681,0.7414177999760085
lonestar,Web,365,341,0.9451507636947488,0.21366916921305681,0.7432011852350057
lonestar,Web,365,342,0.9488281950481692,0.21366916921305681,0.7460928628863027
lonestar,Web,365,343,0.9506888267087432,0.21366916921305681,0.7475559349257503
lonestar,Web,365,344,0.9518880227104609,0.21366916921305681,0.7484988997140574
lonestar,Web,365,345,0.9540158643165586,0.21366916921305681,0.7501720871719633
lonestar,Web,365,346,0.9554507259188233,0.21366916921305681,0.7513003630877363
lonestar,Web,365,347,0.958724473495342,0.21366916921305681,0.753874611739367
lonestar,Web,365,348,0.9604015375038616,0.21366916921305681,0.755193338874469
lonestar,Web,365,349,0.9622084730389968,0.21366916921305681,0.7566141879949904
lonestar,Web,365,350,0.9640675851214909,0.21366916921305681,0.758076065143344
lonestar,Web,365,351,0.9656558586108048,0.21366916921305681,0.7593249735557132
lonestar,Web,365,352,0.9683404159863329,0.21366916921305681,0.7614359237871073
lonestar,Web,365,353,0.9703570270969192,0.21366916921305681,0.7630216472770688
lonestar,Web,365,354,0.9743590193685812,0.21366916921305681,0.7661685371848477
lonestar,Web,365,355,0.9778307181896728,0.21366916921305681,0.7688984410030788
lonestar,Web,365,356,0.9800593759415076,0.21366916921305681,0.7706509033046188
lonestar,Web,365,357,0.9822762831628425,0.21366916921305681,0.7723941258017487
lonestar,Web,365,358,0.9847678541221806,0.21366916921305681,0.7743533248641695
lonestar,Web,365,359,0.986676941983779,0.21366916921305681,0.7758544995084254
lonestar,Web,365,360,0.9889053770388264,0.21366916921305681,0.7776067866966156
lonestar,Web,365,361,0.9910148134104177,0.21366916921305681,0.7792655015511813
lonestar,Web,365,362,0.9933375540051167,0.21366916921305681,0.7810919440927134
lonestar,Web,365,363,0.9952478601491417,0.21366916921305681,0.782594076710002
lonestar,Web,365,364,0.997823675993256,0.21366916921305681,0.7846195201226587
lonestar,Web,365,365,1.0,0.21366916921305681,0.7863308307869432
lonestar,Affiliate,7,1,0.5512092414863873,0.3830162698564268,0.34008713390188083
lonestar,Affiliate,7,2,0.7054644976077129,0.3830162698564268,0.4352601172178686
lonestar,Affiliate,7,3,0.8137131570875511,0.3830162698564268,0.5020477789267807
lonestar,Affiliate,7,4,0.8787908933483891,0.3830162698564268,0.5421996833942921
lonestar,Affiliate,7,5,0.9240810295468053,0.3830162698564268,0.5701429605647014
lonestar,Affiliate,7,6,0.9598065520740687,0.3830162698564268,0.5921850267149007
lonestar,Affiliate,7,7,1.0,0.3830162698564268,0.6169837301435732
lonestar,Affiliate,30,1,0.3603434255163305,0.36078084664889876,0.23033841937418437
lonestar,Affiliate,30,2,0.4611851081498937,0.36078084664889876,0.29479835436971114
lonestar,Affiliate,30,3,0.5319507808358785,0.36078084664889876,0.3400331277503675
lonestar,Affiliate,30,4,0.5744942156045749,0.36078084664889876,0.3672277061038614
lonestar,Affiliate,30,5,0.6041018520364859,0.36078084664889876,0.38615347439659475
lonestar,Affiliate,30,6,0.6274567891400811,0.36078084664889876,0.4010823975185231
lonestar,Affiliate,30,7,0.6537325545279877,0.36078084664889876,0.4178783700234329
lonestar,Affiliate,30,8,0.6818931845902968,0.36078084664889876,0.43587918412969573
lonestar,Affiliate,30,9,0.7025812301717355,0.36078084664889876,0.44910337911075193
lonestar,Affiliate,30,10,0.7286741708928022,0.36078084664889876,0.4657824865869127
lonestar,Affiliate,30,11,0.7431980391542423,0.36078084664889876,0.47506642136037336
lonestar,Affiliate,30,12,0.7581233566747284,0.36078084664889876,0.48460697018931487
lonestar,Affiliate,30,13,0.7764780137881893,0.36078084664889876,0.49633961856943104
lonestar,Affiliate,30,14,0.7909824507209959,0.36078084664889876,0.5056111324654542
lonestar,Affiliate,30,15,0.8080759981033296,0.36078084664889876,0.5165376553509564
lonestar,Affiliate,30,16,0.8255305510493578,0.36078084664889876,0.5276949399072386
lonestar,Affiliate,30,17,0.8408844213032716,0.36078084664889876,0.5375094278516079
lonestar,Affiliate,30,18,0.8589259618020837,0.36078084664889876,0.5490419260944083
lonestar,Affiliate,30,19,0.8727391683732788,0.36078084664889876,0.5578715923039115
lonestar,Affiliate,30,20,0.886670572514001,0.36078084664889876,0.566776812663736
lonestar,Affiliate,30,21,0.8998542358252051,0.36078084664889876,0.5752040627635898
lonestar,Affiliate,30,22,0.9140894022230236,0.36078084664889876,0.5843034537762154
lonestar,Affiliate,30,23,0.9267765083320387,0.36078084664889876,0.5924132950016956
lonestar,Affiliate,30,24,0.94343410658115,0.36078084664889876,0.6030611508513554
lonestar,Affiliate,30,25,0.955991813080339,0.36078084664889876,0.6110882773677985
lonestar,Affiliate,30,26,0.9662924527067006,0.36078084664889876,0.6176726435087362
lonestar,Affiliate,30,27,0.9724742479821106,0.36078084664889876,0.6216241654508736
lonestar,Affiliate,30,28,0.9807206893851607,0.36078084664889876,0.6268954487426908
lonestar,Affiliate,30,29,0.9901032664888181,0.36078084664889876,0.632892971735142
lonestar,Affiliate,30,30,1.0,0.36078084664889876,0.6392191533511012
lonestar,Affiliate,60,1,0.302048625972289,0.4454738531909322,0.16749386070938674
lonestar,Affiliate,60,2,0.3865765777076566,0.4454738531909322,0.214366820082863
lonestar,Affiliate,60,3,0.44589408619328813,0.4454738531909322,0.24725992950171446
lonestar,Affiliate,60,4,0.48155502824492563,0.4454738531909322,0.26703485428919044
lonestar,Affiliate,60,5,0.506372869418888,0.4454738531909322,0.28079699612750725
lonestar,Affiliate,60,6,0.5259495458955078,0.4454738531909322,0.2916527751014149
lonestar,Affiliate,60,7,0.5479745317001337,0.4454738531909322,0.3038662056131785
lonestar,Affiliate,60,8,0.5715794569312419,0.4454738531909322,0.3169557538473011
lonestar,Affiliate,60,9,0.5889206800518575,0.4454738531909322,0.32657191548533243
lonestar,Affiliate,60,10,0.6107924177728428,0.4454738531909322,0.3387003659277689
lonestar,Affiliate,60,11,0.6229666774971172,0.4454738531909322,0.34545131126292367
lonestar,Affiliate,60,12,0.6354774417570819,0.4454738531909322,0.3523888571616385
lonestar,Affiliate,60,13,0.6508627618954178,0.4454738531909322,0.36092041945537384
lonestar,Affiliate,60,14,0.6630207338072917,0.4454738531909322,0.3676623327726781
lonestar,Affiliate,60,15,0.6773489610877756,0.4454738531909322,0.37560770943712946
lonestar,Affiliate,60,16,0.6919797920145618,0.4454738531909322,0.38372088773557517
lonestar,Affiliate,60,17,0.7048497796018371,0.4454738531909322,0.39085763236182747
lonestar,Affiliate,60,18,0.7199726377760391,0.4454738531909322,0.3992436526339077
lonestar,Affiliate,60,19,0.7315512035820408,0.4454738531909322,0.4056642701158851
lonestar,Affiliate,60,20,0.743228845466419,0.4454738531909322,0.41213982787384545
lonestar,Affiliate,60,21,0.7542797127958966,0.4454738531909322,0.4182678227529589
lonestar,Affiliate,60,22,0.7662119755943283,0.4454738531909322,0.42488457446528644
lonestar,Affiliate,60,23,0.776846616596316,0.4454738531909322,0.4307817609628164
lonestar,Affiliate,60,24,0.7908094207072361,0.4454738531909322,0.43852450092509476
lonestar,Affiliate,60,25,0.801335595808137,0.4454738531909322,0.4443615402444348
lonestar,Affiliate,60,26,0.8099698425446221,0.4454738531909322,0.44914945581781673
lonestar,Affiliate,60,27,0.815151573739812,0.4454738531909322,0.45202286125128566
lonestar,Affiliate,60,28,0.8220639415494458,0.4454738531909322,0.455855949938089
lonestar,Affiliate,60,29,0.8299286459440883,0.4454738531909322,0.46021713416184246
lonestar,Affiliate,60,30,0.8382243287482996,0.4454738531909322,0.46481730718241193
lonestar,Affiliate,60,31,0.8443921827587861,0.4454738531909322,0.4682375435009279
lonestar,Affiliate,60,32,0.8525361227020744,0.4454738531909322,0.472753571137524
lonestar,Affiliate,60,33,0.8654582143053768,0.4454738531909322,0.47991920880301714
lonestar,Affiliate,60,34,0.8723910549355252,0.4454738531909322,0.4837636502040946
lonestar,Affiliate,60,35,0.8780813285270498,0.4454738531909322,0.4869190556930922
lonestar,Affiliate,60,36,0.8837129427696747,0.4454738531909322,0.49004193303937005
lonestar,Affiliate,60,37,0.8887606975484541,0.4454738531909322,0.49284104504688364
lonestar,Affiliate,60,38,0.8925252389283077,0.4454738531909322,0.4949285816727571
lonestar,Affiliate,60,39,0.8974845549011504,0.4454738531909322,0.4976786520499863
lonestar,Affiliate,60,40,0.9023122254068688,0.4454738531909322,0.5003557215735861
lonestar,Affiliate,60,41,0.9106254782816349,0.4454738531909322,0.5049656376576795
lonestar,Affiliate,60,42,0.9170892676717946,0.4454738531909322,0.5085499778819901
lonestar,Affiliate,60,43,0.9258113414879013,0.4454738531909322,0.5133865958674201
lonestar,Affiliate,60,44,0.9301925918106365,0.4454738531909322,0.5158161137270924
lonestar,Affiliate,60,45,0.9336964910029989,0.4454738531909322,0.5177591174450404
lonestar,Affiliate,60,46,0.9389220948363275,0.4454738531909322,0.5206568514034868
lonestar,Affiliate,60,47,0.9411918644338579,0.4454738531909322,0.5219154979925498
lonestar,Affiliate,60,48,0.9451959771732346,0.4454738531909322,0.5241358832013054
lonestar,Affiliate,60,49,0.9501110409718423,0.4454738531909322,0.5268614145908681
lonestar,Affiliate,60,50,0.955035339079873,0.4454738531909322,0.5295920666464535
lonestar,Affiliate,60,51,0.9595440562286796,0.4454738531909322,0.5320922681940332
lonestar,Affiliate,60,52,0.9645070757201237,0.4454738531909322,0.534844392269162
lonestar,Affiliate,60,53,0.9679375615495323,0.4454738531909322,0.5367466863578271
lonestar,Affiliate,60,54,0.9721006941188529,0.4454738531909322,0.5390552522201478
lonestar,Affiliate,60,55,0.975908252354566,0.4454738531909322,0.5411666428173489
lonestar,Affiliate,60,56,0.9819935470167215,0.4454738531909322,0.5445410978185518
lonestar,Affiliate,60,57,0.9866591764010052,0.4454738531909322,0.5471283113034578
lonestar,Affiliate,60,58,0.9898782406579175,0.4454738531909322,0.5489133666021742
lonestar,Affiliate,60,59,0.9963421862293552,0.4454738531909322,0.552497793433087
lonestar,Affiliate,60,60,1.0,0.4454738531909322,0.5545261468090679
lonestar,Affiliate,90,1,0.2562188168657091,0.3295824355302553,0.17177359517442825
lonestar,Affiliate,90,2,0.3279213505753132,0.3295824355302553,0.2198442331903308
lonestar,Affiliate,90,3,0.37823861917631163,0.3295824355302553,0.2535778138565821
lonestar,Affiliate,90,4,0.4084887299039315,0.3295824355302553,0.2738580194155331
lonestar,Affiliate,90,5,0.4295409624121406,0.3295824355302553,0.2879718058603375
lonestar,Affiliate,90,6,0.4461472716408489,0.3295824355302553,0.29910496724827956
lonestar,Affiliate,90,7,0.4648304084575779,0.3295824355302553,0.311630470329606
lonestar,Affiliate,90,8,0.4848537606428414,0.3295824355302553,0.3250544773341703
lonestar,Affiliate,90,9,0.49956380163927366,0.3295824355302553,0.33491634719224855
lonestar,Affiliate,90,10,0.518116942689424,0.3295824355302553,0.34735469882835396
lonestar,Affiliate,90,11,0.5284440031510583,0.3295824355302553,0.35427814155117465
lonestar,Affiliate,90,12,0.5390565103473932,0.3295824355302553,0.3613929527786591
lonestar,Affiliate,90,13,0.5521074173338274,0.3295824355302553,0.3701425100546255
lonestar,Affiliate,90,14,0.5624206613312778,0.3295824355302553,0.3770566899771784
lonestar,Affiliate,90,15,0.5745748680579966,0.3295824355302553,0.38520508364896705
lonestar,Affiliate,90,16,0.5869857644087295,0.3295824355302553,0.39352556655331183
lonestar,Affiliate,90,17,0.5979029900113071,0.3295824355302553,0.4008446663525586
lonestar,Affiliate,90,18,0.6107312583623025,0.3295824355302553,0.40944496277679726
lonestar,Affiliate,90,19,0.6205530094868638,0.3295824355302553,0.4160296372445536
lonestar,Affiliate,90,20,0.630458803885913,0.3295824355302553,0.42267065579970226
lonestar,Affiliate,90,21,0.6398329241732816,0.3295824355302553,0.42895523069180636
lonestar,Affiliate,90,22,0.6499547058794676,0.3295824355302553,0.43574105093136195
lonestar,Affiliate,90,23,0.658975753820175,0.3295824355302553,0.4417889199207359
lonestar,Affiliate,90,24,0.6708199829998696,0.3295824355302553,0.4497294992004081
lonestar,Affiliate,90,25,0.6797490225602797,0.3295824355302553,0.4557156841555523
lonestar,Affiliate,90,26,0.687073195865911,0.3295824355302553,0.46062593858486794
lonestar,Affiliate,90,27,0.6914687034828517,0.3295824355302553,0.46357276409602555
lonestar,Affiliate,90,28,0.6973322583863839,0.3295824355302553,0.46750379429358624
lonestar,Affiliate,90,29,0.7040036519360394,0.3295824355302553,0.4719764137087655
lonestar,Affiliate,90,30,0.7110406315824332,0.3295824355302553,0.47669412846452397
lonestar,Affiliate,90,31,0.7162726376942977,0.3295824355302553,0.48020175725933095
lonestar,Affiliate,90,32,0.7231808984095315,0.3295824355302553,0.48483317658276
lonestar,Affiliate,90,33,0.7341423222907718,0.3295824355302553,0.49218190768434167
lonestar,Affiliate,90,34,0.7400232436757216,0.3295824355302553,0.49612458067607773
lonestar,Affiliate,90,35,0.7448501325998791,0.3295824355302553,0.4993606117925774
lonestar,Affiliate,90,36,0.7496272625525305,0.3295824355302553,0.5025632836205894
lonestar,Affiliate,90,37,0.7539091219818985,0.3295824355302553,0.5054339173906282
lonestar,Affiliate,90,38,0.75710246985853,0.3295824355302553,0.507574793896584
lonestar,Affiliate,90,39,0.7613093092935207,0.3295824355302553,0.5103951329447057
lonestar,Affiliate,90,40,0.7654044778155127,0.3295824355302553,0.5131406058513128
lonestar,Affiliate,90,41,0.7724563616273379,0.3295824355302553,0.5178683126213602
lonestar,Affiliate,90,42,0.7779394008720447,0.3295824355302553,0.5215442384376886
lonestar,Affiliate,90,43,0.7853380752629134,0.3295824355302553,0.5265044397031196
lonestar,Affiliate,90,44,0.7890545588935547,0.3295824355302553,0.5289960356071657
lonestar,Affiliate,90,45,0.7920268117968544,0.3295824355302553,0.5309886861595841
lonestar,Affiliate,90,46,0.7964595352607485,0.3295824355302553,0.5339604618282159
lonestar,Affiliate,90,47,0.7983849129345089,0.3295824355302553,0.5352512688389427
lonestar,Affiliate,90,48,0.8017814820312149,0.3295824355302553,0.5375283884203095
lonestar,Affiliate,90,49,0.8059507836701313,0.3295824355302553,0.5403235614706116
lonestar,Affiliate,90,50,0.8101279184975861,0.3295824355302553,0.5431239860280956
lonestar,Affiliate,90,51,0.8139525284249801,0.3295824355302553,0.5456880717006659
lonestar,Affiliate,90,52,0.8181625094440493,0.3295824355302553,0.5485105169219341
lonestar,Affiliate,90,53,0.821072487986929,0.3295824355302553,0.5504614176493107
lonestar,Affiliate,90,54,0.824603948850003,0.3295824355302553,0.5528289710401529
lonestar,Affiliate,90,55,0.8278337866390721,0.3295824355302553,0.554994311024333
lonestar,Affiliate,90,56,0.8329957601246252,0.3295824355302553,0.5584549887163749
lonestar,Affiliate,90,57,0.8369534740090272,0.3295824355302553,0.5611083096196239
lonestar,Affiliate,90,58,0.839684109954368,0.3295824355302553,0.5629389759195528
lonestar,Affiliate,90,59,0.8451672816829825,0.3295824355302553,0.5666149905554199
lonestar,Affiliate,90,60,0.8482700957203345,0.3295824355302553,0.5686951715853439
lonestar,Affiliate,90,61,0.8533786167687041,0.3295824355302553,0.5721200138246343
lonestar,Affiliate,90,62,0.8587479122583791,0.3295824355302553,0.5757196838297406
lonestar,Affiliate,90,63,0.8638732453379935,0.3295824355302553,0.5791557971500719
lonestar,Affiliate,90,64,0.8715176707402096,0.3295824355302553,0.5842807542099963
lonestar,Affiliate,90,65,0.8787668540206237,0.3295824355302553,0.5891407340092463
lonestar,Affiliate,90,66,0.883397865958632,0.3295824355302553,0.5922454457537562
lonestar,Affiliate,90,67,0.8887445950410425,0.3295824355302553,0.5958299868430653
lonestar,Affiliate,90,68,0.8945298654090704,0.3295824355302553,0.5997085337129976
lonestar,Affiliate,90,69,0.9007521734066704,0.3295824355302553,0.6038800782861291
lonestar,Affiliate,90,70,0.9069195690421542,0.3295824355302553,0.6080148086471916
lonestar,Affiliate,90,71,0.9145307999648452,0.3295824355302553,0.6131175115449988
lonestar,Affiliate,90,72,0.9193814990583868,0.3295824355302553,0.6163695054172666
lonestar,Affiliate,90,73,0.9257043842955415,0.3295824355302553,0.6206084787383815
lonestar,Affiliate,90,74,0.9319974911283745,0.3295824355302553,0.6248274880941974
lonestar,Affiliate,90,75,0.9368621171998738,0.3295824355302553,0.628088818857108
lonestar,Affiliate,90,76,0.9409515214836254,0.3295824355302553,0.6308304273171529
lonestar,Affiliate,90,77,0.945021792091198,0.3295824355302553,0.6335592082246144
lonestar,Affiliate,90,78,0.9483133645739127,0.3295824355302553,0.6357659362317517
lonestar,Affiliate,90,79,0.9538217771642427,0.3295824355302553,0.6394588727846552
lonestar,Affiliate,90,80,0.9621791957222693,0.3295824355302553,0.6450618329795816
lonestar,Affiliate,90,81,0.966190289599181,0.3295824355302553,0.6477509407674003
lonestar,Affiliate,90,82,0.9686923038590834,0.3295824355302553,0.6494283350737927
lonestar,Affiliate,90,83,0.9728847523036308,0.3295824355302553,0.6522390261491511
lonestar,Affiliate,90,84,0.9773692160728088,0.3295824355302553,0.6552454894272361
lonestar,Affiliate,90,85,0.9818276082968144,0.3295824355302553,0.6582344738835049
lonestar,Affiliate,90,86,0.9866485336705012,0.3295824355302553,0.6614665069310224
lonestar,Affiliate,90,87,0.9900317944722254,0.3295824355302553,0.6637347043976803
lonestar,Affiliate,90,88,0.9937567489653347,0.3295824355302553,0.6662319793167113
lonestar,Affiliate,90,89,0.9960015628586851,0.3295824355302553,0.6677369419797791
lonestar,Affiliate,90,90,1.0,0.3295824355302553,0.6704175644697448
lonestar,Affiliate,120,1,0.22691616896678812,0.37435587456037017,0.14196876808133743
lonestar,Affiliate,120,2,0.2904183912220845,0.37435587456037017,0.18169856038772536
lonestar,Affiliate,120,3,0.33498108947931593,0.37435587456037017,0.20957895076610103
lonestar,Affiliate,120,4,0.36177162469878954,0.37435587456037017,0.2263402917435482
lonestar,Affiliate,120,5,0.3804162036075458,0.37435587456037017,0.23800516300910718
lonestar,Affiliate,120,6,0.3951233204264925,0.37435587456037017,0.24720658424903555
lonestar,Affiliate,120,7,0.4116697469637618,0.37435587456037017,0.25755875880909646
lonestar,Affiliate,120,8,0.42940311418219757,0.37435587456037017,0.26865353583357454
lonestar,Affiliate,120,9,0.44243083083895,0.37435587456037017,0.2768042502277637
lonestar,Affiliate,120,10,0.45886212866828596,0.37435587456037017,0.2870843951880367
lonestar,Affiliate,120,11,0.4680081274880007,0.37435587456037017,0.292806535620869
lonestar,Affiliate,120,12,0.4774069277228286,0.37435587456037017,0.2986868397739697
lonestar,Affiliate,120,13,0.48896525841504984,0.37435587456037017,0.3059182414714465
lonestar,Affiliate,120,14,0.49809902090037017,0.37435587456037017,0.31163272631354805
lonestar,Affiliate,120,15,0.5088632030982099,0.37435587456037017,0.31836727367078826
lonestar,Affiliate,120,16,0.519854718427969,0.37435587456037017,0.3252440506665317
lonestar,Affiliate,120,17,0.5295233877309791,0.37435587456037017,0.33129319681677843
lonestar,Affiliate,120,18,0.5408845420142395,0.37435587456037017,0.3384012362523136
lonestar,Affiliate,120,19,0.5495830215599428,0.37435587456037017,0.34384338888033966
lonestar,Affiliate,120,20,0.558355932711051,0.37435587456037017,0.3493321092050343
lonestar,Affiliate,120,21,0.5666579750398095,0.37435587456037017,0.35452623321717325
lonestar,Affiliate,120,22,0.5756221719554858,0.37435587456037017,0.3601346303567502
lonestar,Affiliate,120,23,0.5836115213085584,0.37435587456037017,0.36513311984558494
lonestar,Affiliate,120,24,0.5941011767628243,0.37435587456037017,0.37169591115843215
lonestar,Affiliate,120,25,0.6020090403396946,0.37435587456037017,0.3766434195500791
lonestar,Affiliate,120,26,0.608495579336687,0.37435587456037017,0.3807016845679824
lonestar,Affiliate,120,27,0.6123883915871756,0.37435587456037017,0.3831371996839401
lonestar,Affiliate,120,28,0.6175813568483232,0.37435587456037017,0.38638614789318915
lonestar,Affiliate,120,29,0.6234897717121347,0.37435587456037017,0.39008271294339303
lonestar,Affiliate,120,30,0.6297219621577486,0.37435587456037017,0.3939818462843123
lonestar,Affiliate,120,31,0.634355606155634,0.37435587456037017,0.39688085843096793
lonestar,Affiliate,120,32,0.6404737987025391,0.37435587456037017,0.40070866965624763
lonestar,Affiliate,120,33,0.6501816115165207,0.37435587456037017,0.4067823057141828
lonestar,Affiliate,120,34,0.6553899571290408,0.37435587456037017,0.4100408765499153
lonestar,Affiliate,120,35,0.6596648154555943,0.37435587456037017,0.4127154165490101
lonestar,Affiliate,120,36,0.6638956055309396,0.37435587456037017,0.4153623855056182
lonestar,Affiliate,120,37,0.6676877670499578,0.37435587456037017,0.41773492908271015
lonestar,Affiliate,120,38,0.6705159054170288,0.37435587456037017,0.41950433723799857
lonestar,Affiliate,120,39,0.6742416266568814,0.37435587456037017,0.42183531284473796
lonestar,Affiliate,120,40,0.6778684483074195,0.37435587456037017,0.42410441250441444
lonestar,Affiliate,120,41,0.6841138383929454,0.37435587456037017,0.4280118041225026
lonestar,Affiliate,120,42,0.6889698059402296,0.37435587456037017,0.43104991169178647
lonestar,Affiliate,120,43,0.6955223256526618,0.37435587456037017,0.43514945715669706
lonestar,Affiliate,120,44,0.698813770979782,0.37435587456037017,0.4372087305898155
lonestar,Affiliate,120,45,0.7014461000579802,0.37435587456037017,0.43885563181381415
lonestar,Affiliate,120,46,0.705371871938518,0.37435587456037017,0.4413117679286887
lonestar,Affiliate,120,47,0.7070770524201407,0.37435587456037017,0.44237860407983026
lonestar,Affiliate,120,48,0.710085170467378,0.37435587456037017,0.4442606154647132
lonestar,Affiliate,120,49,0.7137776469480017,0.37435587456037017,0.44657079168313946
lonestar,Affiliate,120,50,0.7174770607689648,0.37435587456037017,0.44888530820779515
lonestar,Affiliate,120,51,0.7208642664517209,0.37435587456037017,0.4510044935448672
lonestar,Affiliate,120,52,0.7245927699861462,0.37435587456037017,0.45333720987786136
lonestar,Affiliate,120,53,0.7271699467556101,0.37435587456037017,0.4549496053838959
lonestar,Affiliate,120,54,0.7302975295760589,0.37435587456037017,0.4569063592023356
lonestar,Affiliate,120,55,0.7331579846606824,0.37435587456037017,0.4586959861221142
lonestar,Affiliate,120,56,0.737729605363559,0.37435587456037017,0.4615561937586072
lonestar,Affiliate,120,57,0.7412346924742604,0.37435587456037017,0.4637491309185717
lonestar,Affiliate,120,58,0.7436530372903811,0.37435587456037017,0.465262154146065
lonestar,Affiliate,120,59,0.7485091221699562,0.37435587456037017,0.46830033512360736
lonestar,Affiliate,120,60,0.7512570806649067,0.37435587456037017,0.47001957921292503
lonestar,Affiliate,120,61,0.7557813620567366,0.37435587456037017,0.47285016928755924
lonestar,Affiliate,120,62,0.760536594234732,0.37435587456037017,0.47582525236482354
lonestar,Affiliate,120,63,0.7650757649378518,0.37435587456037017,0.4786651578495981
lonestar,Affiliate,120,64,0.7718459301717833,0.37435587456037017,0.482900871956463
lonestar,Affiliate,120,65,0.7782660554313259,0.37435587456037017,0.4869175856096824
lonestar,Affiliate,120,66,0.7823674383830826,0.37435587456037017,0.48948359175962725
lonestar,Affiliate,120,67,0.7871026849770899,0.37435587456037017,0.49244617097367593
lonestar,Affiliate,120,68,0.7922263187695213,0.37435587456037017,0.4956517423568146
lonestar,Affiliate,120,69,0.7977370080710289,0.37435587456037017,0.4990994727454258
lonestar,Affiliate,120,70,0.8031990651019142,0.37435587456037017,0.5025167766396155
lonestar,Affiliate,120,71,0.8099398321666682,0.37435587456037017,0.5067340979546358
lonestar,Affiliate,120,72,0.8142357775955866,0.37435587456037017,0.5094218309754478
lonestar,Affiliate,120,73,0.8198355415488477,0.37435587456037017,0.5129252903966542
lonestar,Affiliate,120,74,0.8254089327262555,0.37435587456037017,0.5164122498455764
lonestar,Affiliate,120,75,0.8297172123643552,0.37435587456037017,0.5191076996919047
lonestar,Affiliate,120,76,0.8333389290078743,0.37435587456037017,0.5213736054339293
lonestar,Affiliate,120,77,0.8369437002117496,0.37435587456037017,0.5236289093611879
lonestar,Affiliate,120,78,0.8398588296577091,0.37435587456037017,0.5254527429739485
lonestar,Affiliate,120,79,0.8447372687098307,0.37435587456037017,0.5285049097082236
lonestar,Affiliate,120,80,0.8521388851283208,0.37435587456037017,0.5331356875392095
lonestar,Affiliate,120,81,0.855691247390582,0.37435587456037017,0.5353582021200266
lonestar,Affiliate,120,82,0.8579071170035266,0.37435587456037017,0.5367445479261056
lonestar,Affiliate,120,83,0.8616200930888314,0.37435587456037017,0.5390675496017744
lonestar,Affiliate,120,84,0.865591687957703,0.37435587456037017,0.5415523546001101
lonestar,Affiliate,120,85,0.8695401929722778,0.37435587456037017,0.5440227135667477
lonestar,Affiliate,120,86,0.8738097697740674,0.37435587456037017,0.5466939492109008
lonestar,Affiliate,120,87,0.876806101538979,0.37435587456037017,0.5485685865774859
lonestar,Affiliate,120,88,0.8801050489523338,0.37435587456037017,0.5506325536467855
lonestar,Affiliate,120,89,0.8820931331022558,0.37435587456037017,0.5518763868160639
lonestar,Affiliate,120,90,0.885634286125522,0.37435587456037017,0.5540918884023531
lonestar,Affiliate,120,91,0.889212894757243,0.37435587456037017,0.556330823870037
lonestar,Affiliate,120,92,0.893162972607892,0.37435587456037017,0.5588021668723246
lonestar,Affiliate,120,93,0.8984156742108421,0.37435587456037017,0.5620884887728977
lonestar,Affiliate,120,94,0.9040093752280872,0.37435587456037017,0.5655881549538029
lonestar,Affiliate,120,95,0.9073050197917608,0.37435587456037017,0.5676500556146022
lonestar,Affiliate,120,96,0.9112258317495776,0.37435587456037017,0.5701030885829638
lonestar,Affiliate,120,97,0.9149971726392293,0.37435587456037017,0.5724626058556047
lonestar,Affiliate,120,98,0.9183532261012263,0.37435587456037017,0.5745623009887644
lonestar,Affiliate,120,99,0.922209931817602,0.37435587456037017,0.5769752262637643
lonestar,Affiliate,120,100,0.9260470555160418,0.37435587456037017,0.5793759001642784
lonestar,Affiliate,120,101,0.9302989223150164,0.37435587456037017,0.5820360556492087
lonestar,Affiliate,120,102,0.9342446166809881,0.37435587456037017,0.5845046561500591
lonestar,Affiliate,120,103,0.937805044338955,0.37435587456037017,0.5867322167983188
lonestar,Affiliate,120,104,0.9425778308052248,0.37435587456037017,0.5897182826129184
lonestar,Affiliate,120,105,0.9465801852480096,0.37435587456037017,0.5922223321579738
lonestar,Affiliate,120,106,0.9495896803403344,0.37435587456037017,0.5941052050830262
lonestar,Affiliate,120,107,0.9539552933406269,0.37435587456037017,0.596836525210602
lonestar,Affiliate,120,108,0.9570461086507159,0.37435587456037017,0.5987702756521782
lonestar,Affiliate,120,109,0.9602038316506852,0.37435587456037017,0.6007458864968745
lonestar,Affiliate,120,110,0.963702072841522,0.37435587456037017,0.6029345405472926
lonestar,Affiliate,120,111,0.9691708805945661,0.37435587456037017,0.6063560679911433
lonestar,Affiliate,120,112,0.972977576190137,0.37435587456037017,0.6087377047278492
lonestar,Affiliate,120,113,0.977077695068613,0.37435587456037017,0.6113029200177718
lonestar,Affiliate,120,114,0.9825074152212437,0.37435587456037017,0.6146999925340464
lonestar,Affiliate,120,115,0.9868517080612695,0.37435587456037017,0.617417973828598
lonestar,Affiliate,120,116,0.9901194857143135,0.37435587456037017,0.6194624397204678
lonestar,Affiliate,120,117,0.9921509581830823,0.37435587456037017,0.6207334185365453
lonestar,Affiliate,120,118,0.9952623833369426,0.37435587456037017,0.6226800634058032
lonestar,Affiliate,120,119,0.9972691988288325,0.37435587456037017,0.6239356157291452
lonestar,Affiliate,120,120,1.0,0.37435587456037017,0.6256441254396299
lonestar,Affiliate,150,1,0.2049261759715761,0.31072870373849226,0.1412497309498421
lonestar,Affiliate,150,2,0.26227452462265727,0.31072870373849226,0.1807783015630297
lonestar,Affiliate,150,3,0.30251874074181023,0.31072870373849226,0.20851748457450653
lonestar,Affiliate,150,4,0.32671305866880684,0.31072870373849226,0.22519393345421052
lonestar,Affiliate,150,5,0.34355082865130177,0.31072870373849226,0.2367997249961979
lonestar,Affiliate,150,6,0.35683270813568135,0.31072870373849226,0.24595454328518535
lonestar,Affiliate,150,7,0.3717756535049621,0.31072870373849226,0.2562542866098344
lonestar,Affiliate,150,8,0.387790515503208,0.31072870373849226,0.26729287129881446
lonestar,Affiliate,150,9,0.39955574214292017,0.31072870373849226,0.2754023043155793
lonestar,Affiliate,150,10,0.41439471569754904,0.31072870373849226,0.2856303828527686
lonestar,Affiliate,150,11,0.4226543940276508,0.31072870373849226,0.29132354204206096
lonestar,Affiliate,150,12,0.4311423752923352,0.31072870373849226,0.2971740638910133
lonestar,Affiliate,150,13,0.44158061122834935,0.31072870373849226,0.30436884030531325
lonestar,Affiliate,150,14,0.44982923902279837,0.31072870373849226,0.31005438267757185
lonestar,Affiliate,150,15,0.4595502858098497,0.31072870373849226,0.3167548211975015
lonestar,Affiliate,150,16,0.46947663532877787,0.31072870373849226,0.3235967689975579
lonestar,Affiliate,150,17,0.4782083331889229,0.31072870373849226,0.3296152777001839
lonestar,Affiliate,150,18,0.48846850068819186,0.31072870373849226,0.3366873166522652
lonestar,Affiliate,150,19,0.49632402794384917,0.31072870373849226,0.3421019061065897
lonestar,Affiliate,150,20,0.5042467737866019,0.31072870373849226,0.34756282740357436
lonestar,Affiliate,150,21,0.5117442817646942,0.31072870373849226,0.35273064444636504
lonestar,Affiliate,150,22,0.5198397762503896,0.31072870373849226,0.35831063642439814
lonestar,Affiliate,150,23,0.5270548937049143,0.31072870373849226,0.36328380978495745
lonestar,Affiliate,150,24,0.5365280175871384,0.31072870373849226,0.3698133621629039
lonestar,Affiliate,150,25,0.5436695458893818,0.31072870373849226,0.3747358126330794
lonestar,Affiliate,150,26,0.5495274873397272,0.31072870373849226,0.37877352352998306
lonestar,Affiliate,150,27,0.5530430549253262,0.31072870373849226,0.38119670335680383
lonestar,Affiliate,150,28,0.5577327802885108,0.31072870373849226,0.3844291964369965
lonestar,Affiliate,150,29,0.5630686224614487,0.31072870373849226,0.3881070392881843
lonestar,Affiliate,150,30,0.5686968637708336,0.31072870373849226,0.39198642447117654
lonestar,Affiliate,150,31,0.5728814705779374,0.31072870373849226,0.3948707538294537
lonestar,Affiliate,150,32,0.5784067612974301,0.31072870373849226,0.3986791781259001
lonestar,Affiliate,150,33,0.5871738093490314,0.31072870373849226,0.4047220527008143
lonestar,Affiliate,150,34,0.5918774245844373,0.31072870373849226,0.40796411967123786
lonestar,Affiliate,150,35,0.5957380149234582,0.31072870373849226,0.4106251137785495
lonestar,Affiliate,150,36,0.5995588075775327,0.31072870373849226,0.4132586764839698
lonestar,Affiliate,150,37,0.6029834782931426,0.31072870373849226,0.4156192037073871
lonestar,Affiliate,150,38,0.6055375474162079,0.31072870373849226,0.41737965024258383
lonestar,Affiliate,150,39,0.6089022164474872,0.31072870373849226,0.41969882002726466
lonestar,Affiliate,150,40,0.6121775700512425,0.31072870373849226,0.4219564272514399
lonestar,Affiliate,150,41,0.6178177318497828,0.31072870373849226,0.4258440288854444
lonestar,Affiliate,150,42,0.6222031172748852,0.31072870373849226,0.42886674918201106
lonestar,Affiliate,150,43,0.628120645381239,0.31072870373849226,0.43294553145054143
lonestar,Affiliate,150,44,0.6310931233116459,0.31072870373849226,0.4349943751667417
lonestar,Affiliate,150,45,0.6334703586331752,0.31072870373849226,0.4366329352383309
lonestar,Affiliate,150,46,0.6370156917968648,0.31072870373849226,0.4390766316237461
lonestar,Affiliate,150,47,0.6385556266416641,0.31072870373849226,0.4401380645103792
lonestar,Affiliate,150,48,0.6412722339733419,0.31072870373849226,0.44201054396731826
lonestar,Affiliate,150,49,0.6446068799286504,0.31072870373849226,0.4443090197075069
lonestar,Affiliate,150,50,0.6479477909404933,0.31072870373849226,0.4466118137713342
lonestar,Affiliate,150,51,0.6510067492816153,0.31072870373849226,0.44872026595232933
lonestar,Affiliate,150,52,0.6543739309808538,0.31072870373849226,0.45104116764691154
lonestar,Affiliate,150,53,0.6567013586938005,0.31072870373849226,0.45264539676356924
lonestar,Affiliate,150,54,0.6595258537059774,0.31072870373849226,0.4545922401018965
lonestar,Affiliate,150,55,0.6621091077980035,0.31072870373849226,0.4563728029984802
lonestar,Affiliate,150,56,0.6662377018638151,0.31072870373849226,0.4592185243819598
lonestar,Affiliate,150,57,0.6694031179789992,0.31072870373849226,0.46140035485087977
lonestar,Affiliate,150,58,0.6715871058261624,0.31072870373849226,0.46290571498531335
lonestar,Affiliate,150,59,0.6759725972131176,0.31072870373849226,0.46592850831834365
lonestar,Affiliate,150,60,0.6784542565354255,0.31072870373849226,0.4676390448563102
lonestar,Affiliate,150,61,0.6825400988483317,0.31072870373849226,0.4704552986836472
lonestar,Affiliate,150,62,0.6868345109677086,0.31072870373849226,0.4734153136918513
lonestar,Affiliate,150,63,0.6909337996984676,0.31072870373849226,0.4762408357490517
lonestar,Affiliate,150,64,0.6970478817332668,0.31072870373849226,0.480455096998627
lonestar,Affiliate,150,65,0.7028458454688926,0.31072870373849226,0.48445146697835895
lonestar,Affiliate,150,66,0.7065497715854204,0.31072870373849226,0.48700447693395493
lonestar,Affiliate,150,67,0.7108261348838611,0.31072870373849226,0.48995205140795633
lonestar,Affiliate,150,68,0.7154532475525728,0.31072870373849226,0.49314138735506724
lonestar,Affiliate,150,69,0.7204299069535637,0.31072870373849226,0.49657165583144025
lonestar,Affiliate,150,70,0.7253626469402052,0.31072870373849226,0.49997165191615367
lonestar,Affiliate,150,71,0.7314501797237213,0.31072870373849226,0.5041676135288822
lonestar,Affiliate,150,72,0.7353298136561084,0.31072870373849226,0.5068417338384787
lonestar,Affiliate,150,73,0.7403869156621502,0.31072870373849226,0.5103274490935099
lonestar,Affiliate,150,74,0.7454202006254048,0.31072870373849226,0.513796747944586
lonestar,Affiliate,150,75,0.7493109734833814,0.31072870373849226,0.5164785459958625
lonestar,Affiliate,150,76,0.7525817167961578,0.31072870373849226,0.5187329754787986
lonestar,Affiliate,150,77,0.7558371568180221,0.31072870373849226,0.5209768568425706
lonestar,Affiliate,150,78,0.7584697868881607,0.31072870373849226,0.522791453183592
lonestar,Affiliate,150,79,0.7628754661494214,0.31072870373849226,0.5258281614389136
lonestar,Affiliate,150,80,0.769559806694901,0.31072870373849226,0.5304354855113497
lonestar,Affiliate,150,81,0.7727679166210715,0.31072870373849226,0.5326467435987107
lonestar,Affiliate,150,82,0.7747690507328447,0.31072870373849226,0.5340260679019257
lonestar,Affiliate,150,83,0.7781222097170631,0.31072870373849226,0.5363373041415489
lonestar,Affiliate,150,84,0.7817089252547529,0.31072870373849226,0.5388095242095335
lonestar,Affiliate,150,85,0.7852747885298368,0.31072870373849226,0.541267371411442
lonestar,Affiliate,150,86,0.7891306091661165,0.31072870373849226,0.5439250778995623
lonestar,Affiliate,150,87,0.7918365724005626,0.31072870373849226,0.545790220685805
lonestar,Affiliate,150,88,0.7948158254050018,0.31072870373849226,0.5478437342660658
lonestar,Affiliate,150,89,0.7966112482882995,0.31072870373849226,0.549081267724174
lonestar,Affiliate,150,90,0.7998092352404517,0.31072870373849226,0.5512855483361113
lonestar,Affiliate,150,91,0.803041048052807,0.31072870373849226,0.5535131441425579
lonestar,Affiliate,150,92,0.8066083317435606,0.31072870373849226,0.5559719703962163
lonestar,Affiliate,150,93,0.8113520045189012,0.31072870373849226,0.5592416478791157
lonestar,Affiliate,150,94,0.8164036311359544,0.31072870373849226,0.5627235891056811
lonestar,Affiliate,150,95,0.8193799013632822,0.31072870373849226,0.5647750467432959
lonestar,Affiliate,150,96,0.8229207552604614,0.31072870373849226,0.5672156556988772
lonestar,Affiliate,150,97,0.8263266230323374,0.31072870373849226,0.5695632225928935
lonestar,Affiliate,150,98,0.8293574480522322,0.31072870373849226,0.5716522832830981
lonestar,Affiliate,150,99,0.8328404081158682,0.31072870373849226,0.5740529876809877
lonestar,Affiliate,150,100,0.8363056838158395,0.31072870373849226,0.5764415027546103
lonestar,Affiliate,150,101,0.8401455106903267,0.31072870373849226,0.5790881852018079
lonestar,Affiliate,150,102,0.8437088356911534,0.31072870373849226,0.5815442828441287
lonestar,Affiliate,150,103,0.8469242294116307,0.31072870373849226,0.5837605614418333
lonestar,Affiliate,150,104,0.8512344946682451,0.31072870373849226,0.5867315035624908
lonestar,Affiliate,150,105,0.8548489889309381,0.31072870373849226,0.589222870708267
lonestar,Affiliate,150,106,0.8575668398610127,0.31072870373849226,0.5910962073418851
lonestar,Affiliate,150,107,0.8615093900194929,0.31072870373849226,0.5938136940001967
lonestar,Affiliate,150,108,0.8643006805873485,0.31072870373849226,0.5957376504681451
lonestar,Affiliate,150,109,0.8671523949544104,0.31072870373849226,0.5977032553264974
lonestar,Affiliate,150,110,0.8703116285741589,0.31072870373849226,0.5998808243787743
lonestar,Affiliate,150,111,0.8752504650839499,0.31072870373849226,0.6032850226219016
lonestar,Affiliate,150,112,0.8786882614077647,0.31072870373849226,0.6056545969503005
lonestar,Affiliate,150,113,0.8823910459498302,0.31072870373849226,0.6082068200513872
lonestar,Affiliate,150,114,0.8872945827605424,0.31072870373849226,0.6115866872251727
lonestar,Affiliate,150,115,0.8912178788529309,0.31072870373849226,0.614290902608391
lonestar,Affiliate,150,116,0.8941689826963141,0.31072870373849226,0.6163250137799221
lonestar,Affiliate,150,117,0.8960035892230851,0.31072870373849226,0.6175895553987594
lonestar,Affiliate,150,118,0.8988134923758907,0.31072870373849226,0.619526340987263
lonestar,Affiliate,150,119,0.9006258313841952,0.31072870373849226,0.6207755342447823
lonestar,Affiliate,150,120,0.9030919960647207,0.31072870373849226,0.6224753907709225
lonestar,Affiliate,150,121,0.9063406993270049,0.31072870373849226,0.6247146286796861
lonestar,Affiliate,150,122,0.9102767174431847,0.31072870373849226,0.6274276129887342
lonestar,Affiliate,150,123,0.9148691497380331,0.31072870373849226,0.6305930447495975
lonestar,Affiliate,150,124,0.9176735551330668,0.31072870373849226,0.6325260408914751
lonestar,Affiliate,150,125,0.9206260378383351,0.31072870373849226,0.6345611024729251
lonestar,Affiliate,150,126,0.9241547759915794,0.31072870373849226,0.6369933603939792
lonestar,Affiliate,150,127,0.9271254307296815,0.31072870373849226,0.6390409474360562
lonestar,Affiliate,150,128,0.9316308078069329,0.31072870373849226,0.6421463745342402
lonestar,Affiliate,150,129,0.9345056270605988,0.31072870373849226,0.6441279049277321
lonestar,Affiliate,150,130,0.9367257796806573,0.31072870373849226,0.6456581924020581
lonestar,Affiliate,150,131,0.9400223322561667,0.31072870373849226,0.6479304114689738
lonestar,Affiliate,150,132,0.9426934223100999,0.31072870373849226,0.6497715171728795
lonestar,Affiliate,150,133,0.9450637571966553,0.31072870373849226,0.6514053209727094
lonestar,Affiliate,150,134,0.9482942337905393,0.31072870373849226,0.6536319957621183
lonestar,Affiliate,150,135,0.951548732218137,0.31072870373849226,0.6558752281119896
lonestar,Affiliate,150,136,0.9535061838098747,0.31072870373849226,0.6572244433079958
lonestar,Affiliate,150,137,0.9571637786568368,0.31072870373849226,0.6597455184493608
lonestar,Affiliate,150,138,0.9600669353308191,0.31072870373849226,0.6617465810132868
lonestar,Affiliate,150,139,0.9649032705355213,0.31072870373849226,0.6650801280489871
lonestar,Affiliate,150,140,0.9682367254847731,0.31072870373849226,0.6673777828628872
lonestar,Affiliate,150,141,0.9740657481666427,0.31072870373849226,0.6713955608827572
lonestar,Affiliate,150,142,0.9769335375875026,0.31072870373849226,0.6733722458142782
lonestar,Affiliate,150,143,0.9800854259470654,0.31072870373849226,0.6755447519895457
lonestar,Affiliate,150,144,0.9827128158185852,0.31072870373849226,0.6773557364120725
lonestar,Affiliate,150,145,0.9865249763245284,0.31072870373849226,0.6799833492255609
lonestar,Affiliate,150,146,0.9904592134175556,0.31072870373849226,0.6826951059264719
lonestar,Affiliate,150,147,0.9930781241267993,0.31072870373849226,0.6845002459058255
lonestar,Affiliate,150,148,0.9965161400501448,0.31072870373849226,0.6868699715978774
lonestar,Affiliate,150,149,0.9985217326563486,0.31072870373849226,0.6882523690133281
lonestar,Affiliate,150,150,1.0,0.31072870373849226,0.6892712962615077
lonestar,Affiliate,180,1,0.19163455240559388,0.3225449196143609,0.1298238011045976
lonestar,Affiliate,180,2,0.24526325587817618,0.3225449196143609,0.16615483872659342
lonestar,Affiliate,180,3,0.28289721018559255,0.3225449196143609,0.19165015226715365
lonestar,Affiliate,180,4,0.30552227145322547,0.3225449196143609,0.20697761496694794
lonestar,Affiliate,180,5,0.3212679344892219,0.3225449196143609,0.21764459438472408
lonestar,Affiliate,180,6,0.33368834402464,0.3225449196143609,0.2260588639249633
lonestar,Affiliate,180,7,0.34766208180551067,0.3225449196143609,0.2355254435765909
lonestar,Affiliate,180,8,0.3626382111180338,0.3225449196143609,0.24567109846387197
lonestar,Affiliate,180,9,0.37364033873966246,0.3225449196143609,0.25312454571619547
lonestar,Affiliate,180,10,0.38751684837449885,0.3225449196143609,0.26252525766633567
lonestar,Affiliate,180,11,0.3952407994622446,0.3225449196143609,0.2677578875713792
lonestar,Affiliate,180,12,0.40317824563169086,0.3225449196143609,0.2731351508041581
lonestar,Affiliate,180,13,0.4129394518905707,0.3225449196143609,0.27974792957492833
lonestar,Affiliate,180,14,0.42065306918643447,0.3225449196143609,0.2849735588001618
lonestar,Affiliate,180,15,0.4297436035757982,0.3225449196143609,0.2911319875056566
lonestar,Affiliate,180,16,0.4390261246498514,0.3225449196143609,0.29742047856606074
lonestar,Affiliate,180,17,0.44719147982342317,0.3225449196143609,0.30295213991155007
lonestar,Affiliate,180,18,0.4567861672615059,0.3225449196143609,0.3094521096611915
lonestar,Affiliate,180,19,0.46413218073397045,0.3225449196143609,0.314428703808694
lonestar,Affiliate,180,20,0.47154105295930193,0.3225449196143609,0.3194478819376728
lonestar,Affiliate,180,21,0.478552268479853,0.3225449196143609,0.3241976655117488
lonestar,Affiliate,180,22,0.486122684776907,0.3225449196143609,0.32932628249282225
lonestar,Affiliate,180,23,0.4928698257773003,0.3225449196143609,0.33389716744161696
lonestar,Affiliate,180,24,0.5017285176766922,0.3225449196143609,0.33989853327443115
lonestar,Affiliate,180,25,0.5084068425573659,0.3225449196143609,0.3444227983933093
lonestar,Affiliate,180,26,0.5138848347295851,0.3225449196143609,0.348133892020692
lonestar,Affiliate,180,27,0.5171723806837503,0.3225449196143609,0.3503610567293424
lonestar,Affiliate,180,28,0.5215579279015136,0.3225449196143609,0.3533320679722873
lonestar,Affiliate,180,29,0.5265476844402766,0.3225449196143609,0.3567124038893597
lonestar,Affiliate,180,30,0.5318108749479853,0.3225449196143609,0.3602779790378445
lonestar,Affiliate,180,31,0.5357240658747703,0.3225449196143609,0.362928990111714
lonestar,Affiliate,180,32,0.5408909832240095,0.3225449196143609,0.3664293445198888
lonestar,Affiliate,180,33,0.5490893957563351,0.3225449196143609,0.37198340074101005
lonestar,Affiliate,180,34,0.5534879319416303,0.3225449196143609,0.3749632114259983
lonestar,Affiliate,180,35,0.5570981222852117,0.3225449196143609,0.37740895321541673
lonestar,Affiliate,180,36,0.5606710962434028,0.3225449196143609,0.3798294825754789
lonestar,Affiliate,180,37,0.5638736409481528,0.3225449196143609,0.3819990627558739
lonestar,Affiliate,180,38,0.5662620517545862,0.3225449196143609,0.38361710379074015
lonestar,Affiliate,180,39,0.5694084865169838,0.3225449196143609,0.3857486720056284
lonestar,Affiliate,180,40,0.5724713988992104,0.3225449196143609,0.3878236575597439
lonestar,Affiliate,180,41,0.577745736726645,0.3225449196143609,0.3913967845166096
lonestar,Affiliate,180,42,0.5818466836607354,0.3225449196143609,0.3941749918515011
lonestar,Affiliate,180,43,0.5873803976659484,0.3225449196143609,0.3979238345177338
lonestar,Affiliate,180,44,0.5901600790562264,0.3225449196143609,0.399806943797431
lonestar,Affiliate,180,45,0.5923831255979587,0.3225449196143609,0.4013129579710613
lonestar,Affiliate,180,46,0.5956985065185816,0.3225449196143609,0.4035589796191509
lonestar,Affiliate,180,47,0.5971385603492733,0.3225449196143609,0.4045345514027818
lonestar,Affiliate,180,48,0.5996789670474397,0.3225449196143609,0.40625556282670033
lonestar,Affiliate,180,49,0.6027973260469524,0.3225449196143609,0.40836811097338643
lonestar,Affiliate,180,50,0.6059215437480148,0.3225449196143609,0.41048462812720193
lonestar,Affiliate,180,51,0.6087820963823917,0.3225449196143609,0.4124225240420711
lonestar,Affiliate,180,52,0.611930880839734,0.3225449196143609,0.414555684069737
lonestar,Affiliate,180,53,0.6141073503215476,0.3225449196143609,0.4160301443774959
lonestar,Affiliate,180,54,0.6167486470464005,0.3225449196143609,0.4178195042625535
lonestar,Affiliate,180,55,0.6191643498687867,0.3225449196143609,0.4194560344122809
lonestar,Affiliate,180,56,0.6230251610712362,0.3225449196143609,0.4220715605757901
lonestar,Affiliate,180,57,0.625985266570374,0.3225449196143609,0.4240768990846585
lonestar,Affiliate,180,58,0.6280275997743491,0.3225449196143609,0.4254604880895317
lonestar,Affiliate,180,59,0.6321286457975487,0.3225449196143609,0.4282387625528436
lonestar,Affiliate,180,60,0.6344493433424031,0.3225449196143609,0.4298109308946437
lonestar,Affiliate,180,61,0.6382701756939628,0.3225449196143609,0.43239937318250965
lonestar,Affiliate,180,62,0.6422860499005655,0.3225449196143609,0.43511994756596223
lonestar,Affiliate,180,63,0.6461194565279806,0.3225449196143609,0.4377169083608886
lonestar,Affiliate,180,64,0.6518369758666147,0.3225449196143609,0.4415902708840494
lonestar,Affiliate,180,65,0.6572588805114105,0.3225449196143609,0.4452633677310328
lonestar,Affiliate,180,66,0.660722567959434,0.3225449196143609,0.4476098603895643
lonestar,Affiliate,180,67,0.6647215640014723,0.3225449196143609,0.4503190005746852
lonestar,Affiliate,180,68,0.6690485596182831,0.3225449196143609,0.4532503457381001
lonestar,Affiliate,180,69,0.6737024301756309,0.3225449196143609,0.4564031339906325
lonestar,Affiliate,180,70,0.6783152299558032,0.3225449196143609,0.45952809863651195
lonestar,Affiliate,180,71,0.6840079220420757,0.3225449196143609,0.4633846418114284
lonestar,Affiliate,180,72,0.6876359208011686,0.3225449196143609,0.4658424480024087
lonestar,Affiliate,180,73,0.6923650164123202,0.3225449196143609,0.4690461978498128
lonestar,Affiliate,180,74,0.6970718397670727,0.3225449196143609,0.4722348592439676
lonestar,Affiliate,180,75,0.7007102549749648,0.3225449196143609,0.47469972211110645
lonestar,Affiliate,180,76,0.7037688560922005,0.3225449196143609,0.476771786976851
lonestar,Affiliate,180,77,0.7068131464983209,0.3225449196143609,0.47883415697864656
lonestar,Affiliate,180,78,0.7092750227459433,0.3225449196143609,0.4805019675498791
lonestar,Affiliate,180,79,0.713394947246908,0.3225449196143609,0.48329303133386287
lonestar,Affiliate,180,80,0.7196457378181293,0.3225449196143609,0.4875276611627634
lonestar,Affiliate,180,81,0.7226457679843823,0.3225449196143609,0.48956004684020166
lonestar,Affiliate,180,82,0.7245171074459963,0.3225449196143609,0.49082779526559817
lonestar,Affiliate,180,83,0.7276527787092644,0.3225449196143609,0.4929520716933184
lonestar,Affiliate,180,84,0.7310068579205345,0.3225449196143609,0.49522430969500925
lonestar,Affiliate,180,85,0.7343414373583269,0.3225449196143609,0.4974833374760912
lonestar,Affiliate,180,86,0.7379471673646889,0.3225449196143609,0.49992605758740005
lonestar,Affiliate,180,87,0.7404776203475767,0.3225449196143609,0.5016403258163343
lonestar,Affiliate,180,88,0.7432636373768894,0.3225449196143609,0.5035277272068832
lonestar,Affiliate,180,89,0.7449426081525273,0.3225449196143609,0.5046651544886581
lonestar,Affiliate,180,90,0.7479331719263792,0.3225449196143609,0.5066911271104713
lonestar,Affiliate,180,91,0.7509553675966887,0.3225449196143609,0.5087385289212419
lonestar,Affiliate,180,92,0.7542912753212156,0.3225449196143609,0.5109984565569204
lonestar,Affiliate,180,93,0.758727270892553,0.3225449196143609,0.5140036442932912
lonestar,Affiliate,180,94,0.7634512462514327,0.3225449196143609,0.5172039253997808
lonestar,Affiliate,180,95,0.7662344739681844,0.3225449196143609,0.5190894371563644
lonestar,Affiliate,180,96,0.7695456661499663,0.3225449196143609,0.5213326211220457
lonestar,Affiliate,180,97,0.7727306274801706,0.3225449196143609,0.5234902893560244
lonestar,Affiliate,180,98,0.7755648715358825,0.3225449196143609,0.5254103623906192
lonestar,Affiliate,180,99,0.7788219249097473,0.3225449196143609,0.5276168697458311
lonestar,Affiliate,180,100,0.782062440937422,0.3225449196143609,0.5298121737918504
lonestar,Affiliate,180,101,0.7856532145461064,0.3225449196143609,0.5322447616155683
lonestar,Affiliate,180,102,0.7889854203434946,0.3225449196143609,0.5345021813618994
lonestar,Affiliate,180,103,0.7919922618731823,0.3225449196143609,0.5365391814321009
lonestar,Affiliate,180,104,0.7960229609738928,0.3225449196143609,0.5392697990153831
lonestar,Affiliate,180,105,0.7994030171669085,0.3225449196143609,0.5415596352553305
lonestar,Affiliate,180,106,0.8019445868030014,0.3225449196143609,0.5432814345174555
lonestar,Affiliate,180,107,0.8056314210074407,0.3225449196143609,0.5457790990797924
lonestar,Affiliate,180,108,0.8082416669463449,0.3225449196143609,0.5475474234521591
lonestar,Affiliate,180,109,0.8109084175638761,0.3225449196143609,0.5493540272061271
lonestar,Affiliate,180,110,0.813862741567605,0.3225449196143609,0.5513554490115585
lonestar,Affiliate,180,111,0.8184812424471094,0.3225449196143609,0.5544842758961444
lonestar,Affiliate,180,112,0.8216960614259559,0.3225449196143609,0.556662171345884
lonestar,Affiliate,180,113,0.8251586813426594,0.3225449196143609,0.5590079407998993
lonestar,Affiliate,180,114,0.8297441720808241,0.3225449196143609,0.5621144047965303
lonestar,Affiliate,180,115,0.8334130010484021,0.3225449196143609,0.5645998716196821
lonestar,Affiliate,180,116,0.8361726946866008,0.3225449196143609,0.5664694400951877
lonestar,Affiliate,180,117,0.8378883076332208,0.3225449196143609,0.5676316908018507
lonestar,Affiliate,180,118,0.8405159589346615,0.3225449196143609,0.5694118065254937
lonestar,Affiliate,180,119,0.84221074864621,0.3225449196143609,0.5705599504257676
lonestar,Affiliate,180,120,0.8445169565402008,0.3225449196143609,0.5721223026799771
lonestar,Affiliate,180,121,0.8475549471366426,0.3225449196143609,0.5741804048437004
lonestar,Affiliate,180,122,0.8512356729706085,0.3225449196143609,0.5766739312594272
lonestar,Affiliate,180,123,0.8555302376015238,0.3225449196143609,0.5795833058866853
lonestar,Affiliate,180,124,0.858152747732761,0.3225449196143609,0.5813599386984547
lonestar,Affiliate,180,125,0.8609137307991106,0.3225449196143609,0.583230380703612
lonestar,Affiliate,180,126,0.8642135930707187,0.3225449196143609,0.5854658891640858
lonestar,Affiliate,180,127,0.8669915695219395,0.3225449196143609,0.5873478434241569
lonestar,Affiliate,180,128,0.8712047253841619,0.3225449196143609,0.5902020672674761
lonestar,Affiliate,180,129,0.8738930822927478,0.3225449196143609,0.5920233083130875
lonestar,Affiliate,180,130,0.8759692346027192,0.3225449196143609,0.593429808243132
lonestar,Affiliate,180,131,0.8790519709798275,0.3225449196143609,0.5955182236632935
lonestar,Affiliate,180,132,0.8815498126757146,0.3225449196143609,0.5972103992101714
lonestar,Affiliate,180,133,0.8837664063484498,0.3225449196143609,0.5987120418549166
lonestar,Affiliate,180,134,0.886787352468147,0.3225449196143609,0.6007585971512767
lonestar,Affiliate,180,135,0.8898307623523186,0.3225449196143609,0.6028203706390046
lonestar,Affiliate,180,136,0.8916612525659764,0.3225449196143609,0.6040604455338433
lonestar,Affiliate,180,137,0.895081613815853,0.3225449196143609,0.6063775866393264
lonestar,Affiliate,180,138,0.8977964701642147,0.3225449196143609,0.6082167798650412
lonestar,Affiliate,180,139,0.9023191180291954,0.3225449196143609,0.6112806706379676
lonestar,Affiliate,180,140,0.905436363271954,0.3225449196143609,0.6133924642644824
lonestar,Affiliate,180,141,0.9108873123627966,0.3225449196143609,0.6170852374189972
lonestar,Affiliate,180,142,0.9135690953973672,0.3225449196143609,0.618902024960259
lonestar,Affiliate,180,143,0.916516550558493,0.3225449196143609,0.6208987934333726
lonestar,Affiliate,180,144,0.9189735264896377,0.3225449196143609,0.6225632842603118
lonestar,Affiliate,180,145,0.9225384281855346,0.3225449196143609,0.6249783450252725
lonestar,Affiliate,180,146,0.926217488514481,0.3225449196143609,0.6274707431361626
lonestar,Affiliate,180,147,0.9286665352464406,0.3225449196143609,0.6291298622868304
lonestar,Affiliate,180,148,0.9318815595814722,0.3225449196143609,0.6313078968561611
lonestar,Affiliate,180,149,0.9337570683571357,0.3225449196143609,0.6325784698045421
lonestar,Affiliate,180,150,0.9351394544744452,0.3225449196143609,0.633514974302768
lonestar,Affiliate,180,151,0.9377701943977087,0.3225449196143609,0.6352971824289563
lonestar,Affiliate,180,152,0.9394993270012635,0.3225449196143609,0.6364685920958949
lonestar,Affiliate,180,153,0.9412033191188597,0.3225449196143609,0.6376229702128975
lonestar,Affiliate,180,154,0.9434123247578469,0.3225449196143609,0.6391194723056299
lonestar,Affiliate,180,155,0.9458262078738994,0.3225449196143609,0.6407547696860567
lonestar,Affiliate,180,156,0.9478110109186658,0.3225449196143609,0.6420993845922986
lonestar,Affiliate,180,157,0.9496209740902051,0.3225449196143609,0.6433255533381689
lonestar,Affiliate,180,158,0.952422349521799,0.3225449196143609,0.6452233593563697
lonestar,Affiliate,180,159,0.9548807594576936,0.3225449196143609,0.646888821657112
lonestar,Affiliate,180,160,0.956961262760657,0.3225449196143609,0.6482982691894636
lonestar,Affiliate,180,161,0.9586018245531072,0.3225449196143609,0.6494096761104456
lonestar,Affiliate,180,162,0.9606759574964083,0.3225449196143609,0.6508148080102801
lonestar,Affiliate,180,163,0.9629438854606729,0.3225449196143609,0.6523512273316199
lonestar,Affiliate,180,164,0.9651695784859411,0.3225449196143609,0.6538590343789668
lonestar,Affiliate,180,165,0.9673172865416207,0.3225449196143609,0.655314010112472
lonestar,Affiliate,180,166,0.9694444503122724,0.3225449196143609,0.6567550680157123
lonestar,Affiliate,180,167,0.9718122399010004,0.3225449196143609,0.6583591391018803
lonestar,Affiliate,180,168,0.9738617225819032,0.3225449196143609,0.6597475715562202
lonestar,Affiliate,180,169,0.9762137574334482,0.3225449196143609,0.6613409695156435
lonestar,Affiliate,180,170,0.9788696539059395,0.3225449196143609,0.663140220073911
lonestar,Affiliate,180,171,0.9808454678863293,0.3225449196143609,0.6644787452928231
lonestar,Affiliate,180,172,0.9825445158471114,0.3225449196143609,0.6656297739656738
lonestar,Affiliate,180,173,0.9850246120048829,0.3225449196143609,0.667309927707601
lonestar,Affiliate,180,174,0.9867018152169486,0.3225449196143609,0.668446157544454
lonestar,Affiliate,180,175,0.9889754045042416,0.3225449196143609,0.669986412157841
lonestar,Affiliate,180,176,0.9915860873786603,0.3225449196143609,0.6717550325343917
lonestar,Affiliate,180,177,0.9937855853006621,0.3225449196143609,0.6732450935759495
lonestar,Affiliate,180,178,0.9963424733629616,0.3225449196143609,0.6749772703837317
lonestar,Affiliate,180,179,0.9978760586779235,0.3225449196143609,0.6760162055465575
lonestar,Affiliate,180,180,1.0,0.3225449196143609,0.6774550803856392
lonestar,Affiliate,210,1,0.1785252017179765,0.2905157670157932,0.12666081580922936
lonestar,Affiliate,210,2,0.22848526886209364,0.2905157670157932,0.16210669572681277
lonestar,Affiliate,210,3,0.2635447568293612,0.2905157670157932,0.18698084965608863
lonestar,Affiliate,210,4,0.28462208122614796,0.2905157670157932,0.2019348789891022
lonestar,Affiliate,210,5,0.2992906137762441,0.2905157670157932,0.21234197155441104
lonestar,Affiliate,210,6,0.3108613670140911,0.2905157670157932,0.22055123854041445
lonestar,Affiliate,210,7,0.32387918830345913,0.2905157670157932,0.22978717749302718
lonestar,Affiliate,210,8,0.3378308294501663,0.2905157670157932,0.23968564691086963
lonestar,Affiliate,210,9,0.34808032270867345,0.2905157670157932,0.24695750077385836
lonestar,Affiliate,210,10,0.3610075670422392,0.2905157670157932,0.2561291768044577
lonestar,Affiliate,210,11,0.3682031375105601,0.2905157670157932,0.26123432059905816
lonestar,Affiliate,210,12,0.375597598273183,0.2905157670157932,0.2664805739215595
lonestar,Affiliate,210,13,0.3846910592096484,0.2905157670157932,0.27293224107923947
lonestar,Affiliate,210,14,0.39187700280088966,0.2905157670157932,0.2780305547563391
lonestar,Affiliate,210,15,0.40034567123887843,0.2905157670157932,0.2840389414874631
lonestar,Affiliate,210,16,0.4089931929221777,0.2905157670157932,0.29017422177615293
lonestar,Affiliate,210,17,0.41659997187285225,0.2905157670157932,0.29557111150545273
lonestar,Affiliate,210,18,0.4255383052203758,0.2905157670157932,0.3019127180846776
lonestar,Affiliate,210,19,0.43238179205785915,0.2905157670157932,0.306768064094507
lonestar,Affiliate,210,20,0.43928383760197687,0.2905157670157932,0.31166495658339743
lonestar,Affiliate,210,21,0.4458154293706962,0.2905157670157932,0.3162990179595932
lonestar,Affiliate,210,22,0.4528679680676852,0.2905157670157932,0.3213026829676179
lonestar,Affiliate,210,23,0.4591535501456262,0.2905157670157932,0.32576220434704517
lonestar,Affiliate,210,24,0.4674062359919088,0.2905157670157932,0.3316173548347546
lonestar,Affiliate,210,25,0.4736277095283567,0.2905157670157932,0.33603139221479283
lonestar,Affiliate,210,26,0.4787309628053811,0.2905157670157932,0.3396520699517666
lonestar,Affiliate,210,27,0.48179361407185123,0.2905157670157932,0.34182497273645635
lonestar,Affiliate,210,28,0.48587915444996554,0.2905157670157932,0.34472359921794876
lonestar,Affiliate,210,29,0.49052757135299296,0.2905157670157932,0.348021577718984
lonestar,Affiliate,210,30,0.4954307171337191,0.2905157670157932,0.35150028234243225
lonestar,Affiliate,210,31,0.4990762142050753,0.2905157670157932,0.3540867050359496
lonestar,Affiliate,210,32,0.5038896726887038,0.2905157670157932,0.357501777936208
lonestar,Affiliate,210,33,0.5115272476078805,0.2905157670157932,0.36292051691959953
lonestar,Affiliate,210,34,0.5156248884032714,0.2905157670157932,0.36582772845636224
lonestar,Affiliate,210,35,0.5189881125778141,0.2905157670157932,0.3682138829801916
lonestar,Affiliate,210,36,0.5223166662682212,0.2905157670157932,0.3705754393421768
lonestar,Affiliate,210,37,0.5253001310570566,0.2905157670157932,0.37269216056951915
lonestar,Affiliate,210,38,0.5275251552797315,0.2905157670157932,0.37427078017351495
lonestar,Affiliate,210,39,0.5304563484993166,0.2905157670157932,0.3763504155466407
lonestar,Affiliate,210,40,0.5333097329439138,0.2905157670157932,0.37837484682072486
lonestar,Affiliate,210,41,0.5382232634776906,0.2905157670157932,0.3818609192627259
lonestar,Affiliate,210,42,0.5420436725294657,0.2905157670157932,0.38457143924851056
lonestar,Affiliate,210,43,0.5471988358161956,0.2905157670157932,0.3882289463189044
lonestar,Affiliate,210,44,0.5497883645555681,0.2905157670157932,0.3900661761303487
lonestar,Affiliate,210,45,0.5518593367644381,0.2905157670157932,0.39153549825949047
lonestar,Affiliate,210,46,0.5549479188609142,0.2905157670157932,0.39372679855921755
lonestar,Affiliate,210,47,0.5562894613822486,0.2905157670157932,0.39467860182598213
lonestar,Affiliate,210,48,0.558656083750411,0.2905157670157932,0.3963576830816211
lonestar,Affiliate,210,49,0.5615611218159827,0.2905157670157932,0.39841876178536323
lonestar,Affiliate,210,50,0.5644716178006137,0.2905157670157932,0.40048371279662276
lonestar,Affiliate,210,51,0.5671364855380151,0.2905157670157932,0.40237439443929734
lonestar,Affiliate,210,52,0.5700698677144386,0.2905157670157932,0.4044555828427867
lonestar,Affiliate,210,53,0.5720974491103626,0.2905157670157932,0.4058941198742869
lonestar,Affiliate,210,54,0.574558059812776,0.2905157670157932,0.4076398843711614
lonestar,Affiliate,210,55,0.5768085090571502,0.2905157670157932,0.4092365426271761
lonestar,Affiliate,210,56,0.5804052096002419,0.2905157670157932,0.4117883449532654
lonestar,Affiliate,210,57,0.583162819982641,0.2905157670157932,0.4137448260402911
lonestar,Affiliate,210,58,0.5850654411051788,0.2905157670157932,0.4150947057280744
lonestar,Affiliate,210,59,0.5888859424675681,0.2905157670157932,0.4178052912067843
lonestar,Affiliate,210,60,0.591047885562489,0.2905157670157932,0.4193391557452398
lonestar,Affiliate,210,61,0.5946073421308905,0.2905157670157932,0.4218645340585127
lonestar,Affiliate,210,62,0.5983484981166355,0.2905157670157932,0.42451882524353324
lonestar,Affiliate,210,63,0.6019196687788962,0.2905157670157932,0.427052514521703
lonestar,Affiliate,210,64,0.6072460636301532,0.2905157670157932,0.4308315076873181
lonestar,Affiliate,210,65,0.6122970662194939,0.2905157670157932,0.4344151143852177
lonestar,Affiliate,210,66,0.6155238094794341,0.2905157670157932,0.43670443785203333
lonestar,Affiliate,210,67,0.6192492419033494,0.2905157670157932,0.4393475734178494
lonestar,Affiliate,210,68,0.6232802360827758,0.2905157670157932,0.44220750023140354
lonestar,Affiliate,210,69,0.6276157443175403,0.2905157670157932,0.4452834749659421
lonestar,Affiliate,210,70,0.6319129913479035,0.2905157670157932,0.448332303979223
lonestar,Affiliate,210,71,0.6372162573313215,0.2905157670157932,0.45209488757777955
lonestar,Affiliate,210,72,0.6405960716819653,0.2905157670157932,0.45449281256997515
lonestar,Affiliate,210,73,0.6450016589694684,0.2905157670157932,0.4576185072874942
lonestar,Affiliate,210,74,0.6493864976027416,0.2905157670157932,0.4607294811619816
lonestar,Affiliate,210,75,0.6527760158329818,0.2905157670157932,0.4631342909037496
lonestar,Affiliate,210,76,0.6556253839379238,0.2905157670157932,0.465155872648174
lonestar,Affiliate,210,77,0.6584614202999389,0.2905157670157932,0.4671679957311936
lonestar,Affiliate,210,78,0.6607548843344481,0.2905157670157932,0.46879517230259415
lonestar,Affiliate,210,79,0.6645929727342939,0.2905157670157932,0.4715182355070843
lonestar,Affiliate,210,80,0.67041615876007,0.2905157670157932,0.4756496941781065
lonestar,Affiliate,210,81,0.6732109626399924,0.2905157670157932,0.4776325634651945
lonestar,Affiliate,210,82,0.6749542873727907,0.2905157670157932,0.47886942487608636
lonestar,Affiliate,210,83,0.6778754534034938,0.2905157670157932,0.4809419461167992
lonestar,Affiliate,210,84,0.6810000865150777,0.2905157670157932,0.4831588240433284
lonestar,Affiliate,210,85,0.6841065537951355,0.2905157670157932,0.4853628135988107
lonestar,Affiliate,210,86,0.6874656227555385,0.2905157670157932,0.4877460200637233
lonestar,Affiliate,210,87,0.6898229723229159,0.2905157670157932,0.4894185224134097
lonestar,Affiliate,210,88,0.6924184032924576,0.2905157670157932,0.4912599397640985
lonestar,Affiliate,210,89,0.6939825189106316,0.2905157670157932,0.49236965513375724
lonestar,Affiliate,210,90,0.6967685039758269,0.2905157670157932,0.4943462676108428
lonestar,Affiliate,210,91,0.6995839570603587,0.2905157670157932,0.49634378718302485
lonestar,Affiliate,210,92,0.7026916617616136,0.2905157670157932,0.4985486546693361
lonestar,Affiliate,210,93,0.7068241994185853,0.2905157670157932,0.501480624979171
lonestar,Affiliate,210,94,0.711225016720414,0.2905157670157932,0.5046029354670626
lonestar,Affiliate,210,95,0.7138178491888958,0.2905157670157932,0.5064425092222199
lonestar,Affiliate,210,96,0.7169025290900886,0.2905157670157932,0.5086310409759195
lonestar,Affiliate,210,97,0.7198696133491694,0.2905157670157932,0.5107361404756731
lonestar,Affiliate,210,98,0.7225099722271083,0.2905157670157932,0.5126094334689906
lonestar,Affiliate,210,99,0.7255442168519751,0.2905157670157932,0.5147621821893505
lonestar,Affiliate,210,100,0.7285630554186577,0.2905157670157932,0.5169040005543365
lonestar,Affiliate,210,101,0.7319081911197457,0.2905157670157932,0.519277321591451
lonestar,Affiliate,210,102,0.7350124471355682,0.2905157670157932,0.5214797422898235
lonestar,Affiliate,210,103,0.7378135964266698,0.2905157670157932,0.5234671135460949
lonestar,Affiliate,210,104,0.741568563164066,0.2905157670157932,0.5261312032416577
lonestar,Affiliate,210,105,0.7447173962220996,0.2905157670157932,0.528365250648632
lonestar,Affiliate,210,106,0.7470851019738445,0.2905157670157932,0.530045100547841
lonestar,Affiliate,210,107,0.7505197269503215,0.2905157670157932,0.5324819128148652
lonestar,Affiliate,210,108,0.7529514109912566,0.2905157670157932,0.534207154301508
lonestar,Affiliate,210,109,0.7554357343345681,0.2905157670157932,0.535969742543222
lonestar,Affiliate,210,110,0.7581879587225255,0.2905157670157932,0.5379224023521125
lonestar,Affiliate,210,111,0.7624905168509943,0.2905157670157932,0.5409749995057591
lonestar,Affiliate,210,112,0.7654854162544726,0.2905157670157932,0.5430998334119008
lonestar,Affiliate,210,113,0.7687111650108547,0.2905157670157932,0.5453884512941223
lonestar,Affiliate,210,114,0.7729829711581833,0.2905157670157932,0.5484192304020169
lonestar,Affiliate,210,115,0.776400822601379,0.2905157670157932,0.5508441421116466
lonestar,Affiliate,210,116,0.7789717309123004,0.2905157670157932,0.5526681610226934
lonestar,Affiliate,210,117,0.7805699820811034,0.2905157670157932,0.5538020950273077
lonestar,Affiliate,210,118,0.7830178808172423,0.2905157670157932,0.5555388405845403
lonestar,Affiliate,210,119,0.7845967332283847,0.2905157670157932,0.5566590114764549
lonestar,Affiliate,210,120,0.7867451778815541,0.2905157670157932,0.5581832990833178
lonestar,Affiliate,210,121,0.7895753453917387,0.2905157670157932,0.5601912583084979
lonestar,Affiliate,210,122,0.7930042798596032,0.2905157670157932,0.5626240332493838
lonestar,Affiliate,210,123,0.797005061594425,0.2905157670157932,0.5654625248098512
lonestar,Affiliate,210,124,0.7994481708579133,0.2905157670157932,0.5671958723117537
lonestar,Affiliate,210,125,0.802020280389689,0.2905157670157932,0.5690207434700569
lonestar,Affiliate,210,126,0.8050944054380441,0.2905157670157932,0.5712017867220868
lonestar,Affiliate,210,127,0.8076823458699571,0.2905157670157932,0.5730378896544314
lonestar,Affiliate,210,128,0.8116072878531785,0.2905157670157932,0.5758225741069047
lonestar,Affiliate,210,129,0.8141117394427823,0.2905157670157932,0.5775994430220008
lonestar,Affiliate,210,130,0.8160458661714028,0.2905157670157932,0.5789716754405504
lonestar,Affiliate,210,131,0.8189177184895683,0.2905157670157932,0.581009209379748
lonestar,Affiliate,210,132,0.8212446876452871,0.2905157670157932,0.582660157306371
lonestar,Affiliate,210,133,0.8233096484135014,0.2905157670157932,0.58412521441315
lonestar,Affiliate,210,134,0.8261239374267719,0.2905157670157932,0.5861219080951261
lonestar,Affiliate,210,135,0.828959153501649,0.2905157670157932,0.5881334491973548
lonestar,Affiliate,210,136,0.8306644234048781,0.2905157670157932,0.5893433113066784
lonestar,Affiliate,210,137,0.8338508043284508,0.2905157670157932,0.5916039983322349
lonestar,Affiliate,210,138,0.8363799425821871,0.2905157670157932,0.5933983820462979
lonestar,Affiliate,210,139,0.8405932048162656,0.2905157670157932,0.5963876251708045
lonestar,Affiliate,210,140,0.8434972053150381,0.2905157670157932,0.5984479677372618
lonestar,Affiliate,210,141,0.8485752654758043,0.2905157670157932,0.6020507713554707
lonestar,Affiliate,210,142,0.8510735928974544,0.2905157670157932,0.6038232952699636
lonestar,Affiliate,210,143,0.8538194183271034,0.2905157670157932,0.6057714151188266
lonestar,Affiliate,210,144,0.8561083172663483,0.2905157670157932,0.6073953528271151
lonestar,Affiliate,210,145,0.8594293509023794,0.2905157670157932,0.6097515738290894
lonestar,Affiliate,210,146,0.8628567337992155,0.2905157670157932,0.6121832479547943
lonestar,Affiliate,210,147,0.8651382459605216,0.2905157670157932,0.6138019448606027
lonestar,Affiliate,210,148,0.868133336672164,0.2905157670157932,0.6159269144968704
lonestar,Affiliate,210,149,0.8698805455042669,0.2905157670157932,0.6171665316149781
lonestar,Affiliate,210,150,0.8711683652494374,0.2905157670157932,0.6180802194191024
lonestar,Affiliate,210,151,0.873619141320728,0.2905157670157932,0.6198190064002581
lonestar,Affiliate,210,152,0.8752299872927708,0.2905157670157932,0.6209618762191885
lonestar,Affiliate,210,153,0.8768174125910847,0.2905157670157932,0.6220881294393825
lonestar,Affiliate,210,154,0.8788753044083267,0.2905157670157932,0.623548171236903
lonestar,Affiliate,210,155,0.8811240584289733,0.2905157670157932,0.6251436267584116
lonestar,Affiliate,210,156,0.8829730849197047,0.2905157670157932,0.6264554818999556
lonestar,Affiliate,210,157,0.8846592319962364,0.2905157670157932,0.6276517766652473
lonestar,Affiliate,210,158,0.8872689707293361,0.2905157670157932,0.6295033451485896
lonestar,Affiliate,210,159,0.8895592055758273,0.2905157670157932,0.6311282306620062
lonestar,Affiliate,210,160,0.8914973856543883,0.2905157670157932,0.6325033388684294
lonestar,Affiliate,210,161,0.8930257197739477,0.2905157670157932,0.6335876678289886
lonestar,Affiliate,210,162,0.8949579652768832,0.2905157670157932,0.6349585655475759
lonestar,Affiliate,210,163,0.8970707486566009,0.2905157670157932,0.6364575520431967
lonestar,Affiliate,210,164,0.8991441863081644,0.2905157670157932,0.6379286233650567
lonestar,Affiliate,210,165,0.9011449737917286,0.2905157670157932,0.6393481505381977
lonestar,Affiliate,210,166,0.9031266223852401,0.2905157670157932,0.6407540989706094
lonestar,Affiliate,210,167,0.9053324360480014,0.2905157670157932,0.6423190889852397
lonestar,Affiliate,210,168,0.9072417175655184,0.2905157670157932,0.6436736941182463
lonestar,Affiliate,210,169,0.9094328542423274,0.2905157670157932,0.6452282710427556
lonestar,Affiliate,210,170,0.911907065951759,0.2905157670157932,0.6469836852396622
lonestar,Affiliate,210,171,0.9137477183026969,0.2905157670157932,0.648289599061058
lonestar,Affiliate,210,172,0.9153305376644432,0.2905157670157932,0.6494125844418791
lonestar,Affiliate,210,173,0.9176409752201352,0.2905157670157932,0.6510518034589372
lonestar,Affiliate,210,174,0.9192034441903568,0.2905157670157932,0.6521603505578365
lonestar,Affiliate,210,175,0.9213215016128969,0.2905157670157932,0.6536630789036838
lonestar,Affiliate,210,176,0.9237535926994294,0.2905157670157932,0.65538860918276
lonestar,Affiliate,210,177,0.9258026272042955,0.2905157670157932,0.6568423668568032
lonestar,Affiliate,210,178,0.9281846034782096,0.2905157670157932,0.6585323414664878
lonestar,Affiliate,210,179,0.9296132791750947,0.2905157670157932,0.6595459643474754
lonestar,Affiliate,210,180,0.9315919257615325,0.2905157670157932,0.660949782903201
lonestar,Affiliate,210,181,0.9338132479968265,0.2905157670157932,0.6625257760055193
lonestar,Affiliate,210,182,0.936057317708843,0.2905157670157932,0.6641179080839125
lonestar,Affiliate,210,183,0.9384417136091444,0.2905157670157932,0.6658095993803685
lonestar,Affiliate,210,184,0.9406281448148422,0.2905157670157932,0.6673608378473158
lonestar,Affiliate,210,185,0.9429255687133753,0.2905157670157932,0.6689908238798061
lonestar,Affiliate,210,186,0.9463888697209895,0.2905157670157932,0.6714479813387867
lonestar,Affiliate,210,187,0.9510759961285157,0.2905157670157932,0.6747734236229304
lonestar,Affiliate,210,188,0.9529487364394299,0.2905157670157932,0.676102103345998
lonestar,Affiliate,210,189,0.9550131279746342,0.2905157670157932,0.6775667565909315
lonestar,Affiliate,210,190,0.9565628002135839,0.2905157670157932,0.6786662246107596
lonestar,Affiliate,210,191,0.9596721507312238,0.2905157670157932,0.6808722597778465
lonestar,Affiliate,210,192,0.9624378108219298,0.2905157670157932,0.682834452005996
lonestar,Affiliate,210,193,0.965074727567258,0.2905157670157932,0.6847053028604984
lonestar,Affiliate,210,194,0.9675337412629855,0.2905157670157932,0.6864499343063093
lonestar,Affiliate,210,195,0.9695697504031495,0.2905157670157932,0.6878944506894674
lonestar,Affiliate,210,196,0.9723954905668062,0.2905157670157932,0.689899268782092
lonestar,Affiliate,210,197,0.9749583378352946,0.2905157670157932,0.6917175685106312
lonestar,Affiliate,210,198,0.9775960961412284,0.2905157670157932,0.6935890164391144
lonestar,Affiliate,210,199,0.9790370495056617,0.2905157670157932,0.6946113501316453
lonestar,Affiliate,210,200,0.9807518430852437,0.2905157670157932,0.6958279691391812
lonestar,Affiliate,210,201,0.9820528203178907,0.2905157670157932,0.6967509919732158
lonestar,Affiliate,210,202,0.983426268539295,0.2905157670157932,0.6977254318311223
lonestar,Affiliate,210,203,0.9857221001454359,0.2905157670157932,0.6993542881572661
lonestar,Affiliate,210,204,0.9880772175370386,0.2905157670157932,0.701025206813435
lonestar,Affiliate,210,205,0.9905471139626755,0.2905157670157932,0.7027775593845285
lonestar,Affiliate,210,206,0.9926338534145388,0.2905157670157932,0.7042580681239716
lonestar,Affiliate,210,207,0.9944464087904449,0.2905157670157932,0.7055440475845878
lonestar,Affiliate,210,208,0.9957399016292804,0.2905157670157932,0.7064617603592196
lonestar,Affiliate,210,209,0.9977751586126488,0.2905157670157932,0.7079057430989905
lonestar,Affiliate,210,210,1.0,0.2905157670157932,0.7094842329842068
lonestar,Affiliate,240,1,0.16798933164753505,0.23834390731762614,0.127950097954985
lonestar,Affiliate,240,2,0.21500094797868247,0.23834390731762614,0.16375678196044963
lonestar,Affiliate,240,3,0.24799135994768917,0.23834390731762614,0.18888413023674508
lonestar,Affiliate,240,4,0.2678247818078027,0.23834390731762614,0.20399037683524035
lonestar,Affiliate,240,5,0.28162763404170466,0.23834390731762614,0.21450340333558626
lonestar,Affiliate,240,6,0.2925155259716917,0.23834390731762614,0.2227962325605282
lonestar,Affiliate,240,7,0.3047650855681158,0.23834390731762614,0.23212618425982043
lonestar,Affiliate,240,8,0.31789335456917295,0.23834390731762614,0.24212541033084872
lonestar,Affiliate,240,9,0.32753796219685427,0.23834390731762614,0.24947128449200312
lonestar,Affiliate,240,10,0.33970229034067967,0.23834390731762614,0.2587363191361354
lonestar,Affiliate,240,11,0.3464732059434276,0.23834390731762614,0.26389342825800655
lonestar,Affiliate,240,12,0.3534312741010499,0.23834390731762614,0.2691930832635588
lonestar,Affiliate,240,13,0.36198807398352817,0.23834390731762614,0.2757104220279121
lonestar,Affiliate,240,14,0.36874993085041746,0.23834390731762614,0.28086063150842455
lonestar,Affiliate,240,15,0.3767188110821829,0.23834390731762614,0.2869301776888048
lonestar,Affiliate,240,16,0.38485598932931847,0.23834390731762614,0.2931279090779781
lonestar,Affiliate,240,17,0.39201384547297397,0.23834390731762614,0.29857973382033726
lonestar,Affiliate,240,18,0.40042467279955724,0.23834390731762614,0.3049858916981288
lonestar,Affiliate,240,19,0.40686428339181224,0.23834390731762614,0.3098906603402218
lonestar,Affiliate,240,20,0.4133589967812912,0.23834390731762614,0.3148373983635442
lonestar,Affiliate,240,21,0.419505119150922,0.23834390731762614,0.31951862991274493
lonestar,Affiliate,240,22,0.42614144416679933,0.23834390731762614,0.32457322729410837
lonestar,Affiliate,240,23,0.4320560753904464,0.23834390731762614,0.32907814220156856
lonestar,Affiliate,240,24,0.43982171949151944,0.23834390731762614,0.33499289234475377
lonestar,Affiliate,240,25,0.4456760256129698,0.23834390731762614,0.33945186027058416
lonestar,Affiliate,240,26,0.4504781045294789,0.23834390731762614,0.3431093929348849
lonestar,Affiliate,240,27,0.4533600099096311,0.23834390731762614,0.34530441372621196
lonestar,Affiliate,240,28,0.4572044374242554,0.23834390731762614,0.34823254536560133
lonestar,Affiliate,240,29,0.4615785226584078,0.23834390731762614,0.3515640940341055
lonestar,Affiliate,240,30,0.4661923036526218,0.23834390731762614,0.35507820843865073
lonestar,Affiliate,240,31,0.4696226575222543,0.23834390731762614,0.35769095836351283
lonestar,Affiliate,240,32,0.4741520442183426,0.23834390731762614,0.361140793336703
lonestar,Affiliate,240,33,0.481338878871006,0.23834390731762614,0.3666146897370049
lonestar,Affiliate,240,34,0.4851946926828667,0.23834390731762614,0.36955149381905744
lonestar,Affiliate,240,35,0.4883594323152845,0.23834390731762614,0.37196193704184183
lonestar,Affiliate,240,36,0.4914915475820565,0.23834390731762614,0.3743475317177622
lonestar,Affiliate,240,37,0.49429893976561035,0.23834390731762614,0.3764857990789149
lonestar,Affiliate,240,38,0.4963926516251674,0.23834390731762614,0.37808048747306783
lonestar,Affiliate,240,39,0.4991508571062386,0.23834390731762614,0.3801812914825956
lonestar,Affiliate,240,40,0.5018358457866525,0.23834390731762614,0.3822263294698161
lonestar,Affiliate,240,41,0.506459398665774,0.23834390731762614,0.3857478866900381
lonestar,Affiliate,240,42,0.5100543418841649,0.23834390731762614,0.3884859970951727
lonestar,Affiliate,240,43,0.5149052672814639,0.23834390731762614,0.3921807339791732
lonestar,Affiliate,240,44,0.5173419720045119,0.23834390731762614,0.39403666497755063
lonestar,Affiliate,240,45,0.5192907234070072,0.23834390731762614,0.3955209433563845
lonestar,Affiliate,240,46,0.522197029279414,0.23834390731762614,0.39773454893130167
lonestar,Affiliate,240,47,0.5234593991261751,0.23834390731762614,0.39869604061630576
lonestar,Affiliate,240,48,0.525686352553836,0.23834390731762614,0.4003922132626036
lonestar,Affiliate,240,49,0.5284199464573847,0.23834390731762614,0.40247427171416084
lonestar,Affiliate,240,50,0.5311586761746231,0.23834390731762614,0.40456024188950573
lonestar,Affiliate,240,51,0.5336662736780967,0.23834390731762614,0.40647016880602155
lonestar,Affiliate,240,52,0.5364265389322015,0.23834390731762614,0.4085725416542299
lonestar,Affiliate,240,53,0.5383344602804733,0.23834390731762614,0.41002572157349987
lonestar,Affiliate,240,54,0.5406498552127595,0.23834390731762614,0.4117892562306416
lonestar,Affiliate,240,55,0.5427674916071233,0.23834390731762614,0.4134021668924947
lonestar,Affiliate,240,56,0.5461519287317194,0.23834390731762614,0.4159799440487437
lonestar,Affiliate,240,57,0.5487467955663489,0.23834390731762614,0.4179563401830387
lonestar,Affiliate,240,58,0.5505371313154637,0.23834390731762614,0.419319960314299
lonestar,Affiliate,240,59,0.5541321613966516,0.23834390731762614,0.4220581368790122
lonestar,Affiliate,240,60,0.5561665149337477,0.23834390731762614,0.4236076146452114
lonestar,Affiliate,240,61,0.5595159060796476,0.23834390731762614,0.4261586988182625
lonestar,Affiliate,240,62,0.5630362734428355,0.23834390731762614,0.4288400080689147
lonestar,Affiliate,240,63,0.5663966873618752,0.23834390731762614,0.43139948780428594
lonestar,Affiliate,240,64,0.5714087388960168,0.23834390731762614,0.435216947392103
lonestar,Affiliate,240,65,0.5761616507592603,0.23834390731762614,0.4388370316707247
lonestar,Affiliate,240,66,0.5791979640551941,0.23834390731762614,0.44114965819186513
lonestar,Affiliate,240,67,0.5827035358006345,0.23834390731762614,0.443819698270115
lonestar,Affiliate,240,68,0.5864966362232106,0.23834390731762614,0.4467087363171262
lonestar,Affiliate,240,69,0.5905762794539801,0.23834390731762614,0.4498160214398122
lonestar,Affiliate,240,70,0.5946199195093232,0.23834390731762614,0.4528958845245788
lonestar,Affiliate,240,71,0.599610207152358,0.23834390731762614,0.4566967675121338
lonestar,Affiliate,240,72,0.6027905578725569,0.23834390731762614,0.45911910101504005
lonestar,Affiliate,240,73,0.6069361443601816,0.23834390731762614,0.46227661222108113
lonestar,Affiliate,240,74,0.6110622066992651,0.23834390731762614,0.4654192527404314
lonestar,Affiliate,240,75,0.6142516886134474,0.23834390731762614,0.46784854107286855
lonestar,Affiliate,240,76,0.6169328979831091,0.23834390731762614,0.46989070052502846
lonestar,Affiliate,240,77,0.6196015623979835,0.23834390731762614,0.47192330503594215
lonestar,Affiliate,240,78,0.6217596750151785,0.23834390731762614,0.47356704465952343
lonestar,Affiliate,240,79,0.6253712542145836,0.23834390731762614,0.4763178259609553
lonestar,Affiliate,240,80,0.6308507782208063,0.23834390731762614,0.4804913388052941
lonestar,Affiliate,240,81,0.6334806435359329,0.23834390731762614,0.48249439174549436
lonestar,Affiliate,240,82,0.6351210839549281,0.23834390731762614,0.48374384318530445
lonestar,Affiliate,240,83,0.6378698540131997,0.23834390731762614,0.48583746064756994
lonestar,Affiliate,240,84,0.6408100833086017,0.23834390731762614,0.48807690420429606
lonestar,Affiliate,240,85,0.6437332188499145,0.23834390731762614,0.49030332819907335
lonestar,Affiliate,240,86,0.6468940484929331,0.23834390731762614,0.4927107933546095
lonestar,Affiliate,240,87,0.6491122763648105,0.23834390731762614,0.4944003201281828
lonestar,Affiliate,240,88,0.651554534991127,0.23834390731762614,0.4962604812908229
lonestar,Affiliate,240,89,0.6530263425274747,0.23834390731762614,0.4973814924681379
lonestar,Affiliate,240,90,0.6556479094803664,0.23834390731762614,0.4993782249101827
lonestar,Affiliate,240,91,0.6582972053635474,0.23834390731762614,0.5013960772609258
lonestar,Affiliate,240,92,0.6612215052982223,0.23834390731762614,0.5036233881230016
lonestar,Affiliate,240,93,0.6651101564932489,0.23834390731762614,0.5065852029980101
lonestar,Affiliate,240,94,0.6692512545013889,0.23834390731762614,0.5097392955263048
lonestar,Affiliate,240,95,0.6716910679801736,0.23834390731762614,0.5115975943274298
lonestar,Affiliate,240,96,0.6745937019498389,0.23834390731762614,0.5138084031752522
lonestar,Affiliate,240,97,0.6773856803194381,0.23834390731762614,0.5159349305110948
lonestar,Affiliate,240,98,0.6798702153819739,0.23834390731762614,0.5178272917789583
lonestar,Affiliate,240,99,0.6827253905711427,0.23834390731762614,0.5200019533574641
lonestar,Affiliate,240,100,0.6855660689083667,0.23834390731762614,0.5221655733203616
lonestar,Affiliate,240,101,0.6887137875793911,0.23834390731762614,0.5245630524241974
lonestar,Affiliate,240,102,0.6916348423567703,0.23834390731762614,0.5267878915924473
lonestar,Affiliate,240,103,0.6942706786013386,0.23834390731762614,0.5287954923274358
lonestar,Affiliate,240,104,0.6978040416587875,0.23834390731762614,0.5314866998278005
lonestar,Affiliate,240,105,0.7007670427129713,0.23834390731762614,0.5337434876333439
lonestar,Affiliate,240,106,0.7029950155870868,0.23834390731762614,0.5354404367472451
lonestar,Affiliate,240,107,0.706226942221007,0.23834390731762614,0.5379020533590728
lonestar,Affiliate,240,108,0.7085151176320057,0.23834390731762614,0.539644856101986
lonestar,Affiliate,240,109,0.7108528257764197,0.23834390731762614,0.5414253857530921
lonestar,Affiliate,240,110,0.713442624477263,0.23834390731762614,0.5433979217124103
lonestar,Affiliate,240,111,0.71749126219015,0.23834390731762614,0.5464815912934944
lonestar,Affiliate,240,112,0.7203094141614146,0.23834390731762614,0.5486280539125128
lonestar,Affiliate,240,113,0.7233447916455612,0.23834390731762614,0.550939967666904
lonestar,Affiliate,240,114,0.7273644922408374,0.23834390731762614,0.5540015971160551
lonestar,Affiliate,240,115,0.7305806352508313,0.23834390731762614,0.5564511920345547
lonestar,Affiliate,240,116,0.7329998184514253,0.23834390731762614,0.558293777658602
lonestar,Affiliate,240,117,0.7345037469896283,0.23834390731762614,0.5594392539926832
lonestar,Affiliate,240,118,0.7368071801669477,0.23834390731762614,0.5611936779062753
lonestar,Affiliate,240,119,0.7382928547874805,0.23834390731762614,0.5623252510327477
lonestar,Affiliate,240,120,0.7403145065088873,0.23834390731762614,0.563865054383639
lonestar,Affiliate,240,121,0.7429776484289707,0.23834390731762614,0.5658934526527484
lonestar,Affiliate,240,122,0.7462042203861878,0.23834390731762614,0.5683509908424408
lonestar,Affiliate,240,123,0.7499688913863198,0.23834390731762614,0.571218375446636
lonestar,Affiliate,240,124,0.7522678177472246,0.23834390731762614,0.5729693667160473
lonestar,Affiliate,240,125,0.7546881312772429,0.23834390731762614,0.5748128132623872
lonestar,Affiliate,240,126,0.7575808333008481,0.23834390731762614,0.5770160573829808
lonestar,Affiliate,240,127,0.7600160434522276,0.23834390731762614,0.578870850031741
lonestar,Affiliate,240,128,0.76370935047091,0.23834390731762614,0.5816838798246671
lonestar,Affiliate,240,129,0.7660659989700154,0.23834390731762614,0.5834788355123214
lonestar,Affiliate,240,130,0.7678859809856408,0.23834390731762614,0.5848650359030948
lonestar,Affiliate,240,131,0.7705883476368274,0.23834390731762614,0.5869233099276328
lonestar,Affiliate,240,132,0.7727779880319756,0.23834390731762614,0.5885910628753809
lonestar,Affiliate,240,133,0.7747210827658982,0.23834390731762614,0.590071032818132
lonestar,Affiliate,240,134,0.777369283276822,0.23834390731762614,0.5920880508719217
lonestar,Affiliate,240,135,0.7800371758147471,0.23834390731762614,0.5941200674780541
lonestar,Affiliate,240,136,0.7816418072537002,0.23834390731762614,0.5953422447900425
lonestar,Affiliate,240,137,0.7846401402429609,0.23834390731762614,0.5976259433792035
lonestar,Affiliate,240,138,0.787020018494327,0.23834390731762614,0.5994385921491987
lonestar,Affiliate,240,139,0.790984630212715,0.23834390731762614,0.6024582628196289
lonestar,Affiliate,240,140,0.7937172477826621,0.23834390731762614,0.60453957764075
lonestar,Affiliate,240,141,0.7984956203836392,0.23834390731762614,0.6081790542453908
lonestar,Affiliate,240,142,0.800846506139605,0.23834390731762614,0.6099696207046222
lonestar,Affiliate,240,143,0.8034302835240229,0.23834390731762614,0.6119375704915991
lonestar,Affiliate,240,144,0.8055841004603002,0.23834390731762614,0.6135780382836372
lonestar,Affiliate,240,145,0.8087091394773526,0.23834390731762614,0.6159582432908453
lonestar,Affiliate,240,146,0.8119342514312898,0.23834390731762614,0.6184146694601443
lonestar,Affiliate,240,147,0.8140811175288227,0.23834390731762614,0.6200498431035035
lonestar,Affiliate,240,148,0.81689944951798,0.23834390731762614,0.6221964428342468
lonestar,Affiliate,240,149,0.8185435448116928,0.23834390731762614,0.6234486780316535
lonestar,Affiliate,240,150,0.8197553623937025,0.23834390731762614,0.6243716662762109
lonestar,Affiliate,240,151,0.822061503096931,0.23834390731762614,0.6261281523934077
lonestar,Affiliate,240,152,0.8235772831415774,0.23834390731762614,0.627282655499579
lonestar,Affiliate,240,153,0.8250710247104871,0.23834390731762614,0.6284203728664319
lonestar,Affiliate,240,154,0.8270074676757081,0.23834390731762614,0.6298952764490244
lonestar,Affiliate,240,155,0.829123508891922,0.23834390731762614,0.6315069721337208
lonestar,Affiliate,240,156,0.8308634129580562,0.23834390731762614,0.6328321806663747
lonestar,Affiliate,240,157,0.8324500501259193,0.23834390731762614,0.634040652532154
lonestar,Affiliate,240,158,0.8349057721266746,0.23834390731762614,0.6359110681559634
lonestar,Affiliate,240,159,0.8370608461300959,0.23834390731762614,0.6375524934008506
lonestar,Affiliate,240,160,0.8388846422825539,0.23834390731762614,0.6389415988521809
lonestar,Affiliate,240,161,0.8403227800065739,0.23834390731762614,0.6400369652117971
lonestar,Affiliate,240,162,0.8421409918192112,0.23834390731762614,0.6414218173166794
lonestar,Affiliate,240,163,0.8441290868582269,0.23834390731762614,0.6429360620159773
lonestar,Affiliate,240,164,0.8460801582024803,0.23834390731762614,0.6444221073925859
lonestar,Affiliate,240,165,0.8479628669119412,0.23834390731762614,0.645856083951893
lonestar,Affiliate,240,166,0.8498275662349543,0.23834390731762614,0.6472763435522866
lonestar,Affiliate,240,167,0.8519032012678817,0.23834390731762614,0.6488572636213007
lonestar,Affiliate,240,168,0.8536998043411069,0.23834390731762614,0.6502256572981546
lonestar,Affiliate,240,169,0.8557616285672855,0.23834390731762614,0.6517960582820637
lonestar,Affiliate,240,170,0.8580898218275206,0.23834390731762614,0.6535693408636637
lonestar,Affiliate,240,171,0.859821845963351,0.23834390731762614,0.6548885475993919
lonestar,Affiliate,240,172,0.8613112534203362,0.23834390731762614,0.6560229638634912
lonestar,Affiliate,240,173,0.8634853378468432,0.23834390731762614,0.6576788685129461
lonestar,Affiliate,240,174,0.864955595914061,0.23834390731762614,0.658798699527658
lonestar,Affiliate,240,175,0.8669486537421973,0.23834390731762614,0.6603167241655263
lonestar,Affiliate,240,176,0.8692372121765293,0.23834390731762614,0.6620598186404949
lonestar,Affiliate,240,177,0.8711653205538494,0.23834390731762614,0.6635283741334327
lonestar,Affiliate,240,178,0.8734067217588584,0.23834390731762614,0.6652355510173734
lonestar,Affiliate,240,179,0.8747510825166182,0.23834390731762614,0.6662594915792842
lonestar,Affiliate,240,180,0.876612956999457,0.23834390731762614,0.6676775996229483
lonestar,Affiliate,240,181,0.8787031853486754,0.23834390731762614,0.6692696347802279
lonestar,Affiliate,240,182,0.8808148187061197,0.23834390731762614,0.6708779731924366
lonestar,Affiliate,240,183,0.8830584967404821,0.23834390731762614,0.6725868842373264
lonestar,Affiliate,240,184,0.885115893194338,0.23834390731762614,0.6741539127814689
lonestar,Affiliate,240,185,0.887277731979628,0.23834390731762614,0.6758004904636821
lonestar,Affiliate,240,186,0.8905366422957325,0.23834390731762614,0.6782826593614485
lonestar,Affiliate,240,187,0.8949471525484626,0.23834390731762614,0.6816419513672785
lonestar,Affiliate,240,188,0.8967093709364125,0.23834390731762614,0.6829841557390973
lonestar,Affiliate,240,189,0.898651930031266,0.23834390731762614,0.6844637177090881
lonestar,Affiliate,240,190,0.9001101465810231,0.23834390731762614,0.6855743772286609
lonestar,Affiliate,240,191,0.9030359952023365,0.23834390731762614,0.6878028676573505
lonestar,Affiliate,240,192,0.9056384366824807,0.23834390731762614,0.6897850330665517
lonestar,Affiliate,240,193,0.9081197327538201,0.23834390731762614,0.6916749273370362
lonestar,Affiliate,240,194,0.9104336249286065,0.23834390731762614,0.6934373174097723
lonestar,Affiliate,240,195,0.9123494766481006,0.23834390731762614,0.694896537544601
lonestar,Affiliate,240,196,0.9150084525066026,0.23834390731762614,0.6969217627075244
lonestar,Affiliate,240,197,0.9174200503964522,0.23834390731762614,0.6987585709334283
lonestar,Affiliate,240,198,0.9199021383627304,0.23834390731762614,0.7006490683555177
lonestar,Affiliate,240,199,0.9212580522073696,0.23834390731762614,0.7016818083964395
lonestar,Affiliate,240,200,0.9228716452719641,0.23834390731762614,0.702910811385198
lonestar,Affiliate,240,201,0.9240958438371968,0.23834390731762614,0.7038432296810605
lonestar,Affiliate,240,202,0.925388236432449,0.23834390731762614,0.704827588375372
lonestar,Affiliate,240,203,0.9275485768963134,0.23834390731762614,0.7064730248519425
lonestar,Affiliate,240,204,0.9297647043268361,0.23834390731762614,0.7081609518115607
lonestar,Affiliate,240,205,0.932088836974712,0.23834390731762614,0.7099311416030173
lonestar,Affiliate,240,206,0.9340524250982244,0.23834390731762614,0.7114267204608092
lonestar,Affiliate,240,207,0.935758010434314,0.23834390731762614,0.7127257899236316
lonestar,Affiliate,240,208,0.9369751663058424,0.23834390731762614,0.7136528441089254
lonestar,Affiliate,240,209,0.9388903102579391,0.23834390731762614,0.7151115251684037
lonestar,Affiliate,240,210,0.9409838500724094,0.23834390731762614,0.7167060825233681
lonestar,Affiliate,240,211,0.9428430949752432,0.23834390731762614,0.7181221877314001
lonestar,Affiliate,240,212,0.9444265933503481,0.23834390731762614,0.7193282689165513
lonestar,Affiliate,240,213,0.9466703151100437,0.23834390731762614,0.7210372132651076
lonestar,Affiliate,240,214,0.948568300658298,0.23834390731762614,0.7224828255217586
lonestar,Affiliate,240,215,0.9505698686064286,0.23834390731762614,0.72400733194437
lonestar,Affiliate,240,216,0.9524653005952102,0.23834390731762614,0.7254509992668905
lonestar,Affiliate,240,217,0.9540674609426236,0.23834390731762614,0.7266712944569521
lonestar,Affiliate,240,218,0.9560665773570598,0.23834390731762614,0.7281939336539888
lonestar,Affiliate,240,219,0.9600394903028535,0.23834390731762614,0.7312199270048492
lonestar,Affiliate,240,220,0.9622560848656884,0.23834390731762614,0.732908209758639
lonestar,Affiliate,240,221,0.9650990564900161,0.23834390731762614,0.7350735764176314
lonestar,Affiliate,240,222,0.9668124429211435,0.23834390731762614,0.7363785876320188
lonestar,Affiliate,240,223,0.9681413892246894,0.23834390731762614,0.7373907876809622
lonestar,Affiliate,240,224,0.9695406348747592,0.23834390731762614,0.7384565316554972
lonestar,Affiliate,240,225,0.9711831167424475,0.23834390731762614,0.7397075379771423
lonestar,Affiliate,240,226,0.9725090554135086,0.23834390731762614,0.7407174472444792
lonestar,Affiliate,240,227,0.9737871060993953,0.23834390731762614,0.7416908823361417
lonestar,Affiliate,240,228,0.9762553012446324,0.23834390731762614,0.7435707982064406
lonestar,Affiliate,240,229,0.9779300981159416,0.23834390731762614,0.7448464174474786
lonestar,Affiliate,240,230,0.9801038720516441,0.23834390731762614,0.7465020856097205
lonestar,Affiliate,240,231,0.983773873377559,0.23834390731762614,0.749297364479756
lonestar,Affiliate,240,232,0.9851874725970828,0.23834390731762614,0.7503740409379174
lonestar,Affiliate,240,233,0.9868861056051565,0.23834390731762614,0.7516678151177482
lonestar,Affiliate,240,234,0.988761695037627,0.23834390731762614,0.7530963692363599
lonestar,Affiliate,240,235,0.9903339978617591,0.23834390731762614,0.7542939232619019
lonestar,Affiliate,240,236,0.9921378136169131,0.23834390731762614,0.7556678105218914
lonestar,Affiliate,240,237,0.9937037036836442,0.23834390731762614,0.756860480231688
lonestar,Affiliate,240,238,0.9955014095522068,0.23834390731762614,0.7582297138593295
lonestar,Affiliate,240,239,0.9976775405748834,0.23834390731762614,0.7598871773112262
lonestar,Affiliate,240,240,1.0,0.23834390731762614,0.7616560926823739
lonestar,Affiliate,270,1,0.16036215748952265,0.176339410488308,0.132083989173187
lonestar,Affiliate,270,2,0.20523931812821194,0.176339410488308,0.16904753776046075
lonestar,Affiliate,270,3,0.23673187535153675,0.176339410488308,0.19498671600825515
lonestar,Affiliate,270,4,0.2556648057269065,0.176339410488308,0.21058102460241598
lonestar,Affiliate,270,5,0.26884097079661295,0.176339410488308,0.22143371249123378
lonestar,Affiliate,270,6,0.27923452271614113,0.176339410488308,0.22999447159239275
lonestar,Affiliate,270,7,0.29092791887358616,0.176339410488308,0.23962586116482767
lonestar,Affiliate,270,8,0.3034601286303909,0.176339410488308,0.24994814844100163
lonestar,Affiliate,270,9,0.31266684474829254,0.176339410488308,0.2575313576661393
lonestar,Affiliate,270,10,0.3242788791937131,0.176339410488308,0.2670957328028845
lonestar,Affiliate,270,11,0.3307423767479167,0.176339410488308,0.2724194610086872
lonestar,Affiliate,270,12,0.33738452962019894,0.176339410488308,0.27789034055909795
lonestar,Affiliate,270,13,0.34555282743353477,0.176339410488308,0.2846182455513372
lonestar,Affiliate,270,14,0.35200767754321216,0.176339410488308,0.2899348511978837
lonestar,Affiliate,270,15,0.35961474886261435,0.176339410488308,0.29620049604528
lonestar,Affiliate,270,16,0.36738247700814514,0.176339410488308,0.30259846758879444
lonestar,Affiliate,270,17,0.374215346946604,0.176339410488308,0.3082264332703622
lonestar,Affiliate,270,18,0.38224429975649227,0.176339410488308,0.3148395652749163
lonestar,Affiliate,270,19,0.38839153445192565,0.176339410488308,0.3199028002280237
lonestar,Affiliate,270,20,0.39459137012719436,0.176339410488308,0.32500936053519114
lonestar,Affiliate,270,21,0.40045844176634193,0.176339410488308,0.32984183622019875
lonestar,Affiliate,270,22,0.4067934595136633,0.176339410488308,0.33505974067252453
lonestar,Affiliate,270,23,0.4124395503366745,0.176339410488308,0.33971020316824246
lonestar,Affiliate,270,24,0.41985261300041976,0.176339410488308,0.34581605073195
lonestar,Affiliate,270,25,0.4254411176455222,0.176339410488308,0.3504190817624239
lonestar,Affiliate,270,26,0.430025169072681,0.176339410488308,0.35419478426326945
lonestar,Affiliate,270,27,0.43277622808285393,0.176339410488308,0.35646072314936994
lonestar,Affiliate,270,28,0.43644610809553674,0.176339410488308,0.3594834586840534
lonestar,Affiliate,270,29,0.4406215979216613,0.176339410488308,0.36292264509573924
lonestar,Affiliate,270,30,0.4450259006661277,0.176339410488308,0.3665502956906344
lonestar,Affiliate,270,31,0.448300507107452,0.176339410488308,0.36924745996251435
lonestar,Affiliate,270,32,0.452624247285269,0.176339410488308,0.37280875434627053
lonestar,Affiliate,270,33,0.45948478002933435,0.176339410488308,0.37845950479061163
lonestar,Affiliate,270,34,0.4631655293702818,0.176339410488308,0.3814911929626212
lonestar,Affiliate,270,35,0.4661865811857146,0.176339410488308,0.38397951428186594
lonestar,Affiliate,270,36,0.46917648987074506,0.176339410488308,0.38644218423196425
lonestar,Affiliate,270,37,0.47185641878681756,0.176339410488308,0.38864953606282593
lonestar,Affiliate,270,38,0.47385507041348407,0.176339410488308,0.3902957466398746
lonestar,Affiliate,270,39,0.47648804583761417,0.176339410488308,0.3924644247298834
lonestar,Affiliate,270,40,0.4790511287036709,0.176339410488308,0.394575535074307
lonestar,Affiliate,270,41,0.4834647596627992,0.176339410488308,0.3982108689519897
lonestar,Affiliate,270,42,0.48689648264722685,0.176339410488308,0.40103744392838414
lonestar,Affiliate,270,43,0.4915271627916288,0.176339410488308,0.40485155266596234
lonestar,Affiliate,270,44,0.49385323446963714,0.176339410488308,0.40676744623551714
lonestar,Affiliate,270,45,0.49571350723963997,0.176339410488308,0.4082996796019102
lonestar,Affiliate,270,46,0.4984878588931217,0.176339410488308,0.41058480372032974
lonestar,Affiliate,270,47,0.4996929137033942,0.176339410488308,0.41157735987575267
lonestar,Affiliate,270,48,0.5018187573673102,0.176339410488308,0.4133283335211834
lonestar,Affiliate,270,49,0.5044282386467108,0.176339410488308,0.41547766041009426
lonestar,Affiliate,270,50,0.5070426225598422,0.176339410488308,0.417631025405194
lonestar,Affiliate,270,51,0.5094363682925539,0.176339410488308,0.41960265942654035
lonestar,Affiliate,270,52,0.5120713099704001,0.176339410488308,0.42177295704224405
lonestar,Affiliate,270,53,0.5138926064820805,0.176339410488308,0.4232730872007303
lonestar,Affiliate,270,54,0.5161028761649242,0.176339410488308,0.42509359923068124
lonestar,Affiliate,270,55,0.518124366087219,0.176339410488308,0.4267586208117705
lonestar,Affiliate,270,56,0.5213551405290542,0.176339410488308,0.4294196823931118
lonestar,Affiliate,270,57,0.5238321933270991,0.176339410488308,0.431459933161001
lonestar,Affiliate,270,58,0.5255412429467561,0.176339410488308,0.4328676099782324
lonestar,Affiliate,270,59,0.5289730488501727,0.176339410488308,0.4356942532517303
lonestar,Affiliate,270,60,0.5309150371842276,0.176339410488308,0.4372937925077828
lonestar,Affiliate,270,61,0.5341123568304522,0.176339410488308,0.43992729869244945
lonestar,Affiliate,270,62,0.5374728899070464,0.176339410488308,0.4426952373473906
lonestar,Affiliate,270,63,0.5406807318624254,0.176339410488308,0.44533741034341834
lonestar,Affiliate,270,64,0.5454652225772881,0.176339410488308,0.4492782067861354
lonestar,Affiliate,270,65,0.5500023392695936,0.176339410488308,0.4530152509956031
lonestar,Affiliate,270,66,0.5529007956547388,0.176339410488308,0.45540259529046573
lonestar,Affiliate,270,67,0.5562472048750137,0.176339410488308,0.45815890068158466
lonestar,Affiliate,270,68,0.5598680881857169,0.176339410488308,0.4611412795638315
lonestar,Affiliate,270,69,0.5637625044790464,0.176339410488308,0.4643489567837992
lonestar,Affiliate,270,70,0.5676225522393793,0.176339410488308,0.46752832599761834
lonestar,Affiliate,270,71,0.5723862672031926,0.176339410488308,0.4714520102729785
lonestar,Affiliate,270,72,0.5754222213204131,0.176339410488308,0.4739526060308987
lonestar,Affiliate,270,73,0.5793795868667547,0.176339410488308,0.47721213206971175
lonestar,Affiliate,270,74,0.5833183147141872,0.176339410488308,0.48045630697045405
lonestar,Affiliate,270,75,0.5863629854442618,0.176339410488308,0.48296408225885634
lonestar,Affiliate,270,76,0.5889224605905897,0.176339410488308,0.4850722210667213
lonestar,Affiliate,270,77,0.591469960357317,0.176339410488308,0.4871704962263648
lonestar,Affiliate,270,78,0.5935300887714526,0.176339410488308,0.48886734281042155
lonestar,Affiliate,270,79,0.5969776924179512,0.176339410488308,0.49170699806229917
lonestar,Affiliate,270,80,0.6022084310787678,0.176339410488308,0.49601535135124897
lonestar,Affiliate,270,81,0.604718893330772,0.176339410488308,0.49808312016968165
lonestar,Affiliate,270,82,0.6062848532774133,0.176339410488308,0.4993729396624839
lonestar,Affiliate,270,83,0.6089088216726916,0.176339410488308,0.5015341990177988
lonestar,Affiliate,270,84,0.6117155565331757,0.176339410488308,0.5038459959075882
lonestar,Affiliate,270,85,0.614505973742661,0.176339410488308,0.5061443525913365
lonestar,Affiliate,270,86,0.617523293092885,0.176339410488308,0.508629599626087
lonestar,Affiliate,270,87,0.6196408073650651,0.176339410488308,0.5103737126798102
lonestar,Affiliate,270,88,0.6219721807839751,0.176339410488308,0.5122939730844016
lonestar,Affiliate,270,89,0.6233771642410988,0.176339410488308,0.5134512025869502
lonestar,Affiliate,270,90,0.6258797048991628,0.176339410488308,0.5155124467006482
lonestar,Affiliate,270,91,0.628408715518399,0.176339410488308,0.5175954930781697
lonestar,Affiliate,270,92,0.6312002442546099,0.176339410488308,0.5198947652826759
lonestar,Affiliate,270,93,0.6349123400719028,0.176339410488308,0.5229522723118712
lonestar,Affiliate,270,94,0.638865420927979,0.176339410488308,0.5262082692201745
lonestar,Affiliate,270,95,0.6411944602157288,0.176339410488308,0.5281266070929183
lonestar,Affiliate,270,96,0.6439653066808754,0.176339410488308,0.5304088441258473
lonestar,Affiliate,270,97,0.6466305216122163,0.176339410488308,0.532604076627371
lonestar,Affiliate,270,98,0.6490022520017541,0.176339410488308,0.5345575774781804
lonestar,Affiliate,270,99,0.6517277944445702,0.176339410488308,0.5368024993733694
lonestar,Affiliate,270,100,0.6544394982320867,0.176339410488308,0.5390360229135764
lonestar,Affiliate,270,101,0.6574443018842294,0.176339410488308,0.5415109612610672
lonestar,Affiliate,270,102,0.6602327328021429,0.176339410488308,0.5438076819147284
lonestar,Affiliate,270,103,0.6627488948870955,0.176339410488308,0.5458801454609274
lonestar,Affiliate,270,104,0.6661218336179616,0.176339410488308,0.5486583021643795
lonestar,Affiliate,270,105,0.6689503063372269,0.176339410488308,0.5509880036717472
lonestar,Affiliate,270,106,0.6710771231619458,0.176339410488308,0.5527397788713786
lonestar,Affiliate,270,107,0.6741623115056361,0.176339410488308,0.5552809269212972
lonestar,Affiliate,270,108,0.6763465975077503,0.176339410488308,0.5570800372174607
lonestar,Affiliate,270,109,0.6785781673219907,0.176339410488308,0.5589180933261945
lonestar,Affiliate,270,110,0.6810503820933559,0.176339410488308,0.5609543592021766
lonestar,Affiliate,270,111,0.6849152006039397,0.176339410488308,0.5641376578949597
lonestar,Affiliate,270,112,0.6876054007839937,0.176339410488308,0.5663534697611674
lonestar,Affiliate,270,113,0.690502963845761,0.176339410488308,0.5687400782607701
lonestar,Affiliate,270,114,0.6943401590628531,0.176339410488308,0.5719006247353515
lonestar,Affiliate,270,115,0.6974102804022222,0.176339410488308,0.5744293626876087
lonestar,Affiliate,270,116,0.6997196260827183,0.176339410488308,0.5763314797121925
lonestar,Affiliate,270,117,0.7011552721605437,0.176339410488308,0.5775139648069842
lonestar,Affiliate,270,118,0.7033541231847439,0.176339410488308,0.5793250717378253
lonestar,Affiliate,270,119,0.7047723441225826,0.176339410488308,0.5804932044315434
lonestar,Affiliate,270,120,0.706702207338048,0.176339410488308,0.5820827567052705
lonestar,Affiliate,270,121,0.7092444353463206,0.176339410488308,0.5841766897252375
lonestar,Affiliate,270,122,0.712324512130245,0.176339410488308,0.5867136275848259
lonestar,Affiliate,270,123,0.7159182567918767,0.176339410488308,0.58967365343138
lonestar,Affiliate,270,124,0.7181128056214281,0.176339410488308,0.5914812168140405
lonestar,Affiliate,270,125,0.7204232303113075,0.176339410488308,0.593384222576129
lonestar,Affiliate,270,126,0.7231845957678529,0.176339410488308,0.5956586504759244
lonestar,Affiliate,270,127,0.7255092407318258,0.176339410488308,0.5975733689173557
lonestar,Affiliate,270,128,0.7290348615315428,0.176339410488308,0.6004772838236453
lonestar,Affiliate,270,129,0.7312845117566767,0.176339410488308,0.6023302320542742
lonestar,Affiliate,270,130,0.7330218616214298,0.176339410488308,0.6037612186680648
lonestar,Affiliate,270,131,0.7356015334509558,0.176339410488308,0.6058859926879189
lonestar,Affiliate,270,132,0.7376917581958753,0.176339410488308,0.6076076284335311
lonestar,Affiliate,270,133,0.7395466311254977,0.176339410488308,0.6091354141642132
lonestar,Affiliate,270,134,0.7420745961053669,0.176339410488308,0.6112175992897971
lonestar,Affiliate,270,135,0.744621359040465,0.176339410488308,0.6133152675502667
lonestar,Affiliate,270,136,0.7461531358324933,0.176339410488308,0.614576931725789
lonestar,Affiliate,270,137,0.7490153363205498,0.176339410488308,0.6169344134670823
lonestar,Affiliate,270,138,0.7512871616037898,0.176339410488308,0.6188056264191433
lonestar,Affiliate,270,139,0.755071769129361,0.176339410488308,0.6219228584847257
lonestar,Affiliate,270,140,0.7576803184033704,0.176339410488308,0.6240714177175265
lonestar,Affiliate,270,141,0.7622417398464252,0.176339410488308,0.6278284807923243
lonestar,Affiliate,270,142,0.7644858889726867,0.176339410488308,0.629676897984613
lonestar,Affiliate,270,143,0.7669523558118263,0.176339410488308,0.6317084295153498
lonestar,Affiliate,270,144,0.7690083835806824,0.176339410488308,0.6334018985594981
lonestar,Affiliate,270,145,0.7719915372970441,0.176339410488308,0.6358590047081206
lonestar,Affiliate,270,146,0.7750702203658223,0.176339410488308,0.6383947946194702
lonestar,Affiliate,270,147,0.7771196128829841,0.176339410488308,0.6400827984682965
lonestar,Affiliate,270,148,0.7798099849076271,0.176339410488308,0.6422987518761197
lonestar,Affiliate,270,149,0.7813794337876984,0.176339410488308,0.6435914450658877
lonestar,Affiliate,270,150,0.782536231544014,0.176339410488308,0.6445442537878004
lonestar,Affiliate,270,151,0.7847376671650572,0.176339410488308,0.6463574895492009
lonestar,Affiliate,270,152,0.7861846266585866,0.176339410488308,0.6475492930586408
lonestar,Affiliate,270,153,0.7876105482833284,0.176339410488308,0.6487237685046733
lonestar,Affiliate,270,154,0.7894590714527032,0.176339410488308,0.6502463241880865
lonestar,Affiliate,270,155,0.7914790386222897,0.176339410488308,0.6519100915377823
lonestar,Affiliate,270,156,0.7931399462950192,0.176339410488308,0.6532781157306272
lonestar,Affiliate,270,157,0.7946545458049776,0.176339410488308,0.6545256316558737
lonestar,Affiliate,270,158,0.7969987713243806,0.176339410488308,0.6564564778291335
lonestar,Affiliate,270,159,0.7990559990861013,0.176339410488308,0.6581509352601121
lonestar,Affiliate,270,160,0.8007969899154647,0.176339410488308,0.65958492079296
lonestar,Affiliate,270,161,0.8021698322616371,0.176339410488308,0.660715676929115
lonestar,Affiliate,270,162,0.8039054922954493,0.176339410488308,0.6621452716957567
lonestar,Affiliate,270,163,0.805803322393492,0.176339410488308,0.6637084395531035
lonestar,Affiliate,270,164,0.8076658097735652,0.176339410488308,0.6652424970065327
lonestar,Affiliate,270,165,0.8094630383690508,0.176339410488308,0.6667228033709777
lonestar,Affiliate,270,166,0.8112430752533871,0.176339410488308,0.6681889496004827
lonestar,Affiliate,270,167,0.8132244707906909,0.176339410488308,0.6698209470167942
lonestar,Affiliate,270,168,0.8149395031808382,0.176339410488308,0.6712335516062945
lonestar,Affiliate,270,169,0.8169077149597141,0.176339410488308,0.6728546900803674
lonestar,Affiliate,270,170,0.8191302018914867,0.176339410488308,0.6746852649767732
lonestar,Affiliate,270,171,0.8207835874042552,0.176339410488308,0.6760470934629101
lonestar,Affiliate,270,172,0.8222053716975831,0.176339410488308,0.6772181611521111
lonestar,Affiliate,270,173,0.8242807467572955,0.176339410488308,0.6789275657972517
lonestar,Affiliate,270,174,0.8256842510954169,0.176339410488308,0.680083577007771
lonestar,Affiliate,270,175,0.8275868186584088,0.176339410488308,0.6816506469282907
lonestar,Affiliate,270,176,0.8297714702935516,0.176339410488308,0.6834500583819701
lonestar,Affiliate,270,177,0.8316120372880642,0.176339410488308,0.6849660608777062
lonestar,Affiliate,270,178,0.8337516727608035,0.176339410488308,0.6867283942925227
lonestar,Affiliate,270,179,0.8350349958709338,0.176339410488308,0.6877854169619466
lonestar,Affiliate,270,180,0.8368123361705497,0.176339410488308,0.6892493421208912
lonestar,Affiliate,270,181,0.8388076624477547,0.176339410488308,0.690892813738642
lonestar,Affiliate,270,182,0.8408234218873903,0.176339410488308,0.692553115347006
lonestar,Affiliate,270,183,0.8429652308152165,0.176339410488308,0.6943172389511206
lonestar,Affiliate,270,184,0.844929215854718,0.176339410488308,0.6959348960265487
lonestar,Affiliate,270,185,0.8469929012587472,0.176339410488308,0.697634672362998
lonestar,Affiliate,270,186,0.8501038481518027,0.176339410488308,0.7001970367148717
lonestar,Affiliate,270,187,0.854314109201245,0.176339410488308,0.7036648628128535
lonestar,Affiliate,270,188,0.855996318064676,0.176339410488308,0.7050504319569888
lonestar,Affiliate,270,189,0.857850679674705,0.176339410488308,0.7065777965338731
lonestar,Affiliate,270,190,0.8592426892131239,0.176339410488308,0.7077243399308931
lonestar,Affiliate,270,191,0.8620356963213729,0.176339410488308,0.7100248298121838
lonestar,Affiliate,270,192,0.8645199798553521,0.176339410488308,0.7120710362522954
lonestar,Affiliate,270,193,0.8668886183127341,0.176339410488308,0.7140219904004427
lonestar,Affiliate,270,194,0.8690974534673701,0.176339410488308,0.7158413208660444
lonestar,Affiliate,270,195,0.8709263202897746,0.176339410488308,0.7173476863911243
lonestar,Affiliate,270,196,0.8734645713870322,0.176339410488308,0.7194383437862203
lonestar,Affiliate,270,197,0.8757666761505948,0.176339410488308,0.721334496752894
lonestar,Affiliate,270,198,0.878136070548724,0.176339410488308,0.7232860735396427
lonestar,Affiliate,270,199,0.8794304222040569,0.176339410488308,0.7243521799871097
lonestar,Affiliate,270,200,0.8809707537394631,0.176339410488308,0.7256208903676058
lonestar,Affiliate,270,201,0.8821393703485713,0.176339410488308,0.726583433812777
lonestar,Affiliate,270,202,0.883373084792611,0.176339410488308,0.7275995957790439
lonestar,Affiliate,270,203,0.8854353399030966,0.176339410488308,0.7292981940390699
lonestar,Affiliate,270,204,0.8875508490996924,0.176339410488308,0.7310406555910554
lonestar,Affiliate,270,205,0.8897694597819898,0.176339410488308,0.7328680377735335
lonestar,Affiliate,270,206,0.8916438956453809,0.176339410488308,0.734411936721776
lonestar,Affiliate,270,207,0.8932720427520774,0.176339410488308,0.7357529773274893
lonestar,Affiliate,270,208,0.8944339364249975,0.176339410488308,0.7367099833550766
lonestar,Affiliate,270,209,0.8962621276145762,0.176339410488308,0.7382157923880251
lonestar,Affiliate,270,210,0.8982606150074725,0.176339410488308,0.7398618676921898
lonestar,Affiliate,270,211,0.9000354451171928,0.176339410488308,0.7413237253066451
lonestar,Affiliate,270,212,0.9015470483441509,0.176339410488308,0.7425687733116692
lonestar,Affiliate,270,213,0.9036888990120607,0.176339410488308,0.7443329312954458
lonestar,Affiliate,270,214,0.9055007108361627,0.176339410488308,0.7458252492905699
lonestar,Affiliate,270,215,0.9074114021364742,0.176339410488308,0.7473990104133593
lonestar,Affiliate,270,216,0.9092207763396731,0.176339410488308,0.7488893206362134
lonestar,Affiliate,270,217,0.9107501942344621,0.176339410488308,0.750149041881045
lonestar,Affiliate,270,218,0.9126585453074,0.176339410488308,0.7517208754507763
lonestar,Affiliate,270,219,0.9164510771619959,0.176339410488308,0.7548446344738746
lonestar,Affiliate,270,220,0.9185670322818219,0.176339410488308,0.7565874633152508
lonestar,Affiliate,270,221,0.9212809252349484,0.176339410488308,0.7588227899848946
lonestar,Affiliate,270,222,0.9229165192456762,0.176339410488308,0.7601699643119725
lonestar,Affiliate,270,223,0.9241851277598851,0.176339410488308,0.7612148671486454
lonestar,Affiliate,270,224,0.9255208438384146,0.176339410488308,0.7623150438413072
lonestar,Affiliate,270,225,0.9270887525464065,0.176339410488308,0.7636064684520323
lonestar,Affiliate,270,226,0.9283544899828544,0.176339410488308,0.764649006495104
lonestar,Affiliate,270,227,0.9295745136793578,0.176339410488308,0.7656538919321842
lonestar,Affiliate,270,228,0.9319306460284396,0.176339410488308,0.7675945452917965
lonestar,Affiliate,270,229,0.9335294025506892,0.176339410488308,0.7689113780313982
lonestar,Affiliate,270,230,0.9356044812167269,0.176339410488308,0.77062053854875
lonestar,Affiliate,270,231,0.9391078544657373,0.176339410488308,0.7735061290243094
lonestar,Affiliate,270,232,0.9404572724224917,0.176339410488308,0.7746175914140674
lonestar,Affiliate,270,233,0.9420787828558397,0.176339410488308,0.7759531656534981
lonestar,Affiliate,270,234,0.9438692154089412,0.176339410488308,0.7774278743856666
lonestar,Affiliate,270,235,0.9453701313934973,0.176339410488308,0.7786641197303137
lonestar,Affiliate,270,236,0.9470920489901279,0.176339410488308,0.780082395393045
lonestar,Affiliate,270,237,0.9485868433739717,0.176339410488308,0.7813135986164406
lonestar,Affiliate,270,238,0.950302928489538,0.176339410488308,0.7827270702943802
lonestar,Affiliate,270,239,0.952380257224368,0.176339410488308,0.7844380841047198
lonestar,Affiliate,270,240,0.9545972706527861,0.176339410488308,0.786264150692126
lonestar,Affiliate,270,241,0.9565671218436865,0.176339410488308,0.7878866394852734
lonestar,Affiliate,270,242,0.9579777808516153,0.176339410488308,0.7890485437153439
lonestar,Affiliate,270,243,0.9599310192108353,0.176339410488308,0.790657349173756
lonestar,Affiliate,270,244,0.9617326770638477,0.176339410488308,0.7921413037430665
lonestar,Affiliate,270,245,0.9635526170736308,0.176339410488308,0.7936403166044004
lonestar,Affiliate,270,246,0.9657465871930353,0.176339410488308,0.7954474033263201
lonestar,Affiliate,270,247,0.9669908590956428,0.176339410488308,0.7964722610551346
lonestar,Affiliate,270,248,0.9683027091959303,0.176339410488308,0.7975527802820884
lonestar,Affiliate,270,249,0.969202063306137,0.176339410488308,0.798293542818681
lonestar,Affiliate,270,250,0.9707160178911578,0.176339410488308,0.7995405275446732
lonestar,Affiliate,270,251,0.9731509117751328,0.176339410488308,0.8015460536765464
lonestar,Affiliate,270,252,0.9743952254178241,0.176339410488308,0.802570945785023
lonestar,Affiliate,270,253,0.9762983784589739,0.176339410488308,0.8041384979408274
lonestar,Affiliate,270,254,0.9776853456839447,0.176339410488308,0.8052808881829803
lonestar,Affiliate,270,255,0.9787156412201808,0.176339410488308,0.8061295020117277
lonestar,Affiliate,270,256,0.9796594429544517,0.176339410488308,0.8069068743045594
lonestar,Affiliate,270,257,0.9804713376754175,0.176339410488308,0.8075755999890516
lonestar,Affiliate,270,258,0.9817118084477129,0.176339410488308,0.8085973268766324
lonestar,Affiliate,270,259,0.9832920121148337,0.176339410488308,0.8098988783606417
lonestar,Affiliate,270,260,0.9845456755363303,0.176339410488308,0.8109314715134408
lonestar,Affiliate,270,261,0.9855983576709261,0.176339410488308,0.8117985243009904
lonestar,Affiliate,270,262,0.9870416184670937,0.176339410488308,0.812987281339181
lonestar,Affiliate,270,263,0.9880176658075535,0.176339410488308,0.8137912130670153
lonestar,Affiliate,270,264,0.9908371361290282,0.176339410488308,0.816113499654112
lonestar,Affiliate,270,265,0.9919706159354656,0.176339410488308,0.8170471022996818
lonestar,Affiliate,270,266,0.9933789708907603,0.176339410488308,0.8182071087724015
lonestar,Affiliate,270,267,0.9946949537880667,0.176339410488308,0.8192910320213842
lonestar,Affiliate,270,268,0.9958801579065375,0.176339410488308,0.8202672379442956
lonestar,Affiliate,270,269,0.9986781851503369,0.176339410488308,0.8225718627133931
lonestar,Affiliate,270,270,1.0,0.176339410488308,0.823660589511692
lonestar,Affiliate,365,1,0.1402753392687823,0.21366916921305681,0.1103028240661419
lonestar,Affiliate,365,2,0.17953122751924488,0.21366916921305681,0.14117093928740757
lonestar,Affiliate,365,3,0.20707905562346615,0.21366916921305681,0.16283264584697577
lonestar,Affiliate,365,4,0.22364046433319085,0.21366916921305681,0.1758553921166957
lonestar,Affiliate,365,5,0.23516619493166643,0.21366916921305681,0.1849184294336215
lonestar,Affiliate,365,6,0.24425785997623767,0.21366916921305681,0.1920674859613558
lonestar,Affiliate,365,7,0.2544865519498852,0.21366916921305681,0.2001106218188578
lonestar,Affiliate,365,8,0.26544898849317117,0.21366916921305681,0.20873072365338902
lonestar,Affiliate,365,9,0.27350247971085073,0.21366916921305681,0.21506343209332235
lonestar,Affiliate,365,10,0.28366000126663665,0.21366916921305681,0.22305060445701977
lonestar,Affiliate,365,11,0.28931388698676413,0.21366916921305681,0.22749642911250204
lonestar,Affiliate,365,12,0.2951240498220664,0.21366916921305681,0.2320651392817927
lonestar,Affiliate,365,13,0.3022691940690126,0.21366916921305681,0.23768358649358645
lonestar,Affiliate,365,14,0.3079155155156624,0.21366916921305681,0.2421234631276207
lonestar,Affiliate,365,15,0.31456973198964994,0.21366916921305681,0.2473558786958475
lonestar,Affiliate,365,16,0.32136448156161923,0.21366916921305681,0.25269879977176335
lonestar,Affiliate,365,17,0.32734147241658074,0.21366916921305681,0.2573986919563512
lonestar,Affiliate,365,18,0.33436472588867067,0.21366916921305681,0.2629212926938869
lonestar,Affiliate,365,19,0.3397419635485162,0.21366916921305681,0.26714958045029213
lonestar,Affiliate,365,20,0.3451652134372304,0.21366916921305681,0.2714140490408499
lonestar,Affiliate,365,21,0.35029738101080177,0.21366916921305681,0.27544963063271416
lonestar,Affiliate,365,22,0.35583888018798343,0.21366916921305681,0.27980708228451256
lonestar,Affiliate,365,23,0.36077774680177294,0.21366916921305681,0.28369066537207954
lonestar,Affiliate,365,24,0.36726225596813,0.21366916921305681,0.2887896348521067
lonestar,Affiliate,365,25,0.372150749596361,0.21366916921305681,0.29263360810809025
lonestar,Affiliate,365,26,0.37616060690457453,0.21366916921305681,0.29578668253659485
lonestar,Affiliate,365,27,0.378567070761396,0.21366916921305681,0.29767895926038807
lonestar,Affiliate,365,28,0.381777264936343,0.21366916921305681,0.3002032339129615
lonestar,Affiliate,365,29,0.38542973669864916,0.21366916921305681,0.30307528506824155
lonestar,Affiliate,365,30,0.3892823604809328,0.21366916921305681,0.3061047219276742
lonestar,Affiliate,365,31,0.39214679269311803,0.21366916921305681,0.3083571132888147
lonestar,Affiliate,365,32,0.39592894510269117,0.21366916921305681,0.31133113633519716
lonestar,Affiliate,365,33,0.4019301337453498,0.21366916921305681,0.3160500559862881
lonestar,Affiliate,365,34,0.40514983576637364,0.21366916921305681,0.3185818069513662
lonestar,Affiliate,365,35,0.4077924733748511,0.21366916921305681,0.3206597943775091
lonestar,Affiliate,365,36,0.4104078688131591,0.21366916921305681,0.3227163604453502
lonestar,Affiliate,365,37,0.41275211226687325,0.21366916921305681,0.3245597113478761
lonestar,Affiliate,365,38,0.414500414605778,0.21366916921305681,0.32593445537849386
lonestar,Affiliate,365,39,0.41680358591931155,0.21366916921305681,0.3277455099909093
lonestar,Affiliate,365,40,0.4190456193531259,0.21366916921305681,0.32950849000357263
lonestar,Affiliate,365,41,0.42290640290637393,0.21366916921305681,0.33254434314248676
lonestar,Affiliate,365,42,0.4259082713861524,0.21366916921305681,0.3349048048781041
lonestar,Affiliate,365,43,0.42995891674083114,0.21366916921305681,0.3380899522050719
lonestar,Affiliate,365,44,0.4319936267927799,0.21366916921305681,0.3396899074506313
lonestar,Affiliate,365,45,0.43362088348494354,0.21366916921305681,0.34096946955728397
lonestar,Affiliate,365,46,0.4360477223697252,0.21366916921305681,0.3428777677937404
lonestar,Affiliate,365,47,0.4371018331087847,0.21366916921305681,0.3437066475669265
lonestar,Affiliate,365,48,0.4389613955258574,0.21366916921305681,0.3451688788272434
lonestar,Affiliate,365,49,0.441244015549895,0.21366916921305681,0.3469637733271158
lonestar,Affiliate,365,50,0.44353092410821443,0.21366916921305681,0.3487620400337129
lonestar,Affiliate,365,51,0.44562483142422993,0.21366916921305681,0.3504085439131062
lonestar,Affiliate,365,52,0.4479297227003246,0.21366916921305681,0.35222095098511136
lonestar,Affiliate,365,53,0.44952288526488854,0.21366916921305681,0.3534737038280836
lonestar,Affiliate,365,54,0.45145629857442615,0.21366916921305681,0.3549940063220268
lonestar,Affiliate,365,55,0.4532245785047885,0.21366916921305681,0.3563844593487325
lonestar,Affiliate,365,56,0.4560506690739364,0.21366916921305681,0.3586067014938497
lonestar,Affiliate,365,57,0.4582174484879332,0.21366916921305681,0.36031050695058986
lonestar,Affiliate,365,58,0.4597124241042362,0.21366916921305681,0.36148605236896364
lonestar,Affiliate,365,59,0.4627143651166464,0.21366916921305681,0.3638465711392255
lonestar,Affiliate,365,60,0.4644131017555156,0.21366916921305681,0.36518234013175577
lonestar,Affiliate,365,61,0.46720992804637046,0.21366916921305681,0.3673815708726104
lonestar,Affiliate,365,62,0.4701495238015225,0.21366916921305681,0.3696930656449369
lonestar,Affiliate,365,63,0.4729555543866424,0.21366916921305681,0.37189953400614784
lonestar,Affiliate,365,64,0.47714074413940283,0.21366916921305681,0.37519047774143693
lonestar,Affiliate,365,65,0.4811095457150289,0.21366916921305681,0.3783112687816275
lonestar,Affiliate,365,66,0.4836449440854865,0.21366916921305681,0.3803049306886453
lonestar,Affiliate,365,67,0.48657218512573575,0.21366916921305681,0.3826067105677381
lonestar,Affiliate,365,68,0.4897395198810987,0.21366916921305681,0.38509728353730305
lonestar,Affiliate,365,69,0.4931461251260822,0.21366916921305681,0.38777600226975406
lonestar,Affiliate,365,70,0.49652266680930185,0.21366916921305681,0.39043108109670693
lonestar,Affiliate,365,71,0.5006896831627227,0.21366916921305681,0.39370773452779506
lonestar,Affiliate,365,72,0.5033453564241989,0.21366916921305681,0.39579597228979035
lonestar,Affiliate,365,73,0.506807025955927,0.21366916921305681,0.39851798976858394
lonestar,Affiliate,365,74,0.5102523923299861,0.21366916921305681,0.40122718757186326
lonestar,Affiliate,365,75,0.5129156903693061,0.21366916921305681,0.403321420931755
lonestar,Affiliate,365,76,0.5151545679830886,0.21366916921305681,0.4050819194258308
lonestar,Affiliate,365,77,0.5173829702424443,0.21366916921305681,0.4068341808257575
lonestar,Affiliate,365,78,0.5191850488422475,0.21366916921305681,0.40825121078828414
lonestar,Affiliate,365,79,0.5222008087867872,0.21366916921305681,0.4106225958109281
lonestar,Affiliate,365,80,0.5267763498730333,0.21366916921305681,0.4142204848345758
lonestar,Affiliate,365,81,0.5289723539031261,0.21366916921305681,0.4159472705079701
lonestar,Affiliate,365,82,0.5303421631289142,0.21366916921305681,0.41702439373450373
lonestar,Affiliate,365,83,0.5326374556258505,0.21366916921305681,0.41882925299051865
lonestar,Affiliate,365,84,0.5350926214265329,0.21366916921305681,0.4207598255542889
lonestar,Affiliate,365,85,0.5375335135103625,0.21366916921305681,0.4226791742544279
lonestar,Affiliate,365,86,0.5401728861788337,0.21366916921305681,0.4247545943575832
lonestar,Affiliate,365,87,0.5420251625362155,0.21366916921305681,0.42621109636453025
lonestar,Affiliate,365,88,0.5440645102378151,0.21366916921305681,0.42781469833699254
lonestar,Affiliate,365,89,0.5452935067429783,0.21366916921305681,0.4287810961799317
lonestar,Affiliate,365,90,0.5474825814307941,0.21366916921305681,0.43050243309785663
lonestar,Affiliate,365,91,0.5496948104764834,0.21366916921305681,0.4322419770012445
lonestar,Affiliate,365,92,0.5521366748582102,0.21366916921305681,0.4341620902491967
lonestar,Affiliate,365,93,0.5553837969244184,0.21366916921305681,0.4367154024411849
lonestar,Affiliate,365,94,0.5588417184622928,0.21366916921305681,0.4394344727568577
lonestar,Affiliate,365,95,0.5608790244038817,0.21366916921305681,0.4410364692304745
lonestar,Affiliate,365,96,0.5633027971570359,0.21366916921305681,0.442942356473101
lonestar,Affiliate,365,97,0.5656341696863842,0.21366916921305681,0.4447755865709773
lonestar,Affiliate,365,98,0.5677088192811194,0.21366916921305681,0.4464069475103972
lonestar,Affiliate,365,99,0.5700929627526392,0.21366916921305681,0.44828167302707267
lonestar,Affiliate,365,100,0.5724650009862554,0.21366916921305681,0.4501468798219705
lonestar,Affiliate,365,101,0.5750934256616214,0.21366916921305681,0.4522136911806119
lonestar,Affiliate,365,102,0.5775325802549576,0.21366916921305681,0.45413167363840773
lonestar,Affiliate,365,103,0.5797335701620997,0.21366916921305681,0.4558623798606445
lonestar,Affiliate,365,104,0.5826840176505352,0.21366916921305681,0.45818240768541924
lonestar,Affiliate,365,105,0.5851581984455482,0.21366916921305681,0.4601279323254789
lonestar,Affiliate,365,106,0.5870186121261854,0.21366916921305681,0.4615908329605818
lonestar,Affiliate,365,107,0.589717352579634,0.21366916921305681,0.4637129357834203
lonestar,Affiliate,365,108,0.5916280369006941,0.21366916921305681,0.46521536577297107
lonestar,Affiliate,365,109,0.5935800823065126,0.21366916921305681,0.46675031925866217
lonestar,Affiliate,365,110,0.5957426297006582,0.21366916921305681,0.4684507969477168
lonestar,Affiliate,365,111,0.5991233445542846,0.21366916921305681,0.47110915726722263
lonestar,Affiliate,365,112,0.6014765727027813,0.21366916921305681,0.4729595731122613
lonestar,Affiliate,365,113,0.6040111896467363,0.21366916921305681,0.474952620559528
lonestar,Affiliate,365,114,0.6073677412755287,0.21366916921305681,0.47759198059037566
lonestar,Affiliate,365,115,0.6100533020039348,0.21366916921305681,0.47970371978907206
lonestar,Affiliate,365,116,0.6120733811416307,0.21366916921305681,0.4812921702956718
lonestar,Affiliate,365,117,0.6133291994954715,0.21366916921305681,0.48227965898516495
lonestar,Affiliate,365,118,0.6152526244371779,0.21366916921305681,0.48379210731753325
lonestar,Affiliate,365,119,0.6164932003082428,0.21366916921305681,0.48476761037288196
lonestar,Affiliate,365,120,0.6181813306098661,0.21366916921305681,0.48609503927543407
lonestar,Affiliate,365,121,0.620405121446444,0.21366916921305681,0.4878436745714567
lonestar,Affiliate,365,122,0.6230993906094608,0.21366916921305681,0.4899622614807754
lonestar,Affiliate,365,123,0.6262429860782902,0.21366916921305681,0.49243416751743807
lonestar,Affiliate,365,124,0.6281626477143426,0.21366916921305681,0.49394365664654494
lonestar,Affiliate,365,125,0.6301836707056864,0.21366916921305681,0.4955328493343678
lonestar,Affiliate,365,126,0.632599150032767,0.21366916921305681,0.49743221520037983
lonestar,Affiliate,365,127,0.6346326120795848,0.21366916921305681,0.49903118910102773
lonestar,Affiliate,365,128,0.637716616819579,0.21366916921305681,0.5014562371103783
lonestar,Affiliate,365,129,0.6396844779004414,0.21366916921305681,0.503003626948966
lonestar,Affiliate,365,130,0.6412042088988394,0.21366916921305681,0.5041986382875091
lonestar,Affiliate,365,131,0.6434607533776234,0.21366916921305681,0.5059730287822191
lonestar,Affiliate,365,132,0.6452891584691473,0.21366916921305681,0.507410760076852
lonestar,Affiliate,365,133,0.6469116917000328,0.21366916921305681,0.5086866079802737
lonestar,Affiliate,365,134,0.6491230060821925,0.21366916921305681,0.5104254326555284
lonestar,Affiliate,365,135,0.65135076380478,0.21366916921305681,0.5121771872363227
lonestar,Affiliate,365,136,0.6526906716268598,0.21366916921305681,0.5132307980672366
lonestar,Affiliate,365,137,0.6551943554809738,0.21366916921305681,0.5151995218722699
lonestar,Affiliate,365,138,0.6571816139923012,0.21366916921305681,0.5167621645084705
lonestar,Affiliate,365,139,0.6604921650160575,0.21366916921305681,0.5193653528453432
lonestar,Affiliate,365,140,0.6627739697768528,0.21366916921305681,0.521159606278593
lonestar,Affiliate,365,141,0.6667640317122205,0.21366916921305681,0.5242971149951221
lonestar,Affiliate,365,142,0.6687270807568597,0.21366916921305681,0.5258407209812688
lonestar,Affiliate,365,143,0.6708846001995507,0.21366916921305681,0.5275372450370789
lonestar,Affiliate,365,144,0.6726830917971781,0.21366916921305681,0.5289514544292047
lonestar,Affiliate,365,145,0.6752925783880586,0.21366916921305681,0.531003374188139
lonestar,Affiliate,365,146,0.677985628411423,0.21366916921305681,0.533121002450362
lonestar,Affiliate,365,147,0.6797783158829579,0.21366916921305681,0.5345306478791954
lonestar,Affiliate,365,148,0.6821316943509464,0.21366916921305681,0.536381181925085
lonestar,Affiliate,365,149,0.6835045554895315,0.21366916921305681,0.5374607049647436
lonestar,Affiliate,365,150,0.68451645380939,0.21366916921305681,0.5382563918112698
lonestar,Affiliate,365,151,0.6864421396036858,0.21366916921305681,0.5397706179217331
lonestar,Affiliate,365,152,0.6877078542650534,0.21366916921305681,0.5407658883829455
lonestar,Affiliate,365,153,0.6889551662419731,0.21366916921305681,0.5417466882460072
lonestar,Affiliate,365,154,0.6905721450778134,0.21366916921305681,0.5430181685573585
lonestar,Affiliate,365,155,0.6923390929940888,0.21366916921305681,0.5444075741803206
lonestar,Affiliate,365,156,0.6937919568800183,0.21366916921305681,0.5455500058467638
lonestar,Affiliate,365,157,0.6951168390307815,0.21366916921305681,0.5465918015290683
lonestar,Affiliate,365,158,0.6971674289904375,0.21366916921305681,0.5482042436356479
lonestar,Affiliate,365,159,0.6989669702709131,0.21366916921305681,0.5496192784257597
lonestar,Affiliate,365,160,0.7004898861700007,0.21366916921305681,0.5508167941499079
lonestar,Affiliate,365,161,0.7016907675305827,0.21366916921305681,0.551761084187851
lonestar,Affiliate,365,162,0.703209020364729,0.21366916921305681,0.5529549332002698
lonestar,Affiliate,365,163,0.7048691299881283,0.21366916921305681,0.5542603285796348
lonestar,Affiliate,365,164,0.706498323890316,0.21366916921305681,0.555541413974255
lonestar,Affiliate,365,165,0.7080704332640115,0.21366916921305681,0.556777612044161
lonestar,Affiliate,365,166,0.7096275043446842,0.21366916921305681,0.5580019850406207
lonestar,Affiliate,365,167,0.7113607120763095,0.21366916921305681,0.5593648597161559
lonestar,Affiliate,365,168,0.7128609210667041,0.21366916921305681,0.560544520297927
lonestar,Affiliate,365,169,0.7145825964255098,0.21366916921305681,0.5618983267131621
lonestar,Affiliate,365,170,0.71652669666247,0.21366916921305681,0.5634270326676242
lonestar,Affiliate,365,171,0.7179729806073641,0.21366916921305681,0.5645642903235665
lonestar,Affiliate,365,172,0.7192166734912457,0.21366916921305681,0.5655422443821929
lonestar,Affiliate,365,173,0.7210320889556462,0.21366916921305681,0.5669697615325384
lonestar,Affiliate,365,174,0.7222597916149102,0.21366916921305681,0.5679351419845567
lonestar,Affiliate,365,175,0.7239240452927015,0.21366916921305681,0.5692437959616546
lonestar,Affiliate,365,176,0.7258350494479291,0.21366916921305681,0.5707464774466721
lonestar,Affiliate,365,177,0.7274450686921454,0.21366916921305681,0.5720124852165597
lonestar,Affiliate,365,178,0.7293166953685928,0.21366916921305681,0.5734842029759736
lonestar,Affiliate,365,179,0.730439270591346,0.21366916921305681,0.5743669184835019
lonestar,Affiliate,365,180,0.7319939828590516,0.21366916921305681,0.5755894366726015
lonestar,Affiliate,365,181,0.7337393763787486,0.21366916921305681,0.5769618934089951
lonestar,Affiliate,365,182,0.7355026436215059,0.21366916921305681,0.5783484048048917
lonestar,Affiliate,365,183,0.7373761715080294,0.21366916921305681,0.5798216175444043
lonestar,Affiliate,365,184,0.7390941495649964,0.21366916921305681,0.5811725166572129
lonestar,Affiliate,365,185,0.7408993396093693,0.21366916921305681,0.5825919932445329
lonestar,Affiliate,365,186,0.743620612119681,0.21366916921305681,0.584731813718364
lonestar,Affiliate,365,187,0.7473034996934481,0.21366916921305681,0.5876277817639393
lonestar,Affiliate,365,188,0.7487749966022758,0.21366916921305681,0.5887848651507581
lonestar,Affiliate,365,189,0.7503970825609958,0.21366916921305681,0.5900603613502863
lonestar,Affiliate,365,190,0.7516147302487294,0.21366916921305681,0.5910178352681876
lonestar,Affiliate,365,191,0.7540578878229554,0.21366916921305681,0.5929389653932721
lonestar,Affiliate,365,192,0.7562309922574698,0.21366916921305681,0.5946477444086506
lonestar,Affiliate,365,193,0.7583029372126633,0.21366916921305681,0.5962769786066128
lonestar,Affiliate,365,194,0.7602350956816937,0.21366916921305681,0.5977962943807774
lonestar,Affiliate,365,195,0.7618348803067352,0.21366916921305681,0.5990542543540666
lonestar,Affiliate,365,196,0.7640551923765602,0.21366916921305681,0.6008001541885383
lonestar,Affiliate,365,197,0.7660689375880021,0.21366916921305681,0.6023836241336447
lonestar,Affiliate,365,198,0.7681415437954912,0.21366916921305681,0.6040133782946737
lonestar,Affiliate,365,199,0.7692737661378901,0.21366916921305681,0.6049036796298078
lonestar,Affiliate,365,200,0.770621157143961,0.21366916921305681,0.6059631747190063
lonestar,Affiliate,365,201,0.7716433938978441,0.21366916921305681,0.6067669909949482
lonestar,Affiliate,365,202,0.7727225743909711,0.21366916921305681,0.6076155838886779
lonestar,Affiliate,365,203,0.7745265132990709,0.21366916921305681,0.6090340766689728
lonestar,Affiliate,365,204,0.776377035734815,0.21366916921305681,0.6104891995132614
lonestar,Affiliate,365,205,0.7783177452577893,0.21366916921305681,0.6120152392447779
lonestar,Affiliate,365,206,0.779957390987125,0.21366916921305681,0.6133045432333227
lonestar,Affiliate,365,207,0.7813815978657725,0.21366916921305681,0.6144244410114221
lonestar,Affiliate,365,208,0.7823979537923493,0.21366916921305681,0.6152236330115425
lonestar,Affiliate,365,209,0.7839971474137193,0.21366916921305681,0.6164811282604234
lonestar,Affiliate,365,210,0.7857453060906266,0.21366916921305681,0.6178557593251834
lonestar,Affiliate,365,211,0.7872978225925434,0.21366916921305681,0.6190765509159462
lonestar,Affiliate,365,212,0.7886200837719941,0.21366916921305681,0.6201162856477008
lonestar,Affiliate,365,213,0.7904936481702765,0.21366916921305681,0.6215895270975351
lonestar,Affiliate,365,214,0.7920785140906148,0.21366916921305681,0.6228357560333606
lonestar,Affiliate,365,215,0.7937498739337663,0.21366916921305681,0.6241499978073699
lonestar,Affiliate,365,216,0.7953326075673823,0.21366916921305681,0.6253945500604057
lonestar,Affiliate,365,217,0.796670451965549,0.21366916921305681,0.6264465383574797
lonestar,Affiliate,365,218,0.7983397647160824,0.21366916921305681,0.6277591704394498
lonestar,Affiliate,365,219,0.8016572474746058,0.21366916921305681,0.6303678094130809
lonestar,Affiliate,365,220,0.8035081599776412,0.21366916921305681,0.6318232389793067
lonestar,Affiliate,365,221,0.8058821131639712,0.21366916921305681,0.6336899515605628
lonestar,Affiliate,365,222,0.8073128341542136,0.21366916921305681,0.6348149715854445
lonestar,Affiliate,365,223,0.8084225379179681,0.21366916921305681,0.635687565867925
lonestar,Affiliate,365,224,0.8095909434134775,0.21366916921305681,0.6366063191319049
lonestar,Affiliate,365,225,0.8109624573005392,0.21366916921305681,0.6376847827861539
lonestar,Affiliate,365,226,0.8120696496151257,0.21366916921305681,0.6385554022387236
lonestar,Affiliate,365,227,0.8131368542513202,0.21366916921305681,0.6393945781469221
lonestar,Affiliate,365,228,0.8151978596019822,0.21366916921305681,0.6410152101965646
lonestar,Affiliate,365,229,0.8165963573341007,0.21366916921305681,0.642114892080115
lonestar,Affiliate,365,230,0.8184115135308292,0.21366916921305681,0.6435422053602965
lonestar,Affiliate,365,231,0.821476057428115,0.21366916921305681,0.6459519507090323
lonestar,Affiliate,365,232,0.8226564485170257,0.21366916921305681,0.646880128614629
lonestar,Affiliate,365,233,0.8240748500260014,0.21366916921305681,0.6479954614515714
lonestar,Affiliate,365,234,0.8256410146234103,0.21366916921305681,0.6492269849606009
lonestar,Affiliate,365,235,0.826953927234737,0.21366916921305681,0.6502593686250162
lonestar,Affiliate,365,236,0.8284601589969033,0.21366916921305681,0.651443765097918
lonestar,Affiliate,365,237,0.8297677167936638,0.21366916921305681,0.6524719381065467
lonestar,Affiliate,365,238,0.8312688466460475,0.21366916921305681,0.6536523227904906
lonestar,Affiliate,365,239,0.8330859710699946,0.21366916921305681,0.6550811837484162
lonestar,Affiliate,365,240,0.83502528340966,0.21366916921305681,0.6566061248316206
lonestar,Affiliate,365,241,0.8367483928292287,0.21366916921305681,0.657961058893047
lonestar,Affiliate,365,242,0.8379823539708572,0.21366916921305681,0.6589313605827024
lonestar,Affiliate,365,243,0.8396909314669556,0.21366916921305681,0.6602748677446734
lonestar,Affiliate,365,244,0.8412669152934023,0.21366916921305681,0.6615141124162299
lonestar,Affiliate,365,245,0.8428588912702648,0.21366916921305681,0.6627659322087092
lonestar,Affiliate,365,246,0.8447780466848778,0.21366916921305681,0.6642750232802911
lonestar,Affiliate,365,247,0.8458664622188997,0.21366916921305681,0.6651308779713999
lonestar,Affiliate,365,248,0.8470139911669288,0.21366916921305681,0.6660332153624556
lonestar,Affiliate,365,249,0.847800692998003,0.21366916921305681,0.6666518232668659
lonestar,Affiliate,365,250,0.8491250110065406,0.21366916921305681,0.6676931753467453
lonestar,Affiliate,365,251,0.8512549122937592,0.21366916921305681,0.6693679823954182
lonestar,Affiliate,365,252,0.8523433643395399,0.21366916921305681,0.6702238657968487
lonestar,Affiliate,365,253,0.8540081301590267,0.21366916921305681,0.6715329224867513
lonestar,Affiliate,365,254,0.8552213671289157,0.21366916921305681,0.6724869281212257
lonestar,Affiliate,365,255,0.856122608781904,0.21366916921305681,0.6731956022189598
lonestar,Affiliate,365,256,0.8569481907680155,0.21366916921305681,0.6738447827879815
lonestar,Affiliate,365,257,0.8576583882935224,0.21366916921305681,0.6744032329982361
lonestar,Affiliate,365,258,0.8587434788233634,0.21366916921305681,0.6752564731360452
lonestar,Affiliate,365,259,0.8601257476141386,0.21366916921305681,0.6763433937026663
lonestar,Affiliate,365,260,0.8612223782939221,0.21366916921305681,0.6772057082161669
lonestar,Affiliate,365,261,0.8621432024202891,0.21366916921305681,0.6779297806164617
lonestar,Affiliate,365,262,0.8634056816797676,0.21366916921305681,0.6789225069814186
lonestar,Affiliate,365,263,0.8642594702167192,0.21366916921305681,0.6795938672309962
lonestar,Affiliate,365,264,0.8667257762461138,0.21366916921305681,0.6815331997000649
lonestar,Affiliate,365,265,0.8677172774013207,0.21366916921305681,0.6823128476271649
lonestar,Affiliate,365,266,0.8689492230938556,0.21366916921305681,0.6832815645070603
lonestar,Affiliate,365,267,0.8701003671685019,0.21366916921305681,0.6841867445836325
lonestar,Affiliate,365,268,0.8711371136953883,0.21366916921305681,0.6850019703414345
lonestar,Affiliate,365,269,0.8735846625875444,0.21366916921305681,0.6869265534951953
lonestar,Affiliate,365,270,0.8747409081094913,0.21366916921305681,0.6878357449970615
lonestar,Affiliate,365,271,0.8756565448078089,0.21366916921305681,0.6885557383627485
lonestar,Affiliate,365,272,0.8766524573150858,0.21366916921305681,0.6893388550719867
lonestar,Affiliate,365,273,0.8777707399229913,0.21366916921305681,0.6902181951641155
lonestar,Affiliate,365,274,0.8789587985139358,0.21366916921305681,0.6911524022629565
lonestar,Affiliate,365,275,0.8798498077499953,0.21366916921305681,0.691853030295786
lonestar,Affiliate,365,276,0.8815416607023795,0.21366916921305681,0.6931833864334037
lonestar,Affiliate,365,277,0.8838450791939447,0.21366916921305681,0.6949946354095262
lonestar,Affiliate,365,278,0.884961527803029,0.21366916921305681,0.6958725333718383
lonestar,Affiliate,365,279,0.8868207057474645,0.21366916921305681,0.697334462309467
lonestar,Affiliate,365,280,0.8885297186449945,0.21366916921305681,0.6986783118410075
lonestar,Affiliate,365,281,0.8905941254415811,0.21366916921305681,0.7003016185524497
lonestar,Affiliate,365,282,0.8926092407798104,0.21366916921305681,0.7018861658704909
lonestar,Affiliate,365,283,0.8948527079688738,0.21366916921305681,0.7036502732891105
lonestar,Affiliate,365,284,0.8962782938117669,0.21366916921305681,0.7047712553893106
lonestar,Affiliate,365,285,0.8979821773580121,0.21366916921305681,0.7061110715537938
lonestar,Affiliate,365,286,0.8988404193920253,0.21366916921305681,0.7067859337254158
lonestar,Affiliate,365,287,0.9008423569737849,0.21366916921305681,0.7083601189672644
lonestar,Affiliate,365,288,0.9020004505082925,0.21366916921305681,0.7092707636183827
lonestar,Affiliate,365,289,0.9041017747512697,0.21366916921305681,0.7109230996561158
lonestar,Affiliate,365,290,0.9050893648495534,0.21366916921305681,0.7116996721985761
lonestar,Affiliate,365,291,0.9064495307123442,0.21366916921305681,0.7127692125514724
lonestar,Affiliate,365,292,0.9079714428496571,0.21366916921305681,0.7139659389867904
lonestar,Affiliate,365,293,0.9099563045141055,0.21366916921305681,0.7155266969083932
lonestar,Affiliate,365,294,0.9124770452898885,0.21366916921305681,0.7175088330968132
lonestar,Affiliate,365,295,0.9141663701004714,0.21366916921305681,0.7188372012785879
lonestar,Affiliate,365,296,0.9159645182634178,0.21366916921305681,0.7202511406174356
lonestar,Affiliate,365,297,0.9177054138787017,0.21366916921305681,0.7216200605129152
lonestar,Affiliate,365,298,0.918852912599302,0.21366916921305681,0.7225223741352117
lonestar,Affiliate,365,299,0.9200829814540806,0.21366916921305681,0.7234896151997149
lonestar,Affiliate,365,300,0.9211077703093307,0.21366916921305681,0.7242954382716449
lonestar,Affiliate,365,301,0.9224446093146056,0.21366916921305681,0.7253466359972911
lonestar,Affiliate,365,302,0.9238869543994751,0.21366916921305681,0.7264807964061579
lonestar,Affiliate,365,303,0.9252287181665246,0.21366916921305681,0.7275358666238219
lonestar,Affiliate,365,304,0.9271945676200857,0.21366916921305681,0.7290816746578426
lonestar,Affiliate,365,305,0.9280345825554557,0.21366916921305681,0.7297422042998455
lonestar,Affiliate,365,306,0.9293914969063921,0.21366916921305681,0.7308091878887241
lonestar,Affiliate,365,307,0.9308934934970637,0.21366916921305681,0.7319902541157061
lonestar,Affiliate,365,308,0.9328339838616659,0.21366916921305681,0.7335161215162378
lonestar,Affiliate,365,309,0.9344936103128522,0.21366916921305681,0.734821136962395
lonestar,Affiliate,365,310,0.9364024348245804,0.21366916921305681,0.7363221045265288
lonestar,Affiliate,365,311,0.9375248454642547,0.21366916921305681,0.737204690617308
lonestar,Affiliate,365,312,0.9386421197381467,0.21366916921305681,0.7380832378253144
lonestar,Affiliate,365,313,0.9397914889914093,0.21366916921305681,0.7389870223051133
lonestar,Affiliate,365,314,0.9404181247400271,0.21366916921305681,0.7394797653139247
lonestar,Affiliate,365,315,0.9417044703235734,0.21366916921305681,0.7404912585053138
lonestar,Affiliate,365,316,0.9426486761202607,0.21366916921305681,0.7412337166338567
lonestar,Affiliate,365,317,0.9438956382231454,0.21366916921305681,0.7422142413801779
lonestar,Affiliate,365,318,0.9454026664736105,0.21366916921305681,0.7433992641563855
lonestar,Affiliate,365,319,0.9469918995198435,0.21366916921305681,0.7446489270979441
lonestar,Affiliate,365,320,0.9479195156646442,0.21366916921305681,0.7453783402717364
lonestar,Affiliate,365,321,0.9489852772226426,0.21366916921305681,0.7462163814430581
lonestar,Affiliate,365,322,0.9502639433927981,0.21366916921305681,0.7472218360749356
lonestar,Affiliate,365,323,0.9512785246928563,0.21366916921305681,0.7480196326315114
lonestar,Affiliate,365,324,0.9521740385515184,0.21366916921305681,0.7487238027879743
lonestar,Affiliate,365,325,0.9531338483170606,0.21366916921305681,0.7494785307983106
lonestar,Affiliate,365,326,0.9538995976256639,0.21366916921305681,0.7500806630883191
lonestar,Affiliate,365,327,0.9550615016397939,0.21366916921305681,0.7509943040370446
lonestar,Affiliate,365,328,0.9559939073711575,0.21366916921305681,0.7517274834104183
lonestar,Affiliate,365,329,0.9565460944584646,0.21366916921305681,0.7521616851415304
lonestar,Affiliate,365,330,0.9573890178529216,0.21366916921305681,0.7528245017945835
lonestar,Affiliate,365,331,0.9586410873867862,0.21366916921305681,0.7538090426713502
lonestar,Affiliate,365,332,0.9597952206529227,0.21366916921305681,0.7547165732413501
lonestar,Affiliate,365,333,0.9618304186435824,0.21366916921305681,0.7563169121681615
lonestar,Affiliate,365,334,0.9644476409095424,0.21366916921305681,0.758374914726908
lonestar,Affiliate,365,335,0.9664156933537192,0.21366916921305681,0.7599224550403698
lonestar,Affiliate,365,336,0.9678967971905686,0.21366916921305681,0.7610870926508814
lonestar,Affiliate,365,337,0.9691173288861388,0.21366916921305681,0.7620468343530608
lonestar,Affiliate,365,338,0.9704771476774395,0.21366916921305681,0.763116101792944
lonestar,Affiliate,365,339,0.9712375484317118,0.21366916921305681,0.763714028349782
lonestar,Affiliate,365,340,0.9721980706071547,0.21366916921305681,0.7644693165499872
lonestar,Affiliate,365,341,0.9732812259268815,0.21366916921305681,0.7653210349724193
lonestar,Affiliate,365,342,0.9758270110891166,0.21366916921305681,0.7673228643340447
lonestar,Affiliate,365,343,0.977189398209444,0.21366916921305681,0.7683941513302252
lonestar,Affiliate,365,344,0.9780070292257355,0.21366916921305681,0.7690370798065428
lonestar,Affiliate,365,345,0.9785296019814798,0.21366916921305681,0.7694479948757138
lonestar,Affiliate,365,346,0.9793414460373477,0.21366916921305681,0.770086372886634
lonestar,Affiliate,365,347,0.9803812137674325,0.21366916921305681,0.770903974309657
lonestar,Affiliate,365,348,0.9817704059130802,0.21366916921305681,0.7719963389236668
lonestar,Affiliate,365,349,0.9823492371306721,0.21366916921305681,0.7724514917558813
lonestar,Affiliate,365,350,0.9838198115126557,0.21366916921305681,0.7736078497314005
lonestar,Affiliate,365,351,0.9849575044041806,0.21366916921305681,0.7745024527279736
lonestar,Affiliate,365,352,0.9858913532222661,0.21366916921305681,0.7752367668449281
lonestar,Affiliate,365,353,0.9874937457580486,0.21366916921305681,0.7764967774988368
lonestar,Affiliate,365,354,0.9891619979587098,0.21366916921305681,0.777808575637745
lonestar,Affiliate,365,355,0.9901816830363643,0.21366916921305681,0.778610385451998
lonestar,Affiliate,365,356,0.9911249148408493,0.21366916921305681,0.7793520777004433
lonestar,Affiliate,365,357,0.9920404967384049,0.21366916921305681,0.7800720279746017
lonestar,Affiliate,365,358,0.9932531426043824,0.21366916921305681,0.7810255688058462
lonestar,Affiliate,365,359,0.9940936570304277,0.21366916921305681,0.7816864912127668
lonestar,Affiliate,365,360,0.995080443384208,0.21366916921305681,0.782462431746144
lonestar,Affiliate,365,361,0.996154596765498,0.21366916921305681,0.7833070716668464
lonestar,Affiliate,365,362,0.9973401747086348,0.21366916921305681,0.7842393281558359
lonestar,Affiliate,365,363,0.99831643931619,0.21366916921305681,0.7850069951157627
lonestar,Affiliate,365,364,0.9991067680450505,0.21366916921305681,0.7856284549617223
lonestar,Affiliate,365,365,1.0,0.21366916921305681,0.7863308307869432
lonestar,Blended,7,1,0.3853293964176942,0.0,0.3853293964176942
lonestar,Blended,7,2,0.5572103011234099,0.0,0.5572103011234099
lonestar,Blended,7,3,0.6588868879637734,0.0,0.6588868879637734
lonestar,Blended,7,4,0.7475394040336258,0.0,0.7475394040336258
lonestar,Blended,7,5,0.8348727001279951,0.0,0.8348727001279951
lonestar,Blended,7,6,0.9126279785753154,0.0,0.9126279785753154
lonestar,Blended,7,7,1.0,0.0,1.0
lonestar,Blended,30,1,0.18579461231825886,0.0,0.18579461231825886
lonestar,Blended,30,2,0.2686705785736162,0.0,0.2686705785736162
lonestar,Blended,30,3,0.31769606743969653,0.0,0.31769606743969653
lonestar,Blended,30,4,0.36044172870344765,0.0,0.36044172870344765
lonestar,Blended,30,5,0.40255130051701393,0.0,0.40255130051701393
lonestar,Blended,30,6,0.44004263117884135,0.0,0.44004263117884135
lonestar,Blended,30,7,0.4821708752188189,0.0,0.4821708752188189
lonestar,Blended,30,8,0.5172762918073479,0.0,0.5172762918073479
lonestar,Blended,30,9,0.546904512174129,0.0,0.546904512174129
lonestar,Blended,30,10,0.5702518407396155,0.0,0.5702518407396155
lonestar,Blended,30,11,0.590106775888213,0.0,0.590106775888213
lonestar,Blended,30,12,0.6121490132360977,0.0,0.6121490132360977
lonestar,Blended,30,13,0.632418364070975,0.0,0.632418364070975
lonestar,Blended,30,14,0.6564149978561346,0.0,0.6564149978561346
lonestar,Blended,30,15,0.6826216661458163,0.0,0.6826216661458163
lonestar,Blended,30,16,0.7061475095099383,0.0,0.7061475095099383
lonestar,Blended,30,17,0.7324425648474006,0.0,0.7324425648474006
lonestar,Blended,30,18,0.7516803357269108,0.0,0.7516803357269108
lonestar,Blended,30,19,0.775333181763797,0.0,0.775333181763797
lonestar,Blended,30,20,0.7992250511702718,0.0,0.7992250511702718
lonestar,Blended,30,21,0.820835297457547,0.0,0.820835297457547
lonestar,Blended,30,22,0.8414268743674795,0.0,0.8414268743674795
lonestar,Blended,30,23,0.8620344481237706,0.0,0.8620344481237706
lonestar,Blended,30,24,0.8843731613979529,0.0,0.8843731613979529
lonestar,Blended,30,25,0.904696719196126,0.0,0.904696719196126
lonestar,Blended,30,26,0.9221862921802599,0.0,0.9221862921802599
lonestar,Blended,30,27,0.9398769767080236,0.0,0.9398769767080236
lonestar,Blended,30,28,0.9569247272166352,0.0,0.9569247272166352
lonestar,Blended,30,29,0.9796624673195202,0.0,0.9796624673195202
lonestar,Blended,30,30,1.0,0.0,1.0
lonestar,Blended,60,1,0.12012210324701215,0.0,0.12012210324701215
lonestar,Blended,60,2,0.1737040411245702,0.0,0.1737040411245702
lonestar,Blended,60,3,0.20540057291214886,0.0,0.20540057291214886
lonestar,Blended,60,4,0.23303699719602738,0.0,0.23303699719602738
lonestar,Blended,60,5,0.26026216949764414,0.0,0.26026216949764414
lonestar,Blended,60,6,0.28450150257859225,0.0,0.28450150257859225
lonestar,Blended,60,7,0.3117387470661612,0.0,0.3117387470661612
lonestar,Blended,60,8,0.3344355111076998,0.0,0.3344355111076998
lonestar,Blended,60,9,0.3535910942622171,0.0,0.3535910942622171
lonestar,Blended,60,10,0.3686858818746869,0.0,0.3686858818746869
lonestar,Blended,60,11,0.38152272649640884,0.0,0.38152272649640884
lonestar,Blended,60,12,0.3957737312885298,0.0,0.3957737312885298
lonestar,Blended,60,13,0.4088785087810349,0.0,0.4088785087810349
lonestar,Blended,60,14,0.42439309278944537,0.0,0.42439309278944537
lonestar,Blended,60,15,0.44133653412379875,0.0,0.44133653412379875
lonestar,Blended,60,16,0.45654673720932915,0.0,0.45654673720932915
lonestar,Blended,60,17,0.47354732357036927,0.0,0.47354732357036927
lonestar,Blended,60,18,0.4859851519390006,0.0,0.4859851519390006
lonestar,Blended,60,19,0.5012774662761978,0.0,0.5012774662761978
lonestar,Blended,60,20,0.5167243167946219,0.0,0.5167243167946219
lonestar,Blended,60,21,0.5306960256796288,0.0,0.5306960256796288
lonestar,Blended,60,22,0.5440091325384903,0.0,0.5440091325384903
lonestar,Blended,60,23,0.5573325818653379,0.0,0.5573325818653379
lonestar,Blended,60,24,0.5717752677368216,0.0,0.5717752677368216
lonestar,Blended,60,25,0.5849150917484938,0.0,0.5849150917484938
lonestar,Blended,60,26,0.5962226547909977,0.0,0.5962226547909977
lonestar,Blended,60,27,0.6076602428181157,0.0,0.6076602428181157
lonestar,Blended,60,28,0.6186821536322836,0.0,0.6186821536322836
lonestar,Blended,60,29,0.633382822990574,0.0,0.633382822990574
lonestar,Blended,60,30,0.6465316822064126,0.0,0.6465316822064126
lonestar,Blended,60,31,0.6589716463334289,0.0,0.6589716463334289
lonestar,Blended,60,32,0.6704989890892377,0.0,0.6704989890892377
lonestar,Blended,60,33,0.6819524839545879,0.0,0.6819524839545879
lonestar,Blended,60,34,0.695739695596228,0.0,0.695739695596228
lonestar,Blended,60,35,0.7090608561131212,0.0,0.7090608561131212
lonestar,Blended,60,36,0.7247463182492694,0.0,0.7247463182492694
lonestar,Blended,60,37,0.7356553218867937,0.0,0.7356553218867937
lonestar,Blended,60,38,0.7512147931759201,0.0,0.7512147931759201
lonestar,Blended,60,39,0.7618446560833653,0.0,0.7618446560833653
lonestar,Blended,60,40,0.7727238443250367,0.0,0.7727238443250367
lonestar,Blended,60,41,0.7862034185045221,0.0,0.7862034185045221
lonestar,Blended,60,42,0.803365813979788,0.0,0.803365813979788
lonestar,Blended,60,43,0.816361117723236,0.0,0.816361117723236
lonestar,Blended,60,44,0.8304451918485732,0.0,0.8304451918485732
lonestar,Blended,60,45,0.8425190296573711,0.0,0.8425190296573711
lonestar,Blended,60,46,0.8526417861348184,0.0,0.8526417861348184
lonestar,Blended,60,47,0.8603242805216134,0.0,0.8603242805216134
lonestar,Blended,60,48,0.8729686592853634,0.0,0.8729686592853634
lonestar,Blended,60,49,0.8832260472561954,0.0,0.8832260472561954
lonestar,Blended,60,50,0.8930429988063051,0.0,0.8930429988063051
lonestar,Blended,60,51,0.9029703048418136,0.0,0.9029703048418136
lonestar,Blended,60,52,0.9154350843179045,0.0,0.9154350843179045
lonestar,Blended,60,53,0.9268808303342504,0.0,0.9268808303342504
lonestar,Blended,60,54,0.9358329586764844,0.0,0.9358329586764844
lonestar,Blended,60,55,0.9476390805494188,0.0,0.9476390805494188
lonestar,Blended,60,56,0.9595374708222871,0.0,0.9595374708222871
lonestar,Blended,60,57,0.9717450918294209,0.0,0.9717450918294209
lonestar,Blended,60,58,0.9829869941768543,0.0,0.9829869941768543
lonestar,Blended,60,59,0.9923096371328479,0.0,0.9923096371328479
lonestar,Blended,60,60,1.0,0.0,1.0
lonestar,Blended,90,1,0.09321066268040569,0.0,0.09321066268040569
lonestar,Blended,90,2,0.13478842232883032,0.0,0.13478842232883032
lonestar,Blended,90,3,0.15938385191863177,0.0,0.15938385191863177
lonestar,Blended,90,4,0.1808287763079427,0.0,0.1808287763079427
lonestar,Blended,90,5,0.20195458315968912,0.0,0.20195458315968912
lonestar,Blended,90,6,0.22076348042616661,0.0,0.22076348042616661
lonestar,Blended,90,7,0.24189865488322626,0.0,0.24189865488322626
lonestar,Blended,90,8,0.259510571090373,0.0,0.259510571090373
lonestar,Blended,90,9,0.274374651485224,0.0,0.274374651485224
lonestar,Blended,90,10,0.28608769278525037,0.0,0.28608769278525037
lonestar,Blended,90,11,0.2960486471939126,0.0,0.2960486471939126
lonestar,Blended,90,12,0.3071069417511074,0.0,0.3071069417511074
lonestar,Blended,90,13,0.3172758029459854,0.0,0.3172758029459854
lonestar,Blended,90,14,0.3293145919577049,0.0,0.3293145919577049
lonestar,Blended,90,15,0.3424621256103088,0.0,0.3424621256103088
lonestar,Blended,90,16,0.35426472538822357,0.0,0.35426472538822357
lonestar,Blended,90,17,0.36745660163609,0.0,0.36745660163609
lonestar,Blended,90,18,0.3771079330164712,0.0,0.3771079330164712
lonestar,Blended,90,19,0.3889742483302824,0.0,0.3889742483302824
lonestar,Blended,90,20,0.4009604784596927,0.0,0.4009604784596927
lonestar,Blended,90,21,0.4118020489013225,0.0,0.4118020489013225
lonestar,Blended,90,22,0.42213256659212384,0.0,0.42213256659212384
lonestar,Blended,90,23,0.4324711096859833,0.0,0.4324711096859833
lonestar,Blended,90,24,0.44367814223516916,0.0,0.44367814223516916
lonestar,Blended,90,25,0.45387419833579634,0.0,0.45387419833579634
lonestar,Blended,90,26,0.46264848230187794,0.0,0.46264848230187794
lonestar,Blended,90,27,0.47152366122944694,0.0,0.47152366122944694
lonestar,Blended,90,28,0.4800762887910899,0.0,0.4800762887910899
lonestar,Blended,90,29,0.4914835077432428,0.0,0.4914835077432428
lonestar,Blended,90,30,0.5016865748547084,0.0,0.5016865748547084
lonestar,Blended,90,31,0.5113395635108865,0.0,0.5113395635108865
lonestar,Blended,90,32,0.5202843890523078,0.0,0.5202843890523078
lonestar,Blended,90,33,0.5291719111448121,0.0,0.5291719111448121
lonestar,Blended,90,34,0.5398703180066171,0.0,0.5398703180066171
lonestar,Blended,90,35,0.5502070850618723,0.0,0.5502070850618723
lonestar,Blended,90,36,0.5623784696833378,0.0,0.5623784696833378
lonestar,Blended,90,37,0.5708434851197196,0.0,0.5708434851197196
lonestar,Blended,90,38,0.5829171051331311,0.0,0.5829171051331311
lonestar,Blended,90,39,0.5911655168660441,0.0,0.5911655168660441
lonestar,Blended,90,40,0.5996073965702798,0.0,0.5996073965702798
lonestar,Blended,90,41,0.6100670872346686,0.0,0.6100670872346686
lonestar,Blended,90,42,0.6233845218465416,0.0,0.6233845218465416
lonestar,Blended,90,43,0.6334684351390777,0.0,0.6334684351390777
lonestar,Blended,90,44,0.6443971971818394,0.0,0.6443971971818394
lonestar,Blended,90,45,0.6537660842794917,0.0,0.6537660842794917
lonestar,Blended,90,46,0.6616209986866677,0.0,0.6616209986866677
lonestar,Blended,90,47,0.6675823527878285,0.0,0.6675823527878285
lonestar,Blended,90,48,0.677393960243016,0.0,0.677393960243016
lonestar,Blended,90,49,0.6853533441056613,0.0,0.6853533441056613
lonestar,Blended,90,50,0.6929709643000523,0.0,0.6929709643000523
lonestar,Blended,90,51,0.7006742158182026,0.0,0.7006742158182026
lonestar,Blended,90,52,0.7103464603404482,0.0,0.7103464603404482
lonestar,Blended,90,53,0.7192279695899272,0.0,0.7192279695899272
lonestar,Blended,90,54,0.7261745164170652,0.0,0.7261745164170652
lonestar,Blended,90,55,0.7353356650626142,0.0,0.7353356650626142
lonestar,Blended,90,56,0.7445684108453244,0.0,0.7445684108453244
lonestar,Blended,90,57,0.7540411091503676,0.0,0.7540411091503676
lonestar,Blended,90,58,0.7627644426524285,0.0,0.7627644426524285
lonestar,Blended,90,59,0.7699984962060369,0.0,0.7699984962060369
lonestar,Blended,90,60,0.7759659559800803,0.0,0.7759659559800803
lonestar,Blended,90,61,0.7830327933517358,0.0,0.7830327933517358
lonestar,Blended,90,62,0.7882377178815181,0.0,0.7882377178815181
lonestar,Blended,90,63,0.7949369790431278,0.0,0.7949369790431278
lonestar,Blended,90,64,0.8030499030980358,0.0,0.8030499030980358
lonestar,Blended,90,65,0.8099626895317857,0.0,0.8099626895317857
lonestar,Blended,90,66,0.8179134618276308,0.0,0.8179134618276308
lonestar,Blended,90,67,0.826516823902349,0.0,0.826516823902349
lonestar,Blended,90,68,0.8342437486625311,0.0,0.8342437486625311
lonestar,Blended,90,69,0.8415636989946372,0.0,0.8415636989946372
lonestar,Blended,90,70,0.8506365394227771,0.0,0.8506365394227771
lonestar,Blended,90,71,0.8588390925870016,0.0,0.8588390925870016
lonestar,Blended,90,72,0.8654811897917708,0.0,0.8654811897917708
lonestar,Blended,90,73,0.8754610379841223,0.0,0.8754610379841223
lonestar,Blended,90,74,0.8823931619866592,0.0,0.8823931619866592
lonestar,Blended,90,75,0.8879702254801702,0.0,0.8879702254801702
lonestar,Blended,90,76,0.8957069891613239,0.0,0.8957069891613239
lonestar,Blended,90,77,0.9018434849237678,0.0,0.9018434849237678
lonestar,Blended,90,78,0.9080716011668393,0.0,0.9080716011668393
lonestar,Blended,90,79,0.9169096105831835,0.0,0.9169096105831835
lonestar,Blended,90,80,0.9272226383962705,0.0,0.9272226383962705
lonestar,Blended,90,81,0.9337473374954736,0.0,0.9337473374954736
lonestar,Blended,90,82,0.9384540711909252,0.0,0.9384540711909252
lonestar,Blended,90,83,0.9461402617742657,0.0,0.9461402617742657
lonestar,Blended,90,84,0.960322922318452,0.0,0.960322922318452
lonestar,Blended,90,85,0.9675430778807049,0.0,0.9675430778807049
lonestar,Blended,90,86,0.9753380843392729,0.0,0.9753380843392729
lonestar,Blended,90,87,0.9807151252181531,0.0,0.9807151252181531
lonestar,Blended,90,88,0.987291362166901,0.0,0.987291362166901
lonestar,Blended,90,89,0.9949363835651043,0.0,0.9949363835651043
lonestar,Blended,90,90,1.0,0.0,1.0
lonestar,Blended,120,1,0.0783240415503085,0.0,0.0783240415503085
lonestar,Blended,120,2,0.113261441206373,0.0,0.113261441206373
lonestar,Blended,120,3,0.13392874893429307,0.0,0.13392874893429307
lonestar,Blended,120,4,0.15194871682863892,0.0,0.15194871682863892
lonestar,Blended,120,5,0.16970053326313161,0.0,0.16970053326313161
lonestar,Blended,120,6,0.1855054724047643,0.0,0.1855054724047643
lonestar,Blended,120,7,0.20326516034973316,0.0,0.20326516034973316
lonestar,Blended,120,8,0.2180642875860541,0.0,0.2180642875860541
lonestar,Blended,120,9,0.2305544342814511,0.0,0.2305544342814511
lonestar,Blended,120,10,0.24039679251689577,0.0,0.24039679251689577
lonestar,Blended,120,11,0.24876688864699006,0.0,0.24876688864699006
lonestar,Blended,120,12,0.25805906936394307,0.0,0.25805906936394307
lonestar,Blended,120,13,0.2666038676074424,0.0,0.2666038676074424
lonestar,Blended,120,14,0.2767199485755861,0.0,0.2767199485755861
lonestar,Blended,120,15,0.28776769721805023,0.0,0.28776769721805023
lonestar,Blended,120,16,0.29768531059857806,0.0,0.29768531059857806
lonestar,Blended,120,17,0.3087703199060124,0.0,0.3087703199060124
lonestar,Blended,120,18,0.3168802427229401,0.0,0.3168802427229401
lonestar,Blended,120,19,0.32685139566790655,0.0,0.32685139566790655
lonestar,Blended,120,20,0.3369233119024947,0.0,0.3369233119024947
lonestar,Blended,120,21,0.34603338138727385,0.0,0.34603338138727385
lonestar,Blended,120,22,0.3547140180610502,0.0,0.3547140180610502
lonestar,Blended,120,23,0.3634013984053949,0.0,0.3634013984053949
lonestar,Blended,120,24,0.37281856225549825,0.0,0.37281856225549825
lonestar,Blended,120,25,0.3813862121220481,0.0,0.3813862121220481
lonestar,Blended,120,26,0.38875916026093144,0.0,0.38875916026093144
lonestar,Blended,120,27,0.3962168894852454,0.0,0.3962168894852454
lonestar,Blended,120,28,0.4034035818360901,0.0,0.4034035818360901
lonestar,Blended,120,29,0.41298896043430183,0.0,0.41298896043430183
lonestar,Blended,120,30,0.42156250158719627,0.0,0.42156250158719627
lonestar,Blended,120,31,0.42967381699736,0.0,0.42967381699736
lonestar,Blended,120,32,0.437190069615032,0.0,0.437190069615032
lonestar,Blended,120,33,0.4446581706845347,0.0,0.4446581706845347
lonestar,Blended,120,34,0.45364794116218066,0.0,0.45364794116218066
lonestar,Blended,120,35,0.4623338291180213,0.0,0.4623338291180213
lonestar,Blended,120,36,0.4725613289276204,0.0,0.4725613289276204
lonestar,Blended,120,37,0.47967440163515457,0.0,0.47967440163515457
lonestar,Blended,120,38,0.4898197507658166,0.0,0.4898197507658166
lonestar,Blended,120,39,0.49675081342232674,0.0,0.49675081342232674
lonestar,Blended,120,40,0.5038444453921407,0.0,0.5038444453921407
lonestar,Blended,120,41,0.5126336248984589,0.0,0.5126336248984589
lonestar,Blended,120,42,0.5238241397160638,0.0,0.5238241397160638
lonestar,Blended,120,43,0.5322975570376675,0.0,0.5322975570376675
lonestar,Blended,120,44,0.5414808928032938,0.0,0.5414808928032938
lonestar,Blended,120,45,0.549353480350844,0.0,0.549353480350844
lonestar,Blended,120,46,0.5559538909123612,0.0,0.5559538909123612
lonestar,Blended,120,47,0.5609631605912644,0.0,0.5609631605912644
lonestar,Blended,120,48,0.5692077618836118,0.0,0.5692077618836118
lonestar,Blended,120,49,0.575895957144171,0.0,0.575895957144171
lonestar,Blended,120,50,0.5822969716146472,0.0,0.5822969716146472
lonestar,Blended,120,51,0.5887699412795964,0.0,0.5887699412795964
lonestar,Blended,120,52,0.5968974372125737,0.0,0.5968974372125737
lonestar,Blended,120,53,0.6043604857467396,0.0,0.6043604857467396
lonestar,Blended,120,54,0.6101976035900644,0.0,0.6101976035900644
lonestar,Blended,120,55,0.617895630473778,0.0,0.617895630473778
lonestar,Blended,120,56,0.625653819757207,0.0,0.625653819757207
lonestar,Blended,120,57,0.6336136388841416,0.0,0.6336136388841416
lonestar,Blended,120,58,0.6409437738282013,0.0,0.6409437738282013
lonestar,Blended,120,59,0.6470224808646775,0.0,0.6470224808646775
lonestar,Blended,120,60,0.6520368810829716,0.0,0.6520368810829716
lonestar,Blended,120,61,0.6579750779373876,0.0,0.6579750779373876
lonestar,Blended,120,62,0.6623487269751022,0.0,0.6623487269751022
lonestar,Blended,120,63,0.6679780530037925,0.0,0.6679780530037925
lonestar,Blended,120,64,0.6747952666411406,0.0,0.6747952666411406
lonestar,Blended,120,65,0.680604015944017,0.0,0.680604015944017
lonestar,Blended,120,66,0.6872849749861385,0.0,0.6872849749861385
lonestar,Blended,120,67,0.6945142990702622,0.0,0.6945142990702622
lonestar,Blended,120,68,0.7010071611374239,0.0,0.7010071611374239
lonestar,Blended,120,69,0.7071580464274885,0.0,0.7071580464274885
lonestar,Blended,120,70,0.7147818687482187,0.0,0.7147818687482187
lonestar,Blended,120,71,0.7216743968815735,0.0,0.7216743968815735
lonestar,Blended,120,72,0.727255688575972,0.0,0.727255688575972
lonestar,Blended,120,73,0.7356416609744691,0.0,0.7356416609744691
lonestar,Blended,120,74,0.7414666594541841,0.0,0.7414666594541841
lonestar,Blended,120,75,0.7461530133565505,0.0,0.7461530133565505
lonestar,Blended,120,76,0.7526541429762948,0.0,0.7526541429762948
lonestar,Blended,120,77,0.7578105825428595,0.0,0.7578105825428595
lonestar,Blended,120,78,0.7630440099359793,0.0,0.7630440099359793
lonestar,Blended,120,79,0.7704705059702499,0.0,0.7704705059702499
lonestar,Blended,120,80,0.7791364460645853,0.0,0.7791364460645853
lonestar,Blended,120,81,0.7846190892370888,0.0,0.7846190892370888
lonestar,Blended,120,82,0.788574113211039,0.0,0.788574113211039
lonestar,Blended,120,83,0.7950327467332283,0.0,0.7950327467332283
lonestar,Blended,120,84,0.8069503027489552,0.0,0.8069503027489552
lonestar,Blended,120,85,0.8130173314342526,0.0,0.8130173314342526
lonestar,Blended,120,86,0.8195674019110517,0.0,0.8195674019110517
lonestar,Blended,120,87,0.8240856786951051,0.0,0.8240856786951051
lonestar,Blended,120,88,0.8296116286369533,0.0,0.8296116286369533
lonestar,Blended,120,89,0.8360356680807983,0.0,0.8360356680807983
lonestar,Blended,120,90,0.8402905772578894,0.0,0.8402905772578894
lonestar,Blended,120,91,0.845181327815937,0.0,0.845181327815937
lonestar,Blended,120,92,0.8514787874490214,0.0,0.8514787874490214
lonestar,Blended,120,93,0.8572460355131989,0.0,0.8572460355131989
lonestar,Blended,120,94,0.8630029131073678,0.0,0.8630029131073678
lonestar,Blended,120,95,0.8679803507648493,0.0,0.8679803507648493
lonestar,Blended,120,96,0.8742282289537342,0.0,0.8742282289537342
lonestar,Blended,120,97,0.879596574665454,0.0,0.879596574665454
lonestar,Blended,120,98,0.8860013582548043,0.0,0.8860013582548043
lonestar,Blended,120,99,0.892890090803128,0.0,0.892890090803128
lonestar,Blended,120,100,0.8980071915353695,0.0,0.8980071915353695
lonestar,Blended,120,101,0.9035092462905974,0.0,0.9035092462905974
lonestar,Blended,120,102,0.9086853302537737,0.0,0.9086853302537737
lonestar,Blended,120,103,0.9138089799472875,0.0,0.9138089799472875
lonestar,Blended,120,104,0.919185998863452,0.0,0.919185998863452
lonestar,Blended,120,105,0.9233374891422759,0.0,0.9233374891422759
lonestar,Blended,120,106,0.9291389687464823,0.0,0.9291389687464823
lonestar,Blended,120,107,0.9349289731796099,0.0,0.9349289731796099
lonestar,Blended,120,108,0.9388399461435282,0.0,0.9388399461435282
lonestar,Blended,120,109,0.9437246279422679,0.0,0.9437246279422679
lonestar,Blended,120,110,0.9471921320265954,0.0,0.9471921320265954
lonestar,Blended,120,111,0.9531827804529002,0.0,0.9531827804529002
lonestar,Blended,120,112,0.9586861090443733,0.0,0.9586861090443733
lonestar,Blended,120,113,0.9632863054793844,0.0,0.9632863054793844
lonestar,Blended,120,114,0.9679040127274054,0.0,0.9679040127274054
lonestar,Blended,120,115,0.9733430628559382,0.0,0.9733430628559382
lonestar,Blended,120,116,0.9799888037482002,0.0,0.9799888037482002
lonestar,Blended,120,117,0.9848119463641706,0.0,0.9848119463641706
lonestar,Blended,120,118,0.9900535991852207,0.0,0.9900535991852207
lonestar,Blended,120,119,0.9945582153223503,0.0,0.9945582153223503
lonestar,Blended,120,120,1.0,0.0,1.0
lonestar,Blended,150,1,0.06673537399067347,0.0,0.06673537399067347
lonestar,Blended,150,2,0.09650350630559622,0.0,0.09650350630559622
lonestar,Blended,150,3,0.11411292077531786,0.0,0.11411292077531786
lonestar,Blended,150,4,0.1294666904854352,0.0,0.1294666904854352
lonestar,Blended,150,5,0.14459198388604097,0.0,0.14459198388604097
lonestar,Blended,150,6,0.15805845603992255,0.0,0.15805845603992255
lonestar,Blended,150,7,0.17319045629815594,0.0,0.17319045629815594
lonestar,Blended,150,8,0.18579993445202617,0.0,0.18579993445202617
lonestar,Blended,150,9,0.1964420641789543,0.0,0.1964420641789543
lonestar,Blended,150,10,0.20482816689775607,0.0,0.20482816689775607
lonestar,Blended,150,11,0.21195984044936855,0.0,0.21195984044936855
lonestar,Blended,150,12,0.2198771688080753,0.0,0.2198771688080753
lonestar,Blended,150,13,0.2271576958999837,0.0,0.2271576958999837
lonestar,Blended,150,14,0.2357770218868249,0.0,0.2357770218868249
lonestar,Blended,150,15,0.2451901678738873,0.0,0.2451901678738873
lonestar,Blended,150,16,0.25364039113795767,0.0,0.25364039113795767
lonestar,Blended,150,17,0.26308528477698895,0.0,0.26308528477698895
lonestar,Blended,150,18,0.2699952797352487,0.0,0.2699952797352487
lonestar,Blended,150,19,0.2784911209575525,0.0,0.2784911209575525
lonestar,Blended,150,20,0.28707281673593293,0.0,0.28707281673593293
lonestar,Blended,150,21,0.29483497867387704,0.0,0.29483497867387704
lonestar,Blended,150,22,0.30223124581529526,0.0,0.30223124581529526
lonestar,Blended,150,23,0.3096332588473562,0.0,0.3096332588473562
lonestar,Blended,150,24,0.31765707808636257,0.0,0.31765707808636257
lonestar,Blended,150,25,0.3249570757211641,0.0,0.3249570757211641
lonestar,Blended,150,26,0.33123913729157195,0.0,0.33123913729157195
lonestar,Blended,150,27,0.3375934359086331,0.0,0.3375934359086331
lonestar,Blended,150,28,0.3437167997225583,0.0,0.3437167997225583
lonestar,Blended,150,29,0.35188394499407727,0.0,0.35188394499407727
lonestar,Blended,150,30,0.3591889622523521,0.0,0.3591889622523521
lonestar,Blended,150,31,0.36610014375855543,0.0,0.36610014375855543
lonestar,Blended,150,32,0.37250430676547247,0.0,0.37250430676547247
lonestar,Blended,150,33,0.37886744263038175,0.0,0.37886744263038175
lonestar,Blended,150,34,0.38652710476018476,0.0,0.38652710476018476
lonestar,Blended,150,35,0.3939278462145413,0.0,0.3939278462145413
lonestar,Blended,150,36,0.402642105735288,0.0,0.402642105735288
lonestar,Blended,150,37,0.4087027425201664,0.0,0.4087027425201664
lonestar,Blended,150,38,0.41734700621110227,0.0,0.41734700621110227
lonestar,Blended,150,39,0.4232525627858086,0.0,0.4232525627858086
lonestar,Blended,150,40,0.42929663524539513,0.0,0.42929663524539513
lonestar,Blended,150,41,0.43678538544029616,0.0,0.43678538544029616
lonestar,Blended,150,42,0.4463201742065443,0.0,0.4463201742065443
lonestar,Blended,150,43,0.4535398817541057,0.0,0.4535398817541057
lonestar,Blended,150,44,0.4613644696414322,0.0,0.4613644696414322
lonestar,Blended,150,45,0.4680722449791313,0.0,0.4680722449791313
lonestar,Blended,150,46,0.47369607207737824,0.0,0.47369607207737824
lonestar,Blended,150,47,0.47796418029581106,0.0,0.47796418029581106
lonestar,Blended,150,48,0.4849889269733096,0.0,0.4849889269733096
lonestar,Blended,150,49,0.49068755032319616,0.0,0.49068755032319616
lonestar,Blended,150,50,0.4961414835747453,0.0,0.4961414835747453
lonestar,Blended,150,51,0.5016567256750039,0.0,0.5016567256750039
lonestar,Blended,150,52,0.5085816936664288,0.0,0.5085816936664288
lonestar,Blended,150,53,0.5149405245589614,0.0,0.5149405245589614
lonestar,Blended,150,54,0.5199139941934632,0.0,0.5199139941934632
lonestar,Blended,150,55,0.5264730365118414,0.0,0.5264730365118414
lonestar,Blended,150,56,0.5330833397223507,0.0,0.5330833397223507
lonestar,Blended,150,57,0.5398654400305031,0.0,0.5398654400305031
lonestar,Blended,150,58,0.5461110229602314,0.0,0.5461110229602314
lonestar,Blended,150,59,0.5512903367370673,0.0,0.5512903367370673
lonestar,Blended,150,60,0.555562816390608,0.0,0.555562816390608
lonestar,Blended,150,61,0.5606224095891428,0.0,0.5606224095891428
lonestar,Blended,150,62,0.5643489423172624,0.0,0.5643489423172624
lonestar,Blended,150,63,0.5691453645958393,0.0,0.5691453645958393
lonestar,Blended,150,64,0.5749539170231361,0.0,0.5749539170231361
lonestar,Blended,150,65,0.5799032154693421,0.0,0.5799032154693421
lonestar,Blended,150,66,0.585595673257108,0.0,0.585595673257108
lonestar,Blended,150,67,0.5917553610988532,0.0,0.5917553610988532
lonestar,Blended,150,68,0.5972875523615268,0.0,0.5972875523615268
lonestar,Blended,150,69,0.6025283650428096,0.0,0.6025283650428096
lonestar,Blended,150,70,0.6090241819560058,0.0,0.6090241819560058
lonestar,Blended,150,71,0.6148969054980516,0.0,0.6148969054980516
lonestar,Blended,150,72,0.6196524005057689,0.0,0.6196524005057689
lonestar,Blended,150,73,0.6267976013050625,0.0,0.6267976013050625
lonestar,Blended,150,74,0.6317607447326038,0.0,0.6317607447326038
lonestar,Blended,150,75,0.6357537151429239,0.0,0.6357537151429239
lonestar,Blended,150,76,0.6412929507077386,0.0,0.6412929507077386
lonestar,Blended,150,77,0.6456864538534357,0.0,0.6456864538534357
lonestar,Blended,150,78,0.6501455538618099,0.0,0.6501455538618099
lonestar,Blended,150,79,0.6564732404887694,0.0,0.6564732404887694
lonestar,Blended,150,80,0.6638569855270637,0.0,0.6638569855270637
lonestar,Blended,150,81,0.6685284278496539,0.0,0.6685284278496539
lonestar,Blended,150,82,0.6718982744359555,0.0,0.6718982744359555
lonestar,Blended,150,83,0.6774013015402854,0.0,0.6774013015402854
lonestar,Blended,150,84,0.6875555599521612,0.0,0.6875555599521612
lonestar,Blended,150,85,0.6927249232831558,0.0,0.6927249232831558
lonestar,Blended,150,86,0.6983058585143095,0.0,0.6983058585143095
lonestar,Blended,150,87,0.7021556201584849,0.0,0.7021556201584849
lonestar,Blended,150,88,0.706863961667983,0.0,0.706863961667983
lonestar,Blended,150,89,0.7123375131641795,0.0,0.7123375131641795
lonestar,Blended,150,90,0.715962874542488,0.0,0.715962874542488
lonestar,Blended,150,91,0.7201299994906658,0.0,0.7201299994906658
lonestar,Blended,150,92,0.7254956996701581,0.0,0.7254956996701581
lonestar,Blended,150,93,0.7304096373174214,0.0,0.7304096373174214
lonestar,Blended,150,94,0.7353147388885478,0.0,0.7353147388885478
lonestar,Blended,150,95,0.7395557248873861,0.0,0.7395557248873861
lonestar,Blended,150,96,0.7448791795933795,0.0,0.7448791795933795
lonestar,Blended,150,97,0.7494532356774586,0.0,0.7494532356774586
lonestar,Blended,150,98,0.7549103803766386,0.0,0.7549103803766386
lonestar,Blended,150,99,0.7607798699207757,0.0,0.7607798699207757
lonestar,Blended,150,100,0.7651398547269064,0.0,0.7651398547269064
lonestar,Blended,150,101,0.7698278365335072,0.0,0.7698278365335072
lonestar,Blended,150,102,0.7742380775304281,0.0,0.7742380775304281
lonestar,Blended,150,103,0.778603642326701,0.0,0.778603642326701
lonestar,Blended,150,104,0.78318508834535,0.0,0.78318508834535
lonestar,Blended,150,105,0.786722332477447,0.0,0.786722332477447
lonestar,Blended,150,106,0.7916654368349679,0.0,0.7916654368349679
lonestar,Blended,150,107,0.7965987638646289,0.0,0.7965987638646289
lonestar,Blended,150,108,0.7999310771396897,0.0,0.7999310771396897
lonestar,Blended,150,109,0.8040930312499732,0.0,0.8040930312499732
lonestar,Blended,150,110,0.8070474904083805,0.0,0.8070474904083805
lonestar,Blended,150,111,0.8121517745497869,0.0,0.8121517745497869
lonestar,Blended,150,112,0.8168408417183858,0.0,0.8168408417183858
lonestar,Blended,150,113,0.8207604023468276,0.0,0.8207604023468276
lonestar,Blended,150,114,0.824694882923627,0.0,0.824694882923627
lonestar,Blended,150,115,0.8293291821413009,0.0,0.8293291821413009
lonestar,Blended,150,116,0.8349916325857836,0.0,0.8349916325857836
lonestar,Blended,150,117,0.839101152726932,0.0,0.839101152726932
lonestar,Blended,150,118,0.8435672611454739,0.0,0.8435672611454739
lonestar,Blended,150,119,0.8474053833445521,0.0,0.8474053833445521
lonestar,Blended,150,120,0.8520420125129589,0.0,0.8520420125129589
lonestar,Blended,150,121,0.8572254326016825,0.0,0.8572254326016825
lonestar,Blended,150,122,0.8618171739471607,0.0,0.8618171739471607
lonestar,Blended,150,123,0.8666216882898061,0.0,0.8666216882898061
lonestar,Blended,150,124,0.8698425600941451,0.0,0.8698425600941451
lonestar,Blended,150,125,0.8752276257590992,0.0,0.8752276257590992
lonestar,Blended,150,126,0.8800208355222706,0.0,0.8800208355222706
lonestar,Blended,150,127,0.884420203209886,0.0,0.884420203209886
lonestar,Blended,150,128,0.8890198616771322,0.0,0.8890198616771322
lonestar,Blended,150,129,0.8923146365637141,0.0,0.8923146365637141
lonestar,Blended,150,130,0.8967331998449974,0.0,0.8967331998449974
lonestar,Blended,150,131,0.9002642007217783,0.0,0.9002642007217783
lonestar,Blended,150,132,0.9045742329537697,0.0,0.9045742329537697
lonestar,Blended,150,133,0.9090739935869449,0.0,0.9090739935869449
lonestar,Blended,150,134,0.9146569602561094,0.0,0.9146569602561094
lonestar,Blended,150,135,0.9181364331738445,0.0,0.9181364331738445
lonestar,Blended,150,136,0.922178332230747,0.0,0.922178332230747
lonestar,Blended,150,137,0.9288621378047913,0.0,0.9288621378047913
lonestar,Blended,150,138,0.9340060701880772,0.0,0.9340060701880772
lonestar,Blended,150,139,0.9409816866418591,0.0,0.9409816866418591
lonestar,Blended,150,140,0.9481214320882588,0.0,0.9481214320882588
lonestar,Blended,150,141,0.9557567878654682,0.0,0.9557567878654682
lonestar,Blended,150,142,0.9602175633640023,0.0,0.9602175633640023
lonestar,Blended,150,143,0.9647229222069408,0.0,0.9647229222069408
lonestar,Blended,150,144,0.9699568371407167,0.0,0.9699568371407167
lonestar,Blended,150,145,0.9757892281110714,0.0,0.9757892281110714
lonestar,Blended,150,146,0.9818293029665204,0.0,0.9818293029665204
lonestar,Blended,150,147,0.9876314138132838,0.0,0.9876314138132838
lonestar,Blended,150,148,0.991802193840876,0.0,0.991802193840876
lonestar,Blended,150,149,0.9954411336844708,0.0,0.9954411336844708
lonestar,Blended,150,150,1.0,0.0,1.0
lonestar,Blended,180,1,0.058686790485108505,0.0,0.058686790485108505
lonestar,Blended,180,2,0.08486475338291154,0.0,0.08486475338291154
lonestar,Blended,180,3,0.10035039399225942,0.0,0.10035039399225942
lonestar,Blended,180,4,0.11385243065216019,0.0,0.11385243065216019
lonestar,Blended,180,5,0.1271535462636678,0.0,0.1271535462636678
lonestar,Blended,180,6,0.13899590186324598,0.0,0.13899590186324598
lonestar,Blended,180,7,0.15230291545546257,0.0,0.15230291545546257
lonestar,Blended,180,8,0.1633916343505744,0.0,0.1633916343505744
lonestar,Blended,180,9,0.1727502758064065,0.0,0.1727502758064065
lonestar,Blended,180,10,0.18012497716514467,0.0,0.18012497716514467
lonestar,Blended,180,11,0.18639653910454673,0.0,0.18639653910454673
lonestar,Blended,180,12,0.19335900238008283,0.0,0.19335900238008283
lonestar,Blended,180,13,0.19976146545946405,0.0,0.19976146545946405
lonestar,Blended,180,14,0.20734126232077024,0.0,0.20734126232077024
lonestar,Blended,180,15,0.21561914095265855,0.0,0.21561914095265855
lonestar,Blended,180,16,0.22305022963315646,0.0,0.22305022963315646
lonestar,Blended,180,17,0.2313560270087046,0.0,0.2313560270087046
lonestar,Blended,180,18,0.23743264578101006,0.0,0.23743264578101006
lonestar,Blended,180,19,0.24490385069068465,0.0,0.24490385069068465
lonestar,Blended,180,20,0.2524505557143672,0.0,0.2524505557143672
lonestar,Blended,180,21,0.25927656633097473,0.0,0.25927656633097473
lonestar,Blended,180,22,0.2657808106941061,0.0,0.2657808106941061
lonestar,Blended,180,23,0.2722901079678625,0.0,0.2722901079678625
lonestar,Blended,180,24,0.2793462188489637,0.0,0.2793462188489637
lonestar,Blended,180,25,0.2857658042369958,0.0,0.2857658042369958
lonestar,Blended,180,26,0.2912902211863726,0.0,0.2912902211863726
lonestar,Blended,180,27,0.2968781630726562,0.0,0.2968781630726562
lonestar,Blended,180,28,0.30226302192220944,0.0,0.30226302192220944
lonestar,Blended,180,29,0.30944517307757813,0.0,0.30944517307757813
lonestar,Blended,180,30,0.315869172700123,0.0,0.315869172700123
lonestar,Blended,180,31,0.32194683491740217,0.0,0.32194683491740217
lonestar,Blended,180,32,0.32757862732590726,0.0,0.32757862732590726
lonestar,Blended,180,33,0.33317434064856577,0.0,0.33317434064856577
lonestar,Blended,180,34,0.3399102133906784,0.0,0.3399102133906784
lonestar,Blended,180,35,0.34641839244466827,0.0,0.34641839244466827
lonestar,Blended,180,36,0.3540816734326252,0.0,0.3540816734326252
lonestar,Blended,180,37,0.35941137041237403,0.0,0.35941137041237403
lonestar,Blended,180,38,0.3670130973795276,0.0,0.3670130973795276
lonestar,Blended,180,39,0.372206417513557,0.0,0.372206417513557
lonestar,Blended,180,40,0.3775215478994621,0.0,0.3775215478994621
lonestar,Blended,180,41,0.38410712144768094,0.0,0.38410712144768094
lonestar,Blended,180,42,0.39249197219749127,0.0,0.39249197219749127
lonestar,Blended,180,43,0.3988409508406125,0.0,0.3988409508406125
lonestar,Blended,180,44,0.40572185855890924,0.0,0.40572185855890924
lonestar,Blended,180,45,0.41162064629807354,0.0,0.41162064629807354
lonestar,Blended,180,46,0.41656621478601547,0.0,0.41656621478601547
lonestar,Blended,180,47,0.4203195701327307,0.0,0.4203195701327307
lonestar,Blended,180,48,0.42649710105555033,0.0,0.42649710105555033
lonestar,Blended,180,49,0.43150844503385904,0.0,0.43150844503385904
lonestar,Blended,180,50,0.4363046096301369,0.0,0.4363046096301369
lonestar,Blended,180,51,0.4411546889547506,0.0,0.4411546889547506
lonestar,Blended,180,52,0.4472444749456949,0.0,0.4472444749456949
lonestar,Blended,180,53,0.4528364024948303,0.0,0.4528364024948303
lonestar,Blended,180,54,0.45721004952743466,0.0,0.45721004952743466
lonestar,Blended,180,55,0.4629780421122281,0.0,0.4629780421122281
lonestar,Blended,180,56,0.46879111329712053,0.0,0.46879111329712053
lonestar,Blended,180,57,0.47475526208407653,0.0,0.47475526208407653
lonestar,Blended,180,58,0.48024759987940463,0.0,0.48024759987940463
lonestar,Blended,180,59,0.4848022653334452,0.0,0.4848022653334452
lonestar,Blended,180,60,0.4885594649007134,0.0,0.4885594649007134
lonestar,Blended,180,61,0.4930088486117238,0.0,0.4930088486117238
lonestar,Blended,180,62,0.4962859448857571,0.0,0.4962859448857571
lonestar,Blended,180,63,0.5005038972625624,0.0,0.5005038972625624
lonestar,Blended,180,64,0.5056119123816532,0.0,0.5056119123816532
lonestar,Blended,180,65,0.5099643033789878,0.0,0.5099643033789878
lonestar,Blended,180,66,0.514970225389444,0.0,0.514970225389444
lonestar,Blended,180,67,0.5203870274271862,0.0,0.5203870274271862
lonestar,Blended,180,68,0.5252520117696946,0.0,0.5252520117696946
lonestar,Blended,180,69,0.5298607590862398,0.0,0.5298607590862398
lonestar,Blended,180,70,0.5355731515314764,0.0,0.5355731515314764
lonestar,Blended,180,71,0.5407375984429027,0.0,0.5407375984429027
lonestar,Blended,180,72,0.5449195595601038,0.0,0.5449195595601038
lonestar,Blended,180,73,0.5512030173008334,0.0,0.5512030173008334
lonestar,Blended,180,74,0.5555675835130549,0.0,0.5555675835130549
lonestar,Blended,180,75,0.5590789838974514,0.0,0.5590789838974514
lonestar,Blended,180,76,0.5639501629678701,0.0,0.5639501629678701
lonestar,Blended,180,77,0.5678137900548065,0.0,0.5678137900548065
lonestar,Blended,180,78,0.5717351027304526,0.0,0.5717351027304526
lonestar,Blended,180,79,0.5772996421512354,0.0,0.5772996421512354
lonestar,Blended,180,80,0.5837928746326837,0.0,0.5837928746326837
lonestar,Blended,180,81,0.5879009201931602,0.0,0.5879009201931602
lonestar,Blended,180,82,0.5908643482636295,0.0,0.5908643482636295
lonestar,Blended,180,83,0.5957036857752589,0.0,0.5957036857752589
lonestar,Blended,180,84,0.604633295370804,0.0,0.604633295370804
lonestar,Blended,180,85,0.6091792104471154,0.0,0.6091792104471154
lonestar,Blended,180,86,0.6140870600182806,0.0,0.6140870600182806
lonestar,Blended,180,87,0.6174725232519309,0.0,0.6174725232519309
lonestar,Blended,180,88,0.6216130177929352,0.0,0.6216130177929352
lonestar,Blended,180,89,0.6264264345861283,0.0,0.6264264345861283
lonestar,Blended,180,90,0.6296145612260019,0.0,0.6296145612260019
lonestar,Blended,180,91,0.6332791123348809,0.0,0.6332791123348809
lonestar,Blended,180,92,0.6379976851607976,0.0,0.6379976851607976
lonestar,Blended,180,93,0.6423189800291252,0.0,0.6423189800291252
lonestar,Blended,180,94,0.6466325044914757,0.0,0.6466325044914757
lonestar,Blended,180,95,0.6503620086791481,0.0,0.6503620086791481
lonestar,Blended,180,96,0.6550434310239343,0.0,0.6550434310239343
lonestar,Blended,180,97,0.65906583556026,0.0,0.65906583556026
lonestar,Blended,180,98,0.6638648242892728,0.0,0.6638648242892728
lonestar,Blended,180,99,0.6690264272373504,0.0,0.6690264272373504
lonestar,Blended,180,100,0.6728605784458443,0.0,0.6728605784458443
lonestar,Blended,180,101,0.6769831687548525,0.0,0.6769831687548525
lonestar,Blended,180,102,0.6808615150335637,0.0,0.6808615150335637
lonestar,Blended,180,103,0.684700573260522,0.0,0.684700573260522
lonestar,Blended,180,104,0.6887294764723758,0.0,0.6887294764723758
lonestar,Blended,180,105,0.6918401131986205,0.0,0.6918401131986205
lonestar,Blended,180,106,0.6961870571419689,0.0,0.6961870571419689
lonestar,Blended,180,107,0.7005254029467696,0.0,0.7005254029467696
lonestar,Blended,180,108,0.7034558243905988,0.0,0.7034558243905988
lonestar,Blended,180,109,0.7071158282876773,0.0,0.7071158282876773
lonestar,Blended,180,110,0.7097139665052062,0.0,0.7097139665052062
lonestar,Blended,180,111,0.7142026512322154,0.0,0.7142026512322154
lonestar,Blended,180,112,0.7183261960037277,0.0,0.7183261960037277
lonestar,Blended,180,113,0.7217730401530869,0.0,0.7217730401530869
lonestar,Blended,180,114,0.7252330048385418,0.0,0.7252330048385418
lonestar,Blended,180,115,0.7293083869180809,0.0,0.7293083869180809
lonestar,Blended,180,116,0.7342879206045798,0.0,0.7342879206045798
lonestar,Blended,180,117,0.7379018143028696,0.0,0.7379018143028696
lonestar,Blended,180,118,0.7418292901431844,0.0,0.7418292901431844
lonestar,Blended,180,119,0.7452045177006867,0.0,0.7452045177006867
lonestar,Blended,180,120,0.7492819487285172,0.0,0.7492819487285172
lonestar,Blended,180,121,0.7538402252549323,0.0,0.7538402252549323
lonestar,Blended,180,122,0.7578781821313192,0.0,0.7578781821313192
lonestar,Blended,180,123,0.7621032506332045,0.0,0.7621032506332045
lonestar,Blended,180,124,0.7649356709443134,0.0,0.7649356709443134
lonestar,Blended,180,125,0.769671273691844,0.0,0.769671273691844
lonestar,Blended,180,126,0.7738864009969181,0.0,0.7738864009969181
lonestar,Blended,180,127,0.7777551853358823,0.0,0.7777551853358823
lonestar,Blended,180,128,0.7818001044938698,0.0,0.7818001044938698
lonestar,Blended,180,129,0.7846975148461585,0.0,0.7846975148461585
lonestar,Blended,180,130,0.7885831797046502,0.0,0.7885831797046502
lonestar,Blended,180,131,0.7916883261399925,0.0,0.7916883261399925
lonestar,Blended,180,132,0.7954785492773992,0.0,0.7954785492773992
lonestar,Blended,180,133,0.7994356187252935,0.0,0.7994356187252935
lonestar,Blended,180,134,0.8043452547339925,0.0,0.8043452547339925
lonestar,Blended,180,135,0.8074050877117813,0.0,0.8074050877117813
lonestar,Blended,180,136,0.8109595157299345,0.0,0.8109595157299345
lonestar,Blended,180,137,0.8168372245657607,0.0,0.8168372245657607
lonestar,Blended,180,138,0.8213607757799887,0.0,0.8213607757799887
lonestar,Blended,180,139,0.8274951018030178,0.0,0.8274951018030178
lonestar,Blended,180,140,0.8337737621307239,0.0,0.8337737621307239
lonestar,Blended,180,141,0.8404882599746856,0.0,0.8404882599746856
lonestar,Blended,180,142,0.8444110460689114,0.0,0.8444110460689114
lonestar,Blended,180,143,0.8483730385575233,0.0,0.8483730385575233
lonestar,Blended,180,144,0.8529757200256501,0.0,0.8529757200256501
lonestar,Blended,180,145,0.858104698653271,0.0,0.858104698653271
lonestar,Blended,180,146,0.8634163135639127,0.0,0.8634163135639127
lonestar,Blended,180,147,0.8685186639857888,0.0,0.8685186639857888
lonestar,Blended,180,148,0.8721864293552162,0.0,0.8721864293552162
lonestar,Blended,180,149,0.875386496836951,0.0,0.875386496836951
lonestar,Blended,180,150,0.8793955435585064,0.0,0.8793955435585064
lonestar,Blended,180,151,0.883738195852102,0.0,0.883738195852102
lonestar,Blended,180,152,0.8873372526190685,0.0,0.8873372526190685
lonestar,Blended,180,153,0.8899499355243209,0.0,0.8899499355243209
lonestar,Blended,180,154,0.8936609067836166,0.0,0.8936609067836166
lonestar,Blended,180,155,0.8965394726177169,0.0,0.8965394726177169
lonestar,Blended,180,156,0.9012361666059073,0.0,0.9012361666059073
lonestar,Blended,180,157,0.9044862106402651,0.0,0.9044862106402651
lonestar,Blended,180,158,0.9075571756011022,0.0,0.9075571756011022
lonestar,Blended,180,159,0.9107252443225131,0.0,0.9107252443225131
lonestar,Blended,180,160,0.9138405555844998,0.0,0.9138405555844998
lonestar,Blended,180,161,0.9183179526571711,0.0,0.9183179526571711
lonestar,Blended,180,162,0.9238000541349057,0.0,0.9238000541349057
lonestar,Blended,180,163,0.9273263447312513,0.0,0.9273263447312513
lonestar,Blended,180,164,0.9311885875365238,0.0,0.9311885875365238
lonestar,Blended,180,165,0.9358458921453241,0.0,0.9358458921453241
lonestar,Blended,180,166,0.9388634771452897,0.0,0.9388634771452897
lonestar,Blended,180,167,0.9435253055108956,0.0,0.9435253055108956
lonestar,Blended,180,168,0.9473528775716332,0.0,0.9473528775716332
lonestar,Blended,180,169,0.951321434203398,0.0,0.951321434203398
lonestar,Blended,180,170,0.9552601717228245,0.0,0.9552601717228245
lonestar,Blended,180,171,0.960197060757454,0.0,0.960197060757454
lonestar,Blended,180,172,0.9642924774578304,0.0,0.9642924774578304
lonestar,Blended,180,173,0.9684249957986003,0.0,0.9684249957986003
lonestar,Blended,180,174,0.9726979971995878,0.0,0.9726979971995878
lonestar,Blended,180,175,0.9771668325683822,0.0,0.9771668325683822
lonestar,Blended,180,176,0.981121432791594,0.0,0.981121432791594
lonestar,Blended,180,177,0.9852970718260653,0.0,0.9852970718260653
lonestar,Blended,180,178,0.9906030451087999,0.0,0.9906030451087999
lonestar,Blended,180,179,0.9961842702442366,0.0,0.9961842702442366
lonestar,Blended,180,180,1.0,0.0,1.0
lonestar,Blended,210,1,0.05227677552017589,0.0,0.05227677552017589
lonestar,Blended,210,2,0.07559547260127104,0.0,0.07559547260127104
lonestar,Blended,210,3,0.08938970723617437,0.0,0.08938970723617437
lonestar,Blended,210,4,0.10141699538228491,0.0,0.10141699538228491
lonestar,Blended,210,5,0.11326530791127094,0.0,0.11326530791127094
lonestar,Blended,210,6,0.12381419225461113,0.0,0.12381419225461113
lonestar,Blended,210,7,0.13566775856236063,0.0,0.13566775856236063
lonestar,Blended,210,8,0.14554532153171718,0.0,0.14554532153171718
lonestar,Blended,210,9,0.1538817733041904,0.0,0.1538817733041904
lonestar,Blended,210,10,0.1604509791556659,0.0,0.1604509791556659
lonestar,Blended,210,11,0.16603753505618313,0.0,0.16603753505618313
lonestar,Blended,210,12,0.17223952917980156,0.0,0.17223952917980156
lonestar,Blended,210,13,0.17794268865419732,0.0,0.17794268865419732
lonestar,Blended,210,14,0.18469458862575194,0.0,0.18469458862575194
lonestar,Blended,210,15,0.19206832297798737,0.0,0.19206832297798737
lonestar,Blended,210,16,0.19868775729378083,0.0,0.19868775729378083
lonestar,Blended,210,17,0.2060863609885556,0.0,0.2060863609885556
lonestar,Blended,210,18,0.21149926622422535,0.0,0.21149926622422535
lonestar,Blended,210,19,0.21815443510805452,0.0,0.21815443510805452
lonestar,Blended,210,20,0.22487685766991097,0.0,0.22487685766991097
lonestar,Blended,210,21,0.23095730306065487,0.0,0.23095730306065487
lonestar,Blended,210,22,0.23675112684432328,0.0,0.23675112684432328
lonestar,Blended,210,23,0.24254945163873512,0.0,0.24254945163873512
lonestar,Blended,210,24,0.24883486478754918,0.0,0.24883486478754918
lonestar,Blended,210,25,0.25455327640094133,0.0,0.25455327640094133
lonestar,Blended,210,26,0.25947429358990665,0.0,0.25947429358990665
lonestar,Blended,210,27,0.2644518972583703,0.0,0.2644518972583703
lonestar,Blended,210,28,0.2692485994627166,0.0,0.2692485994627166
lonestar,Blended,210,29,0.27564628624363624,0.0,0.27564628624363624
lonestar,Blended,210,30,0.2813686299505167,0.0,0.2813686299505167
lonestar,Blended,210,31,0.2867824646617671,0.0,0.2867824646617671
lonestar,Blended,210,32,0.2917991293163175,0.0,0.2917991293163175
lonestar,Blended,210,33,0.2967836555926029,0.0,0.2967836555926029
lonestar,Blended,210,34,0.30278380834181895,0.0,0.30278380834181895
lonestar,Blended,210,35,0.3085811370530708,0.0,0.3085811370530708
lonestar,Blended,210,36,0.31540740266827955,0.0,0.31540740266827955
lonestar,Blended,210,37,0.32015496801131166,0.0,0.32015496801131166
lonestar,Blended,210,38,0.3269264027914841,0.0,0.3269264027914841
lonestar,Blended,210,39,0.33155248693421724,0.0,0.33155248693421724
lonestar,Blended,210,40,0.33628707670727587,0.0,0.33628707670727587
lonestar,Blended,210,41,0.3421533465647015,0.0,0.3421533465647015
lonestar,Blended,210,42,0.3496223690959172,0.0,0.3496223690959172
lonestar,Blended,210,43,0.3552778859262857,0.0,0.3552778859262857
lonestar,Blended,210,44,0.36140723232930155,0.0,0.36140723232930155
lonestar,Blended,210,45,0.3666617299757473,0.0,0.3666617299757473
lonestar,Blended,210,46,0.37106712293601485,0.0,0.37106712293601485
lonestar,Blended,210,47,0.37441052122523416,0.0,0.37441052122523416
lonestar,Blended,210,48,0.37991331656728194,0.0,0.37991331656728194
lonestar,Blended,210,49,0.3843773007457131,0.0,0.3843773007457131
lonestar,Blended,210,50,0.38864960832779244,0.0,0.38864960832779244
lonestar,Blended,210,51,0.3929699418476876,0.0,0.3929699418476876
lonestar,Blended,210,52,0.3983945761236971,0.0,0.3983945761236971
lonestar,Blended,210,53,0.4033757301243647,0.0,0.4033757301243647
lonestar,Blended,210,54,0.40727166926566016,0.0,0.40727166926566016
lonestar,Blended,210,55,0.41240965774764743,0.0,0.41240965774764743
lonestar,Blended,210,56,0.4175878011578333,0.0,0.4175878011578333
lonestar,Blended,210,57,0.42290052084700663,0.0,0.42290052084700663
lonestar,Blended,210,58,0.42779296270034334,0.0,0.42779296270034334
lonestar,Blended,210,59,0.4318501486793721,0.0,0.4318501486793721
lonestar,Blended,210,60,0.4351969713074117,0.0,0.4351969713074117
lonestar,Blended,210,61,0.4391603748525866,0.0,0.4391603748525866
lonestar,Blended,210,62,0.44207953306279946,0.0,0.44207953306279946
lonestar,Blended,210,63,0.4458367831651541,0.0,0.4458367831651541
lonestar,Blended,210,64,0.4503868796609257,0.0,0.4503868796609257
lonestar,Blended,210,65,0.4542638844393933,0.0,0.4542638844393933
lonestar,Blended,210,66,0.4587230388598167,0.0,0.4587230388598167
lonestar,Blended,210,67,0.46354819528468766,0.0,0.46354819528468766
lonestar,Blended,210,68,0.4678818058345271,0.0,0.4678818058345271
lonestar,Blended,210,69,0.4719871666304523,0.0,0.4719871666304523
lonestar,Blended,210,70,0.4770756278510155,0.0,0.4770756278510155
lonestar,Blended,210,71,0.4816759924244198,0.0,0.4816759924244198
lonestar,Blended,210,72,0.48540118238200497,0.0,0.48540118238200497
lonestar,Blended,210,73,0.4909983347750291,0.0,0.4909983347750291
lonestar,Blended,210,74,0.49488618494085374,0.0,0.49488618494085374
lonestar,Blended,210,75,0.49801405559350315,0.0,0.49801405559350315
lonestar,Blended,210,76,0.5023531842573458,0.0,0.5023531842573458
lonestar,Blended,210,77,0.5057948099493947,0.0,0.5057948099493947
lonestar,Blended,210,78,0.509287820570604,0.0,0.509287820570604
lonestar,Blended,210,79,0.5142445778880321,0.0,0.5142445778880321
lonestar,Blended,210,80,0.5200285925534639,0.0,0.5200285925534639
lonestar,Blended,210,81,0.5236879403183783,0.0,0.5236879403183783
lonestar,Blended,210,82,0.5263276904687878,0.0,0.5263276904687878
lonestar,Blended,210,83,0.5306384554411202,0.0,0.5306384554411202
lonestar,Blended,210,84,0.538592735994724,0.0,0.538592735994724
lonestar,Blended,210,85,0.5426421273486168,0.0,0.5426421273486168
lonestar,Blended,210,86,0.5470139212088331,0.0,0.5470139212088331
lonestar,Blended,210,87,0.5500296100893189,0.0,0.5500296100893189
lonestar,Blended,210,88,0.5537178626223572,0.0,0.5537178626223572
lonestar,Blended,210,89,0.5580055380447617,0.0,0.5580055380447617
lonestar,Blended,210,90,0.5608454442537213,0.0,0.5608454442537213
lonestar,Blended,210,91,0.5641097378727374,0.0,0.5641097378727374
lonestar,Blended,210,92,0.5683129285798292,0.0,0.5683129285798292
lonestar,Blended,210,93,0.5721622336776326,0.0,0.5721622336776326
lonestar,Blended,210,94,0.5760046170854679,0.0,0.5760046170854679
lonestar,Blended,210,95,0.5793267693382815,0.0,0.5793267693382815
lonestar,Blended,210,96,0.5834968672940662,0.0,0.5834968672940662
lonestar,Blended,210,97,0.5870799281031286,0.0,0.5870799281031286
lonestar,Blended,210,98,0.5913547513544378,0.0,0.5913547513544378
lonestar,Blended,210,99,0.5959525825939804,0.0,0.5959525825939804
lonestar,Blended,210,100,0.5993679518854348,0.0,0.5993679518854348
lonestar,Blended,210,101,0.6030402557610464,0.0,0.6030402557610464
lonestar,Blended,210,102,0.6064949929536203,0.0,0.6064949929536203
lonestar,Blended,210,103,0.6099147332986049,0.0,0.6099147332986049
lonestar,Blended,210,104,0.613503582970867,0.0,0.613503582970867
lonestar,Blended,210,105,0.6162744630363559,0.0,0.6162744630363559
lonestar,Blended,210,106,0.6201466157106936,0.0,0.6201466157106936
lonestar,Blended,210,107,0.6240111093708812,0.0,0.6240111093708812
lonestar,Blended,210,108,0.6266214580154786,0.0,0.6266214580154786
lonestar,Blended,210,109,0.6298817010880502,0.0,0.6298817010880502
lonestar,Blended,210,110,0.6321960598601937,0.0,0.6321960598601937
lonestar,Blended,210,111,0.6361944718011949,0.0,0.6361944718011949
lonestar,Blended,210,112,0.6398676258889524,0.0,0.6398676258889524
lonestar,Blended,210,113,0.6429379914066374,0.0,0.6429379914066374
lonestar,Blended,210,114,0.6460200443809803,0.0,0.6460200443809803
lonestar,Blended,210,115,0.6496502963059866,0.0,0.6496502963059866
lonestar,Blended,210,116,0.6540859446447779,0.0,0.6540859446447779
lonestar,Blended,210,117,0.6573051138659539,0.0,0.6573051138659539
lonestar,Blended,210,118,0.6608036144853932,0.0,0.6608036144853932
lonestar,Blended,210,119,0.6638101856727856,0.0,0.6638101856727856
lonestar,Blended,210,120,0.6674422627514423,0.0,0.6674422627514423
lonestar,Blended,210,121,0.6715026653865251,0.0,0.6715026653865251
lonestar,Blended,210,122,0.675099579844483,0.0,0.675099579844483
lonestar,Blended,210,123,0.6788631688191854,0.0,0.6788631688191854
lonestar,Blended,210,124,0.6813862204217466,0.0,0.6813862204217466
lonestar,Blended,210,125,0.6856045809716935,0.0,0.6856045809716935
lonestar,Blended,210,126,0.6893593145683832,0.0,0.6893593145683832
lonestar,Blended,210,127,0.692805534215977,0.0,0.692805534215977
lonestar,Blended,210,128,0.6964086505062268,0.0,0.6964086505062268
lonestar,Blended,210,129,0.6989895936677865,0.0,0.6989895936677865
lonestar,Blended,210,130,0.7024508500744655,0.0,0.7024508500744655
lonestar,Blended,210,131,0.7052168395214238,0.0,0.7052168395214238
lonestar,Blended,210,132,0.7085930787481348,0.0,0.7085930787481348
lonestar,Blended,210,133,0.7121179406384405,0.0,0.7121179406384405
lonestar,Blended,210,134,0.7164913258140645,0.0,0.7164913258140645
lonestar,Blended,210,135,0.7192169511274762,0.0,0.7192169511274762
lonestar,Blended,210,136,0.7223831497570429,0.0,0.7223831497570429
lonestar,Blended,210,137,0.7276188708255074,0.0,0.7276188708255074
lonestar,Blended,210,138,0.7316483409912036,0.0,0.7316483409912036
lonestar,Blended,210,139,0.7371126504520326,0.0,0.7371126504520326
lonestar,Blended,210,140,0.7427055294254058,0.0,0.7427055294254058
lonestar,Blended,210,141,0.7486866419316104,0.0,0.7486866419316104
lonestar,Blended,210,142,0.7521809650385035,0.0,0.7521809650385035
lonestar,Blended,210,143,0.7557102122545759,0.0,0.7557102122545759
lonestar,Blended,210,144,0.7598101697392367,0.0,0.7598101697392367
lonestar,Blended,210,145,0.7643789400220816,0.0,0.7643789400220816
lonestar,Blended,210,146,0.7691103982946838,0.0,0.7691103982946838
lonestar,Blended,210,147,0.7736554488149943,0.0,0.7736554488149943
lonestar,Blended,210,148,0.7769226056196739,0.0,0.7769226056196739
lonestar,Blended,210,149,0.77977314844216,0.0,0.77977314844216
lonestar,Blended,210,150,0.7833443104324518,0.0,0.7833443104324518
lonestar,Blended,210,151,0.7872126402088447,0.0,0.7872126402088447
lonestar,Blended,210,152,0.7904185930499499,0.0,0.7904185930499499
lonestar,Blended,210,153,0.792745907878624,0.0,0.792745907878624
lonestar,Blended,210,154,0.7960515514464598,0.0,0.7960515514464598
lonestar,Blended,210,155,0.7986157083663631,0.0,0.7986157083663631
lonestar,Blended,210,156,0.8027994099332412,0.0,0.8027994099332412
lonestar,Blended,210,157,0.8056944706617354,0.0,0.8056944706617354
lonestar,Blended,210,158,0.808430012076779,0.0,0.808430012076779
lonestar,Blended,210,159,0.8112520511764247,0.0,0.8112520511764247
lonestar,Blended,210,160,0.8140270952054499,0.0,0.8140270952054499
lonestar,Blended,210,161,0.8180154523765943,0.0,0.8180154523765943
lonestar,Blended,210,162,0.8228987759654534,0.0,0.8228987759654534
lonestar,Blended,210,163,0.8260399104592683,0.0,0.8260399104592683
lonestar,Blended,210,164,0.8294803030666452,0.0,0.8294803030666452
lonestar,Blended,210,165,0.833628917525722,0.0,0.833628917525722
lonestar,Blended,210,166,0.8363169093608912,0.0,0.8363169093608912
lonestar,Blended,210,167,0.8404695534732696,0.0,0.8404695534732696
lonestar,Blended,210,168,0.8438790622188065,0.0,0.8438790622188065
lonestar,Blended,210,169,0.8474141566150577,0.0,0.8474141566150577
lonestar,Blended,210,170,0.8509226888662498,0.0,0.8509226888662498
lonestar,Blended,210,171,0.8553203503791388,0.0,0.8553203503791388
lonestar,Blended,210,172,0.858968448660497,0.0,0.858968448660497
lonestar,Blended,210,173,0.8626495961870133,0.0,0.8626495961870133
lonestar,Blended,210,174,0.8664558826305274,0.0,0.8664558826305274
lonestar,Blended,210,175,0.8704366132426465,0.0,0.8704366132426465
lonestar,Blended,210,176,0.8739592756072435,0.0,0.8739592756072435
lonestar,Blended,210,177,0.8776788340062281,0.0,0.8776788340062281
lonestar,Blended,210,178,0.8824052668529512,0.0,0.8824052668529512
lonestar,Blended,210,179,0.8873768874019881,0.0,0.8873768874019881
lonestar,Blended,210,180,0.8907758473082775,0.0,0.8907758473082775
lonestar,Blended,210,181,0.8938668443523314,0.0,0.8938668443523314
lonestar,Blended,210,182,0.8972229296906548,0.0,0.8972229296906548
lonestar,Blended,210,183,0.9021530688876839,0.0,0.9021530688876839
lonestar,Blended,210,184,0.9054270125489545,0.0,0.9054270125489545
lonestar,Blended,210,185,0.9085733992974148,0.0,0.9085733992974148
lonestar,Blended,210,186,0.9129382942485954,0.0,0.9129382942485954
lonestar,Blended,210,187,0.9168635469268498,0.0,0.9168635469268498
lonestar,Blended,210,188,0.9210216170109381,0.0,0.9210216170109381
lonestar,Blended,210,189,0.9245874040483728,0.0,0.9245874040483728
lonestar,Blended,210,190,0.9287410815418803,0.0,0.9287410815418803
lonestar,Blended,210,191,0.9332510664572142,0.0,0.9332510664572142
lonestar,Blended,210,192,0.9378138192032988,0.0,0.9378138192032988
lonestar,Blended,210,193,0.9418952875135495,0.0,0.9418952875135495
lonestar,Blended,210,194,0.9453830137623671,0.0,0.9453830137623671
lonestar,Blended,210,195,0.950153537364349,0.0,0.950153537364349
lonestar,Blended,210,196,0.9539236486559053,0.0,0.9539236486559053
lonestar,Blended,210,197,0.9573635111359036,0.0,0.9573635111359036
lonestar,Blended,210,198,0.9614721247387147,0.0,0.9614721247387147
lonestar,Blended,210,199,0.9645595267143849,0.0,0.9645595267143849
lonestar,Blended,210,200,0.9681532348018388,0.0,0.9681532348018388
lonestar,Blended,210,201,0.9713452342233256,0.0,0.9713452342233256
lonestar,Blended,210,202,0.9748429155079893,0.0,0.9748429155079893
lonestar,Blended,210,203,0.9784735847849874,0.0,0.9784735847849874
lonestar,Blended,210,204,0.9808119649509762,0.0,0.9808119649509762
lonestar,Blended,210,205,0.9846128228219732,0.0,0.9846128228219732
lonestar,Blended,210,206,0.9885293929242611,0.0,0.9885293929242611
lonestar,Blended,210,207,0.9907544604213593,0.0,0.9907544604213593
lonestar,Blended,210,208,0.9939341130177209,0.0,0.9939341130177209
lonestar,Blended,210,209,0.9971833879027275,0.0,0.9971833879027275
lonestar,Blended,210,210,1.0,0.0,1.0
lonestar,Blended,240,1,0.04781696566116439,0.0,0.04781696566116439
lonestar,Blended,240,2,0.06914630983923985,0.0,0.06914630983923985
lonestar,Blended,240,3,0.08176373769885696,0.0,0.08176373769885696
lonestar,Blended,240,4,0.09276495991573867,0.0,0.09276495991573867
lonestar,Blended,240,5,0.10360247519291205,0.0,0.10360247519291205
lonestar,Blended,240,6,0.11325141844524435,0.0,0.11325141844524435
lonestar,Blended,240,7,0.12409373929346193,0.0,0.12409373929346193
lonestar,Blended,240,8,0.13312863260166577,0.0,0.13312863260166577
lonestar,Blended,240,9,0.14075388921272927,0.0,0.14075388921272927
lonestar,Blended,240,10,0.14676266629386145,0.0,0.14676266629386145
lonestar,Blended,240,11,0.1518726247601427,0.0,0.1518726247601427
lonestar,Blended,240,12,0.15754551749480172,0.0,0.15754551749480172
lonestar,Blended,240,13,0.1627621319097837,0.0,0.1627621319097837
lonestar,Blended,240,14,0.16893801720253365,0.0,0.16893801720253365
lonestar,Blended,240,15,0.1756826872554773,0.0,0.1756826872554773
lonestar,Blended,240,16,0.18173740773555877,0.0,0.18173740773555877
lonestar,Blended,240,17,0.18850482549025693,0.0,0.18850482549025693
lonestar,Blended,240,18,0.1934559476894688,0.0,0.1934559476894688
lonestar,Blended,240,19,0.19954335416817345,0.0,0.19954335416817345
lonestar,Blended,240,20,0.2056922768131072,0.0,0.2056922768131072
lonestar,Blended,240,21,0.21125399031897507,0.0,0.21125399031897507
lonestar,Blended,240,22,0.2165535343354875,0.0,0.2165535343354875
lonestar,Blended,240,23,0.22185719537478904,0.0,0.22185719537478904
lonestar,Blended,240,24,0.22760639053291576,0.0,0.22760639053291576
lonestar,Blended,240,25,0.23283695590411857,0.0,0.23283695590411857
lonestar,Blended,240,26,0.23733815376112755,0.0,0.23733815376112755
lonestar,Blended,240,27,0.24189111062048765,0.0,0.24189111062048765
lonestar,Blended,240,28,0.2462785989900321,0.0,0.2462785989900321
lonestar,Blended,240,29,0.25213048954889133,0.0,0.25213048954889133
lonestar,Blended,240,30,0.2573646515608096,0.0,0.2573646515608096
lonestar,Blended,240,31,0.262316623940651,0.0,0.262316623940651
lonestar,Blended,240,32,0.26690530943498936,0.0,0.26690530943498936
lonestar,Blended,240,33,0.2714645983241505,0.0,0.2714645983241505
lonestar,Blended,240,34,0.2769528690737547,0.0,0.2769528690737547
lonestar,Blended,240,35,0.28225561900723944,0.0,0.28225561900723944
lonestar,Blended,240,36,0.2884995256994272,0.0,0.2884995256994272
lonestar,Blended,240,37,0.2928420691467423,0.0,0.2928420691467423
lonestar,Blended,240,38,0.2990358227043877,0.0,0.2990358227043877
lonestar,Blended,240,39,0.3032672486941823,0.0,0.3032672486941823
lonestar,Blended,240,40,0.30759792353679316,0.0,0.30759792353679316
lonestar,Blended,240,41,0.31296373314422365,0.0,0.31296373314422365
lonestar,Blended,240,42,0.3197955621991692,0.0,0.3197955621991692
lonestar,Blended,240,43,0.3249685984352985,0.0,0.3249685984352985
lonestar,Blended,240,44,0.33057504113498787,0.0,0.33057504113498787
lonestar,Blended,240,45,0.33538126973318816,0.0,0.33538126973318816
lonestar,Blended,240,46,0.3394108320351658,0.0,0.3394108320351658
lonestar,Blended,240,47,0.342469000018872,0.0,0.342469000018872
lonestar,Blended,240,48,0.3475023436651258,0.0,0.3475023436651258
lonestar,Blended,240,49,0.35158549868086775,0.0,0.35158549868086775
lonestar,Blended,240,50,0.35549332931719646,0.0,0.35549332931719646
lonestar,Blended,240,51,0.3594450887268003,0.0,0.3594450887268003
lonestar,Blended,240,52,0.36440693934438884,0.0,0.36440693934438884
lonestar,Blended,240,53,0.36896314365180577,0.0,0.36896314365180577
lonestar,Blended,240,54,0.37252671440160107,0.0,0.37252671440160107
lonestar,Blended,240,55,0.37722637340631193,0.0,0.37722637340631193
lonestar,Blended,240,56,0.38196276166227616,0.0,0.38196276166227616
lonestar,Blended,240,57,0.38682224529371306,0.0,0.38682224529371306
lonestar,Blended,240,58,0.3912973056196881,0.0,0.3912973056196881
lonestar,Blended,240,59,0.39500836699847003,0.0,0.39500836699847003
lonestar,Blended,240,60,0.39806966718553327,0.0,0.39806966718553327
lonestar,Blended,240,61,0.4016949468500723,0.0,0.4016949468500723
lonestar,Blended,240,62,0.40436506731003413,0.0,0.40436506731003413
lonestar,Blended,240,63,0.4078017807901026,0.0,0.4078017807901026
lonestar,Blended,240,64,0.4119637017526785,0.0,0.4119637017526785
lonestar,Blended,240,65,0.4155099534584404,0.0,0.4155099534584404
lonestar,Blended,240,66,0.4195886907500494,0.0,0.4195886907500494
lonestar,Blended,240,67,0.42400220586803433,0.0,0.42400220586803433
lonestar,Blended,240,68,0.4279661096243124,0.0,0.4279661096243124
lonestar,Blended,240,69,0.4317212359543533,0.0,0.4317212359543533
lonestar,Blended,240,70,0.43637559294234174,0.0,0.43637559294234174
lonestar,Blended,240,71,0.44058349353771054,0.0,0.44058349353771054
lonestar,Blended,240,72,0.44399088197188086,0.0,0.44399088197188086
lonestar,Blended,240,73,0.4491105329280544,0.0,0.4491105329280544
lonestar,Blended,240,74,0.45266670478496707,0.0,0.45266670478496707
lonestar,Blended,240,75,0.45552773211693354,0.0,0.45552773211693354
lonestar,Blended,240,76,0.4594966832286612,0.0,0.4594966832286612
lonestar,Blended,240,77,0.46264469868863867,0.0,0.46264469868863867
lonestar,Blended,240,78,0.4658397153526635,0.0,0.4658397153526635
lonestar,Blended,240,79,0.4703736042943545,0.0,0.4703736042943545
lonestar,Blended,240,80,0.47566417602316885,0.0,0.47566417602316885
lonestar,Blended,240,81,0.47901133936054113,0.0,0.47901133936054113
lonestar,Blended,240,82,0.4814258884799196,0.0,0.4814258884799196
lonestar,Blended,240,83,0.4853688956490556,0.0,0.4853688956490556
lonestar,Blended,240,84,0.4926445846391722,0.0,0.4926445846391722
lonestar,Blended,240,85,0.4963485163639393,0.0,0.4963485163639393
lonestar,Blended,240,86,0.5003473459553124,0.0,0.5003473459553124
lonestar,Blended,240,87,0.5031057619097795,0.0,0.5031057619097795
lonestar,Blended,240,88,0.5064793641063023,0.0,0.5064793641063023
lonestar,Blended,240,89,0.5104012515295274,0.0,0.5104012515295274
lonestar,Blended,240,90,0.5129988810949228,0.0,0.5129988810949228
lonestar,Blended,240,91,0.5159846929460805,0.0,0.5159846929460805
lonestar,Blended,240,92,0.5198293031713374,0.0,0.5198293031713374
lonestar,Blended,240,93,0.523350218297596,0.0,0.523350218297596
lonestar,Blended,240,94,0.5268648022336035,0.0,0.5268648022336035
lonestar,Blended,240,95,0.5299035367120268,0.0,0.5299035367120268
lonestar,Blended,240,96,0.5337178773780553,0.0,0.5337178773780553
lonestar,Blended,240,97,0.5369952619138072,0.0,0.5369952619138072
lonestar,Blended,240,98,0.5409053936038636,0.0,0.5409053936038636
lonestar,Blended,240,99,0.5451109769878691,0.0,0.5451109769878691
lonestar,Blended,240,100,0.5482349760200328,0.0,0.5482349760200328
lonestar,Blended,240,101,0.5515939901629329,0.0,0.5515939901629329
lonestar,Blended,240,102,0.5547539985617274,0.0,0.5547539985617274
lonestar,Blended,240,103,0.5578819957463111,0.0,0.5578819957463111
lonestar,Blended,240,104,0.5611646752886905,0.0,0.5611646752886905
lonestar,Blended,240,105,0.5636991674340898,0.0,0.5636991674340898
lonestar,Blended,240,106,0.5672409809759777,0.0,0.5672409809759777
lonestar,Blended,240,107,0.5707757889056607,0.0,0.5707757889056607
lonestar,Blended,240,108,0.573163444805635,0.0,0.573163444805635
lonestar,Blended,240,109,0.5761455516685198,0.0,0.5761455516685198
lonestar,Blended,240,110,0.5782624690344825,0.0,0.5782624690344825
lonestar,Blended,240,111,0.5819197704762721,0.0,0.5819197704762721
lonestar,Blended,240,112,0.5852795622984491,0.0,0.5852795622984491
lonestar,Blended,240,113,0.5880879903444692,0.0,0.5880879903444692
lonestar,Blended,240,114,0.5909071087727503,0.0,0.5909071087727503
lonestar,Blended,240,115,0.5942276584798074,0.0,0.5942276584798074
lonestar,Blended,240,116,0.5982848950287434,0.0,0.5982848950287434
lonestar,Blended,240,117,0.6012294321118894,0.0,0.6012294321118894
lonestar,Blended,240,118,0.6044294704141892,0.0,0.6044294704141892
lonestar,Blended,240,119,0.6071795465195889,0.0,0.6071795465195889
lonestar,Blended,240,120,0.6105017656737103,0.0,0.6105017656737103
lonestar,Blended,240,121,0.6142157692908103,0.0,0.6142157692908103
lonestar,Blended,240,122,0.617505825599963,0.0,0.617505825599963
lonestar,Blended,240,123,0.6209483371737043,0.0,0.6209483371737043
lonestar,Blended,240,124,0.6232561434727836,0.0,0.6232561434727836
lonestar,Blended,240,125,0.627114629378927,0.0,0.627114629378927
lonestar,Blended,240,126,0.6305490410401903,0.0,0.6305490410401903
lonestar,Blended,240,127,0.6337012585384985,0.0,0.6337012585384985
lonestar,Blended,240,128,0.6369969875923602,0.0,0.6369969875923602
lonestar,Blended,240,129,0.6393577466350079,0.0,0.6393577466350079
lonestar,Blended,240,130,0.6425237180840078,0.0,0.6425237180840078
lonestar,Blended,240,131,0.6450537368368534,0.0,0.6450537368368534
lonestar,Blended,240,132,0.6481419440485857,0.0,0.6481419440485857
lonestar,Blended,240,133,0.6513660947023314,0.0,0.6513660947023314
lonestar,Blended,240,134,0.6553663798516164,0.0,0.6553663798516164
lonestar,Blended,240,135,0.6578594779954815,0.0,0.6578594779954815
lonestar,Blended,240,136,0.6607555634873647,0.0,0.6607555634873647
lonestar,Blended,240,137,0.6655446173655171,0.0,0.6655446173655171
lonestar,Blended,240,138,0.6692303274084294,0.0,0.6692303274084294
lonestar,Blended,240,139,0.674228468461517,0.0,0.674228468461517
lonestar,Blended,240,140,0.6793442105698576,0.0,0.6793442105698576
lonestar,Blended,240,141,0.6848150654280416,0.0,0.6848150654280416
lonestar,Blended,240,142,0.6880112826076348,0.0,0.6880112826076348
lonestar,Blended,240,143,0.6912394444684512,0.0,0.6912394444684512
lonestar,Blended,240,144,0.694989628451788,0.0,0.694989628451788
lonestar,Blended,240,145,0.6991686301127499,0.0,0.6991686301127499
lonestar,Blended,240,146,0.703496440607889,0.0,0.703496440607889
lonestar,Blended,240,147,0.7076537460747127,0.0,0.7076537460747127
lonestar,Blended,240,148,0.7106421768488852,0.0,0.7106421768488852
lonestar,Blended,240,149,0.7132495356024084,0.0,0.7132495356024084
lonestar,Blended,240,150,0.7165160364254046,0.0,0.7165160364254046
lonestar,Blended,240,151,0.7200543532064855,0.0,0.7200543532064855
lonestar,Blended,240,152,0.7229868014186992,0.0,0.7229868014186992
lonestar,Blended,240,153,0.7251155695406443,0.0,0.7251155695406443
lonestar,Blended,240,154,0.7281392037146811,0.0,0.7281392037146811
lonestar,Blended,240,155,0.7304846085750388,0.0,0.7304846085750388
lonestar,Blended,240,156,0.7343113923077647,0.0,0.7343113923077647
lonestar,Blended,240,157,0.7369594710781924,0.0,0.7369594710781924
lonestar,Blended,240,158,0.7394616393662374,0.0,0.7394616393662374
lonestar,Blended,240,159,0.742042926092121,0.0,0.742042926092121
lonestar,Blended,240,160,0.7445812269671034,0.0,0.7445812269671034
lonestar,Blended,240,161,0.7482293314264816,0.0,0.7482293314264816
lonestar,Blended,240,162,0.7526960513807509,0.0,0.7526960513807509
lonestar,Blended,240,163,0.7555692109957672,0.0,0.7555692109957672
lonestar,Blended,240,164,0.7587160985673692,0.0,0.7587160985673692
lonestar,Blended,240,165,0.7625107885259059,0.0,0.7625107885259059
lonestar,Blended,240,166,0.7649694637598091,0.0,0.7649694637598091
lonestar,Blended,240,167,0.7687678395959009,0.0,0.7687678395959009
lonestar,Blended,240,168,0.7718864780540794,0.0,0.7718864780540794
lonestar,Blended,240,169,0.7751199882633936,0.0,0.7751199882633936
lonestar,Blended,240,170,0.7783292023839468,0.0,0.7783292023839468
lonestar,Blended,240,171,0.7823516928198782,0.0,0.7823516928198782
lonestar,Blended,240,172,0.7856885663839513,0.0,0.7856885663839513
lonestar,Blended,240,173,0.7890556697126785,0.0,0.7890556697126785
lonestar,Blended,240,174,0.7925372361703462,0.0,0.7925372361703462
lonestar,Blended,240,175,0.7961783647038493,0.0,0.7961783647038493
lonestar,Blended,240,176,0.7994005034767121,0.0,0.7994005034767121
lonestar,Blended,240,177,0.8028027407889637,0.0,0.8028027407889637
lonestar,Blended,240,178,0.8071259545848172,0.0,0.8071259545848172
lonestar,Blended,240,179,0.811673438753612,0.0,0.811673438753612
lonestar,Blended,240,180,0.8147824283097866,0.0,0.8147824283097866
lonestar,Blended,240,181,0.8176097277758229,0.0,0.8176097277758229
lonestar,Blended,240,182,0.8206795004575103,0.0,0.8206795004575103
lonestar,Blended,240,183,0.8251890421104402,0.0,0.8251890421104402
lonestar,Blended,240,184,0.8281836807443236,0.0,0.8281836807443236
lonestar,Blended,240,185,0.8310616445362908,0.0,0.8310616445362908
lonestar,Blended,240,186,0.8350541637748701,0.0,0.8350541637748701
lonestar,Blended,240,187,0.8386445472799707,0.0,0.8386445472799707
lonestar,Blended,240,188,0.8424478861900155,0.0,0.8424478861900155
lonestar,Blended,240,189,0.8457094706054169,0.0,0.8457094706054169
lonestar,Blended,240,190,0.8495087916633491,0.0,0.8495087916633491
lonestar,Blended,240,191,0.8536340230243702,0.0,0.8536340230243702
lonestar,Blended,240,192,0.8578075205136272,0.0,0.8578075205136272
lonestar,Blended,240,193,0.8615407926616591,0.0,0.8615407926616591
lonestar,Blended,240,194,0.8647309757709998,0.0,0.8647309757709998
lonestar,Blended,240,195,0.8690945188738773,0.0,0.8690945188738773
lonestar,Blended,240,196,0.8725429963358726,0.0,0.8725429963358726
lonestar,Blended,240,197,0.875689399006055,0.0,0.875689399006055
lonestar,Blended,240,198,0.8794475006411643,0.0,0.8794475006411643
lonestar,Blended,240,199,0.8822715117394743,0.0,0.8822715117394743
lonestar,Blended,240,200,0.8855586352183833,0.0,0.8855586352183833
lonestar,Blended,240,201,0.8884783203980628,0.0,0.8884783203980628
lonestar,Blended,240,202,0.8916776092642614,0.0,0.8916776092642614
lonestar,Blended,240,203,0.8949985407183879,0.0,0.8949985407183879
lonestar,Blended,240,204,0.8971374301771817,0.0,0.8971374301771817
lonestar,Blended,240,205,0.900614031181968,0.0,0.900614031181968
lonestar,Blended,240,206,0.9041964728346359,0.0,0.9041964728346359
lonestar,Blended,240,207,0.9062317164976933,0.0,0.9062317164976933
lonestar,Blended,240,208,0.9091401081783542,0.0,0.9091401081783542
lonestar,Blended,240,209,0.9121121825661497,0.0,0.9121121825661497
lonestar,Blended,240,210,0.9146885052753443,0.0,0.9146885052753443
lonestar,Blended,240,211,0.9170759839582607,0.0,0.9170759839582607
lonestar,Blended,240,212,0.91915433261197,0.0,0.91915433261197
lonestar,Blended,240,213,0.9234311772776239,0.0,0.9234311772776239
lonestar,Blended,240,214,0.9263131233717822,0.0,0.9263131233717822
lonestar,Blended,240,215,0.9296210783936121,0.0,0.9296210783936121
lonestar,Blended,240,216,0.9329840895786585,0.0,0.9329840895786585
lonestar,Blended,240,217,0.9355359987348556,0.0,0.9355359987348556
lonestar,Blended,240,218,0.9385830976766972,0.0,0.9385830976766972
lonestar,Blended,240,219,0.9413811004525373,0.0,0.9413811004525373
lonestar,Blended,240,220,0.9444151305322871,0.0,0.9444151305322871
lonestar,Blended,240,221,0.9472683409140087,0.0,0.9472683409140087
lonestar,Blended,240,222,0.9502271630021178,0.0,0.9502271630021178
lonestar,Blended,240,223,0.9526634048011705,0.0,0.9526634048011705
lonestar,Blended,240,224,0.9552543470600268,0.0,0.9552543470600268
lonestar,Blended,240,225,0.9581650850354979,0.0,0.9581650850354979
lonestar,Blended,240,226,0.9607612453118122,0.0,0.9607612453118122
lonestar,Blended,240,227,0.9631594252320574,0.0,0.9631594252320574
lonestar,Blended,240,228,0.9655646269727702,0.0,0.9655646269727702
lonestar,Blended,240,229,0.9680652766973529,0.0,0.9680652766973529
lonestar,Blended,240,230,0.9728193491953827,0.0,0.9728193491953827
lonestar,Blended,240,231,0.9764749867141416,0.0,0.9764749867141416
lonestar,Blended,240,232,0.9797577219107576,0.0,0.9797577219107576
lonestar,Blended,240,233,0.9825868671287111,0.0,0.9825868671287111
lonestar,Blended,240,234,0.9846506971945357,0.0,0.9846506971945357
lonestar,Blended,240,235,0.9872754417406215,0.0,0.9872754417406215
lonestar,Blended,240,236,0.9896019757713468,0.0,0.9896019757713468
lonestar,Blended,240,237,0.9919231126130105,0.0,0.9919231126130105
lonestar,Blended,240,238,0.9947859591564165,0.0,0.9947859591564165
lonestar,Blended,240,239,0.9973467799669016,0.0,0.9973467799669016
lonestar,Blended,240,240,1.0,0.0,1.0
lonestar,Blended,270,1,0.04414066253745348,0.0,0.04414066253745348
lonestar,Blended,270,2,0.06383014660428292,0.0,0.06383014660428292
lonestar,Blended,270,3,0.07547751103950377,0.0,0.07547751103950377
lonestar,Blended,270,4,0.08563292827814514,0.0,0.08563292827814514
lonestar,Blended,270,5,0.09563722482811904,0.0,0.09563722482811904
lonestar,Blended,270,6,0.10454433012129644,0.0,0.10454433012129644
lonestar,Blended,270,7,0.11455306277646497,0.0,0.11455306277646497
lonestar,Blended,270,8,0.12289332801632358,0.0,0.12289332801632358
lonestar,Blended,270,9,0.1299323334023095,0.0,0.1299323334023095
lonestar,Blended,270,10,0.13547913876173978,0.0,0.13547913876173978
lonestar,Blended,270,11,0.14019622921534244,0.0,0.14019622921534244
lonestar,Blended,270,12,0.14543297396376814,0.0,0.14543297396376814
lonestar,Blended,270,13,0.1502485203560552,0.0,0.1502485203560552
lonestar,Blended,270,14,0.1559495861766893,0.0,0.1559495861766893
lonestar,Blended,270,15,0.1621757069816581,0.0,0.1621757069816581
lonestar,Blended,270,16,0.16776492348200464,0.0,0.16776492348200464
lonestar,Blended,270,17,0.17401204308128765,0.0,0.17401204308128765
lonestar,Blended,270,18,0.17858250904781806,0.0,0.17858250904781806
lonestar,Blended,270,19,0.1842018985550666,0.0,0.1842018985550666
lonestar,Blended,270,20,0.18987807469226062,0.0,0.18987807469226062
lonestar,Blended,270,21,0.19501218798443667,0.0,0.19501218798443667
lonestar,Blended,270,22,0.1999042881166967,0.0,0.1999042881166967
lonestar,Blended,270,23,0.20480018874342726,0.0,0.20480018874342726
lonestar,Blended,270,24,0.21010736956989576,0.0,0.21010736956989576
lonestar,Blended,270,25,0.21493579432955942,0.0,0.21493579432955942
lonestar,Blended,270,26,0.21909092740572425,0.0,0.21909092740572425
lonestar,Blended,270,27,0.22329384010622255,0.0,0.22329384010622255
lonestar,Blended,270,28,0.22734400600088436,0.0,0.22734400600088436
lonestar,Blended,270,29,0.23274598671616226,0.0,0.23274598671616226
lonestar,Blended,270,30,0.23757773159666368,0.0,0.23757773159666368
lonestar,Blended,270,31,0.24214898237954,0.0,0.24214898237954
lonestar,Blended,270,32,0.24638487679683468,0.0,0.24638487679683468
lonestar,Blended,270,33,0.2505936347028319,0.0,0.2505936347028319
lonestar,Blended,270,34,0.25565995172489275,0.0,0.25565995172489275
lonestar,Blended,270,35,0.2605550112941903,0.0,0.2605550112941903
lonestar,Blended,270,36,0.2663188688373102,0.0,0.2663188688373102
lonestar,Blended,270,37,0.2703275453020706,0.0,0.2703275453020706
lonestar,Blended,270,38,0.27604510562502144,0.0,0.27604510562502144
lonestar,Blended,270,39,0.2799512076556534,0.0,0.2799512076556534
lonestar,Blended,270,40,0.2839489280074987,0.0,0.2839489280074987
lonestar,Blended,270,41,0.28890219904523373,0.0,0.28890219904523373
lonestar,Blended,270,42,0.2952087778224154,0.0,0.2952087778224154
lonestar,Blended,270,43,0.2999840964490938,0.0,0.2999840964490938
lonestar,Blended,270,44,0.3051595000285716,0.0,0.3051595000285716
lonestar,Blended,270,45,0.30959621222261446,0.0,0.30959621222261446
lonestar,Blended,270,46,0.31331597041483494,0.0,0.31331597041483494
lonestar,Blended,270,47,0.31613901782248865,0.0,0.31613901782248865
lonestar,Blended,270,48,0.320785383819417,0.0,0.320785383819417
lonestar,Blended,270,49,0.32455461436648114,0.0,0.32455461436648114
lonestar,Blended,270,50,0.32816199996668877,0.0,0.32816199996668877
lonestar,Blended,270,51,0.3318099369722399,0.0,0.3318099369722399
lonestar,Blended,270,52,0.3363903065260971,0.0,0.3363903065260971
lonestar,Blended,270,53,0.3405962170016905,0.0,0.3405962170016905
lonestar,Blended,270,54,0.3438858103859651,0.0,0.3438858103859651
lonestar,Blended,270,55,0.3482241463573028,0.0,0.3482241463573028
lonestar,Blended,270,56,0.35259638773151186,0.0,0.35259638773151186
lonestar,Blended,270,57,0.3570822605617016,0.0,0.3570822605617016
lonestar,Blended,270,58,0.3612132656339043,0.0,0.3612132656339043
lonestar,Blended,270,59,0.3646390101518094,0.0,0.3646390101518094
lonestar,Blended,270,60,0.36746494895019594,0.0,0.36746494895019594
lonestar,Blended,270,61,0.3708115068938815,0.0,0.3708115068938815
lonestar,Blended,270,62,0.3732763409653845,0.0,0.3732763409653845
lonestar,Blended,270,63,0.3764488302244598,0.0,0.3764488302244598
lonestar,Blended,270,64,0.38029077097031144,0.0,0.38029077097031144
lonestar,Blended,270,65,0.3835643768474831,0.0,0.3835643768474831
lonestar,Blended,270,66,0.38732952931749987,0.0,0.38732952931749987
lonestar,Blended,270,67,0.39140372095080855,0.0,0.39140372095080855
lonestar,Blended,270,68,0.39506286861142476,0.0,0.39506286861142476
lonestar,Blended,270,69,0.39852929024290984,0.0,0.39852929024290984
lonestar,Blended,270,70,0.40282580714428434,0.0,0.40282580714428434
lonestar,Blended,270,71,0.40671019247913587,0.0,0.40671019247913587
lonestar,Blended,270,72,0.4098556112845137,0.0,0.4098556112845137
lonestar,Blended,270,73,0.414581649042061,0.0,0.414581649042061
lonestar,Blended,270,74,0.41786441238119654,0.0,0.41786441238119654
lonestar,Blended,270,75,0.4205054758661874,0.0,0.4205054758661874
lonestar,Blended,270,76,0.4241692828273369,0.0,0.4241692828273369
lonestar,Blended,270,77,0.4270752699839918,0.0,0.4270752699839918
lonestar,Blended,270,78,0.43002464475962293,0.0,0.43002464475962293
lonestar,Blended,270,79,0.4342099555377181,0.0,0.4342099555377181
lonestar,Blended,270,80,0.4390937731970526,0.0,0.4390937731970526
lonestar,Blended,270,81,0.4421835971808584,0.0,0.4421835971808584
lonestar,Blended,270,82,0.44441250895693857,0.0,0.44441250895693857
lonestar,Blended,270,83,0.44805236661894304,0.0,0.44805236661894304
lonestar,Blended,270,84,0.45476868012816757,0.0,0.45476868012816757
lonestar,Blended,270,85,0.4581878431399581,0.0,0.4581878431399581
lonestar,Blended,270,86,0.46187923143900567,0.0,0.46187923143900567
lonestar,Blended,270,87,0.4644255725984772,0.0,0.4644255725984772
lonestar,Blended,270,88,0.4675398027474068,0.0,0.4675398027474068
lonestar,Blended,270,89,0.4711601644091058,0.0,0.4711601644091058
lonestar,Blended,270,90,0.47355808089038,0.0,0.47355808089038
lonestar,Blended,270,91,0.47631433510893917,0.0,0.47631433510893917
lonestar,Blended,270,92,0.47986336086150666,0.0,0.47986336086150666
lonestar,Blended,270,93,0.4831135781068352,0.0,0.4831135781068352
lonestar,Blended,270,94,0.4863579509216678,0.0,0.4863579509216678
lonestar,Blended,270,95,0.48916305892671086,0.0,0.48916305892671086
lonestar,Blended,270,96,0.49268414232909824,0.0,0.49268414232909824
lonestar,Blended,270,97,0.4957095523022699,0.0,0.4957095523022699
lonestar,Blended,270,98,0.49931906204470755,0.0,0.49931906204470755
lonestar,Blended,270,99,0.503201308321938,0.0,0.503201308321938
lonestar,Blended,270,100,0.5060851255014556,0.0,0.5060851255014556
lonestar,Blended,270,101,0.5091858891674508,0.0,0.5091858891674508
lonestar,Blended,270,102,0.5121029472119766,0.0,0.5121029472119766
lonestar,Blended,270,103,0.5149904551546847,0.0,0.5149904551546847
lonestar,Blended,270,104,0.5180207530394468,0.0,0.5180207530394468
lonestar,Blended,270,105,0.5203603862835687,0.0,0.5203603862835687
lonestar,Blended,270,106,0.523629895215417,0.0,0.523629895215417
lonestar,Blended,270,107,0.5268929371462766,0.0,0.5268929371462766
lonestar,Blended,270,108,0.5290970233294766,0.0,0.5290970233294766
lonestar,Blended,270,109,0.5318498574097063,0.0,0.5318498574097063
lonestar,Blended,270,110,0.5338040202006449,0.0,0.5338040202006449
lonestar,Blended,270,111,0.5371801379970714,0.0,0.5371801379970714
lonestar,Blended,270,112,0.5402816195521685,0.0,0.5402816195521685
lonestar,Blended,270,113,0.5428741277326024,0.0,0.5428741277326024
lonestar,Blended,270,114,0.5454765043885711,0.0,0.5454765043885711
lonestar,Blended,270,115,0.5485417608729884,0.0,0.5485417608729884
lonestar,Blended,270,116,0.5522870656380429,0.0,0.5522870656380429
lonestar,Blended,270,117,0.5550052184091152,0.0,0.5550052184091152
lonestar,Blended,270,118,0.557959228745314,0.0,0.557959228745314
lonestar,Blended,270,119,0.5604978712468259,0.0,0.5604978712468259
lonestar,Blended,270,120,0.5635646688265108,0.0,0.5635646688265108
lonestar,Blended,270,121,0.5669931293751574,0.0,0.5669931293751574
lonestar,Blended,270,122,0.5700302368800672,0.0,0.5700302368800672
lonestar,Blended,270,123,0.573208078459028,0.0,0.573208078459028
lonestar,Blended,270,124,0.5753384541037586,0.0,0.5753384541037586
lonestar,Blended,270,125,0.5789002887357484,0.0,0.5789002887357484
lonestar,Blended,270,126,0.5820706531463374,0.0,0.5820706531463374
lonestar,Blended,270,127,0.5849805192767699,0.0,0.5849805192767699
lonestar,Blended,270,128,0.588022863389783,0.0,0.588022863389783
lonestar,Blended,270,129,0.5902021206218743,0.0,0.5902021206218743
lonestar,Blended,270,130,0.5931246832604947,0.0,0.5931246832604947
lonestar,Blended,270,131,0.5954601870390938,0.0,0.5954601870390938
lonestar,Blended,270,132,0.5983109641742376,0.0,0.5983109641742376
lonestar,Blended,270,133,0.6012872330363266,0.0,0.6012872330363266
lonestar,Blended,270,134,0.6049799649858902,0.0,0.6049799649858902
lonestar,Blended,270,135,0.6072813867160123,0.0,0.6072813867160123
lonestar,Blended,270,136,0.6099548129907509,0.0,0.6099548129907509
lonestar,Blended,270,137,0.6143756709056414,0.0,0.6143756709056414
lonestar,Blended,270,138,0.617778013169848,0.0,0.617778013169848
lonestar,Blended,270,139,0.6223918830482146,0.0,0.6223918830482146
lonestar,Blended,270,140,0.6271143124811701,0.0,0.6271143124811701
lonestar,Blended,270,141,0.6321645525946412,0.0,0.6321645525946412
lonestar,Blended,270,142,0.6351150355868194,0.0,0.6351150355868194
lonestar,Blended,270,143,0.6380950072630712,0.0,0.6380950072630712
lonestar,Blended,270,144,0.6415568665294001,0.0,0.6415568665294001
lonestar,Blended,270,145,0.6454145747613926,0.0,0.6454145747613926
lonestar,Blended,270,146,0.6494096509848748,0.0,0.6494096509848748
lonestar,Blended,270,147,0.6532473310872996,0.0,0.6532473310872996
lonestar,Blended,270,148,0.656006002878689,0.0,0.656006002878689
lonestar,Blended,270,149,0.6584129005406796,0.0,0.6584129005406796
lonestar,Blended,270,150,0.6614282635716151,0.0,0.6614282635716151
lonestar,Blended,270,151,0.6646945445834852,0.0,0.6646945445834852
lonestar,Blended,270,152,0.6674015379101029,0.0,0.6674015379101029
lonestar,Blended,270,153,0.6693666403374947,0.0,0.6693666403374947
lonestar,Blended,270,154,0.6721578089921229,0.0,0.6721578089921229
lonestar,Blended,270,155,0.6743228925147446,0.0,0.6743228925147446
lonestar,Blended,270,156,0.6778554623257825,0.0,0.6778554623257825
lonestar,Blended,270,157,0.6802999493349818,0.0,0.6802999493349818
lonestar,Blended,270,158,0.682609743871029,0.0,0.682609743871029
lonestar,Blended,270,159,0.6849925739963661,0.0,0.6849925739963661
lonestar,Blended,270,160,0.6873357231442033,0.0,0.6873357231442033
lonestar,Blended,270,161,0.6907033510481542,0.0,0.6907033510481542
lonestar,Blended,270,162,0.6948266569799406,0.0,0.6948266569799406
lonestar,Blended,270,163,0.6974789199838577,0.0,0.6974789199838577
lonestar,Blended,270,164,0.7003838659673751,0.0,0.7003838659673751
lonestar,Blended,270,165,0.703886809464061,0.0,0.703886809464061
lonestar,Blended,270,166,0.7061564548145827,0.0,0.7061564548145827
lonestar,Blended,270,167,0.7096628008081662,0.0,0.7096628008081662
lonestar,Blended,270,168,0.7125416695497389,0.0,0.7125416695497389
lonestar,Blended,270,169,0.7155265783783782,0.0,0.7155265783783782
lonestar,Blended,270,170,0.7184890590700549,0.0,0.7184890590700549
lonestar,Blended,270,171,0.7222022891012275,0.0,0.7222022891012275
lonestar,Blended,270,172,0.7252826144185139,0.0,0.7252826144185139
lonestar,Blended,270,173,0.7283908453509252,0.0,0.7283908453509252
lonestar,Blended,270,174,0.7316047391642343,0.0,0.7316047391642343
lonestar,Blended,270,175,0.7349659274711574,0.0,0.7349659274711574
lonestar,Blended,270,176,0.7379403391314376,0.0,0.7379403391314376
lonestar,Blended,270,177,0.7410810028476718,0.0,0.7410810028476718
lonestar,Blended,270,178,0.7450718357790682,0.0,0.7450718357790682
lonestar,Blended,270,179,0.7492696965448802,0.0,0.7492696965448802
lonestar,Blended,270,180,0.752139658219237,0.0,0.752139658219237
lonestar,Blended,270,181,0.7547495869317146,0.0,0.7547495869317146
lonestar,Blended,270,182,0.7575833468354533,0.0,0.7575833468354533
lonestar,Blended,270,183,0.7617461822129862,0.0,0.7617461822129862
lonestar,Blended,270,184,0.7645105845863308,0.0,0.7645105845863308
lonestar,Blended,270,185,0.767167282408531,0.0,0.767167282408531
lonestar,Blended,270,186,0.7708528455124976,0.0,0.7708528455124976
lonestar,Blended,270,187,0.7741671902118601,0.0,0.7741671902118601
lonestar,Blended,270,188,0.7776781177042795,0.0,0.7776781177042795
lonestar,Blended,270,189,0.7806889423148963,0.0,0.7806889423148963
lonestar,Blended,270,190,0.7841961608590003,0.0,0.7841961608590003
lonestar,Blended,270,191,0.7880042328032987,0.0,0.7880042328032987
lonestar,Blended,270,192,0.791856860039824,0.0,0.791856860039824
lonestar,Blended,270,193,0.7953031077004235,0.0,0.7953031077004235
lonestar,Blended,270,194,0.7982480205386812,0.0,0.7982480205386812
lonestar,Blended,270,195,0.802276082146283,0.0,0.802276082146283
lonestar,Blended,270,196,0.80545943093919,0.0,0.80545943093919
lonestar,Blended,270,197,0.8083639293018761,0.0,0.8083639293018761
lonestar,Blended,270,198,0.811833097488588,0.0,0.811833097488588
lonestar,Blended,270,199,0.8144399906523205,0.0,0.8144399906523205
lonestar,Blended,270,200,0.8174743908112437,0.0,0.8174743908112437
lonestar,Blended,270,201,0.8201696023632497,0.0,0.8201696023632497
lonestar,Blended,270,202,0.8231229208821075,0.0,0.8231229208821075
lonestar,Blended,270,203,0.8261885297638033,0.0,0.8261885297638033
lonestar,Blended,270,204,0.8281629753711334,0.0,0.8281629753711334
lonestar,Blended,270,205,0.8313722854895769,0.0,0.8313722854895769
lonestar,Blended,270,206,0.8346792989285112,0.0,0.8346792989285112
lonestar,Blended,270,207,0.8365580673210751,0.0,0.8365580673210751
lonestar,Blended,270,208,0.8392428536501051,0.0,0.8392428536501051
lonestar,Blended,270,209,0.8419864265802134,0.0,0.8419864265802134
lonestar,Blended,270,210,0.8443646743364589,0.0,0.8443646743364589
lonestar,Blended,270,211,0.8465685969275482,0.0,0.8465685969275482
lonestar,Blended,270,212,0.8484871562775627,0.0,0.8484871562775627
lonestar,Blended,270,213,0.8524351850682115,0.0,0.8524351850682115
lonestar,Blended,270,214,0.8550955590219834,0.0,0.8550955590219834
lonestar,Blended,270,215,0.8581491891360803,0.0,0.8581491891360803
lonestar,Blended,270,216,0.8612536425403535,0.0,0.8612536425403535
lonestar,Blended,270,217,0.8636093537263818,0.0,0.8636093537263818
lonestar,Blended,270,218,0.8664221831113149,0.0,0.8664221831113149
lonestar,Blended,270,219,0.8690050675457307,0.0,0.8690050675457307
lonestar,Blended,270,220,0.8718058328395328,0.0,0.8718058328395328
lonestar,Blended,270,221,0.8744396803634509,0.0,0.8744396803634509
lonestar,Blended,270,222,0.8771710198680331,0.0,0.8771710198680331
lonestar,Blended,270,223,0.879419956529419,0.0,0.879419956529419
lonestar,Blended,270,224,0.8818116998431335,0.0,0.8818116998431335
lonestar,Blended,270,225,0.884498652077214,0.0,0.884498652077214
lonestar,Blended,270,226,0.8868952122324938,0.0,0.8868952122324938
lonestar,Blended,270,227,0.8891090133196176,0.0,0.8891090133196176
lonestar,Blended,270,228,0.8913292963698556,0.0,0.8913292963698556
lonestar,Blended,270,229,0.8936376890938805,0.0,0.8936376890938805
lonestar,Blended,270,230,0.8980262550957704,0.0,0.8980262550957704
lonestar,Blended,270,231,0.9014008368962597,0.0,0.9014008368962597
lonestar,Blended,270,232,0.9044311861564039,0.0,0.9044311861564039
lonestar,Blended,270,233,0.9070428187141879,0.0,0.9070428187141879
lonestar,Blended,270,234,0.9089479757062846,0.0,0.9089479757062846
lonestar,Blended,270,235,0.9113709224920923,0.0,0.9113709224920923
lonestar,Blended,270,236,0.9135185860276636,0.0,0.9135185860276636
lonestar,Blended,270,237,0.9156612673252837,0.0,0.9156612673252837
lonestar,Blended,270,238,0.9183040101556101,0.0,0.9183040101556101
lonestar,Blended,270,239,0.9206679478428212,0.0,0.9206679478428212
lonestar,Blended,270,240,0.9231171808399231,0.0,0.9231171808399231
lonestar,Blended,270,241,0.9253087190484677,0.0,0.9253087190484677
lonestar,Blended,270,242,0.9280816879044547,0.0,0.9280816879044547
lonestar,Blended,270,243,0.9307652160395508,0.0,0.9307652160395508
lonestar,Blended,270,244,0.9345373195206449,0.0,0.9345373195206449
lonestar,Blended,270,245,0.9368539577795633,0.0,0.9368539577795633
lonestar,Blended,270,246,0.9392509576792021,0.0,0.9392509576792021
lonestar,Blended,270,247,0.9416778313165,0.0,0.9416778313165
lonestar,Blended,270,248,0.9448089778596828,0.0,0.9448089778596828
lonestar,Blended,270,249,0.9476018087213167,0.0,0.9476018087213167
lonestar,Blended,270,250,0.9503550619343305,0.0,0.9503550619343305
lonestar,Blended,270,251,0.9532483947283141,0.0,0.9532483947283141
lonestar,Blended,270,252,0.9558945196521939,0.0,0.9558945196521939
lonestar,Blended,270,253,0.9584746297591404,0.0,0.9584746297591404
lonestar,Blended,270,254,0.9616151723922327,0.0,0.9616151723922327
lonestar,Blended,270,255,0.9640351328544104,0.0,0.9640351328544104
lonestar,Blended,270,256,0.9663639362800289,0.0,0.9663639362800289
lonestar,Blended,270,257,0.9690684763194538,0.0,0.9690684763194538
lonestar,Blended,270,258,0.971532073205049,0.0,0.971532073205049
lonestar,Blended,270,259,0.9748275023336377,0.0,0.9748275023336377
lonestar,Blended,270,260,0.9770048833991708,0.0,0.9770048833991708
lonestar,Blended,270,261,0.9788684510762897,0.0,0.9788684510762897
lonestar,Blended,270,262,0.9807348967817862,0.0,0.9807348967817862
lonestar,Blended,270,263,0.9831463662398315,0.0,0.9831463662398315
lonestar,Blended,270,264,0.9858008948753066,0.0,0.9858008948753066
lonestar,Blended,270,265,0.9881474416576322,0.0,0.9881474416576322
lonestar,Blended,270,266,0.9911819094190466,0.0,0.9911819094190466
lonestar,Blended,270,267,0.9934613426798776,0.0,0.9934613426798776
lonestar,Blended,270,268,0.9959055704673085,0.0,0.9959055704673085
lonestar,Blended,270,269,0.9980247149403794,0.0,0.9980247149403794
lonestar,Blended,270,270,1.0,0.0,1.0
lonestar,Blended,365,1,0.03489659526482622,0.0,0.03489659526482622
lonestar,Blended,365,2,0.050462649713383455,0.0,0.050462649713383455
lonestar,Blended,365,3,0.05967078885839417,0.0,0.05967078885839417
lonestar,Blended,365,4,0.06769942877338427,0.0,0.06769942877338427
lonestar,Blended,365,5,0.07560859613845293,0.0,0.07560859613845293
lonestar,Blended,365,6,0.08265034926423497,0.0,0.08265034926423497
lonestar,Blended,365,7,0.09056302371231124,0.0,0.09056302371231124
lonestar,Blended,365,8,0.09715664609461443,0.0,0.09715664609461443
lonestar,Blended,365,9,0.10272152228588724,0.0,0.10272152228588724
lonestar,Blended,365,10,0.10710669936555992,0.0,0.10710669936555992
lonestar,Blended,365,11,0.11083592287341448,0.0,0.11083592287341448
lonestar,Blended,365,12,0.11497597314646955,0.0,0.11497597314646955
lonestar,Blended,365,13,0.11878303366097924,0.0,0.11878303366097924
lonestar,Blended,365,14,0.1232901655227177,0.0,0.1232901655227177
lonestar,Blended,365,15,0.12821239381089883,0.0,0.12821239381089883
lonestar,Blended,365,16,0.1326311001657159,0.0,0.1326311001657159
lonestar,Blended,365,17,0.13756992961899306,0.0,0.13756992961899306
lonestar,Blended,365,18,0.14118323517076958,0.0,0.14118323517076958
lonestar,Blended,365,19,0.14562579561270844,0.0,0.14562579561270844
lonestar,Blended,365,20,0.15011325026166059,0.0,0.15011325026166059
lonestar,Blended,365,21,0.15417216245965518,0.0,0.15417216245965518
lonestar,Blended,365,22,0.15803974460493056,0.0,0.15803974460493056
lonestar,Blended,365,23,0.16191033133395527,0.0,0.16191033133395527
lonestar,Blended,365,24,0.16610606675458633,0.0,0.16610606675458633
lonestar,Blended,365,25,0.16992330861092866,0.0,0.16992330861092866
lonestar,Blended,365,26,0.17320826150685276,0.0,0.17320826150685276
lonestar,Blended,365,27,0.17653098787776392,0.0,0.17653098787776392
lonestar,Blended,365,28,0.17973295612782114,0.0,0.17973295612782114
lonestar,Blended,365,29,0.1840036381659418,0.0,0.1840036381659418
lonestar,Blended,365,30,0.18782350483365862,0.0,0.18782350483365862
lonestar,Blended,365,31,0.19143743084323542,0.0,0.19143743084323542
lonestar,Blended,365,32,0.1947862318028822,0.0,0.1947862318028822
lonestar,Blended,365,33,0.19811357925917836,0.0,0.19811357925917836
lonestar,Blended,365,34,0.20211889328119026,0.0,0.20211889328119026
lonestar,Blended,365,35,0.20598881508950131,0.0,0.20598881508950131
lonestar,Blended,365,36,0.2105455886466654,0.0,0.2105455886466654
lonestar,Blended,365,37,0.2137147563051635,0.0,0.2137147563051635
lonestar,Blended,365,38,0.21823492834206826,0.0,0.21823492834206826
lonestar,Blended,365,39,0.2213230030058869,0.0,0.2213230030058869
lonestar,Blended,365,40,0.22448350901283534,0.0,0.22448350901283534
lonestar,Blended,365,41,0.22839945147278726,0.0,0.22839945147278726
lonestar,Blended,365,42,0.23338528798818423,0.0,0.23338528798818423
lonestar,Blended,365,43,0.23716054535398354,0.0,0.23716054535398354
lonestar,Blended,365,44,0.24125210070596603,0.0,0.24125210070596603
lonestar,Blended,365,45,0.2447596635933754,0.0,0.2447596635933754
lonestar,Blended,365,46,0.24770041909306453,0.0,0.24770041909306453
lonestar,Blended,365,47,0.24993225561601476,0.0,0.24993225561601476
lonestar,Blended,365,48,0.25360556599076234,0.0,0.25360556599076234
lonestar,Blended,365,49,0.25658543319935057,0.0,0.25658543319935057
lonestar,Blended,365,50,0.2594373495054956,0.0,0.2594373495054956
lonestar,Blended,365,51,0.26232132482250137,0.0,0.26232132482250137
lonestar,Blended,365,52,0.2659424599232413,0.0,0.2659424599232413
lonestar,Blended,365,53,0.26926755626637705,0.0,0.26926755626637705
lonestar,Blended,365,54,0.27186823333640237,0.0,0.27186823333640237
lonestar,Blended,365,55,0.2752980222387812,0.0,0.2752980222387812
lonestar,Blended,365,56,0.27875461597491824,0.0,0.27875461597491824
lonestar,Blended,365,57,0.28230104413357554,0.0,0.28230104413357554
lonestar,Blended,365,58,0.2855669219830365,0.0,0.2855669219830365
lonestar,Blended,365,59,0.28827523701615576,0.0,0.28827523701615576
lonestar,Blended,365,60,0.2905093594062941,0.0,0.2905093594062941
lonestar,Blended,365,61,0.2931550713502866,0.0,0.2931550713502866
lonestar,Blended,365,62,0.29510371262668816,0.0,0.29510371262668816
lonestar,Blended,365,63,0.2976118098615682,0.0,0.2976118098615682
lonestar,Blended,365,64,0.30064916008542747,0.0,0.30064916008542747
lonestar,Blended,365,65,0.3032371977990727,0.0,0.3032371977990727
lonestar,Blended,365,66,0.3062138409734938,0.0,0.3062138409734938
lonestar,Blended,365,67,0.3094348034214017,0.0,0.3094348034214017
lonestar,Blended,365,68,0.31232764162514215,0.0,0.31232764162514215
lonestar,Blended,365,69,0.31506811505117044,0.0,0.31506811505117044
lonestar,Blended,365,70,0.31846484275611897,0.0,0.31846484275611897
lonestar,Blended,365,71,0.32153574869841023,0.0,0.32153574869841023
lonestar,Blended,365,72,0.3240224446535629,0.0,0.3240224446535629
lonestar,Blended,365,73,0.327758741694675,0.0,0.327758741694675
lonestar,Blended,365,74,0.3303540190876869,0.0,0.3303540190876869
lonestar,Blended,365,75,0.3324419832958869,0.0,0.3324419832958869
lonestar,Blended,365,76,0.33533850503574986,0.0,0.33533850503574986
lonestar,Blended,365,77,0.33763591182171554,0.0,0.33763591182171554
lonestar,Blended,365,78,0.3399676198639806,0.0,0.3399676198639806
lonestar,Blended,365,79,0.3432764305588082,0.0,0.3432764305588082
lonestar,Blended,365,80,0.3471374647709793,0.0,0.3471374647709793
lonestar,Blended,365,81,0.34958020873547996,0.0,0.34958020873547996
lonestar,Blended,365,82,0.351342335256913,0.0,0.351342335256913
lonestar,Blended,365,83,0.35421992323024193,0.0,0.35421992323024193
lonestar,Blended,365,84,0.3595296866259369,0.0,0.3595296866259369
lonestar,Blended,365,85,0.36223279847129436,0.0,0.36223279847129436
lonestar,Blended,365,86,0.36515112538421457,0.0,0.36515112538421457
lonestar,Blended,365,87,0.3671642042946829,0.0,0.3671642042946829
lonestar,Blended,365,88,0.3696262432134803,0.0,0.3696262432134803
lonestar,Blended,365,89,0.3724884180961841,0.0,0.3724884180961841
lonestar,Blended,365,90,0.37438415586076523,0.0,0.37438415586076523
lonestar,Blended,365,91,0.37656318722057813,0.0,0.37656318722057813
lonestar,Blended,365,92,0.3793689655698883,0.0,0.3793689655698883
lonestar,Blended,365,93,0.3819385127677073,0.0,0.3819385127677073
lonestar,Blended,365,94,0.38450343949284094,0.0,0.38450343949284094
lonestar,Blended,365,95,0.38672109353559697,0.0,0.38672109353559697
lonestar,Blended,365,96,0.3895047813038209,0.0,0.3895047813038209
lonestar,Blended,365,97,0.39189660102909923,0.0,0.39189660102909923
lonestar,Blended,365,98,0.3947501966333659,0.0,0.3947501966333659
lonestar,Blended,365,99,0.39781941148576955,0.0,0.39781941148576955
lonestar,Blended,365,100,0.4000992911963649,0.0,0.4000992911963649
lonestar,Blended,365,101,0.4025506838226605,0.0,0.4025506838226605
lonestar,Blended,365,102,0.4048568429986232,0.0,0.4048568429986232
lonestar,Blended,365,103,0.4071396405419351,0.0,0.4071396405419351
lonestar,Blended,365,104,0.4095353245379937,0.0,0.4095353245379937
lonestar,Blended,365,105,0.4113849849122343,0.0,0.4113849849122343
lonestar,Blended,365,106,0.4139697836748862,0.0,0.4139697836748862
lonestar,Blended,365,107,0.41654946977490215,0.0,0.41654946977490215
lonestar,Blended,365,108,0.4182919697520755,0.0,0.4182919697520755
lonestar,Blended,365,109,0.42046829722897916,0.0,0.42046829722897916
lonestar,Blended,365,110,0.42201321350519283,0.0,0.42201321350519283
lonestar,Blended,365,111,0.4246822947906925,0.0,0.4246822947906925
lonestar,Blended,365,112,0.42713425496364443,0.0,0.42713425496364443
lonestar,Blended,365,113,0.4291838324618659,0.0,0.4291838324618659
lonestar,Blended,365,114,0.4312412117504735,0.0,0.4312412117504735
lonestar,Blended,365,115,0.43366453321350845,0.0,0.43366453321350845
lonestar,Blended,365,116,0.4366254852476705,0.0,0.4366254852476705
lonestar,Blended,365,117,0.43877439447710476,0.0,0.43877439447710476
lonestar,Blended,365,118,0.44110976728721996,0.0,0.44110976728721996
lonestar,Blended,365,119,0.443116759815304,0.0,0.443116759815304
lonestar,Blended,365,120,0.4455412996329065,0.0,0.4455412996329065
lonestar,Blended,365,121,0.4482517618976274,0.0,0.4482517618976274
lonestar,Blended,365,122,0.45065282942316964,0.0,0.45065282942316964
lonestar,Blended,365,123,0.45316515807937496,0.0,0.45316515807937496
lonestar,Blended,365,124,0.45484938419567145,0.0,0.45484938419567145
lonestar,Blended,365,125,0.45766528895123154,0.0,0.45766528895123154
lonestar,Blended,365,126,0.46017170632963994,0.0,0.46017170632963994
lonestar,Blended,365,127,0.4624721797432949,0.0,0.4624721797432949
lonestar,Blended,365,128,0.46487738721108185,0.0,0.46487738721108185
lonestar,Blended,365,129,0.46660025798905685,0.0,0.46660025798905685
lonestar,Blended,365,130,0.4689107689708416,0.0,0.4689107689708416
lonestar,Blended,365,131,0.4707571646843651,0.0,0.4707571646843651
lonestar,Blended,365,132,0.47301092369378017,0.0,0.47301092369378017
lonestar,Blended,365,133,0.4753638935838786,0.0,0.4753638935838786
lonestar,Blended,365,134,0.478283282756075,0.0,0.478283282756075
lonestar,Blended,365,135,0.48010273398387654,0.0,0.48010273398387654
lonestar,Blended,365,136,0.4822162834712851,0.0,0.4822162834712851
lonestar,Blended,365,137,0.48571131232927595,0.0,0.48571131232927595
lonestar,Blended,365,138,0.4884011260774427,0.0,0.4884011260774427
lonestar,Blended,365,139,0.49204874576627977,0.0,0.49204874576627977
lonestar,Blended,365,140,0.49578219014874053,0.0,0.49578219014874053
lonestar,Blended,365,141,0.49977479413560766,0.0,0.49977479413560766
lonestar,Blended,365,142,0.5021073783084535,0.0,0.5021073783084535
lonestar,Blended,365,143,0.5044632755584907,0.0,0.5044632755584907
lonestar,Blended,365,144,0.507200142083282,0.0,0.507200142083282
lonestar,Blended,365,145,0.5102499577199958,0.0,0.5102499577199958
lonestar,Blended,365,146,0.5134083733397137,0.0,0.5134083733397137
lonestar,Blended,365,147,0.516442355196614,0.0,0.516442355196614
lonestar,Blended,365,148,0.5186232978340501,0.0,0.5186232978340501
lonestar,Blended,365,149,0.5205261359140874,0.0,0.5205261359140874
lonestar,Blended,365,150,0.5229100127572995,0.0,0.5229100127572995
lonestar,Blended,365,151,0.5254922596004614,0.0,0.5254922596004614
lonestar,Blended,365,152,0.5276323464290951,0.0,0.5276323464290951
lonestar,Blended,365,153,0.5291859113309457,0.0,0.5291859113309457
lonestar,Blended,365,154,0.5313925452430167,0.0,0.5313925452430167
lonestar,Blended,365,155,0.5331042106114141,0.0,0.5331042106114141
lonestar,Blended,365,156,0.5358969792708318,0.0,0.5358969792708318
lonestar,Blended,365,157,0.5378295346265148,0.0,0.5378295346265148
lonestar,Blended,365,158,0.5396556052026181,0.0,0.5396556052026181
lonestar,Blended,365,159,0.5415394160402595,0.0,0.5415394160402595
lonestar,Blended,365,160,0.5433918560073264,0.0,0.5433918560073264
lonestar,Blended,365,161,0.5460542253785835,0.0,0.5460542253785835
lonestar,Blended,365,162,0.549314016464241,0.0,0.549314016464241
lonestar,Blended,365,163,0.5514108347551997,0.0,0.5514108347551997
lonestar,Blended,365,164,0.5537074184135662,0.0,0.5537074184135662
lonestar,Blended,365,165,0.5564767651884517,0.0,0.5564767651884517
lonestar,Blended,365,166,0.5582710947394557,0.0,0.5582710947394557
lonestar,Blended,365,167,0.561043131450339,0.0,0.561043131450339
lonestar,Blended,365,168,0.5633190990394067,0.0,0.5633190990394067
lonestar,Blended,365,169,0.5656788994888686,0.0,0.5656788994888686
lonestar,Blended,365,170,0.5680209687677243,0.0,0.5680209687677243
lonestar,Blended,365,171,0.5709565632530377,0.0,0.5709565632530377
lonestar,Blended,365,172,0.573391797789677,0.0,0.573391797789677
lonestar,Blended,365,173,0.5758490938655103,0.0,0.5758490938655103
lonestar,Blended,365,174,0.5783899245911935,0.0,0.5783899245911935
lonestar,Blended,365,175,0.5810472029647575,0.0,0.5810472029647575
lonestar,Blended,365,176,0.5833987045937081,0.0,0.5833987045937081
lonestar,Blended,365,177,0.5858816412844602,0.0,0.5858816412844602
lonestar,Blended,365,178,0.5890367022547913,0.0,0.5890367022547913
lonestar,Blended,365,179,0.5923554346820252,0.0,0.5923554346820252
lonestar,Blended,365,180,0.5946243605480703,0.0,0.5946243605480703
lonestar,Blended,365,181,0.596687710319318,0.0,0.596687710319318
lonestar,Blended,365,182,0.5989280158959404,0.0,0.5989280158959404
lonestar,Blended,365,183,0.6022190580546439,0.0,0.6022190580546439
lonestar,Blended,365,184,0.6044045311587207,0.0,0.6044045311587207
lonestar,Blended,365,185,0.6065048555152842,0.0,0.6065048555152842
lonestar,Blended,365,186,0.6094185771625967,0.0,0.6094185771625967
lonestar,Blended,365,187,0.6120388220545633,0.0,0.6120388220545633
lonestar,Blended,365,188,0.6148144807933317,0.0,0.6148144807933317
lonestar,Blended,365,189,0.617194769665546,0.0,0.617194769665546
lonestar,Blended,365,190,0.6199674961948556,0.0,0.6199674961948556
lonestar,Blended,365,191,0.622978070521119,0.0,0.622978070521119
lonestar,Blended,365,192,0.6260238692393688,0.0,0.6260238692393688
lonestar,Blended,365,193,0.6287483935867831,0.0,0.6287483935867831
lonestar,Blended,365,194,0.6310765741237125,0.0,0.6310765741237125
lonestar,Blended,365,195,0.6342610672314677,0.0,0.6342610672314677
lonestar,Blended,365,196,0.6367777497646896,0.0,0.6367777497646896
lonestar,Blended,365,197,0.6390739795442948,0.0,0.6390739795442948
lonestar,Blended,365,198,0.6418166243338825,0.0,0.6418166243338825
lonestar,Blended,365,199,0.6438775742699245,0.0,0.6438775742699245
lonestar,Blended,365,200,0.6462765014298334,0.0,0.6462765014298334
lonestar,Blended,365,201,0.6484072738577196,0.0,0.6484072738577196
lonestar,Blended,365,202,0.6507420997329145,0.0,0.6507420997329145
lonestar,Blended,365,203,0.6531656997931543,0.0,0.6531656997931543
lonestar,Blended,365,204,0.6547266511987421,0.0,0.6547266511987421
lonestar,Blended,365,205,0.6572638581604093,0.0,0.6572638581604093
lonestar,Blended,365,206,0.6598783071260521,0.0,0.6598783071260521
lonestar,Blended,365,207,0.6613636183203737,0.0,0.6613636183203737
lonestar,Blended,365,208,0.663486148806118,0.0,0.663486148806118
lonestar,Blended,365,209,0.6656551546301762,0.0,0.6656551546301762
lonestar,Blended,365,210,0.6675353427519282,0.0,0.6675353427519282
lonestar,Blended,365,211,0.6692777133969313,0.0,0.6692777133969313
lonestar,Blended,365,212,0.6707944824094534,0.0,0.6707944824094534
lonestar,Blended,365,213,0.6739157034079886,0.0,0.6739157034079886
lonestar,Blended,365,214,0.6760189340298464,0.0,0.6760189340298464
lonestar,Blended,365,215,0.678433063951202,0.0,0.678433063951202
lonestar,Blended,365,216,0.6808873735999416,0.0,0.6808873735999416
lonestar,Blended,365,217,0.6827497448262434,0.0,0.6827497448262434
lonestar,Blended,365,218,0.6849735032148208,0.0,0.6849735032148208
lonestar,Blended,365,219,0.6870154724001982,0.0,0.6870154724001982
lonestar,Blended,365,220,0.689229693195064,0.0,0.689229693195064
lonestar,Blended,365,221,0.6913119526299659,0.0,0.6913119526299659
lonestar,Blended,365,222,0.6934712869884242,0.0,0.6934712869884242
lonestar,Blended,365,223,0.6952492447248316,0.0,0.6952492447248316
lonestar,Blended,365,224,0.6971401021247455,0.0,0.6971401021247455
lonestar,Blended,365,225,0.6992643449253395,0.0,0.6992643449253395
lonestar,Blended,365,226,0.701159010409702,0.0,0.701159010409702
lonestar,Blended,365,227,0.7029091907670684,0.0,0.7029091907670684
lonestar,Blended,365,228,0.704664495615784,0.0,0.704664495615784
lonestar,Blended,365,229,0.7064894579514583,0.0,0.7064894579514583
lonestar,Blended,365,230,0.7099589575637713,0.0,0.7099589575637713
lonestar,Blended,365,231,0.7126268245261169,0.0,0.7126268245261169
lonestar,Blended,365,232,0.7150225491383742,0.0,0.7150225491383742
lonestar,Blended,365,233,0.7170872459306369,0.0,0.7170872459306369
lonestar,Blended,365,234,0.7185934193464243,0.0,0.7185934193464243
lonestar,Blended,365,235,0.7205089454956024,0.0,0.7205089454956024
lonestar,Blended,365,236,0.7222068390218327,0.0,0.7222068390218327
lonestar,Blended,365,237,0.7239007937050258,0.0,0.7239007937050258
lonestar,Blended,365,238,0.7259900855651258,0.0,0.7259900855651258
lonestar,Blended,365,239,0.727858960474556,0.0,0.727858960474556
lonestar,Blended,365,240,0.7297952678994072,0.0,0.7297952678994072
lonestar,Blended,365,241,0.7315278477356544,0.0,0.7315278477356544
lonestar,Blended,365,242,0.7337200933044026,0.0,0.7337200933044026
lonestar,Blended,365,243,0.7358416290908844,0.0,0.7358416290908844
lonestar,Blended,365,244,0.7388237675752148,0.0,0.7388237675752148
lonestar,Blended,365,245,0.7406552486416327,0.0,0.7406552486416327
lonestar,Blended,365,246,0.7425502617777983,0.0,0.7425502617777983
lonestar,Blended,365,247,0.744468892405687,0.0,0.744468892405687
lonestar,Blended,365,248,0.7469443050377379,0.0,0.7469443050377379
lonestar,Blended,365,249,0.7491522530525386,0.0,0.7491522530525386
lonestar,Blended,365,250,0.7513289118862071,0.0,0.7513289118862071
lonestar,Blended,365,251,0.7536163144233218,0.0,0.7536163144233218
lonestar,Blended,365,252,0.7557082800890035,0.0,0.7557082800890035
lonestar,Blended,365,253,0.7577480559547238,0.0,0.7577480559547238
lonestar,Blended,365,254,0.7602308969199214,0.0,0.7602308969199214
lonestar,Blended,365,255,0.7621440621501407,0.0,0.7621440621501407
lonestar,Blended,365,256,0.7639851607182965,0.0,0.7639851607182965
lonestar,Blended,365,257,0.7661233080343509,0.0,0.7661233080343509
lonestar,Blended,365,258,0.7680709712199535,0.0,0.7680709712199535
lonestar,Blended,365,259,0.7706762618955681,0.0,0.7706762618955681
lonestar,Blended,365,260,0.7723976494192994,0.0,0.7723976494192994
lonestar,Blended,365,261,0.7738709432766775,0.0,0.7738709432766775
lonestar,Blended,365,262,0.7753465124372722,0.0,0.7753465124372722
lonestar,Blended,365,263,0.7772529648743984,0.0,0.7772529648743984
lonestar,Blended,365,264,0.779351574321696,0.0,0.779351574321696
lonestar,Blended,365,265,0.7812067003806515,0.0,0.7812067003806515
lonestar,Blended,365,266,0.7836056809855392,0.0,0.7836056809855392
lonestar,Blended,365,267,0.7854077486339102,0.0,0.7854077486339102
lonestar,Blended,365,268,0.7873400990548093,0.0,0.7873400990548093
lonestar,Blended,365,269,0.789015446064422,0.0,0.789015446064422
lonestar,Blended,365,270,0.7905770611217345,0.0,0.7905770611217345
lonestar,Blended,365,271,0.7922170645565976,0.0,0.7922170645565976
lonestar,Blended,365,272,0.7948647795403141,0.0,0.7948647795403141
lonestar,Blended,365,273,0.7970946810475933,0.0,0.7970946810475933
lonestar,Blended,365,274,0.7992923323643637,0.0,0.7992923323643637
lonestar,Blended,365,275,0.8012734831555905,0.0,0.8012734831555905
lonestar,Blended,365,276,0.803986258311482,0.0,0.803986258311482
lonestar,Blended,365,277,0.8061726107880022,0.0,0.8061726107880022
lonestar,Blended,365,278,0.807577483795805,0.0,0.807577483795805
lonestar,Blended,365,279,0.809439794941552,0.0,0.809439794941552
lonestar,Blended,365,280,0.8114864633268944,0.0,0.8114864633268944
lonestar,Blended,365,281,0.8138821342861698,0.0,0.8138821342861698
lonestar,Blended,365,282,0.815878184333684,0.0,0.815878184333684
lonestar,Blended,365,283,0.8181227719360347,0.0,0.8181227719360347
lonestar,Blended,365,284,0.8202323922060254,0.0,0.8202323922060254
lonestar,Blended,365,285,0.8228228264300841,0.0,0.8228228264300841
lonestar,Blended,365,286,0.8249523322442549,0.0,0.8249523322442549
lonestar,Blended,365,287,0.827013873969627,0.0,0.827013873969627
lonestar,Blended,365,288,0.8285673261759989,0.0,0.8285673261759989
lonestar,Blended,365,289,0.8306099490335859,0.0,0.8306099490335859
lonestar,Blended,365,290,0.8326779225260987,0.0,0.8326779225260987
lonestar,Blended,365,291,0.8346104259108607,0.0,0.8346104259108607
lonestar,Blended,365,292,0.8367928805822918,0.0,0.8367928805822918
lonestar,Blended,365,293,0.8390057402067167,0.0,0.8390057402067167
lonestar,Blended,365,294,0.8411356762307577,0.0,0.8411356762307577
lonestar,Blended,365,295,0.8434714288032945,0.0,0.8434714288032945
lonestar,Blended,365,296,0.8454770691618001,0.0,0.8454770691618001
lonestar,Blended,365,297,0.8484785851144782,0.0,0.8484785851144782
lonestar,Blended,365,298,0.8511558096445009,0.0,0.8511558096445009
lonestar,Blended,365,299,0.8538180837336283,0.0,0.8538180837336283
lonestar,Blended,365,300,0.8557374028704261,0.0,0.8557374028704261
lonestar,Blended,365,301,0.8579121260744162,0.0,0.8579121260744162
lonestar,Blended,365,302,0.8595791044456274,0.0,0.8595791044456274
lonestar,Blended,365,303,0.8612971495059166,0.0,0.8612971495059166
lonestar,Blended,365,304,0.8639455894969296,0.0,0.8639455894969296
lonestar,Blended,365,305,0.8659775873369545,0.0,0.8659775873369545
lonestar,Blended,365,306,0.8683327505382575,0.0,0.8683327505382575
lonestar,Blended,365,307,0.8708703071747634,0.0,0.8708703071747634
lonestar,Blended,365,308,0.8737164156429961,0.0,0.8737164156429961
lonestar,Blended,365,309,0.8761744398213778,0.0,0.8761744398213778
lonestar,Blended,365,310,0.8780174297494463,0.0,0.8780174297494463
lonestar,Blended,365,311,0.8805275851271726,0.0,0.8805275851271726
lonestar,Blended,365,312,0.8824919357046436,0.0,0.8824919357046436
lonestar,Blended,365,313,0.8843613258760559,0.0,0.8843613258760559
lonestar,Blended,365,314,0.8862582663247269,0.0,0.8862582663247269
lonestar,Blended,365,315,0.8886856892344662,0.0,0.8886856892344662
lonestar,Blended,365,316,0.8902774029072144,0.0,0.8902774029072144
lonestar,Blended,365,317,0.8924372754478995,0.0,0.8924372754478995
lonestar,Blended,365,318,0.8944127006899958,0.0,0.8944127006899958
lonestar,Blended,365,319,0.896602365264191,0.0,0.896602365264191
lonestar,Blended,365,320,0.8986295258348024,0.0,0.8986295258348024
lonestar,Blended,365,321,0.9004502640644048,0.0,0.9004502640644048
lonestar,Blended,365,322,0.9030076051716873,0.0,0.9030076051716873
lonestar,Blended,365,323,0.9056094328303351,0.0,0.9056094328303351
lonestar,Blended,365,324,0.907782893264691,0.0,0.907782893264691
lonestar,Blended,365,325,0.9098888483280017,0.0,0.9098888483280017
lonestar,Blended,365,326,0.9120949088223397,0.0,0.9120949088223397
lonestar,Blended,365,327,0.9149602691822633,0.0,0.9149602691822633
lonestar,Blended,365,328,0.9177699523509454,0.0,0.9177699523509454
lonestar,Blended,365,329,0.9201896431453371,0.0,0.9201896431453371
lonestar,Blended,365,330,0.9223082304403328,0.0,0.9223082304403328
lonestar,Blended,365,331,0.9235224576287215,0.0,0.9235224576287215
lonestar,Blended,365,332,0.9262390301642052,0.0,0.9262390301642052
lonestar,Blended,365,333,0.9284864005246772,0.0,0.9284864005246772
lonestar,Blended,365,334,0.9301156551918496,0.0,0.9301156551918496
lonestar,Blended,365,335,0.9320614328835699,0.0,0.9320614328835699
lonestar,Blended,365,336,0.9342515801480563,0.0,0.9342515801480563
lonestar,Blended,365,337,0.9364301370143985,0.0,0.9364301370143985
lonestar,Blended,365,338,0.938241562884868,0.0,0.938241562884868
lonestar,Blended,365,339,0.9397910414810986,0.0,0.9397910414810986
lonestar,Blended,365,340,0.9417261164064854,0.0,0.9417261164064854
lonestar,Blended,365,341,0.9447765123640369,0.0,0.9447765123640369
lonestar,Blended,365,342,0.9472044419366054,0.0,0.9472044419366054
lonestar,Blended,365,343,0.9491564809960747,0.0,0.9491564809960747
lonestar,Blended,365,344,0.9506306262157606,0.0,0.9506306262157606
lonestar,Blended,365,345,0.9528445458151066,0.0,0.9528445458151066
lonestar,Blended,365,346,0.9546558343294128,0.0,0.9546558343294128
lonestar,Blended,365,347,0.9571142271665536,0.0,0.9571142271665536
lonestar,Blended,365,348,0.9588938881284307,0.0,0.9588938881284307
lonestar,Blended,365,349,0.9611758301281541,0.0,0.9611758301281541
lonestar,Blended,365,350,0.9636649926896097,0.0,0.9636649926896097
lonestar,Blended,365,351,0.9661289970443495,0.0,0.9661289970443495
lonestar,Blended,365,352,0.9682191788255973,0.0,0.9682191788255973
lonestar,Blended,365,353,0.9705929706326045,0.0,0.9705929706326045
lonestar,Blended,365,354,0.9736725495916212,0.0,0.9736725495916212
lonestar,Blended,365,355,0.9755952974492517,0.0,0.9755952974492517
lonestar,Blended,365,356,0.9779300807537679,0.0,0.9779300807537679
lonestar,Blended,365,357,0.9801664645648893,0.0,0.9801664645648893
lonestar,Blended,365,358,0.9825838585309833,0.0,0.9825838585309833
lonestar,Blended,365,359,0.9848461164854267,0.0,0.9848461164854267
lonestar,Blended,365,360,0.9872419727459414,0.0,0.9872419727459414
lonestar,Blended,365,361,0.9895876408784985,0.0,0.9895876408784985
lonestar,Blended,365,362,0.9930752104045519,0.0,0.9930752104045519
lonestar,Blended,365,363,0.9953499800800844,0.0,0.9953499800800844
lonestar,Blended,365,364,0.9976173636223034,0.0,0.9976173636223034
lonestar,Blended,365,365,1.0,0.0,1.0
