brand,population,slice,day,n_users,n_cost_dates,sum_cum,actual_arpu,actual_ratio,actual_arpu_dstar,d_star,shape_ok,method,raw_goal_ratio,organic_share,adjusted_goal_ratio,ARPU_nominal,ARPU_at_horizon,frozen_shape,shape_signed_bias,shape_ae,shape_ape,level_signed_bias,level_ae,level_ape
lonestar,App,launch_day,1,208,1,3434.59,16.512451923076924,0.5639072684584695,29.28221153846154,33,True,native_ls_app,0.0005901061941982564,0.33762183461493167,0.00039087345829540593,4.045430136018371,6855.4273379805245,0.1354187192571991,0.42848854920127044,0.42848854920127044,3.1641751712881545,12.467021787058552,12.467021787058552,3.0817543173119666
lonestar,App,launch_day,2,208,1,4644.32,22.328461538461536,0.7625264747894329,29.28221153846154,33,True,native_ls_app,0.000882453360053955,0.33762183461493167,0.0005845178376704279,6.049594889006654,6855.4273379805245,0.2025071165115922,0.5600193582778408,0.5600193582778408,2.765430508936131,16.278866649454883,16.278866649454883,2.6909019443660434
lonestar,App,launch_day,3,208,1,5484.05,26.365625,0.9003973270724219,29.28221153846154,33,True,native_ls_app,0.0010861278530671758,0.33762183461493167,0.000719427374688259,7.445870576458812,6855.4273379805245,0.24924673602479336,0.6511505910476285,0.6511505910476285,2.6124738940728056,18.91975442354119,18.91975442354119,2.540972775347279
lonestar,App,launch_day,4,208,1,5484.05,26.365625,0.9003973270724219,29.28221153846154,33,True,native_ls_app,0.001269327832809581,0.33762183461493167,0.000840775041168615,8.701784725902375,6855.4273379805245,0.2912878243383426,0.6091095027340794,0.6091095027340794,2.091091531606807,17.663840274097627,17.663840274097627,2.029910050695478
lonestar,App,launch_day,5,208,1,5540.0,26.634615384615383,0.9095834633129196,29.28221153846154,33,True,native_ls_app,0.0015809937535939298,0.33762183461493167,0.0010472157419908,10.838387799564272,6855.4273379805245,0.3628095271160507,0.5467739361968689,0.5467739361968689,1.5070550670020693,15.796227585051112,15.796227585051112,1.457433326540148
lonestar,App,launch_day,6,208,1,5554.99,26.70668269230769,0.912044592575566,29.28221153846154,33,True,native_ls_app,0.0017020470715349827,0.33762183461493167,0.00112739881664237,11.668260024730614,6855.4273379805245,0.3905890783876383,0.5214555141879278,0.5214555141879278,1.335048886519074,15.038422667577077,15.038422667577077,1.2888316369110286
lonestar,App,launch_day,7,208,1,5554.99,26.70668269230769,0.912044592575566,29.28221153846154,33,True,native_ls_app,0.0018279913189705318,0.33762183461493167,0.0012108215361995322,12.53166166166166,6855.4273379805245,0.41949100968952163,0.4925535828860444,0.4925535828860444,1.1741695805366572,14.17502103064603,14.17502103064603,1.1311365893329157
lonestar,App,launch_day,8,208,1,5589.97,26.87485576923077,0.9177877748042097,29.28221153846154,33,True,native_ls_app,0.001902972507344006,0.33762183461493167,0.0012604874381927462,13.045689750271443,6855.4273379805245,0.4366978388971257,0.481089935907084,0.481089935907084,1.1016540341075878,13.829166018959327,13.829166018959327,1.0600563315306177
lonestar,App,launch_day,9,208,1,5924.91,28.48514423076923,0.9727798118442872,29.28221153846154,33,True,native_ls_app,0.002008315097415016,0.33762183461493167,0.001330264069740893,13.767858222097919,6855.4273379805245,0.4608720617249912,0.511907750119296,0.511907750119296,1.110737214582468,14.71728600867131,14.71728600867131,1.0689597300653144
lonestar,App,launch_day,10,208,1,5944.88,28.581153846153846,0.9760585811154712,29.28221153846154,33,True,native_ls_app,0.002073129576364542,0.33762183461493167,0.0013731957653978692,14.212189172985465,6855.4273379805245,0.47574581464431526,0.500312766471156,0.500312766471156,1.051638818609908,14.368964673168382,14.368964673168382,1.0110310592038076
lonestar,App,launch_day,11,208,1,5944.88,28.581153846153846,0.9760585811154712,29.28221153846154,33,True,native_ls_app,0.002133422899086772,0.33762183461493167,0.0014131327458875896,14.625525665873122,6855.4273379805245,0.489582043823198,0.4864765372922732,0.4864765372922732,0.9936568210168135,13.955628180280724,13.955628180280724,0.9541966900269765
lonestar,App,launch_day,12,208,1,5954.87,28.62918269230769,0.9776987866747664,29.28221153846154,33,True,native_ls_app,0.0021989105927829188,0.33762183461493167,0.0014565103642933427,15.074471791538981,6855.4273379805245,0.5046102873743248,0.4730884993004416,0.4730884993004416,0.9375324109266524,13.55471090076871,13.55471090076871,0.8991831414203657
lonestar,App,launch_day,13,208,1,5959.86,28.653173076923075,0.9785180685307107,29.28221153846154,33,True,native_ls_app,0.00224684896646719,0.33762183461493167,0.0014882636963058744,15.403109829032463,6855.4273379805245,0.5156112787745541,0.4629067897561565,0.4629067897561565,0.8977825133234874,13.250063247890612,13.250063247890612,0.8602200071907756
lonestar,App,launch_day,14,208,1,5984.85,28.77331730769231,0.9826210452000591,29.28221153846154,33,True,native_ls_app,0.002281186768819759,0.33762183461493167,0.0015110083068315238,15.638510138006435,6855.4273379805245,0.5234911845650863,0.45912986063497285,0.45912986063497285,0.8770536623580693,13.134807169685875,13.134807169685875,0.8399014390612707
lonestar,App,launch_day,15,208,1,5989.84,28.797307692307694,0.9834403270560035,29.28221153846154,33,True,native_ls_app,0.0024141216357543645,0.33762183461493167,0.0015990614601073762,16.549835458960732,6855.4273379805245,0.5539973368507245,0.429442990205279,0.429442990205279,0.7751715787056087,12.247472233346961,12.247472233346961,0.7400358912158065
lonestar,App,launch_day,16,208,1,5994.83,28.821298076923078,0.9842596089119477,29.28221153846154,33,True,native_ls_app,0.0024827058749119792,0.33762183461493167,0.0016444901626149278,17.020009727036438,6855.4273379805245,0.5697361816879188,0.4145234272240289,0.4145234272240289,0.7275708311098452,11.80128834988664,11.80128834988664,0.6933772976134196
lonestar,App,launch_day,17,208,1,5994.83,28.821298076923078,0.9842596089119477,29.28221153846154,33,True,native_ls_app,0.002545060808871523,0.33762183461493167,0.0016857927093737576,17.447479445960667,6855.4273379805245,0.5840455134305573,0.4002140954813904,0.4002140954813904,0.6852447048700352,11.373818630962411,11.373818630962411,0.6518889256290603
lonestar,App,launch_day,18,208,1,6019.8,28.941346153846155,0.9883593018864827,29.28221153846154,33,True,native_ls_app,0.002615811801316652,0.33762183461493167,0.0017326566219487349,17.932507733758257,6855.4273379805245,0.6002815890340549,0.38807771285242776,0.38807771285242776,0.6464927792919725,11.008838420087898,11.008838420087898,0.6139040107236964
lonestar,App,launch_day,19,208,1,6024.79,28.96533653846154,0.989178583742427,29.28221153846154,33,True,native_ls_app,0.002693013548041256,0.33762183461493167,0.0017837933733087007,18.461758698793954,6855.4273379805245,0.617997996298799,0.3711805874436279,0.3711805874436279,0.6006177846313986,10.503577839667585,10.503577839667585,0.568937012504326
lonestar,App,launch_day,20,208,1,6029.78,28.989326923076923,0.9899978655983713,29.28221153846154,33,True,native_ls_app,0.0027248261893323615,0.33762183461493167,0.0018048653722831565,18.679847949594368,6855.4273379805245,0.6252984232087102,0.3646994423896611,0.3646994423896611,0.5832406237620287,10.309478973482555,10.309478973482555,0.5519037950042
lonestar,App,launch_day,21,208,1,6054.76,29.10942307692308,0.994099200420313,29.28221153846154,33,True,native_ls_app,0.0027917272386656484,0.33762183461493167,0.001849179166602875,19.138483232133368,6855.4273379805245,0.6406510063653491,0.35344819405496386,0.35344819405496386,0.5517016137385105,9.970939844789712,9.970939844789712,0.5209890315680074
lonestar,App,launch_day,22,208,1,6054.76,29.10942307692308,0.994099200420313,29.28221153846154,33,True,native_ls_app,0.0030541324657483364,0.33762183461493167,0.002022990659505358,20.937383199505014,6855.4273379805245,0.7008682691687177,0.2932309312515953,0.2932309312515953,0.418382375334796,8.172039877418065,8.172039877418065,0.3903085595534815
lonestar,App,launch_day,23,208,1,6054.76,29.10942307692308,0.994099200420313,29.28221153846154,33,True,native_ls_app,0.0031756695562096962,0.33762183461493167,0.0021034941745113928,21.770571892032432,6855.4273379805245,0.7287588375008885,0.2653403629194244,0.2653403629194244,0.3640989985512195,7.338851184890647,7.338851184890647,0.3370996049753066
lonestar,App,launch_day,24,208,1,6054.76,29.10942307692308,0.994099200420313,29.28221153846154,33,True,native_ls_app,0.00322401308411846,0.33762183461493167,0.0021355158718358415,22.101987434872594,6855.4273379805245,0.7398528044819909,0.2542463959383221,0.2542463959383221,0.3436445660516664,7.007435642050485,7.007435642050485,0.31705002379080754
lonestar,App,launch_day,25,208,1,6070.74,29.186249999999998,0.9967228725762227,29.28221153846154,33,True,native_ls_app,0.003300420531443296,0.33762183461493167,0.002186126496616623,22.625793138088582,6855.4273379805245,0.7573869343727965,0.23933593820342625,0.23933593820342625,0.31600220091151154,6.560456861911415,6.560456861911415,0.28995477956825516
lonestar,App,launch_day,26,208,1,6070.74,29.186249999999998,0.9967228725762227,29.28221153846154,33,True,native_ls_app,0.0033927829209684838,0.33762183461493167,0.0022473053267408976,23.258976788240762,6855.4273379805245,0.7785824354876913,0.21814043708853137,0.21814043708853137,0.28017641696719214,5.9272732117592355,5.9272732117592355,0.2548380896427025
lonestar,App,launch_day,27,208,1,6075.7300000000005,29.210240384615386,0.9975421544321671,29.28221153846154,33,True,native_ls_app,0.003424246813107438,0.33762183461493167,0.0022681463218917714,23.474675214569416,6855.4273379805245,0.7858028307626345,0.21173932366953263,0.21173932366953263,0.26945604594480294,5.7355651700459696,5.7355651700459696,0.24432990521147765
lonestar,App,launch_day,28,208,1,6075.7300000000005,29.210240384615386,0.9975421544321671,29.28221153846154,33,True,native_ls_app,0.0035192648235529414,0.33762183461493167,0.0023310841773292036,24.126064280978042,6855.4273379805245,0.8076077489407587,0.1899344054914084,0.1899344054914084,0.2351815045614933,5.084176103637343,5.084176103637343,0.2107337543507215
lonestar,App,launch_day,29,208,1,6080.72,29.23423076923077,0.9983614362881114,29.28221153846154,33,True,native_ls_app,0.0035887357430644425,0.33762183461493167,0.0023771001975428454,24.60231712179183,6855.4273379805245,0.8235500709132455,0.17481136537486586,0.17481136537486586,0.21226561875104355,4.631913647438939,4.631913647438939,0.1882714390075136
lonestar,App,launch_day,30,208,1,6085.71,29.258221153846154,0.9991807181440557,29.28221153846154,33,True,native_ls_app,0.003612820209227252,0.33762183461493167,0.0023930532220540457,24.767426429545022,6855.4273379805245,0.8290770211364883,0.17010369700756744,0.17010369700756744,0.20517236960010235,4.490794724301132,4.490794724301132,0.18131858540393483
lonestar,App,launch_day,31,208,1,6085.71,29.258221153846154,0.9991807181440557,29.28221153846154,33,True,native_ls_app,0.0038457530234552624,0.33762183461493167,0.0025473428322003765,26.364280412116464,6855.4273379805245,0.8825308972114354,0.11664982093262033,0.11664982093262033,0.13217647257586443,2.89394074172969,2.89394074172969,0.1097674845090669
lonestar,App,launch_day,32,208,1,6090.7,29.28221153846154,1.0,29.28221153846154,33,True,native_ls_app,0.004093703937893631,0.33762183461493167,0.0027115801040116126,28.064089889434523,6855.4273379805245,0.939431156185186,0.06056884381481398,0.06056884381481398,0.06447395683657133,1.2181216490270153,1.2181216490270153,0.04340499384894037
lonestar,App,launch_day,33,208,1,6090.7,29.28221153846154,1.0,29.28221153846154,33,True,native_ls_app,0.004357641228887086,0.33762183461493167,0.0028864064025965626,29.87349280962358,6855.4273379805245,1.0,0.0,0.0,0.0,-0.5912812711620425,0.5912812711620425,0.01979284025909299
lonestar,App,launch_week,1,2000,7,12780.349999999999,6.390174999999999,0.1487017805794277,42.97309,27,True,native_ls_app,0.0005901061941982564,0.33762183461493167,0.00039087345829540593,4.045430136018371,6855.4273379805245,0.17233167654254058,-0.02362989596311288,0.02362989596311288,0.13711870294072007,2.344744863981628,2.344744863981628,0.5796033512246965
lonestar,App,launch_week,2,2000,7,18728.39,9.364195,0.21790834682821275,42.97309,27,True,native_ls_app,0.000882453360053955,0.33762183461493167,0.0005845178376704279,6.049594889006654,6855.4273379805245,0.25770728811838933,-0.03979894129017658,0.03979894129017658,0.15443467501739092,3.3146001109933465,3.3146001109933465,0.5479044748957735
lonestar,App,launch_week,3,2000,7,21230.09,10.615045,0.24701609774861433,42.97309,27,True,native_ls_app,0.0010861278530671758,0.33762183461493167,0.000719427374688259,7.445870576458812,6855.4273379805245,0.3171873735589567,-0.07017127581034238,0.07017127581034238,0.22122972621197168,3.1691744235411887,3.1691744235411887,0.42562845955998596
lonestar,App,launch_week,4,2000,7,31498.500000000004,15.749250000000002,0.3664909830780147,42.97309,27,True,native_ls_app,0.001269327832809581,0.33762183461493167,0.000840775041168615,8.701784725902375,6855.4273379805245,0.3706881840265745,-0.004197200948559798,0.004197200948559798,0.01132272656486645,7.047465274097627,7.047465274097627,0.8098873387570278
lonestar,App,launch_week,5,2000,7,33222.23,16.611115,0.3865469064477328,42.97309,27,True,native_ls_app,0.0015809937535939298,0.33762183461493167,0.0010472157419908,10.838387799564272,6855.4273379805245,0.461705548660264,-0.07515864221253116,0.07515864221253116,0.1627847931016203,5.77272720043573,5.77272720043573,0.5326186243924402
lonestar,App,launch_week,6,2000,7,34064.079999999994,17.03204,0.39634198983596475,42.97309,27,True,native_ls_app,0.0017020470715349827,0.33762183461493167,0.00112739881664237,11.668260024730614,6855.4273379805245,0.4970573572617004,-0.10071536742573567,0.10071536742573567,0.20262323040660493,5.363779975269384,5.363779975269384,0.4596897878433437
lonestar,App,launch_week,7,2000,7,35738.89,17.869445,0.41582871978719704,42.97309,27,True,native_ls_app,0.0018279913189705318,0.33762183461493167,0.0012108215361995322,12.53166166166166,6855.4273379805245,0.5338374885750905,-0.11800876878789346,0.11800876878789346,0.2210574778157307,5.337783338338339,5.337783338338339,0.42594378003902833
lonestar,App,launch_week,8,2000,7,37971.8,18.9859,0.4418090484068053,42.97309,27,True,native_ls_app,0.001902972507344006,0.33762183461493167,0.0012604874381927462,13.045689750271443,6855.4273379805245,0.5557346217158614,-0.11392557330905612,0.11392557330905612,0.20499995655715061,5.940210249728558,5.940210249728558,0.45533891756125505
lonestar,App,launch_week,9,2000,7,39713.51,19.856755,0.46207417246467497,42.97309,27,True,native_ls_app,0.002008315097415016,0.33762183461493167,0.001330264069740893,13.767858222097919,6855.4273379805245,0.5864983475278491,-0.12442417506317416,0.12442417506317416,0.21214752878270648,6.088896777902081,6.088896777902081,0.4422544654134495
lonestar,App,launch_week,10,2000,7,40145.68,20.07284,0.46710255185279903,42.97309,27,True,native_ls_app,0.002073129576364542,0.33762183461493167,0.0013731957653978692,14.212189172985465,6855.4273379805245,0.605426445438732,-0.138323893585933,0.138323893585933,0.22847349108725232,5.860650827014535,5.860650827014535,0.4123679157152272
lonestar,App,launch_week,11,2000,7,44387.44,22.193720000000003,0.5164562287701444,42.97309,27,True,native_ls_app,0.002133422899086772,0.33762183461493167,0.0014131327458875896,14.625525665873122,6855.4273379805245,0.6230342073825957,-0.10657797861245133,0.10657797861245133,0.17106280417602082,7.568194334126881,7.568194334126881,0.5174647740550166
lonestar,App,launch_week,12,2000,7,46329.920000000006,23.164960000000004,0.5390573496111172,42.97309,27,True,native_ls_app,0.0021989105927829188,0.33762183461493167,0.0014565103642933427,15.074471791538981,6855.4273379805245,0.6421589075781163,-0.10310155796699916,0.10310155796699916,0.16055458664560723,8.090488208461023,8.090488208461023,0.53670127353995
lonestar,App,launch_week,13,2000,7,47673.67,23.836835,0.5546921340773959,42.97309,27,True,native_ls_app,0.00224684896646719,0.33762183461493167,0.0014882636963058744,15.403109829032463,6855.4273379805245,0.6561585916840551,-0.10146645760665918,0.10146645760665918,0.1546370936731039,8.433725170967538,8.433725170967538,0.5475339242904884
lonestar,App,launch_week,14,2000,7,49178.57,24.589285,0.5722019291607842,42.97309,27,True,native_ls_app,0.002281186768819759,0.33762183461493167,0.0015110083068315238,15.638510138006435,6855.4273379805245,0.6661864326157104,-0.09398450345492626,0.09398450345492626,0.1410783811461096,8.950774861993565,8.950774861993565,0.5723547053398906
lonestar,App,launch_week,15,2000,7,50210.41,25.105205,0.5842075820007359,42.97309,27,True,native_ls_app,0.0024141216357543645,0.33762183461493167,0.0015990614601073762,16.549835458960732,6855.4273379805245,0.7050080696617764,-0.12080048766104057,0.12080048766104057,0.1713462481627961,8.55536954103927,8.55536954103927,0.5169458972721723
lonestar,App,launch_week,16,2000,7,50754.21,25.377105,0.5905347974744195,42.97309,27,True,native_ls_app,0.0024827058749119792,0.33762183461493167,0.0016444901626149278,17.020009727036438,6855.4273379805245,0.72503706958523,-0.13450227211081045,0.13450227211081045,0.18551089006766897,8.357095272963562,8.357095272963562,0.4910158928809683
lonestar,App,launch_week,17,2000,7,51218.30000000001,25.609150000000007,0.5959345720775492,42.97309,27,True,native_ls_app,0.002545060808871523,0.33762183461493167,0.0016857927093737576,17.447479445960667,6855.4273379805245,0.7432468942161122,-0.14731232213856305,0.14731232213856305,0.19820105981597197,8.16167055403934,8.16167055403934,0.4677850791753693
lonestar,App,launch_week,18,2000,7,52977.94,26.488970000000002,0.6164083150641484,42.97309,27,True,native_ls_app,0.002615811801316652,0.33762183461493167,0.0017326566219487349,17.932507733758257,6855.4273379805245,0.7639086619877302,-0.14750034692358183,0.14750034692358183,0.19308636524657047,8.556462266241745,8.556462266241745,0.4771481152150324
lonestar,App,launch_week,19,2000,7,56808.76,28.40438,0.6609806276439512,42.97309,27,True,native_ls_app,0.002693013548041256,0.33762183461493167,0.0017837933733087007,18.461758698793954,6855.4273379805245,0.7864542759397061,-0.1254736482957549,0.1254736482957549,0.1595434752336122,9.942621301206046,9.942621301206046,0.5385522291468128
lonestar,App,launch_week,20,2000,7,57082.11000000001,28.541055000000004,0.664161106404031,42.97309,27,True,native_ls_app,0.0027248261893323615,0.33762183461493167,0.0018048653722831565,18.679847949594368,6855.4273379805245,0.7957446814003558,-0.13158357499632478,0.13158357499632478,0.16535903798284055,9.861207050405635,9.861207050405635,0.5279061733808048
lonestar,App,launch_week,21,2000,7,61299.960000000014,30.649980000000006,0.7132365859657754,42.97309,27,True,native_ls_app,0.0027917272386656484,0.33762183461493167,0.001849179166602875,19.138483232133368,6855.4273379805245,0.8152821309431869,-0.10204554497741147,0.10204554497741147,0.1251659285839573,11.511496767866639,11.511496767866639,0.6014842779462755
lonestar,App,launch_week,22,2000,7,70222.95999999999,35.11147999999999,0.8170573724160863,42.97309,27,True,native_ls_app,0.0030541324657483364,0.33762183461493167,0.002022990659505358,20.937383199505014,6855.4273379805245,0.8919136477130194,-0.07485627529693306,0.07485627529693306,0.08392771597213937,14.17409680049498,14.17409680049498,0.6769755640155678
lonestar,App,launch_week,23,2000,7,77828.80999999998,38.914404999999995,0.9055528704126232,42.97309,27,True,native_ls_app,0.0031756695562096962,0.33762183461493167,0.0021034941745113928,21.770571892032432,6855.4273379805245,0.9274067348339993,-0.021853864421376046,0.021853864421376046,0.023564487511822704,17.143833107967563,17.143833107967563,0.7874773888802545
lonestar,App,launch_week,24,2000,7,80399.71,40.19985500000001,0.9354657763730746,42.97309,27,True,native_ls_app,0.00322401308411846,0.33762183461493167,0.0021355158718358415,22.101987434872594,6855.4273379805245,0.9415247381635818,-0.006058961790507245,0.006058961790507245,0.006435265633407661,18.097867565127412,18.097867565127412,0.8188343975154259
lonestar,App,launch_week,25,2000,7,82258.73999999999,41.129369999999994,0.9570959407387273,42.97309,27,True,native_ls_app,0.003300420531443296,0.33762183461493167,0.002186126496616623,22.625793138088582,6855.4273379805245,0.9638383888713408,-0.006742448132613488,0.006742448132613488,0.006995413557358849,18.503576861911412,18.503576861911412,0.8178089823848972
lonestar,App,launch_week,26,2000,7,85545.28,42.77264,0.9953354529543955,42.97309,27,True,native_ls_app,0.0033927829209684838,0.33762183461493167,0.0022473053267408976,23.258976788240762,6855.4273379805245,0.9908114415063437,0.004524011448051812,0.004524011448051812,0.004565966094592023,19.51366321175924,19.51366321175924,0.8389734161317418
lonestar,App,launch_week,27,2000,7,85946.18,42.97309,1.0,42.97309,27,True,native_ls_app,0.003424246813107438,0.33762183461493167,0.0022681463218917714,23.474675214569416,6855.4273379805245,1.0,0.0,0.0,0.0,19.498414785430583,19.498414785430583,0.8306148906089661
lonestar,App,launch_day,1,208,1,3434.59,16.512451923076924,0.5639072684584695,29.28221153846154,33,True,ls_web_donor,0.08262562738697628,0.33762183461493167,0.0547294114823756,4.045430136018371,48.96096119272585,0.1767697143440001,0.3871375541144694,0.3871375541144694,2.190067204391619,12.467021787058552,12.467021787058552,3.0817543173119666
lonestar,App,launch_day,2,208,1,4644.32,22.328461538461536,0.7625264747894329,29.28221153846154,33,True,ls_web_donor,0.11138799025719597,0.33762183461493167,0.07378097263249132,5.4536630683182965,48.96096119272585,0.2383040691104078,0.5242224056790251,0.5242224056790251,2.199804676588,16.87479847014324,16.87479847014324,3.0942136062957752
lonestar,App,launch_day,3,208,1,5484.05,26.365625,0.9003973270724219,29.28221153846154,33,True,ls_web_donor,0.1320746605487875,0.33762183461493167,0.08748337134816153,6.466502329671624,48.96096119272585,0.2825612434740791,0.6178360835983427,0.6178360835983427,2.186556358551063,19.899122670328378,19.899122670328378,3.0772621203615764
lonestar,App,launch_day,4,208,1,5484.05,26.365625,0.9003973270724219,29.28221153846154,33,True,ls_web_donor,0.15117122741678882,0.33762183461493167,0.10013252027534152,7.401488599010131,48.96096119272585,0.3234165419687902,0.5769807851036317,0.5769807851036317,1.7840175446539481,18.964136400989872,18.964136400989872,2.562205716769748
lonestar,App,launch_day,5,208,1,5540.0,26.634615384615383,0.9095834633129196,29.28221153846154,33,True,ls_web_donor,0.1698438724949857,0.33762183461493167,0.1125008726651241,8.315719250049272,48.96096119272585,0.36336489989242443,0.5462185634204952,0.5462185634204952,1.5032232435829804,18.31889613456611,18.31889613456611,2.2029238342140482
lonestar,App,launch_day,6,208,1,5554.99,26.70668269230769,0.912044592575566,29.28221153846154,33,True,ls_web_donor,0.18293558937429044,0.33762183461493167,0.1211725400733787,8.956702292123065,48.96096119272585,0.39137338982725545,0.5206712027483106,0.5206712027483106,1.3303694535239727,17.749980400184626,17.749980400184626,1.9817539783358404
lonestar,App,launch_day,7,208,1,5554.99,26.70668269230769,0.912044592575566,29.28221153846154,33,True,ls_web_donor,0.1991296064549887,0.33762183461493167,0.13189910339750607,9.749576933965471,48.96096119272585,0.42601895760043407,0.48602563497513196,0.48602563497513196,1.1408544767882807,16.95710575834222,16.95710575834222,1.7392658033465265
lonestar,App,launch_day,8,208,1,5589.97,26.87485576923077,0.9177877748042097,29.28221153846154,33,True,ls_web_donor,0.21375076458754044,0.33762183461493167,0.14158383929715068,10.465442889886045,48.96096119272585,0.4572995424287317,0.460488232375478,0.460488232375478,1.0069728693140847,16.409412879344725,16.409412879344725,1.5679616287623162
lonestar,App,launch_day,9,208,1,5924.91,28.48514423076923,0.9727798118442872,29.28221153846154,33,True,ls_web_donor,0.22704235474282222,0.33762183461493167,0.15038789839925645,11.116211919668414,48.96096119272585,0.48573564233176286,0.4870441695125243,0.4870441695125243,1.0026939080988166,17.368932311100814,17.368932311100814,1.5624866129413366
lonestar,App,launch_day,10,208,1,5944.88,28.581153846153846,0.9760585811154712,29.28221153846154,33,True,ls_web_donor,0.2379418740128584,0.33762183461493167,0.15760750197692222,11.649862859668023,48.96096119272585,0.5090541328386793,0.4670044482767919,0.4670044482767919,0.9173964381206329,16.931290986485823,16.931290986485823,1.453346806776771
lonestar,App,launch_day,11,208,1,5944.88,28.581153846153846,0.9760585811154712,29.28221153846154,33,True,ls_web_donor,0.24936472654145822,0.33762183461493167,0.16517375007828036,12.20913669903103,48.96096119272585,0.5334922453508816,0.4425663357645896,0.4425663357645896,0.8295647024325735,16.37201714712282,16.37201714712282,1.340964357326114
lonestar,App,launch_day,12,208,1,5954.87,28.62918269230769,0.9776987866747664,29.28221153846154,33,True,ls_web_donor,0.25886608972935493,0.33762183461493167,0.1714672455953366,12.674332573351634,48.96096119272585,0.5538195131698227,0.4238792735049437,0.4238792735049437,0.7653743926046278,15.954850118956056,15.954850118956056,1.2588315815936424
lonestar,App,launch_day,13,208,1,5959.86,28.653173076923075,0.9785180685307107,29.28221153846154,33,True,ls_web_donor,0.2714364787536044,0.33762183461493167,0.17979359681539556,13.289790902545379,48.96096119272585,0.5807126714704854,0.3978053970602252,0.3978053970602252,0.6850296482301637,15.363382174377696,15.363382174377696,1.1560288861606667
lonestar,App,launch_day,14,208,1,5984.85,28.77331730769231,0.9826210452000591,29.28221153846154,33,True,ls_web_donor,0.2889096012023405,0.33762183461493167,0.19136741160653803,14.145291772673694,48.96096119272585,0.6180947641896709,0.3645262810103882,0.3645262810103882,0.589757917603923,14.628025535018615,14.628025535018615,1.0341268154876437
lonestar,App,launch_day,15,208,1,5989.84,28.797307692307694,0.9834403270560035,29.28221153846154,33,True,ls_web_donor,0.298786798625917,0.33762183461493167,0.19790985151511276,14.628888852422314,48.96096119272585,0.6392260938061782,0.34421423324982525,0.34421423324982525,0.5384858919013333,14.16841883988538,14.16841883988538,0.9685232407476603
lonestar,App,launch_day,16,208,1,5994.83,28.821298076923078,0.9842596089119477,29.28221153846154,33,True,ls_web_donor,0.3082718340487279,0.33762183461493167,0.2041925318770866,15.093285303670188,48.96096119272585,0.6595184299161402,0.32474117899580757,0.32474117899580757,0.49239136355461577,13.72801277325289,13.72801277325289,0.9095443766583206
lonestar,App,launch_day,17,208,1,5994.83,28.821298076923078,0.9842596089119477,29.28221153846154,33,True,ls_web_donor,0.3207702680721148,0.33762183461493167,0.21247122167568394,15.705220646859079,48.96096119272585,0.6862576472985874,0.29800196161336034,0.29800196161336034,0.4342420995764891,13.116077430064,13.116077430064,0.8351412390176837
lonestar,App,launch_day,18,208,1,6019.8,28.941346153846155,0.9883593018864827,29.28221153846154,33,True,ls_web_donor,0.33197189946373856,0.33762183461493167,0.2198909377261875,16.25366328671959,48.96096119272585,0.7102224781132485,0.27813682377323423,0.27813682377323423,0.3916192916227075,12.687682867126565,12.687682867126565,0.7806045100917842
lonestar,App,launch_day,19,208,1,6024.79,28.96533653846154,0.989178583742427,29.28221153846154,33,True,ls_web_donor,0.33915587456086665,0.33762183461493167,0.2246494459711952,16.605397612659587,48.96096119272585,0.7255919133107102,0.2635866704317168,0.2635866704317168,0.36327123496874575,12.359938925801952,12.359938925801952,0.7443326088367199
lonestar,App,launch_day,20,208,1,6029.78,28.989326923076923,0.9899978655983713,29.28221153846154,33,True,ls_web_donor,0.34659458900452056,0.33762183461493167,0.2295766879972061,16.969604221859097,48.96096119272585,0.741506339244601,0.24849152635377036,0.24849152635377036,0.3351171975237832,12.019722701217827,12.019722701217827,0.7083089590112439
lonestar,App,launch_day,21,208,1,6054.76,29.10942307692308,0.994099200420313,29.28221153846154,33,True,ls_web_donor,0.35675919955850816,0.33762183461493167,0.23630950408781012,17.467273324732055,48.96096119272585,0.7632525620675893,0.23084663835272368,0.23084663835272368,0.3024511804157969,11.642149752191024,11.642149752191024,0.6665121416349974
lonestar,App,launch_day,22,208,1,6054.76,29.10942307692308,0.994099200420313,29.28221153846154,33,True,ls_web_donor,0.36523104130430906,0.33762183461493167,0.24192106708082634,17.882062839679126,48.96096119272585,0.7813772661422581,0.21272193427805486,0.21272193427805486,0.27223972784399714,11.227360237243953,11.227360237243953,0.6278559883108774
lonestar,App,launch_day,23,208,1,6054.76,29.10942307692308,0.994099200420313,29.28221153846154,33,True,ls_web_donor,0.37289883605732926,0.33762183461493167,0.24700004690188113,18.257485441015536,48.96096119272585,0.79778178772963,0.19631741269068292,0.19631741269068292,0.24607908542180876,10.851937635907543,10.851937635907543,0.5943829269899681
lonestar,App,launch_day,24,208,1,6054.76,29.10942307692308,0.994099200420313,29.28221153846154,33,True,ls_web_donor,0.3819961519395396,0.33762183461493167,0.2530259103058681,18.702898770882406,48.96096119272585,0.8172446345563634,0.17685456586394954,0.17685456586394954,0.21640345911839975,10.406524306040673,10.406524306040673,0.5564123740134905
lonestar,App,launch_day,25,208,1,6070.74,29.186249999999998,0.9967228725762227,29.28221153846154,33,True,ls_web_donor,0.3891251388264367,0.33762183461493167,0.25774799556106515,19.051940821195224,48.96096119272585,0.8324964276792989,0.16422644489692384,0.16422644489692384,0.19726984937908768,10.134309178804774,10.134309178804774,0.5319305405111476
lonestar,App,launch_day,26,208,1,6070.74,29.186249999999998,0.9967228725762227,29.28221153846154,33,True,ls_web_donor,0.3973153439166095,0.33762183461493167,0.2631730085828213,19.452941134775642,48.96096119272585,0.8500185967688958,0.14670427580732692,0.14670427580732692,0.17258948964761658,9.733308865224355,9.733308865224355,0.5003515302796198
lonestar,App,launch_day,27,208,1,6075.7300000000005,29.210240384615386,0.9975421544321671,29.28221153846154,33,True,ls_web_donor,0.40621682134654963,0.33762183461493167,0.2690691528720816,19.888766025780864,48.96096119272585,0.8690624657511009,0.12847968868106618,0.12847968868106618,0.14783711613874106,9.321474358834521,9.321474358834521,0.4686803769902837
lonestar,App,launch_day,28,208,1,6075.7300000000005,29.210240384615386,0.9975421544321671,29.28221153846154,33,True,ls_web_donor,0.418517099944908,0.33762183461493167,0.2772165888437874,20.490999488894804,48.96096119272585,0.895377748344963,0.10216440608720412,0.10216440608720412,0.11410201591009736,8.719240895720581,8.719240895720581,0.42551564653769164
lonestar,App,launch_day,29,208,1,6080.72,29.23423076923077,0.9983614362881114,29.28221153846154,33,True,ls_web_donor,0.4281796422889637,0.33762183461493167,0.2836168459145986,20.964086849625186,48.96096119272585,0.9160498437227799,0.08231159256533149,0.08231159256533149,0.08985492779609172,8.270143919605584,8.270143919605584,0.3944910159420297
lonestar,App,launch_day,30,208,1,6085.71,29.258221153846154,0.9991807181440557,29.28221153846154,33,True,ls_web_donor,0.4368086807430139,0.33762183461493167,0.28933253257482955,21.386572866504476,48.96096119272585,0.9345108552857162,0.06466986285833953,0.06466986285833953,0.06920183162406118,7.871648287341678,7.871648287341678,0.36806496938414135
lonestar,App,launch_day,31,208,1,6085.71,29.258221153846154,0.9991807181440557,29.28221153846154,33,True,ls_web_donor,0.44831085684557537,0.33762183461493167,0.2969513228795802,21.94973046429389,48.96096119272585,0.9591186730812961,0.04006204506275968,0.04006204506275968,0.04176964351455596,7.308490689552265,7.308490689552265,0.33296494011355393
lonestar,App,launch_day,32,208,1,6090.7,29.28221153846154,1.0,29.28221153846154,33,True,ls_web_donor,0.45791853665560733,0.33762183461493167,0.30331524020575634,22.420131702625,48.96096119272585,0.9796733952569447,0.020326604743055254,0.020326604743055254,0.02074834821631966,6.862079835836539,6.862079835836539,0.30606777546418745
lonestar,App,launch_day,33,208,1,6090.7,29.28221153846154,1.0,29.28221153846154,33,True,ls_web_donor,0.4674195899088454,0.33762183461493167,0.309608530428862,22.88531240224681,48.96096119272585,1.0,0.0,0.0,0.0,6.396899136214728,6.396899136214728,0.2795198520246855
lonestar,App,launch_week,1,2000,7,12780.349999999999,6.390174999999999,0.1487017805794277,42.97309,27,True,ls_web_donor,0.08262562738697628,0.33762183461493167,0.0547294114823756,4.045430136018371,48.96096119272585,0.20340277173427815,-0.05470099115485044,0.05470099115485044,0.26892942848542334,2.344744863981628,2.344744863981628,0.5796033512246965
lonestar,App,launch_week,2,2000,7,18728.39,9.364195,0.21790834682821275,42.97309,27,True,ls_web_donor,0.11138799025719597,0.33762183461493167,0.07378097263249132,5.4536630683182965,48.96096119272585,0.2742082169023946,-0.05629987007418186,0.05629987007418186,0.20531795403571731,3.910531931681704,3.910531931681704,0.7170468513903929
lonestar,App,launch_week,3,2000,7,21230.09,10.615045,0.24701609774861433,42.97309,27,True,ls_web_donor,0.1320746605487875,0.33762183461493167,0.08748337134816153,6.466502329671624,48.96096119272585,0.3251334105539481,-0.0781173128053338,0.0781173128053338,0.240262336227584,4.148542670328376,4.148542670328376,0.6415435205664023
lonestar,App,launch_week,4,2000,7,31498.500000000004,15.749250000000002,0.3664909830780147,42.97309,27,True,ls_web_donor,0.15117122741678882,0.33762183461493167,0.10013252027534152,7.401488599010131,48.96096119272585,0.37214418377771313,-0.005653200699698435,0.005653200699698435,0.01519088822593334,8.34776140098987,8.34776140098987,1.1278489846091628
lonestar,App,launch_week,5,2000,7,33222.23,16.611115,0.3865469064477328,42.97309,27,True,ls_web_donor,0.1698438724949857,0.33762183461493167,0.1125008726651241,8.315719250049272,48.96096119272585,0.4181113719810469,-0.0315644655333141,0.0315644655333141,0.07549296108297414,8.29539574995073,8.29539574995073,0.9975560141597588
lonestar,App,launch_week,6,2000,7,34064.079999999994,17.03204,0.39634198983596475,42.97309,27,True,ls_web_donor,0.18293558937429044,0.33762183461493167,0.1211725400733787,8.956702292123065,48.96096119272585,0.45033976871732095,-0.053997778881356207,0.053997778881356207,0.11990453127236628,8.075337707876933,8.075337707876933,0.9015972000072789
lonestar,App,launch_week,7,2000,7,35738.89,17.869445,0.41582871978719704,42.97309,27,True,ls_web_donor,0.1991296064549887,0.33762183461493167,0.13189910339750607,9.749576933965471,48.96096119272585,0.49020522044090403,-0.07437650065370699,0.07437650065370699,0.1517252317035929,8.119868066034527,8.119868066034527,0.8328431193508119
lonestar,App,launch_week,8,2000,7,37971.8,18.9859,0.4418090484068053,42.97309,27,True,ls_web_donor,0.21375076458754044,0.33762183461493167,0.14158383929715068,10.465442889886045,48.96096119272585,0.5261987031432814,-0.08438965473647614,0.08438965473647614,0.16037602189509242,8.520457110113956,8.520457110113956,0.8141516034976645
lonestar,App,launch_week,9,2000,7,39713.51,19.856755,0.46207417246467497,42.97309,27,True,ls_web_donor,0.22704235474282222,0.33762183461493167,0.15038789839925645,11.116211919668414,48.96096119272585,0.5589191358206435,-0.09684496335596848,0.09684496335596848,0.1732718691296444,8.740543080331586,8.740543080331586,0.7862879138590863
lonestar,App,launch_week,10,2000,7,40145.68,20.07284,0.46710255185279903,42.97309,27,True,ls_web_donor,0.2379418740128584,0.33762183461493167,0.15760750197692222,11.649862859668023,48.96096119272585,0.585750913081629,-0.11864836122882993,0.11864836122882993,0.20255770597884729,8.422977140331977,8.422977140331977,0.7230108407106176
lonestar,App,launch_week,11,2000,7,44387.44,22.193720000000003,0.5164562287701444,42.97309,27,True,ls_web_donor,0.24936472654145822,0.33762183461493167,0.16517375007828036,12.20913669903103,48.96096119272585,0.6138710005037469,-0.09741477173360247,0.09741477173360247,0.15868932015629214,9.984583300968973,9.984583300968973,0.8177960118802989
lonestar,App,launch_week,12,2000,7,46329.920000000006,23.164960000000004,0.5390573496111172,42.97309,27,True,ls_web_donor,0.25886608972935493,0.33762183461493167,0.1714672455953366,12.674332573351634,48.96096119272585,0.6372608816918304,-0.0982035320807132,0.0982035320807132,0.15410255815482948,10.49062742664837,10.49062742664837,0.8277064978321143
lonestar,App,launch_week,13,2000,7,47673.67,23.836835,0.5546921340773959,42.97309,27,True,ls_web_donor,0.2714364787536044,0.33762183461493167,0.17979359681539556,13.289790902545379,48.96096119272585,0.6682059050480282,-0.11351377097063231,0.11351377097063231,0.1698784313533915,10.547044097454622,10.547044097454622,0.793620018162555
lonestar,App,launch_week,14,2000,7,49178.57,24.589285,0.5722019291607842,42.97309,27,True,ls_web_donor,0.2889096012023405,0.33762183461493167,0.19136741160653803,14.145291772673694,48.96096119272585,0.7112201809975452,-0.1390182518367611,0.1390182518367611,0.19546443640248856,10.443993227326306,10.443993227326306,0.7383370661538654
lonestar,App,launch_week,15,2000,7,50210.41,25.105205,0.5842075820007359,42.97309,27,True,ls_web_donor,0.298786798625917,0.33762183461493167,0.19790985151511276,14.628888852422314,48.96096119272585,0.7355352681739822,-0.15132768617324632,0.15132768617324632,0.2057381783322612,10.476316147577688,10.476316147577688,0.7161388847275967
lonestar,App,launch_week,16,2000,7,50754.21,25.377105,0.5905347974744195,42.97309,27,True,ls_web_donor,0.3082718340487279,0.33762183461493167,0.2041925318770866,15.093285303670188,48.96096119272585,0.758884954657593,-0.16835015718317348,0.16835015718317348,0.2218388388779333,10.283819696329813,10.283819696329813,0.6813506462923038
lonestar,App,launch_week,17,2000,7,51218.30000000001,25.609150000000007,0.5959345720775492,42.97309,27,True,ls_web_donor,0.3207702680721148,0.33762183461493167,0.21247122167568394,15.705220646859079,48.96096119272585,0.7896528435450015,-0.19371827146745235,0.19371827146745235,0.24532080527664502,9.903929353140928,9.903929353140928,0.6306138306386441
lonestar,App,launch_week,18,2000,7,52977.94,26.488970000000002,0.6164083150641484,42.97309,27,True,ls_web_donor,0.33197189946373856,0.33762183461493167,0.2198909377261875,16.25366328671959,48.96096119272585,0.8172283421530897,-0.2008200270889413,0.2008200270889413,0.24573306716193416,10.235306713280412,10.235306713280412,0.6297230681309482
lonestar,App,launch_week,19,2000,7,56808.76,28.40438,0.6609806276439512,42.97309,27,True,ls_web_donor,0.33915587456086665,0.33762183461493167,0.2246494459711952,16.605397612659587,48.96096119272585,0.8349134175109103,-0.17393278986695915,0.17393278986695915,0.20832434384094237,11.798982387340413,11.798982387340413,0.7105510306085733
lonestar,App,launch_week,20,2000,7,57082.11000000001,28.541055000000004,0.664161106404031,42.97309,27,True,ls_web_donor,0.34659458900452056,0.33762183461493167,0.2295766879972061,16.969604221859097,48.96096119272585,0.8532255947836183,-0.18906448837958723,0.18906448837958723,0.22158792414980802,11.571450778140907,11.571450778140907,0.6818927905952777
lonestar,App,launch_week,21,2000,7,61299.960000000014,30.649980000000006,0.7132365859657754,42.97309,27,True,ls_web_donor,0.35675919955850816,0.33762183461493167,0.23630950408781012,17.467273324732055,48.96096119272585,0.8782482182197758,-0.1650116322540004,0.1650116322540004,0.1878872382895143,13.182706675267951,13.182706675267951,0.7547089021961114
lonestar,App,launch_week,22,2000,7,70222.95999999999,35.11147999999999,0.8170573724160863,42.97309,27,True,ls_web_donor,0.36523104130430906,0.33762183461493167,0.24192106708082634,17.882062839679126,48.96096119272585,0.8991036857942547,-0.08204631337816837,0.08204631337816837,0.09125345015763102,17.229417160320867,17.229417160320867,0.9635027745283345
lonestar,App,launch_week,23,2000,7,77828.80999999998,38.914404999999995,0.9055528704126232,42.97309,27,True,ls_web_donor,0.37289883605732926,0.33762183461493167,0.24700004690188113,18.257485441015536,48.96096119272585,0.9179797991162058,-0.01242692870358253,0.01242692870358253,0.013537257263772775,20.65691955898446,20.65691955898446,1.1314219379070998
lonestar,App,launch_week,24,2000,7,80399.71,40.19985500000001,0.9354657763730746,42.97309,27,True,ls_web_donor,0.3819961519395396,0.33762183461493167,0.2530259103058681,18.702898770882406,48.96096119272585,0.9403750210867142,-0.004909244713639627,0.004909244713639627,0.005220517988628001,21.4969562291176,21.4969562291176,1.149391679464422
lonestar,App,launch_week,25,2000,7,82258.73999999999,41.129369999999994,0.9570959407387273,42.97309,27,True,ls_web_donor,0.3891251388264367,0.33762183461493167,0.25774799556106515,19.051940821195224,48.96096119272585,0.9579247297946537,-0.0008287890559264266,0.0008287890559264266,0.0008651922537839592,22.07742917880477,22.07742917880477,1.1588021076699808
lonestar,App,launch_week,26,2000,7,85545.28,42.77264,0.9953354529543955,42.97309,27,True,ls_web_donor,0.3973153439166095,0.33762183461493167,0.2631730085828213,19.452941134775642,48.96096119272585,0.9780868812856321,0.01724857166876337,0.01724857166876337,0.017635009730517223,23.31969886522436,23.31969886522436,1.1987749669141903
lonestar,App,launch_week,27,2000,7,85946.18,42.97309,1.0,42.97309,27,True,ls_web_donor,0.40621682134654963,0.33762183461493167,0.2690691528720816,19.888766025780864,48.96096119272585,1.0,0.0,0.0,0.0,23.084323974219135,23.084323974219135,1.1606715039181426
lonestar,App,launch_day,1,208,1,3434.59,16.512451923076924,0.5639072684584695,29.28221153846154,33,True,rp_app_donor,0.10838131227675878,0.33762183461493167,0.07178941478790567,4.045430136018371,37.32590103437852,0.19856761451683147,0.36533965394163803,0.36533965394163803,1.8398753232273444,12.467021787058552,12.467021787058552,3.0817543173119666
lonestar,App,launch_day,2,208,1,4644.32,22.328461538461536,0.7625264747894329,29.28221153846154,33,True,rp_app_donor,0.15842786263050987,0.33762183461493167,0.10493915699507475,5.913462721634526,37.32590103437852,0.29025892097715994,0.472267553812273,0.472267553812273,1.6270561201784217,16.41499881682701,16.41499881682701,2.775869163218429
lonestar,App,launch_day,3,208,1,5484.05,26.365625,0.9003973270724219,29.28221153846154,33,True,rp_app_donor,0.18782917087687767,0.33762183461493167,0.12441394161122474,7.010893043519708,37.32590103437852,0.3441256579589673,0.5562716691134546,0.5562716691134546,1.6164783306561321,19.354731956480293,19.354731956480293,2.760665700694181
lonestar,App,launch_day,4,208,1,5484.05,26.365625,0.9003973270724219,29.28221153846154,33,True,rp_app_donor,0.20752759589381747,0.33762183461493167,0.13746174823492066,7.746154506235129,37.32590103437852,0.3802155445195233,0.5201817825528987,0.5201817825528987,1.36812339750667,18.619470493764872,18.619470493764872,2.4037050227667756
lonestar,App,launch_day,5,208,1,5540.0,26.634615384615383,0.9095834633129196,29.28221153846154,33,True,rp_app_donor,0.23585150626263832,0.33762183461493167,0.15622288802155132,8.803369981568343,37.32590103437852,0.43210835885787996,0.47747510445503966,0.47747510445503966,1.1049892802746748,17.831245403047042,17.831245403047042,2.025502215671999
lonestar,App,launch_day,6,208,1,5554.99,26.70668269230769,0.912044592575566,29.28221153846154,33,True,rp_app_donor,0.24997203774079035,0.33762183461493167,0.16557601975631178,9.330431542074672,37.32590103437852,0.4579788728092758,0.45406571976629023,0.45406571976629023,0.991455603576248,17.376251150233017,17.376251150233017,1.8623202015765836
lonestar,App,launch_day,7,208,1,5554.99,26.70668269230769,0.912044592575566,29.28221153846154,33,True,rp_app_donor,0.26707052723889046,0.33762183461493167,0.17690168586091917,9.968648068918117,37.32590103437852,0.48930536443551625,0.42273922814004977,0.42273922814004977,0.8639578857422501,16.738034623389574,16.738034623389574,1.6790676637063915
lonestar,App,launch_day,8,208,1,5589.97,26.87485576923077,0.9177877748042097,29.28221153846154,33,True,rp_app_donor,0.2787526669885052,0.33762183461493167,0.184639680156041,10.404694461082016,37.32590103437852,0.5107084511282641,0.40707932367594557,0.40707932367594557,0.7970875022267995,16.470161308148754,16.470161308148754,1.5829548258004273
lonestar,App,launch_day,9,208,1,5924.91,28.48514423076923,0.9727798118442872,29.28221153846154,33,True,rp_app_donor,0.2905842798062773,0.33762183461493167,0.19247668214782332,10.846320070195263,37.32590103437852,0.5323853904802486,0.4403944213640386,0.4403944213640386,0.8272098168711435,17.638824160573968,17.638824160573968,1.6262496447107355
lonestar,App,launch_day,10,208,1,5944.88,28.581153846153846,0.9760585811154712,29.28221153846154,33,True,rp_app_donor,0.30252051496022114,0.33762183461493167,0.2003829836906974,11.29185080227444,37.32590103437852,0.5542540105498989,0.4218045705655723,0.4218045705655723,0.7610311563593056,17.289303043879407,17.289303043879407,1.5311310206469377
lonestar,App,launch_day,11,208,1,5944.88,28.581153846153846,0.9760585811154712,29.28221153846154,33,True,rp_app_donor,0.3138762459445705,0.33762183461493167,0.20790477194671708,11.71571369316929,37.32590103437852,0.5750590770811025,0.4009995040343687,0.4009995040343687,0.6973187973482147,16.865440152984554,16.865440152984554,1.4395572130460779
lonestar,App,launch_day,12,208,1,5954.87,28.62918269230769,0.9776987866747664,29.28221153846154,33,True,rp_app_donor,0.3258654311031559,0.33762183461493167,0.2158461464165228,12.163220831881489,37.32590103437852,0.5970247079350797,0.3806740787396867,0.3806740787396867,0.637618634003136,16.4659618604262,16.4659618604262,1.3537501364167155
lonestar,App,launch_day,13,208,1,5959.86,28.653173076923075,0.9785180685307107,29.28221153846154,33,True,rp_app_donor,0.335932790299348,0.33762183461493167,0.22251454533116902,12.538994084916096,37.32590103437852,0.6154693222147744,0.3630487463159363,0.3630487463159363,0.5898730175689353,16.114178992006977,16.114178992006977,1.2851253364407982
lonestar,App,launch_day,14,208,1,5984.85,28.77331730769231,0.9826210452000591,29.28221153846154,33,True,rp_app_donor,0.3461595061729403,0.33762183461493167,0.22928849862943343,12.920715469520509,37.32590103437852,0.6342058971159448,0.34841514808411433,0.34841514808411433,0.5493722932387327,15.8526018381718,15.8526018381718,1.2269136237515255
lonestar,App,launch_day,15,208,1,5989.84,28.797307692307694,0.9834403270560035,29.28221153846154,33,True,rp_app_donor,0.35705200982124347,0.33762183461493167,0.23650345521244664,13.327287982713681,37.32590103437852,0.6541622753893167,0.3292780516666868,0.3292780516666868,0.5033583623738024,15.470019709594013,15.470019709594013,1.1607777763682745
lonestar,App,launch_day,16,208,1,5994.83,28.821298076923078,0.9842596089119477,29.28221153846154,33,True,rp_app_donor,0.3706006307614478,0.33762183461493167,0.2454777658943169,13.833002467080055,37.32590103437852,0.6789849803702203,0.3052746285417275,0.3052746285417275,0.44960439091785925,14.988295609843023,14.988295609843023,1.083517164513803
lonestar,App,launch_day,17,208,1,5994.83,28.821298076923078,0.9842596089119477,29.28221153846154,33,True,rp_app_donor,0.3835830018474163,0.33762183461493167,0.25407700503658887,14.317581165426493,37.32590103437852,0.7027702474348066,0.2814893614771411,0.2814893614771411,0.4005425137228135,14.503716911496586,14.503716911496586,1.0130005022440218
lonestar,App,launch_day,18,208,1,6019.8,28.941346153846155,0.9883593018864827,29.28221153846154,33,True,rp_app_donor,0.3979583391291234,0.33762183461493167,0.2635989145720376,14.854153582139302,37.32590103437852,0.7291075963000276,0.25925170558645505,0.25925170558645505,0.35557400156310126,14.087192571706852,14.087192571706852,0.9483672357235725
lonestar,App,launch_day,19,208,1,6024.79,28.96533653846154,0.989178583742427,29.28221153846154,33,True,rp_app_donor,0.4112770884789188,0.33762183461493167,0.27242096333157867,15.35128790227146,37.32590103437852,0.7535091488479718,0.23566943489445513,0.23566943489445513,0.3127625394525951,13.614048636190079,13.614048636190079,0.8868342983897572
lonestar,App,launch_day,20,208,1,6029.78,28.989326923076923,0.9899978655983713,29.28221153846154,33,True,rp_app_donor,0.4210403464903236,0.33762183461493167,0.27888793226135405,15.71571030457826,37.32590103437852,0.7713966131396616,0.21860125245870976,0.21860125245870976,0.283383733782523,13.273616618498664,13.273616618498664,0.8446081253248751
lonestar,App,launch_day,21,208,1,6054.76,29.10942307692308,0.994099200420313,29.28221153846154,33,True,rp_app_donor,0.4310964295429652,0.33762183461493167,0.28554886210472263,16.09106266539465,37.32590103437852,0.789820568166587,0.204278632253726,0.204278632253726,0.25863929161520655,13.01836041152843,13.01836041152843,0.8090429253952037
lonestar,App,launch_day,22,208,1,6054.76,29.10942307692308,0.994099200420313,29.28221153846154,33,True,rp_app_donor,0.4417378728752682,0.33762183461493167,0.2925975218162227,16.48826412607914,37.32590103437852,0.8093169737103367,0.18478222670997624,0.18478222670997624,0.2283187338365546,12.621158950843938,12.621158950843938,0.7654631715221808
lonestar,App,launch_day,23,208,1,6054.76,29.10942307692308,0.994099200420313,29.28221153846154,33,True,rp_app_donor,0.45028711378725006,0.33762183461493167,0.2982603523269362,16.807372246278835,37.32590103437852,0.8249802124934859,0.1691189879268271,0.1691189879268271,0.20499762947727973,12.302050830644244,12.302050830644244,0.7319437357834404
lonestar,App,launch_day,24,208,1,6054.76,29.10942307692308,0.994099200420313,29.28221153846154,33,True,rp_app_donor,0.4601536409606597,0.33762183461493167,0.3047957244947812,17.17564926310653,37.32590103437852,0.8430568783248293,0.15104232209548363,0.15104232209548363,0.17916029864510175,11.93377381381655,11.93377381381655,0.6948077263926447
lonestar,App,launch_day,25,208,1,6070.74,29.186249999999998,0.9967228725762227,29.28221153846154,33,True,rp_app_donor,0.4677475262029711,0.33762183461493167,0.3098257482697282,17.459097872127472,37.32590103437852,0.8569697904847211,0.1397530820915016,0.1397530820915016,0.16307818973694996,11.727152127872525,11.727152127872525,0.6716929026782251
lonestar,App,launch_day,26,208,1,6070.74,29.186249999999998,0.9967228725762227,29.28221153846154,33,True,rp_app_donor,0.4736657219063223,0.33762183461493167,0.3137458318821037,17.679999859252842,37.32590103437852,0.8678126376358735,0.12891023494034926,0.12891023494034926,0.1485461600231257,11.506250140747156,11.506250140747156,0.6508060086168694
lonestar,App,launch_day,27,208,1,6075.7300000000005,29.210240384615386,0.9975421544321671,29.28221153846154,33,True,rp_app_donor,0.49098910727249073,0.33762183461493167,0.3252204640992049,18.326610827010846,37.32590103437852,0.899551165572608,0.09799098885955915,0.09799098885955915,0.10893320203435358,10.88362955760454,10.88362955760454,0.5938702829638092
lonestar,App,launch_day,28,208,1,6075.7300000000005,29.210240384615386,0.9975421544321671,29.28221153846154,33,True,rp_app_donor,0.49783553310231726,0.33762183461493167,0.32975538707981034,18.582159839974164,37.32590103437852,0.9120946420856396,0.08544751234652748,0.08544751234652748,0.09368272589688617,10.628080544641222,10.628080544641222,0.5719507654744186
lonestar,App,launch_day,29,208,1,6080.72,29.23423076923077,0.9983614362881114,29.28221153846154,33,True,rp_app_donor,0.503341513286004,0.33762183461493167,0.3334024281325273,18.787675511407702,37.32590103437852,0.9221822607690134,0.07617917551909792,0.07617917551909792,0.08260750478497779,10.446555257823068,10.446555257823068,0.5560323442610032
lonestar,App,launch_day,30,208,1,6085.71,29.258221153846154,0.9991807181440557,29.28221153846154,33,True,rp_app_donor,0.5112355928410549,0.33762183461493167,0.3386312940656057,19.082329143637047,37.32590103437852,0.936645165056884,0.06253555308717174,0.06253555308717174,0.06676546831197687,10.175892010209107,10.175892010209107,0.5332625767857186
lonestar,App,launch_day,31,208,1,6085.71,29.258221153846154,0.9991807181440557,29.28221153846154,33,True,rp_app_donor,0.5186639302067434,0.33762183461493167,0.3435516625417518,19.35959852899871,37.32590103437852,0.9502547735728283,0.04892594457122745,0.04892594457122745,0.05148718631243764,9.898622624847444,9.898622624847444,0.5113030939159361
lonestar,App,launch_day,32,208,1,6090.7,29.28221153846154,1.0,29.28221153846154,33,True,rp_app_donor,0.5293397183435115,0.33762183461493167,0.3506230715018239,19.758081940455707,37.32590103437852,0.9698141029338893,0.030185897066110745,0.030185897066110745,0.031125446593107002,9.524129598005832,9.524129598005832,0.48203715455317947
lonestar,App,launch_day,33,208,1,6090.7,29.28221153846154,1.0,29.28221153846154,33,True,rp_app_donor,0.5458156534764227,0.33762183461493167,0.36153637118816506,20.373061064675593,37.32590103437852,1.0,0.0,0.0,0.0,8.909150473785946,8.909150473785946,0.43730053355768556
lonestar,App,launch_week,1,2000,7,12780.349999999999,6.390174999999999,0.1487017805794277,42.97309,27,True,rp_app_donor,0.10838131227675878,0.33762183461493167,0.07178941478790567,4.045430136018371,37.32590103437852,0.2207407673030289,-0.0720389867236012,0.0720389867236012,0.3263510750812395,2.344744863981628,2.344744863981628,0.5796033512246965
lonestar,App,launch_week,2,2000,7,18728.39,9.364195,0.21790834682821275,42.97309,27,True,rp_app_donor,0.15842786263050987,0.33762183461493167,0.10493915699507475,5.913462721634526,37.32590103437852,0.3226708297269517,-0.10476248289873896,0.10476248289873896,0.3246729274765567,3.450732278365474,3.450732278365474,0.5835383498302776
lonestar,App,launch_week,3,2000,7,21230.09,10.615045,0.24701609774861433,42.97309,27,True,rp_app_donor,0.18782917087687767,0.33762183461493167,0.12441394161122474,7.010893043519708,37.32590103437852,0.3825526230516467,-0.1355365253030324,0.1355365253030324,0.3542951142821839,3.604151956480292,3.604151956480292,0.5140788675718956
lonestar,App,launch_week,4,2000,7,31498.500000000004,15.749250000000002,0.3664909830780147,42.97309,27,True,rp_app_donor,0.20752759589381747,0.33762183461493167,0.13746174823492066,7.746154506235129,37.32590103437852,0.4226725049903055,-0.05618152191229081,0.05618152191229081,0.13291974578185398,8.003095493764873,8.003095493764873,1.0331701345903859
lonestar,App,launch_week,5,2000,7,33222.23,16.611115,0.3865469064477328,42.97309,27,True,rp_app_donor,0.23585150626263832,0.33762183461493167,0.15622288802155132,8.803369981568343,37.32590103437852,0.48035995660438285,-0.09381305015665004,0.09381305015665004,0.19529739910005245,7.807745018431659,7.807745018431659,0.8869041099918293
lonestar,App,launch_week,6,2000,7,34064.079999999994,17.03204,0.39634198983596475,42.97309,27,True,rp_app_donor,0.24997203774079035,0.33762183461493167,0.16557601975631178,9.330431542074672,37.32590103437852,0.5091193145392124,-0.1127773247032477,0.1127773247032477,0.2215145280931226,7.701608457925326,7.701608457925326,0.8254289657660177
lonestar,App,launch_week,7,2000,7,35738.89,17.869445,0.41582871978719704,42.97309,27,True,rp_app_donor,0.26707052723889046,0.33762183461493167,0.17690168586091917,9.968648068918117,37.32590103437852,0.5439438946466705,-0.12811517485947344,0.12811517485947344,0.2355301275009129,7.9007969310818815,7.9007969310818815,0.7925645359791845
lonestar,App,launch_week,8,2000,7,37971.8,18.9859,0.4418090484068053,42.97309,27,True,rp_app_donor,0.2787526669885052,0.33762183461493167,0.184639680156041,10.404694461082016,37.32590103437852,0.5677369678056873,-0.12592791939888198,0.12592791939888198,0.22180679881670462,8.581205538917985,8.581205538917985,0.8247436357708863
lonestar,App,launch_week,9,2000,7,39713.51,19.856755,0.46207417246467497,42.97309,27,True,rp_app_donor,0.2905842798062773,0.33762183461493167,0.19247668214782332,10.846320070195263,37.32590103437852,0.5918344735192016,-0.12976030105452663,0.12976030105452663,0.21925100152233132,9.010434929804736,9.010434929804736,0.8307365882152622
lonestar,App,launch_week,10,2000,7,40145.68,20.07284,0.46710255185279903,42.97309,27,True,rp_app_donor,0.30252051496022114,0.33762183461493167,0.2003829836906974,11.29185080227444,37.32590103437852,0.6161450640743591,-0.14904251222156006,0.14904251222156006,0.24189516545988748,8.780989197725559,8.780989197725559,0.7776394987398225
lonestar,App,launch_week,11,2000,7,44387.44,22.193720000000003,0.5164562287701444,42.97309,27,True,rp_app_donor,0.3138762459445705,0.33762183461493167,0.20790477194671708,11.71571369316929,37.32590103437852,0.639273338848991,-0.12281711007884655,0.12281711007884655,0.19211986894366384,10.478006306830713,10.478006306830713,0.8943549305869255
lonestar,App,launch_week,12,2000,7,46329.920000000006,23.164960000000004,0.5390573496111172,42.97309,27,True,rp_app_donor,0.3258654311031559,0.33762183461493167,0.2158461464165228,12.163220831881489,37.32590103437852,0.6636917729466166,-0.12463442333549946,0.12463442333549946,0.18778961622826126,11.001739168118515,11.001739168118515,0.9045087086868826
lonestar,App,launch_week,13,2000,7,47673.67,23.836835,0.5546921340773959,42.97309,27,True,rp_app_donor,0.335932790299348,0.33762183461493167,0.22251454533116902,12.538994084916096,37.32590103437852,0.6841960143790135,-0.12950388030161752,0.12950388030161752,0.1892789165384969,11.297840915083905,11.297840915083905,0.9010165280064013
lonestar,App,launch_week,14,2000,7,49178.57,24.589285,0.5722019291607842,42.97309,27,True,rp_app_donor,0.3461595061729403,0.33762183461493167,0.22928849862943343,12.920715469520509,37.32590103437852,0.7050248183628799,-0.13282288920209573,0.13282288920209573,0.18839462915719812,11.668569530479491,11.668569530479491,0.9030900462134017
lonestar,App,launch_week,15,2000,7,50210.41,25.105205,0.5842075820007359,42.97309,27,True,rp_app_donor,0.35705200982124347,0.33762183461493167,0.23650345521244664,13.327287982713681,37.32590103437852,0.7272096356774889,-0.143002053676753,0.143002053676753,0.19664488293465512,11.77791701728632,11.77791701728632,0.8837444671836467
lonestar,App,launch_week,16,2000,7,50754.21,25.377105,0.5905347974744195,42.97309,27,True,rp_app_donor,0.3706006307614478,0.33762183461493167,0.2454777658943169,13.833002467080055,37.32590103437852,0.7548041805248659,-0.16426938305044636,0.16426938305044636,0.2176317875402053,11.544102532919945,11.544102532919945,0.8345333965198617
lonestar,App,launch_week,17,2000,7,51218.30000000001,25.609150000000007,0.5959345720775492,42.97309,27,True,rp_app_donor,0.3835830018474163,0.33762183461493167,0.25407700503658887,14.317581165426493,37.32590103437852,0.7812454414279585,-0.1853108693504093,0.1853108693504093,0.23719929681982982,11.291568834573514,11.291568834573514,0.7886505900759223
lonestar,App,launch_week,18,2000,7,52977.94,26.488970000000002,0.6164083150641484,42.97309,27,True,rp_app_donor,0.3979583391291234,0.33762183461493167,0.2635989145720376,14.854153582139302,37.32590103437852,0.8105237636326281,-0.19411544856847973,0.19411544856847973,0.2394938400059829,11.6348164178607,11.6348164178607,0.7832702384234436
lonestar,App,launch_week,19,2000,7,56808.76,28.40438,0.6609806276439512,42.97309,27,True,rp_app_donor,0.4112770884789188,0.33762183461493167,0.27242096333157867,15.35128790227146,37.32590103437852,0.8376501278482883,-0.17666950020433714,0.17666950020433714,0.2109108496863201,13.05309209772854,13.05309209772854,0.850292964396631
lonestar,App,launch_week,20,2000,7,57082.11000000001,28.541055000000004,0.664161106404031,42.97309,27,True,rp_app_donor,0.4210403464903236,0.33762183461493167,0.27888793226135405,15.71571030457826,37.32590103437852,0.8575350048583731,-0.19337389845434205,0.19337389845434205,0.22549971413269465,12.825344695421744,12.825344695421744,0.816084316067184
lonestar,App,launch_week,21,2000,7,61299.960000000014,30.649980000000006,0.7132365859657754,42.97309,27,True,rp_app_donor,0.4310964295429652,0.33762183461493167,0.28554886210472263,16.09106266539465,37.32590103437852,0.8780162801121245,-0.16477969414634908,0.16477969414634908,0.1876727093548953,14.558917334605358,14.558917334605358,0.904782837364476
lonestar,App,launch_week,22,2000,7,70222.95999999999,35.11147999999999,0.8170573724160863,42.97309,27,True,rp_app_donor,0.4417378728752682,0.33762183461493167,0.2925975218162227,16.48826412607914,37.32590103437852,0.8996897616103551,-0.08263238919426874,0.08263238919426874,0.09184542574583153,18.623215873920852,18.623215873920852,1.129483111837401
lonestar,App,launch_week,23,2000,7,77828.80999999998,38.914404999999995,0.9055528704126232,42.97309,27,True,rp_app_donor,0.45028711378725006,0.33762183461493167,0.2982603523269362,16.807372246278835,37.32590103437852,0.9171020438491078,-0.011549173436484539,0.011549173436484539,0.012593117106153504,22.10703275372116,22.10703275372116,1.3153176135915996
lonestar,App,launch_week,24,2000,7,80399.71,40.19985500000001,0.9354657763730746,42.97309,27,True,rp_app_donor,0.4601536409606597,0.33762183461493167,0.3047957244947812,17.17564926310653,37.32590103437852,0.9371972496841608,-0.0017314733110862512,0.0017314733110862512,0.0018475014855941635,23.024205736893478,23.024205736893478,1.3405144332068837
lonestar,App,launch_week,25,2000,7,82258.73999999999,41.129369999999994,0.9570959407387273,42.97309,27,True,rp_app_donor,0.4677475262029711,0.33762183461493167,0.3098257482697282,17.459097872127472,37.32590103437852,0.9526637541948137,0.00443218654391353,0.00443218654391353,0.004652414374324118,23.670272127872522,23.670272127872522,1.355755738425687
lonestar,App,launch_week,26,2000,7,85545.28,42.77264,0.9953354529543955,42.97309,27,True,rp_app_donor,0.4736657219063223,0.33762183461493167,0.3137458318821037,17.679999859252842,37.32590103437852,0.9647173733397018,0.03061807961469376,0.03061807961469376,0.03173787521696507,25.09264014074716,25.09264014074716,1.419266987585122
lonestar,App,launch_week,27,2000,7,85946.18,42.97309,1.0,42.97309,27,True,rp_app_donor,0.49098910727249073,0.33762183461493167,0.3252204640992049,18.326610827010846,37.32590103437852,1.0,0.0,0.0,0.0,24.646479172989153,24.646479172989153,1.3448465406742698
lonestar,App,launch_day,1,208,1,3434.59,16.512451923076924,0.5639072684584695,29.28221153846154,33,True,hybrid_donor,0.09376700071375696,0.33762183461493167,0.062109213906438726,4.045430136018371,43.143431113552175,0.1870357025379938,0.3768715659204757,0.3768715659204757,2.0149712638094823,12.467021787058552,12.467021787058552,3.0817543173119666
lonestar,App,launch_day,2,208,1,4644.32,22.328461538461536,0.7625264747894329,29.28221153846154,33,True,hybrid_donor,0.13173646018132978,0.33762183461493167,0.08725935480923233,5.6835628949764105,43.143431113552175,0.2627728432425855,0.49975363154684743,0.49975363154684743,1.9018465735650127,16.644898643485124,16.644898643485124,2.928602876585957
lonestar,App,launch_day,3,208,1,5484.05,26.365625,0.9003973270724219,29.28221153846154,33,True,hybrid_donor,0.15619290150705964,0.33762183461493167,0.10345876754641684,6.738697686595667,43.143431113552175,0.31155575887514236,0.5888415681972796,0.5888415681972796,1.8900038000365162,19.626927313404334,19.626927313404334,2.912569791110438
lonestar,App,launch_day,4,208,1,5484.05,26.365625,0.9003973270724219,29.28221153846154,33,True,hybrid_donor,0.17554981968607378,0.33762183461493167,0.1162803674973411,7.57382155262263,43.143431113552175,0.3501667282249512,0.5502305988474707,0.5502305988474707,1.5713388922947475,18.791803447377372,18.791803447377372,2.4811521260188956
lonestar,App,launch_day,5,208,1,5540.0,26.634615384615383,0.9095834633129196,29.28221153846154,33,True,hybrid_donor,0.19839740129338232,0.33762183461493167,0.13141410668587578,8.559544615808807,43.143431113552175,0.3957404742623473,0.5138429890505722,0.5138429890505722,1.2984342579776955,18.075070768806576,18.075070768806576,2.1116860277149954
lonestar,App,launch_day,6,208,1,5554.99,26.70668269230769,0.912044592575566,29.28221153846154,33,True,hybrid_donor,0.21193416195928605,0.33762183461493167,0.14038056138101382,9.143566917098868,43.143431113552175,0.42274205820940136,0.48930253436616467,0.48930253436616467,1.1574493828191403,17.56311577520882,17.56311577520882,1.9208166719231892
lonestar,App,launch_day,7,208,1,5554.99,26.70668269230769,0.912044592575566,29.28221153846154,33,True,hybrid_donor,0.2285194349863578,0.33762183461493167,0.15136628410109607,9.859112501441793,43.143431113552175,0.45582446639980956,0.45622012617575647,0.45622012617575647,1.0008680090804951,16.8475701908659,16.8475701908659,1.7088323303342077
lonestar,App,launch_day,8,208,1,5589.97,26.87485576923077,0.9177877748042097,29.28221153846154,33,True,hybrid_donor,0.24186923492522547,0.33762183461493167,0.16020890009286093,10.435068675484032,43.143431113552175,0.4824531224440617,0.435334652360148,0.435334652360148,0.9023356510883047,16.439787093746737,16.439787093746737,1.575436406314228
lonestar,App,launch_day,9,208,1,5924.91,28.48514423076923,0.9727798118442872,29.28221153846154,33,True,hybrid_donor,0.254529269265337,0.33762183461493167,0.16859463041277598,10.981265994931839,43.143431113552175,0.5077059128600239,0.4650738989842633,0.4650738989842633,0.9160301016870088,17.50387823583739,17.50387823583739,1.5939763451605597
lonestar,App,launch_day,10,208,1,5944.88,28.581153846153846,0.9760585811154712,29.28221153846154,33,True,hybrid_donor,0.2658772502534694,0.33762183461493167,0.17611128524051978,11.47085683097123,43.143431113552175,0.5303415691180549,0.4457170119974163,0.4457170119974163,0.8404338598964303,17.110297015182617,17.110297015182617,1.4916319911678209
lonestar,App,launch_day,11,208,1,5944.88,28.581153846153846,0.9760585811154712,29.28221153846154,33,True,hybrid_donor,0.27727106739877566,0.33762183461493167,0.18365830093796065,11.96242519610016,43.143431113552175,0.5530686541068055,0.42298992700866567,0.42298992700866567,0.7648054610720719,16.618728650053686,16.618728650053686,1.3892441020631432
lonestar,App,launch_day,12,208,1,5954.87,28.62918269230769,0.9776987866747664,29.28221153846154,33,True,hybrid_donor,0.2878486106014778,0.33762183461493167,0.1906646345988478,12.418776702616562,43.143431113552175,0.5741675290733065,0.4035312576014599,0.4035312576014599,0.7028110040509437,16.21040598969113,16.21040598969113,1.3053142332670893
lonestar,App,launch_day,13,208,1,5959.86,28.653173076923075,0.9785180685307107,29.28221153846154,33,True,hybrid_donor,0.29933624100828826,0.33762183461493167,0.19827379015233262,12.914392493730737,43.143431113552175,0.5970817420403359,0.38143632649037473,0.38143632649037473,0.6388343498612737,15.738780583192337,15.738780583192337,1.2187008092585612
lonestar,App,launch_day,14,208,1,5984.85,28.77331730769231,0.9826210452000591,29.28221153846154,33,True,hybrid_donor,0.31367471876491826,0.33762183461493167,0.20777128474318382,13.533003621097102,43.143431113552175,0.6256824996642621,0.35693854553579696,0.35693854553579696,0.5704787104119553,15.240313686595208,15.240313686595208,1.1261589897778876
lonestar,App,launch_day,15,208,1,5989.84,28.797307692307694,0.9834403270560035,29.28221153846154,33,True,hybrid_donor,0.32399111653354834,0.33762183461493167,0.21460464137055163,13.978088417567998,43.143431113552175,0.6462604715480746,0.33717985550792884,0.33717985550792884,0.5217398716963713,14.819219274739696,14.819219274739696,1.0601749561202192
lonestar,App,launch_day,16,208,1,5994.83,28.821298076923078,0.9842596089119477,29.28221153846154,33,True,hybrid_donor,0.3352339744910083,0.33762183461493167,0.22205166499809886,14.463143885375123,43.143431113552175,0.6686864403921424,0.3155731685198053,0.3155731685198053,0.47192996516385405,14.358154191547955,14.358154191547955,0.9927408802222225
lonestar,App,launch_day,17,208,1,5994.83,28.821298076923078,0.9842596089119477,29.28221153846154,33,True,hybrid_donor,0.3479417496172996,0.33762183461493167,0.23046901777237772,15.011400906142786,43.143431113552175,0.6940344586752103,0.29022515023673745,0.29022515023673745,0.4181710959866837,13.809897170780292,13.809897170780292,0.9199605857657943
lonestar,App,launch_day,18,208,1,6019.8,28.941346153846155,0.9883593018864827,29.28221153846154,33,True,hybrid_donor,0.36051626013452753,0.33762183461493167,0.23879809897939439,15.553908434429445,43.143431113552175,0.7191166559381974,0.2692426459482853,0.2692426459482853,0.3744074674463174,13.38743771941671,13.38743771941671,0.8607121339214566
lonestar,App,launch_day,19,208,1,6024.79,28.96533653846154,0.989178583742427,29.28221153846154,33,True,hybrid_donor,0.37035401091329573,0.33762183461493167,0.2453144102917504,15.978342757465525,43.143431113552175,0.7387398774798314,0.25043870626259557,0.25043870626259557,0.3390079700542941,12.986993780996015,12.986993780996015,0.8127872820182263
lonestar,App,launch_day,20,208,1,6029.78,28.989326923076923,0.9899978655983713,29.28221153846154,33,True,hybrid_donor,0.37879827453234555,0.33762183461493167,0.2509077061357645,16.342657263218676,43.143431113552175,0.7555835300055892,0.23441433559278213,0.23441433559278213,0.3102427809550694,12.646669659858247,12.646669659858247,0.7738441464058149
lonestar,App,launch_day,21,208,1,6054.76,29.10942307692308,0.994099200420313,29.28221153846154,33,True,hybrid_donor,0.38891593834762705,0.33762183461493167,0.2576094257317135,16.779167995063354,43.143431113552175,0.7757650900995422,0.21833411032077077,0.21833411032077077,0.2814435878943138,12.330255081859725,12.330255081859725,0.7348549752578581
lonestar,App,launch_day,22,208,1,6054.76,29.10942307692308,0.994099200420313,29.28221153846154,33,True,hybrid_donor,0.39832630459196244,0.33762183461493167,0.263842646860238,17.185163482879133,43.143431113552175,0.7945358137896609,0.1995633866306521,0.1995633866306521,0.251169781358003,11.924259594043946,11.924259594043946,0.6938694302165698
lonestar,App,launch_day,23,208,1,6054.76,29.10942307692308,0.994099200420313,29.28221153846154,33,True,hybrid_donor,0.40637539461111416,0.33762183461493167,0.269174188340143,17.532428843647185,43.143431113552175,0.8105912191568362,0.18350798126347678,0.18350798126347678,0.22638782277256692,11.576994233275894,11.576994233275894,0.6603189059837979
lonestar,App,launch_day,24,208,1,6054.76,29.10942307692308,0.994099200420313,29.28221153846154,33,True,hybrid_donor,0.4158054552911857,0.33762183461493167,0.2754204546328786,17.939274016994467,43.143431113552175,0.8294012270577749,0.1646979733625381,0.1646979733625381,0.1985745475043353,11.170149059928612,11.170149059928612,0.6226644985380546
lonestar,App,launch_day,25,208,1,6070.74,29.186249999999998,0.9967228725762227,29.28221153846154,33,True,hybrid_donor,0.4231355475324479,0.33762183461493167,0.28027574768374924,18.255519346661348,43.143431113552175,0.8440224577847553,0.15270041479146745,0.15270041479146745,0.18091984802424474,10.93073065333865,10.93073065333865,0.598763061503244
lonestar,App,launch_day,26,208,1,6070.74,29.186249999999998,0.9967228725762227,29.28221153846154,33,True,hybrid_donor,0.4303429286406977,0.33762183461493167,0.2850497595594627,18.56647049701424,43.143431113552175,0.8583989183602164,0.1383239542160063,0.1383239542160063,0.16114180861299776,10.619779502985757,10.619779502985757,0.5719869861476135
lonestar,App,launch_day,27,208,1,6075.7300000000005,29.210240384615386,0.9975421544321671,29.28221153846154,33,True,hybrid_donor,0.44288754819024495,0.33762183461493167,0.2933590416421455,19.107688426395853,43.143431113552175,0.8834214925351542,0.11412066189701287,0.11412066189701287,0.12918030958191978,10.102551958219532,10.102551958219532,0.5287165947432766
lonestar,App,launch_day,28,208,1,6075.7300000000005,29.210240384615386,0.9975421544321671,29.28221153846154,33,True,hybrid_donor,0.45282860357153354,0.33762183461493167,0.2999437796675948,19.536579664434484,43.143431113552175,0.9032507742979825,0.09429138013418459,0.09429138013418459,0.10439114232420005,9.673660720180902,9.673660720180902,0.49515631120381787
lonestar,App,launch_day,29,208,1,6080.72,29.23423076923077,0.9983614362881114,29.28221153846154,33,True,hybrid_donor,0.46069310361996335,0.33762183461493167,0.3051530527813445,19.875881180516444,43.143431113552175,0.9189379806762532,0.07942345561185815,0.07942345561185815,0.08642961470959101,9.358349588714326,9.358349588714326,0.4708394814660068
lonestar,App,launch_day,30,208,1,6085.71,29.258221153846154,0.9991807181440557,29.28221153846154,33,True,hybrid_donor,0.46900421414825144,0.33762183461493167,0.3106581509253845,20.23445100507076,43.143431113552175,0.9355160346259005,0.06366468351815524,0.06366468351815524,0.06805301155913789,9.023770148775395,9.023770148775395,0.44596071059768483
lonestar,App,launch_day,31,208,1,6085.71,29.258221153846154,0.9991807181440557,29.28221153846154,33,True,hybrid_donor,0.4787441323867789,0.33762183461493167,0.31710966009922087,20.654664496646298,43.143431113552175,0.9549441109911321,0.04423660715292366,0.04423660715292366,0.04632376559399972,8.603556657199857,8.603556657199857,0.4165430360099443
lonestar,App,launch_day,32,208,1,6090.7,29.28221153846154,1.0,29.28221153846154,33,True,hybrid_donor,0.4888138536324215,0.33762183461493167,0.3237796235838487,21.089106821540355,43.143431113552175,0.9750300407233841,0.02496995927661594,0.02496995927661594,0.025609425590713584,8.193104716921184,8.193104716921184,0.3884993701370401
lonestar,App,launch_day,33,208,1,6090.7,29.28221153846154,1.0,29.28221153846154,33,True,hybrid_donor,0.501332095644731,0.33762183461493167,0.33207143376180853,21.629186733461204,43.143431113552175,1.0,0.0,0.0,0.0,7.653024805000335,7.653024805000335,0.35382859740911127
lonestar,App,launch_week,1,2000,7,12780.349999999999,6.390174999999999,0.1487017805794277,42.97309,27,True,hybrid_donor,0.09376700071375696,0.33762183461493167,0.062109213906438726,4.045430136018371,43.143431113552175,0.21171740117082452,-0.06301562059139681,0.06301562059139681,0.29764025178333153,2.344744863981628,2.344744863981628,0.5796033512246965
lonestar,App,launch_week,2,2000,7,18728.39,9.364195,0.21790834682821275,42.97309,27,True,hybrid_donor,0.13173646018132978,0.33762183461493167,0.08725935480923233,5.6835628949764105,43.143431113552175,0.2974490041990108,-0.07954065737079807,0.07954065737079807,0.2674093920233154,3.68063210502359,3.68063210502359,0.6475923946010747
lonestar,App,launch_week,3,2000,7,21230.09,10.615045,0.24701609774861433,42.97309,27,True,hybrid_donor,0.15619290150705964,0.33762183461493167,0.10345876754641684,6.738697686595667,43.143431113552175,0.3526694352670444,-0.10565333751843009,0.10565333751843009,0.2995817809911098,3.8763473134043336,3.8763473134043336,0.5752368623265294
lonestar,App,launch_week,4,2000,7,31498.500000000004,15.749250000000002,0.3664909830780147,42.97309,27,True,hybrid_donor,0.17554981968607378,0.33762183461493167,0.1162803674973411,7.57382155262263,43.143431113552175,0.3963756046053147,-0.02988462152729998,0.02988462152729998,0.07539470436647372,8.17542844737737,8.17542844737737,1.0794324094613001
lonestar,App,launch_week,5,2000,7,33222.23,16.611115,0.3865469064477328,42.97309,27,True,hybrid_donor,0.19839740129338232,0.33762183461493167,0.13141410668587578,8.559544615808807,43.143431113552175,0.44796337604000447,-0.06141646959227165,0.06141646959227165,0.1371015419501325,8.051570384191194,8.051570384191194,0.940654058782587
lonestar,App,launch_week,6,2000,7,34064.079999999994,17.03204,0.39634198983596475,42.97309,27,True,hybrid_donor,0.21193416195928605,0.33762183461493167,0.14038056138101382,9.143566917098868,43.143431113552175,0.47852815647065444,-0.0821861666346897,0.0821861666346897,0.1717478178104442,7.888473082901131,7.888473082901131,0.8627347679983993
lonestar,App,launch_week,7,2000,7,35738.89,17.869445,0.41582871978719704,42.97309,27,True,hybrid_donor,0.2285194349863578,0.33762183461493167,0.15136628410109607,9.859112501441793,43.143431113552175,0.5159762019053106,-0.10014748211811353,0.10014748211811353,0.19409321931574686,8.010332498558206,8.010332498558206,0.8124800784438537
lonestar,App,launch_week,8,2000,7,37971.8,18.9859,0.4418090484068053,42.97309,27,True,hybrid_donor,0.24186923492522547,0.33762183461493167,0.16020890009286093,10.435068675484032,43.143431113552175,0.5461188419353101,-0.10430979352850483,0.10430979352850483,0.19100200454329083,8.550831324515968,8.550831324515968,0.819432204083634
lonestar,App,launch_week,9,2000,7,39713.51,19.856755,0.46207417246467497,42.97309,27,True,hybrid_donor,0.254529269265337,0.33762183461493167,0.16859463041277598,10.981265994931839,43.143431113552175,0.5747040536709838,-0.11262988120630879,0.11262988120630879,0.19597892251998808,8.875489005068161,8.875489005068161,0.8082391419317634
lonestar,App,launch_week,10,2000,7,40145.68,20.07284,0.46710255185279903,42.97309,27,True,hybrid_donor,0.2658772502534694,0.33762183461493167,0.17611128524051978,11.47085683097123,43.143431113552175,0.600326767686095,-0.13322421583329602,0.13322421583329602,0.22191949951989756,8.601983169028768,8.601983169028768,0.7498989217443178
lonestar,App,launch_week,11,2000,7,44387.44,22.193720000000003,0.5164562287701444,42.97309,27,True,hybrid_donor,0.27727106739877566,0.33762183461493167,0.18365830093796065,11.96242519610016,43.143431113552175,0.6260529755956747,-0.10959674682553033,0.10959674682553033,0.17505986090274803,10.231294803899843,10.231294803899843,0.8552860006376735
lonestar,App,launch_week,12,2000,7,46329.920000000006,23.164960000000004,0.5390573496111172,42.97309,27,True,hybrid_donor,0.2878486106014778,0.33762183461493167,0.1906646345988478,12.418776702616562,43.143431113552175,0.6499361108202363,-0.1108787612091191,0.1108787612091191,0.17059947795359026,10.746183297383443,10.746183297383443,0.8653173782502496
lonestar,App,launch_week,13,2000,7,47673.67,23.836835,0.5546921340773959,42.97309,27,True,hybrid_donor,0.29933624100828826,0.33762183461493167,0.19827379015233262,12.914392493730737,43.143431113552175,0.6758741405836649,-0.12118200650626898,0.12118200650626898,0.1792967051552228,10.922442506269263,10.922442506269263,0.8457573603691803
lonestar,App,launch_week,14,2000,7,49178.57,24.589285,0.5722019291607842,42.97309,27,True,hybrid_donor,0.31367471876491826,0.33762183461493167,0.20777128474318382,13.533003621097102,43.143431113552175,0.7082491256452697,-0.1360471964844855,0.1360471964844855,0.19208946620376832,11.056281378902899,11.056281378902899,0.8169865085727792
lonestar,App,launch_week,15,2000,7,50210.41,25.105205,0.5842075820007359,42.97309,27,True,hybrid_donor,0.32399111653354834,0.33762183461493167,0.21460464137055163,13.978088417567998,43.143431113552175,0.7315426181148268,-0.14733503611409093,0.14733503611409093,0.20140321625248694,11.127116582432004,11.127116582432004,0.7960399340761914
lonestar,App,launch_week,16,2000,7,50754.21,25.377105,0.5905347974744195,42.97309,27,True,hybrid_donor,0.3352339744910083,0.33762183461493167,0.22205166499809886,14.463143885375123,43.143431113552175,0.7569279738409049,-0.16639317636648543,0.16639317636648543,0.21982696123932502,10.913961114624877,10.913961114624877,0.7546050292468488
lonestar,App,launch_week,17,2000,7,51218.30000000001,25.609150000000007,0.5959345720775492,42.97309,27,True,hybrid_donor,0.3479417496172996,0.33762183461493167,0.23046901777237772,15.011400906142786,43.143431113552175,0.785620979950963,-0.18968640787341384,0.18968640787341384,0.2414477371585134,10.597749093857221,10.597749093857221,0.7059800187949505
lonestar,App,launch_week,18,2000,7,52977.94,26.488970000000002,0.6164083150641484,42.97309,27,True,hybrid_donor,0.36051626013452753,0.33762183461493167,0.23879809897939439,15.553908434429445,43.143431113552175,0.8140130866349524,-0.19760477157080403,0.19760477157080403,0.24275380189240214,10.935061565570557,10.935061565570557,0.7030426861305925
lonestar,App,launch_week,19,2000,7,56808.76,28.40438,0.6609806276439512,42.97309,27,True,hybrid_donor,0.37035401091329573,0.33762183461493167,0.2453144102917504,15.978342757465525,43.143431113552175,0.8362258375216455,-0.17524520987769432,0.17524520987769432,0.2095668442834477,12.426037242534475,12.426037242534475,0.7776799779018814
lonestar,App,launch_week,20,2000,7,57082.11000000001,28.541055000000004,0.664161106404031,42.97309,27,True,hybrid_donor,0.37879827453234555,0.33762183461493167,0.2509077061357645,16.342657263218676,43.143431113552175,0.8552922205201184,-0.1911311141160874,0.1911311141160874,0.22346878590788208,12.198397736781327,12.198397736781327,0.7464145848689763
lonestar,App,launch_week,21,2000,7,61299.960000000014,30.649980000000006,0.7132365859657754,42.97309,27,True,hybrid_donor,0.38891593834762705,0.33762183461493167,0.2576094257317135,16.779167995063354,43.143431113552175,0.8781369897095548,-0.16490040374377934,0.16490040374377934,0.18778437268463138,13.870812004936653,13.870812004936653,0.8266686410802743
lonestar,App,launch_week,22,2000,7,70222.95999999999,35.11147999999999,0.8170573724160863,42.97309,27,True,hybrid_donor,0.39832630459196244,0.33762183461493167,0.263842646860238,17.185163482879133,43.143431113552175,0.8993847449982022,-0.08232737258211587,0.08232737258211587,0.09153743494090555,17.92631651712086,17.92631651712086,1.0431274939560573
lonestar,App,launch_week,23,2000,7,77828.80999999998,38.914404999999995,0.9055528704126232,42.97309,27,True,hybrid_donor,0.40637539461111416,0.33762183461493167,0.269174188340143,17.532428843647185,43.143431113552175,0.9175588617735381,-0.012005991360914847,0.012005991360914847,0.013084709723917457,21.38197615635281,21.38197615635281,1.2195672571687348
lonestar,App,launch_week,24,2000,7,80399.71,40.19985500000001,0.9354657763730746,42.97309,27,True,hybrid_donor,0.4158054552911857,0.33762183461493167,0.2754204546328786,17.939274016994467,43.143431113552175,0.9388510853156204,-0.0033853089425458505,0.0033853089425458505,0.0036057996795176377,22.26058098300554,22.26058098300554,1.2408852756202595
lonestar,App,launch_week,25,2000,7,82258.73999999999,41.129369999999994,0.9570959407387273,42.97309,27,True,hybrid_donor,0.4231355475324479,0.33762183461493167,0.28027574768374924,18.255519346661348,43.143431113552175,0.9554017701818239,0.0016941705569033516,0.0016941705569033516,0.0017732545718236754,22.873850653338646,22.873850653338646,1.252982740122478
lonestar,App,launch_week,26,2000,7,85545.28,42.77264,0.9953354529543955,42.97309,27,True,hybrid_donor,0.4303429286406977,0.33762183461493167,0.2850497595594627,18.56647049701424,43.143431113552175,0.9716753844157329,0.02366006853866265,0.02366006853866265,0.024349766308929825,24.206169502985762,24.206169502985762,1.3037571953634628
lonestar,App,launch_week,27,2000,7,85946.18,42.97309,1.0,42.97309,27,True,hybrid_donor,0.44288754819024495,0.33762183461493167,0.2933590416421455,19.107688426395853,43.143431113552175,1.0,0.0,0.0,0.0,23.865401573604146,23.865401573604146,1.2489946999887158
lonestar,App,launch_day,1,208,1,3434.59,16.512451923076924,0.5639072684584695,29.28221153846154,33,True,native_early_rp_tail,0.08350354364704225,0.33762183461493167,0.05531092404407983,4.045430136018371,48.44620909883581,0.15298854680181748,0.410918721656652,0.410918721656652,2.685944341892202,12.467021787058552,12.467021787058552,3.0817543173119666
lonestar,App,launch_day,2,208,1,4644.32,22.328461538461536,0.7625264747894329,29.28221153846154,33,True,native_early_rp_tail,0.12487241007164851,0.33762183461493167,0.08271275789047047,6.049594889006654,48.44620909883581,0.22878129140545547,0.5337451833839775,0.5337451833839775,2.332993139889453,16.278866649454883,16.278866649454883,2.6909019443660434
lonestar,App,launch_day,3,208,1,5484.05,26.365625,0.9003973270724219,29.28221153846154,33,True,native_early_rp_tail,0.1536935647796174,0.33762183461493167,0.10180326147021412,7.445870576458812,48.44620909883581,0.2815851172473867,0.6188122098250353,0.6188122098250353,2.197602685376932,18.91975442354119,18.91975442354119,2.540972775347279
lonestar,App,launch_day,4,208,1,5484.05,26.365625,0.9003973270724219,29.28221153846154,33,True,native_early_rp_tail,0.17961745382698033,0.33762183461493167,0.11897467953705244,8.701784725902375,48.44620909883581,0.32908080353312774,0.5713165235392942,0.5713165235392942,1.7360979960102145,17.663840274097627,17.663840274097627,2.029910050695478
lonestar,App,launch_day,5,208,1,5540.0,26.634615384615383,0.9095834633129196,29.28221153846154,33,True,native_early_rp_tail,0.2237200392181919,0.33762183461493167,0.1481872691372215,10.838387799564272,48.44620909883581,0.4098820504565392,0.4997014128563804,0.4997014128563804,1.2191346566647592,15.796227585051112,15.796227585051112,1.457433326540148
lonestar,App,launch_day,6,208,1,5554.99,26.70668269230769,0.912044592575566,29.28221153846154,33,True,native_early_rp_tail,0.24084980521233412,0.33762183461493167,0.15953365210989695,11.668260024730614,48.44620909883581,0.44126584438959865,0.4707787481859674,0.4707787481859674,1.0668823662007962,15.038422667577077,15.038422667577077,1.2888316369110286
lonestar,App,launch_day,7,208,1,5554.99,26.70668269230769,0.912044592575566,29.28221153846154,33,True,native_early_rp_tail,0.25867166688100685,0.33762183461493167,0.17133846414573886,12.53166166166166,48.44620909883581,0.4739176409351197,0.43812695164044635,0.43812695164044635,0.9244790946712761,14.17502103064603,14.17502103064603,1.1311365893329157
lonestar,App,launch_day,8,208,1,5589.97,26.87485576923077,0.9177877748042097,29.28221153846154,33,True,native_early_rp_tail,0.2692819519408989,0.33762183461493167,0.17836648529792273,13.045689750271443,48.44620909883581,0.493356960771978,0.4244308140322317,0.4244308140322317,0.8602915288113206,13.829166018959327,13.829166018959327,1.0600563315306177
lonestar,App,launch_day,9,208,1,5924.91,28.48514423076923,0.9727798118442872,29.28221153846154,33,True,native_early_rp_tail,0.2841885563018958,0.33762183461493167,0.18824029454668095,13.767858222097919,48.44620909883581,0.5206676548974642,0.45211215694682294,0.45211215694682294,0.8683315598620351,14.71728600867131,14.71728600867131,1.0689597300653144
lonestar,App,launch_day,10,208,1,5944.88,28.581153846153846,0.9760585811154712,29.28221153846154,33,True,native_early_rp_tail,0.29336019138238395,0.33762183461493167,0.19431538536487603,14.212189172985465,48.44620909883581,0.5374711947411311,0.43858738637434,0.43858738637434,0.8160202642777578,14.368964673168382,14.368964673168382,1.0110310592038076
lonestar,App,launch_day,11,208,1,5944.88,28.581153846153846,0.9760585811154712,29.28221153846154,33,True,native_early_rp_tail,0.3018920559095837,0.33762183461493167,0.1999667061377165,14.625525665873122,48.44620909883581,0.5531025978950318,0.42295598322043937,0.42295598322043937,0.764697155338092,13.955628180280724,13.955628180280724,0.9541966900269765
lonestar,App,launch_day,12,208,1,5954.87,28.62918269230769,0.9776987866747664,29.28221153846154,33,True,native_early_rp_tail,0.3111589548892326,0.33762183461493167,0.20610489768266513,15.074471791538981,48.44620909883581,0.5700806726728912,0.4076181140018752,0.4076181140018752,0.7150183009901196,13.55471090076871,13.55471090076871,0.8991831414203657
lonestar,App,launch_day,13,208,1,5959.86,28.653173076923075,0.9785180685307107,29.28221153846154,33,True,native_early_rp_tail,0.317942520489237,0.33762183461493167,0.2105981834195653,15.403109829032463,48.44620909883581,0.5825089816757538,0.39600908685495684,0.39600908685495684,0.6798334434530492,13.250063247890612,13.250063247890612,0.8602200071907756
lonestar,App,launch_day,14,208,1,5984.85,28.77331730769231,0.9826210452000591,29.28221153846154,33,True,native_early_rp_tail,0.32280152418328717,0.33762183461493167,0.21381668137202953,15.638510138006435,48.44620909883581,0.5914112615262896,0.39120978367376946,0.39120978367376946,0.6614851781214843,13.134807169685875,13.134807169685875,0.8399014390612707
lonestar,App,launch_day,15,208,1,5989.84,28.797307692307694,0.9834403270560035,29.28221153846154,33,True,native_early_rp_tail,0.34161260017676875,0.33762183461493167,0.22627672737751095,16.549835458960732,48.44620909883581,0.6258754178282747,0.35756490922772877,0.35756490922772877,0.5713036477266408,12.247472233346961,12.247472233346961,0.7400358912158065
lonestar,App,launch_day,16,208,1,5994.83,28.821298076923078,0.9842596089119477,29.28221153846154,33,True,native_early_rp_tail,0.3513176787953351,0.33762183461493167,0.23270515954779478,17.020009727036438,48.44620909883581,0.6436562904667792,0.34060331844516856,0.34060331844516856,0.529169563771626,11.80128834988664,11.80128834988664,0.6933772976134196
lonestar,App,launch_day,17,208,1,5994.83,28.821298076923078,0.9842596089119477,29.28221153846154,33,True,native_early_rp_tail,0.36014127360028964,0.33762183461493167,0.23854971608680178,17.447479445960667,48.44620909883581,0.659822178617394,0.32443743029455374,0.32443743029455374,0.491704342182597,11.373818630962411,11.373818630962411,0.6518889256290603
lonestar,App,launch_day,18,208,1,6019.8,28.941346153846155,0.9883593018864827,29.28221153846154,33,True,native_early_rp_tail,0.37015296072338477,0.33762183461493167,0.24518123903580685,17.932507733758257,48.44620909883581,0.6781647949555816,0.3101945069309011,0.3101945069309011,0.4574028455004336,11.008838420087898,11.008838420087898,0.6139040107236964
lonestar,App,launch_day,19,208,1,6024.79,28.96533653846154,0.989178583742427,29.28221153846154,33,True,native_early_rp_tail,0.38107746802499765,0.33762183461493167,0.252417394139985,18.461758698793954,48.44620909883581,0.6981798077754453,0.29099877596698165,0.29099877596698165,0.41679632198783845,10.503577839667585,10.503577839667585,0.568937012504326
lonestar,App,launch_day,20,208,1,6029.78,28.989326923076923,0.9899978655983713,29.28221153846154,33,True,native_early_rp_tail,0.3855791463783129,0.33762183461493167,0.25539920758880763,18.679847949594368,48.44620909883581,0.7064274245754455,0.28357044102292583,0.28357044102292583,0.4014148250166651,10.309478973482555,10.309478973482555,0.5519037950042
lonestar,App,launch_day,21,208,1,6054.76,29.10942307692308,0.994099200420313,29.28221153846154,33,True,native_early_rp_tail,0.3950460436045403,0.33762183461493167,0.2616698736054051,19.138483232133368,48.44620909883581,0.7237719202232537,0.2703272801970593,0.2703272801970593,0.3734978833023455,9.970939844789712,9.970939844789712,0.5209890315680074
lonestar,App,launch_day,22,208,1,6054.76,29.10942307692308,0.994099200420313,29.28221153846154,33,True,native_early_rp_tail,0.43217794723195696,0.33762183461493167,0.2862652358073885,20.937383199505014,48.44620909883581,0.7918020388006803,0.20229716161963263,0.20229716161963263,0.2554895689913179,8.172039877418065,8.172039877418065,0.3903085595534815
lonestar,App,launch_day,23,208,1,6054.76,29.10942307692308,0.994099200420313,29.28221153846154,33,True,native_early_rp_tail,0.44937616992111756,0.33762183461493167,0.29765696300011857,21.770571892032432,48.44620909883581,0.8233112536420307,0.17078794677828224,0.17078794677828224,0.20744031618999284,7.338851184890647,7.338851184890647,0.3370996049753066
lonestar,App,launch_day,24,208,1,6054.76,29.10942307692308,0.994099200420313,29.28221153846154,33,True,native_early_rp_tail,0.4562170672586995,0.33762183461493167,0.3021882240281737,22.101987434872594,48.44620909883581,0.8358446012915726,0.1582545991287404,0.1582545991287404,0.18933495399049127,7.007435642050485,7.007435642050485,0.31705002379080754
lonestar,App,launch_day,25,208,1,6070.74,29.186249999999998,0.9967228725762227,29.28221153846154,33,True,native_early_rp_tail,0.46702917646103903,0.33762183461493167,0.30934992908556236,22.625793138088582,48.44620909883581,0.8556536872594718,0.14106918531675094,0.14106918531675094,0.16486715059754375,6.560456861911415,6.560456861911415,0.28995477956825516
lonestar,App,launch_day,26,208,1,6070.74,29.186249999999998,0.9967228725762227,29.28221153846154,33,True,native_early_rp_tail,0.4800990050798358,0.33762183461493167,0.31800709818797823,23.258976788240762,48.44620909883581,0.8795991870551485,0.11712368552107422,0.11712368552107422,0.1331557455313233,5.9272732117592355,5.9272732117592355,0.2548380896427025
lonestar,App,launch_day,27,208,1,6075.7300000000005,29.210240384615386,0.9975421544321671,29.28221153846154,33,True,native_early_rp_tail,0.48455133334949685,0.33762183461493167,0.3209562232189284,23.474675214569416,48.44620909883581,0.887756388559545,0.10978576587262212,0.10978576587262212,0.12366654556072328,5.7355651700459696,5.7355651700459696,0.24432990521147765
lonestar,App,launch_day,28,208,1,6075.7300000000005,29.210240384615386,0.9975421544321671,29.28221153846154,33,True,native_early_rp_tail,0.4979969481566269,0.33762183461493167,0.32986230488734947,24.126064280978042,48.44620909883581,0.9123903739014675,0.0851517805306996,0.0851517805306996,0.09332823204456064,5.084176103637343,5.084176103637343,0.2107337543507215
lonestar,App,launch_day,29,208,1,6080.72,29.23423076923077,0.9983614362881114,29.28221153846154,33,True,native_early_rp_tail,0.507827497330086,0.33762183461493167,0.33637384601359305,24.60231712179183,48.44620909883581,0.9304011237047136,0.06796031258339774,0.06796031258339774,0.07304409985317975,4.631913647438939,4.631913647438939,0.1882714390075136
lonestar,App,launch_day,30,208,1,6085.71,29.258221153846154,0.9991807181440557,29.28221153846154,33,True,native_early_rp_tail,0.5112355928410547,0.33762183461493167,0.33863129406560555,24.767426429545022,48.44620909883581,0.936645165056884,0.06253555308717174,0.06253555308717174,0.06676546831197687,4.490794724301132,4.490794724301132,0.18131858540393483
lonestar,App,launch_day,31,208,1,6085.71,29.258221153846154,0.9991807181440557,29.28221153846154,33,True,native_early_rp_tail,0.5186639302067431,0.33762183461493167,0.34355166254175157,25.127301214819855,48.44620909883581,0.9502547735728282,0.048925944571227564,0.048925944571227564,0.05148718631243776,4.130919939026299,4.130919939026299,0.16439966647074378
lonestar,App,launch_day,32,208,1,6090.7,29.28221153846154,1.0,29.28221153846154,33,True,native_early_rp_tail,0.5293397183435111,0.33762183461493167,0.3506230715018237,25.644502679188594,48.44620909883581,0.9698141029338893,0.030185897066110745,0.030185897066110745,0.031125446593107002,3.6377088592729443,3.6377088592729443,0.1418514098237932
lonestar,App,launch_day,33,208,1,6090.7,29.28221153846154,1.0,29.28221153846154,33,True,native_early_rp_tail,0.5458156534764225,0.33762183461493167,0.3615363711881649,26.44269927773647,48.44620909883581,1.0,0.0,0.0,0.0,2.839512260725069,2.839512260725069,0.1073836007020587
lonestar,App,launch_week,1,2000,7,12780.349999999999,6.390174999999999,0.1487017805794277,42.97309,27,True,native_early_rp_tail,0.08350354364704225,0.33762183461493167,0.05531092404407983,4.045430136018371,48.44620909883581,0.17233167654254058,-0.02362989596311288,0.02362989596311288,0.13711870294072007,2.344744863981628,2.344744863981628,0.5796033512246965
lonestar,App,launch_week,2,2000,7,18728.39,9.364195,0.21790834682821275,42.97309,27,True,native_early_rp_tail,0.12487241007164851,0.33762183461493167,0.08271275789047047,6.049594889006654,48.44620909883581,0.25770728811838933,-0.03979894129017658,0.03979894129017658,0.15443467501739092,3.3146001109933465,3.3146001109933465,0.5479044748957735
lonestar,App,launch_week,3,2000,7,21230.09,10.615045,0.24701609774861433,42.97309,27,True,native_early_rp_tail,0.1536935647796174,0.33762183461493167,0.10180326147021412,7.445870576458812,48.44620909883581,0.3171873735589567,-0.07017127581034238,0.07017127581034238,0.22122972621197168,3.1691744235411887,3.1691744235411887,0.42562845955998596
lonestar,App,launch_week,4,2000,7,31498.500000000004,15.749250000000002,0.3664909830780147,42.97309,27,True,native_early_rp_tail,0.17961745382698033,0.33762183461493167,0.11897467953705244,8.701784725902375,48.44620909883581,0.3706881840265745,-0.004197200948559798,0.004197200948559798,0.01132272656486645,7.047465274097627,7.047465274097627,0.8098873387570278
lonestar,App,launch_week,5,2000,7,33222.23,16.611115,0.3865469064477328,42.97309,27,True,native_early_rp_tail,0.2237200392181919,0.33762183461493167,0.1481872691372215,10.838387799564272,48.44620909883581,0.461705548660264,-0.07515864221253116,0.07515864221253116,0.1627847931016203,5.77272720043573,5.77272720043573,0.5326186243924402
lonestar,App,launch_week,6,2000,7,34064.079999999994,17.03204,0.39634198983596475,42.97309,27,True,native_early_rp_tail,0.24084980521233412,0.33762183461493167,0.15953365210989695,11.668260024730614,48.44620909883581,0.4970573572617004,-0.10071536742573567,0.10071536742573567,0.20262323040660493,5.363779975269384,5.363779975269384,0.4596897878433437
lonestar,App,launch_week,7,2000,7,35738.89,17.869445,0.41582871978719704,42.97309,27,True,native_early_rp_tail,0.25867166688100685,0.33762183461493167,0.17133846414573886,12.53166166166166,48.44620909883581,0.5338374885750905,-0.11800876878789346,0.11800876878789346,0.2210574778157307,5.337783338338339,5.337783338338339,0.42594378003902833
lonestar,App,launch_week,8,2000,7,37971.8,18.9859,0.4418090484068053,42.97309,27,True,native_early_rp_tail,0.2692819519408989,0.33762183461493167,0.17836648529792273,13.045689750271443,48.44620909883581,0.5557346217158614,-0.11392557330905612,0.11392557330905612,0.20499995655715061,5.940210249728558,5.940210249728558,0.45533891756125505
lonestar,App,launch_week,9,2000,7,39713.51,19.856755,0.46207417246467497,42.97309,27,True,native_early_rp_tail,0.2841885563018958,0.33762183461493167,0.18824029454668095,13.767858222097919,48.44620909883581,0.5864983475278491,-0.12442417506317416,0.12442417506317416,0.21214752878270648,6.088896777902081,6.088896777902081,0.4422544654134495
lonestar,App,launch_week,10,2000,7,40145.68,20.07284,0.46710255185279903,42.97309,27,True,native_early_rp_tail,0.29336019138238395,0.33762183461493167,0.19431538536487603,14.212189172985465,48.44620909883581,0.605426445438732,-0.138323893585933,0.138323893585933,0.22847349108725232,5.860650827014535,5.860650827014535,0.4123679157152272
lonestar,App,launch_week,11,2000,7,44387.44,22.193720000000003,0.5164562287701444,42.97309,27,True,native_early_rp_tail,0.3018920559095837,0.33762183461493167,0.1999667061377165,14.625525665873122,48.44620909883581,0.6230342073825957,-0.10657797861245133,0.10657797861245133,0.17106280417602082,7.568194334126881,7.568194334126881,0.5174647740550166
lonestar,App,launch_week,12,2000,7,46329.920000000006,23.164960000000004,0.5390573496111172,42.97309,27,True,native_early_rp_tail,0.3111589548892326,0.33762183461493167,0.20610489768266513,15.074471791538981,48.44620909883581,0.6421589075781163,-0.10310155796699916,0.10310155796699916,0.16055458664560723,8.090488208461023,8.090488208461023,0.53670127353995
lonestar,App,launch_week,13,2000,7,47673.67,23.836835,0.5546921340773959,42.97309,27,True,native_early_rp_tail,0.317942520489237,0.33762183461493167,0.2105981834195653,15.403109829032463,48.44620909883581,0.6561585916840551,-0.10146645760665918,0.10146645760665918,0.1546370936731039,8.433725170967538,8.433725170967538,0.5475339242904884
lonestar,App,launch_week,14,2000,7,49178.57,24.589285,0.5722019291607842,42.97309,27,True,native_early_rp_tail,0.32280152418328717,0.33762183461493167,0.21381668137202953,15.638510138006435,48.44620909883581,0.6661864326157104,-0.09398450345492626,0.09398450345492626,0.1410783811461096,8.950774861993565,8.950774861993565,0.5723547053398906
lonestar,App,launch_week,15,2000,7,50210.41,25.105205,0.5842075820007359,42.97309,27,True,native_early_rp_tail,0.34161260017676875,0.33762183461493167,0.22627672737751095,16.549835458960732,48.44620909883581,0.7050080696617764,-0.12080048766104057,0.12080048766104057,0.1713462481627961,8.55536954103927,8.55536954103927,0.5169458972721723
lonestar,App,launch_week,16,2000,7,50754.21,25.377105,0.5905347974744195,42.97309,27,True,native_early_rp_tail,0.3513176787953351,0.33762183461493167,0.23270515954779478,17.020009727036438,48.44620909883581,0.72503706958523,-0.13450227211081045,0.13450227211081045,0.18551089006766897,8.357095272963562,8.357095272963562,0.4910158928809683
lonestar,App,launch_week,17,2000,7,51218.30000000001,25.609150000000007,0.5959345720775492,42.97309,27,True,native_early_rp_tail,0.36014127360028964,0.33762183461493167,0.23854971608680178,17.447479445960667,48.44620909883581,0.7432468942161122,-0.14731232213856305,0.14731232213856305,0.19820105981597197,8.16167055403934,8.16167055403934,0.4677850791753693
lonestar,App,launch_week,18,2000,7,52977.94,26.488970000000002,0.6164083150641484,42.97309,27,True,native_early_rp_tail,0.37015296072338477,0.33762183461493167,0.24518123903580685,17.932507733758257,48.44620909883581,0.7639086619877302,-0.14750034692358183,0.14750034692358183,0.19308636524657047,8.556462266241745,8.556462266241745,0.4771481152150324
lonestar,App,launch_week,19,2000,7,56808.76,28.40438,0.6609806276439512,42.97309,27,True,native_early_rp_tail,0.38107746802499765,0.33762183461493167,0.252417394139985,18.461758698793954,48.44620909883581,0.7864542759397061,-0.1254736482957549,0.1254736482957549,0.1595434752336122,9.942621301206046,9.942621301206046,0.5385522291468128
lonestar,App,launch_week,20,2000,7,57082.11000000001,28.541055000000004,0.664161106404031,42.97309,27,True,native_early_rp_tail,0.3855791463783129,0.33762183461493167,0.25539920758880763,18.679847949594368,48.44620909883581,0.7957446814003558,-0.13158357499632478,0.13158357499632478,0.16535903798284055,9.861207050405635,9.861207050405635,0.5279061733808048
lonestar,App,launch_week,21,2000,7,61299.960000000014,30.649980000000006,0.7132365859657754,42.97309,27,True,native_early_rp_tail,0.3950460436045403,0.33762183461493167,0.2616698736054051,19.138483232133368,48.44620909883581,0.8152821309431869,-0.10204554497741147,0.10204554497741147,0.1251659285839573,11.511496767866639,11.511496767866639,0.6014842779462755
lonestar,App,launch_week,22,2000,7,70222.95999999999,35.11147999999999,0.8170573724160863,42.97309,27,True,native_early_rp_tail,0.43217794723195696,0.33762183461493167,0.2862652358073885,20.937383199505014,48.44620909883581,0.8919136477130194,-0.07485627529693306,0.07485627529693306,0.08392771597213937,14.17409680049498,14.17409680049498,0.6769755640155678
lonestar,App,launch_week,23,2000,7,77828.80999999998,38.914404999999995,0.9055528704126232,42.97309,27,True,native_early_rp_tail,0.44937616992111756,0.33762183461493167,0.29765696300011857,21.770571892032432,48.44620909883581,0.9274067348339993,-0.021853864421376046,0.021853864421376046,0.023564487511822704,17.143833107967563,17.143833107967563,0.7874773888802545
lonestar,App,launch_week,24,2000,7,80399.71,40.19985500000001,0.9354657763730746,42.97309,27,True,native_early_rp_tail,0.4562170672586995,0.33762183461493167,0.3021882240281737,22.101987434872594,48.44620909883581,0.9415247381635818,-0.006058961790507245,0.006058961790507245,0.006435265633407661,18.097867565127412,18.097867565127412,0.8188343975154259
lonestar,App,launch_week,25,2000,7,82258.73999999999,41.129369999999994,0.9570959407387273,42.97309,27,True,native_early_rp_tail,0.46702917646103903,0.33762183461493167,0.30934992908556236,22.625793138088582,48.44620909883581,0.9638383888713408,-0.006742448132613488,0.006742448132613488,0.006995413557358849,18.503576861911412,18.503576861911412,0.8178089823848972
lonestar,App,launch_week,26,2000,7,85545.28,42.77264,0.9953354529543955,42.97309,27,True,native_early_rp_tail,0.4800990050798358,0.33762183461493167,0.31800709818797823,23.258976788240762,48.44620909883581,0.9908114415063437,0.004524011448051812,0.004524011448051812,0.004565966094592023,19.51366321175924,19.51366321175924,0.8389734161317418
lonestar,App,launch_week,27,2000,7,85946.18,42.97309,1.0,42.97309,27,True,native_early_rp_tail,0.48455133334949685,0.33762183461493167,0.3209562232189284,23.474675214569416,48.44620909883581,1.0,0.0,0.0,0.0,19.498414785430583,19.498414785430583,0.8306148906089661
