brand,population,slice,day,n_users,n_cost_dates,sum_cum,actual_arpu,actual_ratio,actual_arpu_120
realprize,Web,overall,1,65,5,57.96,0.8916923076923077,0.103553625984885,8.610923076923077
realprize,Web,overall,2,65,5,57.96,0.8916923076923077,0.103553625984885,8.610923076923077
realprize,Web,overall,3,65,5,157.92,2.429538461538461,0.282146111379107,8.610923076923077
realprize,Web,overall,4,65,5,207.9,3.1984615384615385,0.371442354076218,8.610923076923077
realprize,Web,overall,5,65,5,207.9,3.1984615384615385,0.371442354076218,8.610923076923077
realprize,Web,overall,6,65,5,207.9,3.1984615384615385,0.371442354076218,8.610923076923077
realprize,Web,overall,7,65,5,207.9,3.1984615384615385,0.371442354076218,8.610923076923077
realprize,Web,overall,8,65,5,207.9,3.1984615384615385,0.371442354076218,8.610923076923077
realprize,Web,overall,9,65,5,207.9,3.1984615384615385,0.371442354076218,8.610923076923077
realprize,Web,overall,10,65,5,357.85,5.505384615384616,0.6393489485626485,8.610923076923077
realprize,Web,overall,11,65,5,364.84,5.612923076923076,0.6518375587357738,8.610923076923077
realprize,Web,overall,12,65,5,364.84,5.612923076923076,0.6518375587357738,8.610923076923077
realprize,Web,overall,13,65,5,364.84,5.612923076923076,0.6518375587357738,8.610923076923077
realprize,Web,overall,14,65,5,364.84,5.612923076923076,0.6518375587357738,8.610923076923077
realprize,Web,overall,15,65,5,364.84,5.612923076923076,0.6518375587357738,8.610923076923077
realprize,Web,overall,16,65,5,364.84,5.612923076923076,0.6518375587357738,8.610923076923077
realprize,Web,overall,17,65,5,395.82,6.089538461538462,0.7071876507477086,8.610923076923077
realprize,Web,overall,18,65,5,395.82,6.089538461538462,0.7071876507477086,8.610923076923077
realprize,Web,overall,19,65,5,395.82,6.089538461538462,0.7071876507477086,8.610923076923077
realprize,Web,overall,20,65,5,395.82,6.089538461538462,0.7071876507477086,8.610923076923077
realprize,Web,overall,21,65,5,446.81,6.874,0.7982883993496631,8.610923076923077
realprize,Web,overall,22,65,5,446.81,6.874,0.7982883993496631,8.610923076923077
realprize,Web,overall,23,65,5,446.81,6.874,0.7982883993496631,8.610923076923077
realprize,Web,overall,24,65,5,453.8,6.981538461538462,0.8107770095227886,8.610923076923077
realprize,Web,overall,25,65,5,463.79,7.135230769230769,0.8286255382251522,8.610923076923077
realprize,Web,overall,26,65,5,463.79,7.135230769230769,0.8286255382251522,8.610923076923077
realprize,Web,overall,27,65,5,463.79,7.135230769230769,0.8286255382251522,8.610923076923077
realprize,Web,overall,28,65,5,463.79,7.135230769230769,0.8286255382251522,8.610923076923077
realprize,Web,overall,29,65,5,463.79,7.135230769230769,0.8286255382251522,8.610923076923077
realprize,Web,overall,30,65,5,466.78,7.181230769230769,0.8339675903592931,8.610923076923077
realprize,Web,overall,31,65,5,466.78,7.181230769230769,0.8339675903592931,8.610923076923077
realprize,Web,overall,32,65,5,466.78,7.181230769230769,0.8339675903592931,8.610923076923077
realprize,Web,overall,33,65,5,476.77,7.334923076923077,0.8518161190616569,8.610923076923077
realprize,Web,overall,34,65,5,476.77,7.334923076923077,0.8518161190616569,8.610923076923077
realprize,Web,overall,35,65,5,476.77,7.334923076923077,0.8518161190616569,8.610923076923077
realprize,Web,overall,36,65,5,476.77,7.334923076923077,0.8518161190616569,8.610923076923077
realprize,Web,overall,37,65,5,476.77,7.334923076923077,0.8518161190616569,8.610923076923077
realprize,Web,overall,38,65,5,476.77,7.334923076923077,0.8518161190616569,8.610923076923077
realprize,Web,overall,39,65,5,476.77,7.334923076923077,0.8518161190616569,8.610923076923077
realprize,Web,overall,40,65,5,476.77,7.334923076923077,0.8518161190616569,8.610923076923077
realprize,Web,overall,41,65,5,476.77,7.334923076923077,0.8518161190616569,8.610923076923077
realprize,Web,overall,42,65,5,476.77,7.334923076923077,0.8518161190616569,8.610923076923077
realprize,Web,overall,43,65,5,476.77,7.334923076923077,0.8518161190616569,8.610923076923077
realprize,Web,overall,44,65,5,476.77,7.334923076923077,0.8518161190616569,8.610923076923077
realprize,Web,overall,45,65,5,476.77,7.334923076923077,0.8518161190616569,8.610923076923077
realprize,Web,overall,46,65,5,476.77,7.334923076923077,0.8518161190616569,8.610923076923077
realprize,Web,overall,47,65,5,476.77,7.334923076923077,0.8518161190616569,8.610923076923077
realprize,Web,overall,48,65,5,476.77,7.334923076923077,0.8518161190616569,8.610923076923077
realprize,Web,overall,49,65,5,476.77,7.334923076923077,0.8518161190616569,8.610923076923077
realprize,Web,overall,50,65,5,476.77,7.334923076923077,0.8518161190616569,8.610923076923077
realprize,Web,overall,51,65,5,476.77,7.334923076923077,0.8518161190616569,8.610923076923077
realprize,Web,overall,52,65,5,486.76,7.488615384615384,0.8696646477640205,8.610923076923077
realprize,Web,overall,53,65,5,486.76,7.488615384615384,0.8696646477640205,8.610923076923077
realprize,Web,overall,54,65,5,486.76,7.488615384615384,0.8696646477640205,8.610923076923077
realprize,Web,overall,55,65,5,486.76,7.488615384615384,0.8696646477640205,8.610923076923077
realprize,Web,overall,56,65,5,486.76,7.488615384615384,0.8696646477640205,8.610923076923077
realprize,Web,overall,57,65,5,486.76,7.488615384615384,0.8696646477640205,8.610923076923077
realprize,Web,overall,58,65,5,486.76,7.488615384615384,0.8696646477640205,8.610923076923077
realprize,Web,overall,59,65,5,486.76,7.488615384615384,0.8696646477640205,8.610923076923077
realprize,Web,overall,60,65,5,486.76,7.488615384615384,0.8696646477640205,8.610923076923077
realprize,Web,overall,61,65,5,486.76,7.488615384615384,0.8696646477640205,8.610923076923077
realprize,Web,overall,62,65,5,486.76,7.488615384615384,0.8696646477640205,8.610923076923077
realprize,Web,overall,63,65,5,486.76,7.488615384615384,0.8696646477640205,8.610923076923077
realprize,Web,overall,64,65,5,486.76,7.488615384615384,0.8696646477640205,8.610923076923077
realprize,Web,overall,65,65,5,506.75,7.796153846153846,0.9053795715638456,8.610923076923077
realprize,Web,overall,66,65,5,506.75,7.796153846153846,0.9053795715638456,8.610923076923077
realprize,Web,overall,67,65,5,506.75,7.796153846153846,0.9053795715638456,8.610923076923077
realprize,Web,overall,68,65,5,506.75,7.796153846153846,0.9053795715638456,8.610923076923077
realprize,Web,overall,69,65,5,506.75,7.796153846153846,0.9053795715638456,8.610923076923077
realprize,Web,overall,70,65,5,506.75,7.796153846153846,0.9053795715638456,8.610923076923077
realprize,Web,overall,71,65,5,506.75,7.796153846153846,0.9053795715638456,8.610923076923077
realprize,Web,overall,72,65,5,516.74,7.949846153846154,0.9232281002662092,8.610923076923077
realprize,Web,overall,73,65,5,516.74,7.949846153846154,0.9232281002662092,8.610923076923077
realprize,Web,overall,74,65,5,516.74,7.949846153846154,0.9232281002662092,8.610923076923077
realprize,Web,overall,75,65,5,516.74,7.949846153846154,0.9232281002662092,8.610923076923077
realprize,Web,overall,76,65,5,516.74,7.949846153846154,0.9232281002662092,8.610923076923077
realprize,Web,overall,77,65,5,516.74,7.949846153846154,0.9232281002662092,8.610923076923077
realprize,Web,overall,78,65,5,546.73,8.41123076923077,0.9768094191634954,8.610923076923077
realprize,Web,overall,79,65,5,546.73,8.41123076923077,0.9768094191634954,8.610923076923077
realprize,Web,overall,80,65,5,546.73,8.41123076923077,0.9768094191634954,8.610923076923077
realprize,Web,overall,81,65,5,546.73,8.41123076923077,0.9768094191634954,8.610923076923077
realprize,Web,overall,82,65,5,546.73,8.41123076923077,0.9768094191634954,8.610923076923077
realprize,Web,overall,83,65,5,546.73,8.41123076923077,0.9768094191634954,8.610923076923077
realprize,Web,overall,84,65,5,546.73,8.41123076923077,0.9768094191634954,8.610923076923077
realprize,Web,overall,85,65,5,546.73,8.41123076923077,0.9768094191634954,8.610923076923077
realprize,Web,overall,86,65,5,546.73,8.41123076923077,0.9768094191634954,8.610923076923077
realprize,Web,overall,87,65,5,546.73,8.41123076923077,0.9768094191634954,8.610923076923077
realprize,Web,overall,88,65,5,546.73,8.41123076923077,0.9768094191634954,8.610923076923077
realprize,Web,overall,89,65,5,549.72,8.457230769230769,0.982151471297636,8.610923076923077
realprize,Web,overall,90,65,5,549.72,8.457230769230769,0.982151471297636,8.610923076923077
realprize,Web,overall,91,65,5,549.72,8.457230769230769,0.982151471297636,8.610923076923077
realprize,Web,overall,92,65,5,549.72,8.457230769230769,0.982151471297636,8.610923076923077
realprize,Web,overall,93,65,5,549.72,8.457230769230769,0.982151471297636,8.610923076923077
realprize,Web,overall,94,65,5,549.72,8.457230769230769,0.982151471297636,8.610923076923077
realprize,Web,overall,95,65,5,549.72,8.457230769230769,0.982151471297636,8.610923076923077
realprize,Web,overall,96,65,5,549.72,8.457230769230769,0.982151471297636,8.610923076923077
realprize,Web,overall,97,65,5,549.72,8.457230769230769,0.982151471297636,8.610923076923077
realprize,Web,overall,98,65,5,549.72,8.457230769230769,0.982151471297636,8.610923076923077
realprize,Web,overall,99,65,5,549.72,8.457230769230769,0.982151471297636,8.610923076923077
realprize,Web,overall,100,65,5,549.72,8.457230769230769,0.982151471297636,8.610923076923077
realprize,Web,overall,101,65,5,549.72,8.457230769230769,0.982151471297636,8.610923076923077
realprize,Web,overall,102,65,5,559.71,8.610923076923077,1.0,8.610923076923077
realprize,Web,overall,103,65,5,559.71,8.610923076923077,1.0,8.610923076923077
realprize,Web,overall,104,65,5,559.71,8.610923076923077,1.0,8.610923076923077
realprize,Web,overall,105,65,5,559.71,8.610923076923077,1.0,8.610923076923077
realprize,Web,overall,106,65,5,559.71,8.610923076923077,1.0,8.610923076923077
realprize,Web,overall,107,65,5,559.71,8.610923076923077,1.0,8.610923076923077
realprize,Web,overall,108,65,5,559.71,8.610923076923077,1.0,8.610923076923077
realprize,Web,overall,109,65,5,559.71,8.610923076923077,1.0,8.610923076923077
realprize,Web,overall,110,65,5,559.71,8.610923076923077,1.0,8.610923076923077
realprize,Web,overall,111,65,5,559.71,8.610923076923077,1.0,8.610923076923077
realprize,Web,overall,112,65,5,559.71,8.610923076923077,1.0,8.610923076923077
realprize,Web,overall,113,65,5,559.71,8.610923076923077,1.0,8.610923076923077
realprize,Web,overall,114,65,5,559.71,8.610923076923077,1.0,8.610923076923077
realprize,Web,overall,115,65,5,559.71,8.610923076923077,1.0,8.610923076923077
realprize,Web,overall,116,65,5,559.71,8.610923076923077,1.0,8.610923076923077
realprize,Web,overall,117,65,5,559.71,8.610923076923077,1.0,8.610923076923077
realprize,Web,overall,118,65,5,559.71,8.610923076923077,1.0,8.610923076923077
realprize,Web,overall,119,65,5,559.71,8.610923076923077,1.0,8.610923076923077
realprize,Web,overall,120,65,5,559.71,8.610923076923077,1.0,8.610923076923077
realprize,Web,2026-04-10,1,12,1,9.99,0.8325,0.0471515551989427,17.655833333333334
realprize,Web,2026-04-10,2,12,1,9.99,0.8325,0.0471515551989427,17.655833333333334
realprize,Web,2026-04-10,3,12,1,9.99,0.8325,0.0471515551989427,17.655833333333334
realprize,Web,2026-04-10,4,12,1,9.99,0.8325,0.0471515551989427,17.655833333333334
realprize,Web,2026-04-10,5,12,1,9.99,0.8325,0.0471515551989427,17.655833333333334
realprize,Web,2026-04-10,6,12,1,9.99,0.8325,0.0471515551989427,17.655833333333334
realprize,Web,2026-04-10,7,12,1,9.99,0.8325,0.0471515551989427,17.655833333333334
realprize,Web,2026-04-10,8,12,1,9.99,0.8325,0.0471515551989427,17.655833333333334
realprize,Web,2026-04-10,9,12,1,9.99,0.8325,0.0471515551989427,17.655833333333334
realprize,Web,2026-04-10,10,12,1,29.98,2.498333333333333,0.1415018643507811,17.655833333333334
realprize,Web,2026-04-10,11,12,1,36.97,3.080833333333333,0.1744937933638551,17.655833333333334
realprize,Web,2026-04-10,12,12,1,36.97,3.080833333333333,0.1744937933638551,17.655833333333334
realprize,Web,2026-04-10,13,12,1,36.97,3.080833333333333,0.1744937933638551,17.655833333333334
realprize,Web,2026-04-10,14,12,1,36.97,3.080833333333333,0.1744937933638551,17.655833333333334
realprize,Web,2026-04-10,15,12,1,36.97,3.080833333333333,0.1744937933638551,17.655833333333334
realprize,Web,2026-04-10,16,12,1,36.97,3.080833333333333,0.1744937933638551,17.655833333333334
realprize,Web,2026-04-10,17,12,1,57.96,4.83,0.2735639779109831,17.655833333333334
realprize,Web,2026-04-10,18,12,1,57.96,4.83,0.2735639779109831,17.655833333333334
realprize,Web,2026-04-10,19,12,1,57.96,4.83,0.2735639779109831,17.655833333333334
realprize,Web,2026-04-10,20,12,1,57.96,4.83,0.2735639779109831,17.655833333333334
realprize,Web,2026-04-10,21,12,1,108.95,9.079166666666667,0.5142304243167981,17.655833333333334
realprize,Web,2026-04-10,22,12,1,108.95,9.079166666666667,0.5142304243167981,17.655833333333334
realprize,Web,2026-04-10,23,12,1,108.95,9.079166666666667,0.5142304243167981,17.655833333333334
realprize,Web,2026-04-10,24,12,1,108.95,9.079166666666667,0.5142304243167981,17.655833333333334
realprize,Web,2026-04-10,25,12,1,118.94,9.911666666666669,0.5613819795157408,17.655833333333334
realprize,Web,2026-04-10,26,12,1,118.94,9.911666666666669,0.5613819795157408,17.655833333333334
realprize,Web,2026-04-10,27,12,1,118.94,9.911666666666669,0.5613819795157408,17.655833333333334
realprize,Web,2026-04-10,28,12,1,118.94,9.911666666666669,0.5613819795157408,17.655833333333334
realprize,Web,2026-04-10,29,12,1,118.94,9.911666666666669,0.5613819795157408,17.655833333333334
realprize,Web,2026-04-10,30,12,1,118.94,9.911666666666669,0.5613819795157408,17.655833333333334
realprize,Web,2026-04-10,31,12,1,118.94,9.911666666666669,0.5613819795157408,17.655833333333334
realprize,Web,2026-04-10,32,12,1,118.94,9.911666666666669,0.5613819795157408,17.655833333333334
realprize,Web,2026-04-10,33,12,1,128.93,10.744166666666668,0.6085335347146835,17.655833333333334
realprize,Web,2026-04-10,34,12,1,128.93,10.744166666666668,0.6085335347146835,17.655833333333334
realprize,Web,2026-04-10,35,12,1,128.93,10.744166666666668,0.6085335347146835,17.655833333333334
realprize,Web,2026-04-10,36,12,1,128.93,10.744166666666668,0.6085335347146835,17.655833333333334
realprize,Web,2026-04-10,37,12,1,128.93,10.744166666666668,0.6085335347146835,17.655833333333334
realprize,Web,2026-04-10,38,12,1,128.93,10.744166666666668,0.6085335347146835,17.655833333333334
realprize,Web,2026-04-10,39,12,1,128.93,10.744166666666668,0.6085335347146835,17.655833333333334
realprize,Web,2026-04-10,40,12,1,128.93,10.744166666666668,0.6085335347146835,17.655833333333334
realprize,Web,2026-04-10,41,12,1,128.93,10.744166666666668,0.6085335347146835,17.655833333333334
realprize,Web,2026-04-10,42,12,1,128.93,10.744166666666668,0.6085335347146835,17.655833333333334
realprize,Web,2026-04-10,43,12,1,128.93,10.744166666666668,0.6085335347146835,17.655833333333334
realprize,Web,2026-04-10,44,12,1,128.93,10.744166666666668,0.6085335347146835,17.655833333333334
realprize,Web,2026-04-10,45,12,1,128.93,10.744166666666668,0.6085335347146835,17.655833333333334
realprize,Web,2026-04-10,46,12,1,128.93,10.744166666666668,0.6085335347146835,17.655833333333334
realprize,Web,2026-04-10,47,12,1,128.93,10.744166666666668,0.6085335347146835,17.655833333333334
realprize,Web,2026-04-10,48,12,1,128.93,10.744166666666668,0.6085335347146835,17.655833333333334
realprize,Web,2026-04-10,49,12,1,128.93,10.744166666666668,0.6085335347146835,17.655833333333334
realprize,Web,2026-04-10,50,12,1,128.93,10.744166666666668,0.6085335347146835,17.655833333333334
realprize,Web,2026-04-10,51,12,1,128.93,10.744166666666668,0.6085335347146835,17.655833333333334
realprize,Web,2026-04-10,52,12,1,138.92,11.576666666666666,0.6556850899136263,17.655833333333334
realprize,Web,2026-04-10,53,12,1,138.92,11.576666666666666,0.6556850899136263,17.655833333333334
realprize,Web,2026-04-10,54,12,1,138.92,11.576666666666666,0.6556850899136263,17.655833333333334
realprize,Web,2026-04-10,55,12,1,138.92,11.576666666666666,0.6556850899136263,17.655833333333334
realprize,Web,2026-04-10,56,12,1,138.92,11.576666666666666,0.6556850899136263,17.655833333333334
realprize,Web,2026-04-10,57,12,1,138.92,11.576666666666666,0.6556850899136263,17.655833333333334
realprize,Web,2026-04-10,58,12,1,138.92,11.576666666666666,0.6556850899136263,17.655833333333334
realprize,Web,2026-04-10,59,12,1,138.92,11.576666666666666,0.6556850899136263,17.655833333333334
realprize,Web,2026-04-10,60,12,1,138.92,11.576666666666666,0.6556850899136263,17.655833333333334
realprize,Web,2026-04-10,61,12,1,138.92,11.576666666666666,0.6556850899136263,17.655833333333334
realprize,Web,2026-04-10,62,12,1,138.92,11.576666666666666,0.6556850899136263,17.655833333333334
realprize,Web,2026-04-10,63,12,1,138.92,11.576666666666666,0.6556850899136263,17.655833333333334
realprize,Web,2026-04-10,64,12,1,138.92,11.576666666666666,0.6556850899136263,17.655833333333334
realprize,Web,2026-04-10,65,12,1,158.91,13.2425,0.7500353990654647,17.655833333333334
realprize,Web,2026-04-10,66,12,1,158.91,13.2425,0.7500353990654647,17.655833333333334
realprize,Web,2026-04-10,67,12,1,158.91,13.2425,0.7500353990654647,17.655833333333334
realprize,Web,2026-04-10,68,12,1,158.91,13.2425,0.7500353990654647,17.655833333333334
realprize,Web,2026-04-10,69,12,1,158.91,13.2425,0.7500353990654647,17.655833333333334
realprize,Web,2026-04-10,70,12,1,158.91,13.2425,0.7500353990654647,17.655833333333334
realprize,Web,2026-04-10,71,12,1,158.91,13.2425,0.7500353990654647,17.655833333333334
realprize,Web,2026-04-10,72,12,1,168.89999999999998,14.074999999999998,0.7971869542644072,17.655833333333334
realprize,Web,2026-04-10,73,12,1,168.89999999999998,14.074999999999998,0.7971869542644072,17.655833333333334
realprize,Web,2026-04-10,74,12,1,168.89999999999998,14.074999999999998,0.7971869542644072,17.655833333333334
realprize,Web,2026-04-10,75,12,1,168.89999999999998,14.074999999999998,0.7971869542644072,17.655833333333334
realprize,Web,2026-04-10,76,12,1,168.89999999999998,14.074999999999998,0.7971869542644072,17.655833333333334
realprize,Web,2026-04-10,77,12,1,168.89999999999998,14.074999999999998,0.7971869542644072,17.655833333333334
realprize,Web,2026-04-10,78,12,1,198.89,16.574166666666667,0.9387360173691416,17.655833333333334
realprize,Web,2026-04-10,79,12,1,198.89,16.574166666666667,0.9387360173691416,17.655833333333334
realprize,Web,2026-04-10,80,12,1,198.89,16.574166666666667,0.9387360173691416,17.655833333333334
realprize,Web,2026-04-10,81,12,1,198.89,16.574166666666667,0.9387360173691416,17.655833333333334
realprize,Web,2026-04-10,82,12,1,198.89,16.574166666666667,0.9387360173691416,17.655833333333334
realprize,Web,2026-04-10,83,12,1,198.89,16.574166666666667,0.9387360173691416,17.655833333333334
realprize,Web,2026-04-10,84,12,1,198.89,16.574166666666667,0.9387360173691416,17.655833333333334
realprize,Web,2026-04-10,85,12,1,198.89,16.574166666666667,0.9387360173691416,17.655833333333334
realprize,Web,2026-04-10,86,12,1,198.89,16.574166666666667,0.9387360173691416,17.655833333333334
realprize,Web,2026-04-10,87,12,1,198.89,16.574166666666667,0.9387360173691416,17.655833333333334
realprize,Web,2026-04-10,88,12,1,198.89,16.574166666666667,0.9387360173691416,17.655833333333334
realprize,Web,2026-04-10,89,12,1,201.88,16.823333333333334,0.9528484448010572,17.655833333333334
realprize,Web,2026-04-10,90,12,1,201.88,16.823333333333334,0.9528484448010572,17.655833333333334
realprize,Web,2026-04-10,91,12,1,201.88,16.823333333333334,0.9528484448010572,17.655833333333334
realprize,Web,2026-04-10,92,12,1,201.88,16.823333333333334,0.9528484448010572,17.655833333333334
realprize,Web,2026-04-10,93,12,1,201.88,16.823333333333334,0.9528484448010572,17.655833333333334
realprize,Web,2026-04-10,94,12,1,201.88,16.823333333333334,0.9528484448010572,17.655833333333334
realprize,Web,2026-04-10,95,12,1,201.88,16.823333333333334,0.9528484448010572,17.655833333333334
realprize,Web,2026-04-10,96,12,1,201.88,16.823333333333334,0.9528484448010572,17.655833333333334
realprize,Web,2026-04-10,97,12,1,201.88,16.823333333333334,0.9528484448010572,17.655833333333334
realprize,Web,2026-04-10,98,12,1,201.88,16.823333333333334,0.9528484448010572,17.655833333333334
realprize,Web,2026-04-10,99,12,1,201.88,16.823333333333334,0.9528484448010572,17.655833333333334
realprize,Web,2026-04-10,100,12,1,201.88,16.823333333333334,0.9528484448010572,17.655833333333334
realprize,Web,2026-04-10,101,12,1,201.88,16.823333333333334,0.9528484448010572,17.655833333333334
realprize,Web,2026-04-10,102,12,1,211.87,17.655833333333334,1.0,17.655833333333334
realprize,Web,2026-04-10,103,12,1,211.87,17.655833333333334,1.0,17.655833333333334
realprize,Web,2026-04-10,104,12,1,211.87,17.655833333333334,1.0,17.655833333333334
realprize,Web,2026-04-10,105,12,1,211.87,17.655833333333334,1.0,17.655833333333334
realprize,Web,2026-04-10,106,12,1,211.87,17.655833333333334,1.0,17.655833333333334
realprize,Web,2026-04-10,107,12,1,211.87,17.655833333333334,1.0,17.655833333333334
realprize,Web,2026-04-10,108,12,1,211.87,17.655833333333334,1.0,17.655833333333334
realprize,Web,2026-04-10,109,12,1,211.87,17.655833333333334,1.0,17.655833333333334
realprize,Web,2026-04-10,110,12,1,211.87,17.655833333333334,1.0,17.655833333333334
realprize,Web,2026-04-10,111,12,1,211.87,17.655833333333334,1.0,17.655833333333334
realprize,Web,2026-04-10,112,12,1,211.87,17.655833333333334,1.0,17.655833333333334
realprize,Web,2026-04-10,113,12,1,211.87,17.655833333333334,1.0,17.655833333333334
realprize,Web,2026-04-10,114,12,1,211.87,17.655833333333334,1.0,17.655833333333334
realprize,Web,2026-04-10,115,12,1,211.87,17.655833333333334,1.0,17.655833333333334
realprize,Web,2026-04-10,116,12,1,211.87,17.655833333333334,1.0,17.655833333333334
realprize,Web,2026-04-10,117,12,1,211.87,17.655833333333334,1.0,17.655833333333334
realprize,Web,2026-04-10,118,12,1,211.87,17.655833333333334,1.0,17.655833333333334
realprize,Web,2026-04-10,119,12,1,211.87,17.655833333333334,1.0,17.655833333333334
realprize,Web,2026-04-10,120,12,1,211.87,17.655833333333334,1.0,17.655833333333334
realprize,Web,2026-04-14,1,14,1,2.99,0.2135714285714285,0.5,0.4271428571428571
realprize,Web,2026-04-14,2,14,1,2.99,0.2135714285714285,0.5,0.4271428571428571
realprize,Web,2026-04-14,3,14,1,2.99,0.2135714285714285,0.5,0.4271428571428571
realprize,Web,2026-04-14,4,14,1,2.99,0.2135714285714285,0.5,0.4271428571428571
realprize,Web,2026-04-14,5,14,1,2.99,0.2135714285714285,0.5,0.4271428571428571
realprize,Web,2026-04-14,6,14,1,2.99,0.2135714285714285,0.5,0.4271428571428571
realprize,Web,2026-04-14,7,14,1,2.99,0.2135714285714285,0.5,0.4271428571428571
realprize,Web,2026-04-14,8,14,1,2.99,0.2135714285714285,0.5,0.4271428571428571
realprize,Web,2026-04-14,9,14,1,2.99,0.2135714285714285,0.5,0.4271428571428571
realprize,Web,2026-04-14,10,14,1,2.99,0.2135714285714285,0.5,0.4271428571428571
realprize,Web,2026-04-14,11,14,1,2.99,0.2135714285714285,0.5,0.4271428571428571
realprize,Web,2026-04-14,12,14,1,2.99,0.2135714285714285,0.5,0.4271428571428571
realprize,Web,2026-04-14,13,14,1,2.99,0.2135714285714285,0.5,0.4271428571428571
realprize,Web,2026-04-14,14,14,1,2.99,0.2135714285714285,0.5,0.4271428571428571
realprize,Web,2026-04-14,15,14,1,2.99,0.2135714285714285,0.5,0.4271428571428571
realprize,Web,2026-04-14,16,14,1,2.99,0.2135714285714285,0.5,0.4271428571428571
realprize,Web,2026-04-14,17,14,1,2.99,0.2135714285714285,0.5,0.4271428571428571
realprize,Web,2026-04-14,18,14,1,2.99,0.2135714285714285,0.5,0.4271428571428571
realprize,Web,2026-04-14,19,14,1,2.99,0.2135714285714285,0.5,0.4271428571428571
realprize,Web,2026-04-14,20,14,1,2.99,0.2135714285714285,0.5,0.4271428571428571
realprize,Web,2026-04-14,21,14,1,2.99,0.2135714285714285,0.5,0.4271428571428571
realprize,Web,2026-04-14,22,14,1,2.99,0.2135714285714285,0.5,0.4271428571428571
realprize,Web,2026-04-14,23,14,1,2.99,0.2135714285714285,0.5,0.4271428571428571
realprize,Web,2026-04-14,24,14,1,2.99,0.2135714285714285,0.5,0.4271428571428571
realprize,Web,2026-04-14,25,14,1,2.99,0.2135714285714285,0.5,0.4271428571428571
realprize,Web,2026-04-14,26,14,1,2.99,0.2135714285714285,0.5,0.4271428571428571
realprize,Web,2026-04-14,27,14,1,2.99,0.2135714285714285,0.5,0.4271428571428571
realprize,Web,2026-04-14,28,14,1,2.99,0.2135714285714285,0.5,0.4271428571428571
realprize,Web,2026-04-14,29,14,1,2.99,0.2135714285714285,0.5,0.4271428571428571
realprize,Web,2026-04-14,30,14,1,5.98,0.4271428571428571,1.0,0.4271428571428571
realprize,Web,2026-04-14,31,14,1,5.98,0.4271428571428571,1.0,0.4271428571428571
realprize,Web,2026-04-14,32,14,1,5.98,0.4271428571428571,1.0,0.4271428571428571
realprize,Web,2026-04-14,33,14,1,5.98,0.4271428571428571,1.0,0.4271428571428571
realprize,Web,2026-04-14,34,14,1,5.98,0.4271428571428571,1.0,0.4271428571428571
realprize,Web,2026-04-14,35,14,1,5.98,0.4271428571428571,1.0,0.4271428571428571
realprize,Web,2026-04-14,36,14,1,5.98,0.4271428571428571,1.0,0.4271428571428571
realprize,Web,2026-04-14,37,14,1,5.98,0.4271428571428571,1.0,0.4271428571428571
realprize,Web,2026-04-14,38,14,1,5.98,0.4271428571428571,1.0,0.4271428571428571
realprize,Web,2026-04-14,39,14,1,5.98,0.4271428571428571,1.0,0.4271428571428571
realprize,Web,2026-04-14,40,14,1,5.98,0.4271428571428571,1.0,0.4271428571428571
realprize,Web,2026-04-14,41,14,1,5.98,0.4271428571428571,1.0,0.4271428571428571
realprize,Web,2026-04-14,42,14,1,5.98,0.4271428571428571,1.0,0.4271428571428571
realprize,Web,2026-04-14,43,14,1,5.98,0.4271428571428571,1.0,0.4271428571428571
realprize,Web,2026-04-14,44,14,1,5.98,0.4271428571428571,1.0,0.4271428571428571
realprize,Web,2026-04-14,45,14,1,5.98,0.4271428571428571,1.0,0.4271428571428571
realprize,Web,2026-04-14,46,14,1,5.98,0.4271428571428571,1.0,0.4271428571428571
realprize,Web,2026-04-14,47,14,1,5.98,0.4271428571428571,1.0,0.4271428571428571
realprize,Web,2026-04-14,48,14,1,5.98,0.4271428571428571,1.0,0.4271428571428571
realprize,Web,2026-04-14,49,14,1,5.98,0.4271428571428571,1.0,0.4271428571428571
realprize,Web,2026-04-14,50,14,1,5.98,0.4271428571428571,1.0,0.4271428571428571
realprize,Web,2026-04-14,51,14,1,5.98,0.4271428571428571,1.0,0.4271428571428571
realprize,Web,2026-04-14,52,14,1,5.98,0.4271428571428571,1.0,0.4271428571428571
realprize,Web,2026-04-14,53,14,1,5.98,0.4271428571428571,1.0,0.4271428571428571
realprize,Web,2026-04-14,54,14,1,5.98,0.4271428571428571,1.0,0.4271428571428571
realprize,Web,2026-04-14,55,14,1,5.98,0.4271428571428571,1.0,0.4271428571428571
realprize,Web,2026-04-14,56,14,1,5.98,0.4271428571428571,1.0,0.4271428571428571
realprize,Web,2026-04-14,57,14,1,5.98,0.4271428571428571,1.0,0.4271428571428571
realprize,Web,2026-04-14,58,14,1,5.98,0.4271428571428571,1.0,0.4271428571428571
realprize,Web,2026-04-14,59,14,1,5.98,0.4271428571428571,1.0,0.4271428571428571
realprize,Web,2026-04-14,60,14,1,5.98,0.4271428571428571,1.0,0.4271428571428571
realprize,Web,2026-04-14,61,14,1,5.98,0.4271428571428571,1.0,0.4271428571428571
realprize,Web,2026-04-14,62,14,1,5.98,0.4271428571428571,1.0,0.4271428571428571
realprize,Web,2026-04-14,63,14,1,5.98,0.4271428571428571,1.0,0.4271428571428571
realprize,Web,2026-04-14,64,14,1,5.98,0.4271428571428571,1.0,0.4271428571428571
realprize,Web,2026-04-14,65,14,1,5.98,0.4271428571428571,1.0,0.4271428571428571
realprize,Web,2026-04-14,66,14,1,5.98,0.4271428571428571,1.0,0.4271428571428571
realprize,Web,2026-04-14,67,14,1,5.98,0.4271428571428571,1.0,0.4271428571428571
realprize,Web,2026-04-14,68,14,1,5.98,0.4271428571428571,1.0,0.4271428571428571
realprize,Web,2026-04-14,69,14,1,5.98,0.4271428571428571,1.0,0.4271428571428571
realprize,Web,2026-04-14,70,14,1,5.98,0.4271428571428571,1.0,0.4271428571428571
realprize,Web,2026-04-14,71,14,1,5.98,0.4271428571428571,1.0,0.4271428571428571
realprize,Web,2026-04-14,72,14,1,5.98,0.4271428571428571,1.0,0.4271428571428571
realprize,Web,2026-04-14,73,14,1,5.98,0.4271428571428571,1.0,0.4271428571428571
realprize,Web,2026-04-14,74,14,1,5.98,0.4271428571428571,1.0,0.4271428571428571
realprize,Web,2026-04-14,75,14,1,5.98,0.4271428571428571,1.0,0.4271428571428571
realprize,Web,2026-04-14,76,14,1,5.98,0.4271428571428571,1.0,0.4271428571428571
realprize,Web,2026-04-14,77,14,1,5.98,0.4271428571428571,1.0,0.4271428571428571
realprize,Web,2026-04-14,78,14,1,5.98,0.4271428571428571,1.0,0.4271428571428571
realprize,Web,2026-04-14,79,14,1,5.98,0.4271428571428571,1.0,0.4271428571428571
realprize,Web,2026-04-14,80,14,1,5.98,0.4271428571428571,1.0,0.4271428571428571
realprize,Web,2026-04-14,81,14,1,5.98,0.4271428571428571,1.0,0.4271428571428571
realprize,Web,2026-04-14,82,14,1,5.98,0.4271428571428571,1.0,0.4271428571428571
realprize,Web,2026-04-14,83,14,1,5.98,0.4271428571428571,1.0,0.4271428571428571
realprize,Web,2026-04-14,84,14,1,5.98,0.4271428571428571,1.0,0.4271428571428571
realprize,Web,2026-04-14,85,14,1,5.98,0.4271428571428571,1.0,0.4271428571428571
realprize,Web,2026-04-14,86,14,1,5.98,0.4271428571428571,1.0,0.4271428571428571
realprize,Web,2026-04-14,87,14,1,5.98,0.4271428571428571,1.0,0.4271428571428571
realprize,Web,2026-04-14,88,14,1,5.98,0.4271428571428571,1.0,0.4271428571428571
realprize,Web,2026-04-14,89,14,1,5.98,0.4271428571428571,1.0,0.4271428571428571
realprize,Web,2026-04-14,90,14,1,5.98,0.4271428571428571,1.0,0.4271428571428571
realprize,Web,2026-04-14,91,14,1,5.98,0.4271428571428571,1.0,0.4271428571428571
realprize,Web,2026-04-14,92,14,1,5.98,0.4271428571428571,1.0,0.4271428571428571
realprize,Web,2026-04-14,93,14,1,5.98,0.4271428571428571,1.0,0.4271428571428571
realprize,Web,2026-04-14,94,14,1,5.98,0.4271428571428571,1.0,0.4271428571428571
realprize,Web,2026-04-14,95,14,1,5.98,0.4271428571428571,1.0,0.4271428571428571
realprize,Web,2026-04-14,96,14,1,5.98,0.4271428571428571,1.0,0.4271428571428571
realprize,Web,2026-04-14,97,14,1,5.98,0.4271428571428571,1.0,0.4271428571428571
realprize,Web,2026-04-14,98,14,1,5.98,0.4271428571428571,1.0,0.4271428571428571
realprize,Web,2026-04-14,99,14,1,5.98,0.4271428571428571,1.0,0.4271428571428571
realprize,Web,2026-04-14,100,14,1,5.98,0.4271428571428571,1.0,0.4271428571428571
realprize,Web,2026-04-14,101,14,1,5.98,0.4271428571428571,1.0,0.4271428571428571
realprize,Web,2026-04-14,102,14,1,5.98,0.4271428571428571,1.0,0.4271428571428571
realprize,Web,2026-04-14,103,14,1,5.98,0.4271428571428571,1.0,0.4271428571428571
realprize,Web,2026-04-14,104,14,1,5.98,0.4271428571428571,1.0,0.4271428571428571
realprize,Web,2026-04-14,105,14,1,5.98,0.4271428571428571,1.0,0.4271428571428571
realprize,Web,2026-04-14,106,14,1,5.98,0.4271428571428571,1.0,0.4271428571428571
realprize,Web,2026-04-14,107,14,1,5.98,0.4271428571428571,1.0,0.4271428571428571
realprize,Web,2026-04-14,108,14,1,5.98,0.4271428571428571,1.0,0.4271428571428571
realprize,Web,2026-04-14,109,14,1,5.98,0.4271428571428571,1.0,0.4271428571428571
realprize,Web,2026-04-14,110,14,1,5.98,0.4271428571428571,1.0,0.4271428571428571
realprize,Web,2026-04-14,111,14,1,5.98,0.4271428571428571,1.0,0.4271428571428571
realprize,Web,2026-04-14,112,14,1,5.98,0.4271428571428571,1.0,0.4271428571428571
realprize,Web,2026-04-14,113,14,1,5.98,0.4271428571428571,1.0,0.4271428571428571
realprize,Web,2026-04-14,114,14,1,5.98,0.4271428571428571,1.0,0.4271428571428571
realprize,Web,2026-04-14,115,14,1,5.98,0.4271428571428571,1.0,0.4271428571428571
realprize,Web,2026-04-14,116,14,1,5.98,0.4271428571428571,1.0,0.4271428571428571
realprize,Web,2026-04-14,117,14,1,5.98,0.4271428571428571,1.0,0.4271428571428571
realprize,Web,2026-04-14,118,14,1,5.98,0.4271428571428571,1.0,0.4271428571428571
realprize,Web,2026-04-14,119,14,1,5.98,0.4271428571428571,1.0,0.4271428571428571
realprize,Web,2026-04-14,120,14,1,5.98,0.4271428571428571,1.0,0.4271428571428571
realprize,Web,2026-04-11,1,15,1,19.99,1.3326666666666669,0.4445185679341784,2.998
realprize,Web,2026-04-11,2,15,1,19.99,1.3326666666666669,0.4445185679341784,2.998
realprize,Web,2026-04-11,3,15,1,19.99,1.3326666666666669,0.4445185679341784,2.998
realprize,Web,2026-04-11,4,15,1,34.980000000000004,2.3320000000000003,0.7778519012675118,2.998
realprize,Web,2026-04-11,5,15,1,34.980000000000004,2.3320000000000003,0.7778519012675118,2.998
realprize,Web,2026-04-11,6,15,1,34.980000000000004,2.3320000000000003,0.7778519012675118,2.998
realprize,Web,2026-04-11,7,15,1,34.980000000000004,2.3320000000000003,0.7778519012675118,2.998
realprize,Web,2026-04-11,8,15,1,34.980000000000004,2.3320000000000003,0.7778519012675118,2.998
realprize,Web,2026-04-11,9,15,1,34.980000000000004,2.3320000000000003,0.7778519012675118,2.998
realprize,Web,2026-04-11,10,15,1,34.980000000000004,2.3320000000000003,0.7778519012675118,2.998
realprize,Web,2026-04-11,11,15,1,34.980000000000004,2.3320000000000003,0.7778519012675118,2.998
realprize,Web,2026-04-11,12,15,1,34.980000000000004,2.3320000000000003,0.7778519012675118,2.998
realprize,Web,2026-04-11,13,15,1,34.980000000000004,2.3320000000000003,0.7778519012675118,2.998
realprize,Web,2026-04-11,14,15,1,34.980000000000004,2.3320000000000003,0.7778519012675118,2.998
realprize,Web,2026-04-11,15,15,1,34.980000000000004,2.3320000000000003,0.7778519012675118,2.998
realprize,Web,2026-04-11,16,15,1,34.980000000000004,2.3320000000000003,0.7778519012675118,2.998
realprize,Web,2026-04-11,17,15,1,44.97,2.998,1.0,2.998
realprize,Web,2026-04-11,18,15,1,44.97,2.998,1.0,2.998
realprize,Web,2026-04-11,19,15,1,44.97,2.998,1.0,2.998
realprize,Web,2026-04-11,20,15,1,44.97,2.998,1.0,2.998
realprize,Web,2026-04-11,21,15,1,44.97,2.998,1.0,2.998
realprize,Web,2026-04-11,22,15,1,44.97,2.998,1.0,2.998
realprize,Web,2026-04-11,23,15,1,44.97,2.998,1.0,2.998
realprize,Web,2026-04-11,24,15,1,44.97,2.998,1.0,2.998
realprize,Web,2026-04-11,25,15,1,44.97,2.998,1.0,2.998
realprize,Web,2026-04-11,26,15,1,44.97,2.998,1.0,2.998
realprize,Web,2026-04-11,27,15,1,44.97,2.998,1.0,2.998
realprize,Web,2026-04-11,28,15,1,44.97,2.998,1.0,2.998
realprize,Web,2026-04-11,29,15,1,44.97,2.998,1.0,2.998
realprize,Web,2026-04-11,30,15,1,44.97,2.998,1.0,2.998
realprize,Web,2026-04-11,31,15,1,44.97,2.998,1.0,2.998
realprize,Web,2026-04-11,32,15,1,44.97,2.998,1.0,2.998
realprize,Web,2026-04-11,33,15,1,44.97,2.998,1.0,2.998
realprize,Web,2026-04-11,34,15,1,44.97,2.998,1.0,2.998
realprize,Web,2026-04-11,35,15,1,44.97,2.998,1.0,2.998
realprize,Web,2026-04-11,36,15,1,44.97,2.998,1.0,2.998
realprize,Web,2026-04-11,37,15,1,44.97,2.998,1.0,2.998
realprize,Web,2026-04-11,38,15,1,44.97,2.998,1.0,2.998
realprize,Web,2026-04-11,39,15,1,44.97,2.998,1.0,2.998
realprize,Web,2026-04-11,40,15,1,44.97,2.998,1.0,2.998
realprize,Web,2026-04-11,41,15,1,44.97,2.998,1.0,2.998
realprize,Web,2026-04-11,42,15,1,44.97,2.998,1.0,2.998
realprize,Web,2026-04-11,43,15,1,44.97,2.998,1.0,2.998
realprize,Web,2026-04-11,44,15,1,44.97,2.998,1.0,2.998
realprize,Web,2026-04-11,45,15,1,44.97,2.998,1.0,2.998
realprize,Web,2026-04-11,46,15,1,44.97,2.998,1.0,2.998
realprize,Web,2026-04-11,47,15,1,44.97,2.998,1.0,2.998
realprize,Web,2026-04-11,48,15,1,44.97,2.998,1.0,2.998
realprize,Web,2026-04-11,49,15,1,44.97,2.998,1.0,2.998
realprize,Web,2026-04-11,50,15,1,44.97,2.998,1.0,2.998
realprize,Web,2026-04-11,51,15,1,44.97,2.998,1.0,2.998
realprize,Web,2026-04-11,52,15,1,44.97,2.998,1.0,2.998
realprize,Web,2026-04-11,53,15,1,44.97,2.998,1.0,2.998
realprize,Web,2026-04-11,54,15,1,44.97,2.998,1.0,2.998
realprize,Web,2026-04-11,55,15,1,44.97,2.998,1.0,2.998
realprize,Web,2026-04-11,56,15,1,44.97,2.998,1.0,2.998
realprize,Web,2026-04-11,57,15,1,44.97,2.998,1.0,2.998
realprize,Web,2026-04-11,58,15,1,44.97,2.998,1.0,2.998
realprize,Web,2026-04-11,59,15,1,44.97,2.998,1.0,2.998
realprize,Web,2026-04-11,60,15,1,44.97,2.998,1.0,2.998
realprize,Web,2026-04-11,61,15,1,44.97,2.998,1.0,2.998
realprize,Web,2026-04-11,62,15,1,44.97,2.998,1.0,2.998
realprize,Web,2026-04-11,63,15,1,44.97,2.998,1.0,2.998
realprize,Web,2026-04-11,64,15,1,44.97,2.998,1.0,2.998
realprize,Web,2026-04-11,65,15,1,44.97,2.998,1.0,2.998
realprize,Web,2026-04-11,66,15,1,44.97,2.998,1.0,2.998
realprize,Web,2026-04-11,67,15,1,44.97,2.998,1.0,2.998
realprize,Web,2026-04-11,68,15,1,44.97,2.998,1.0,2.998
realprize,Web,2026-04-11,69,15,1,44.97,2.998,1.0,2.998
realprize,Web,2026-04-11,70,15,1,44.97,2.998,1.0,2.998
realprize,Web,2026-04-11,71,15,1,44.97,2.998,1.0,2.998
realprize,Web,2026-04-11,72,15,1,44.97,2.998,1.0,2.998
realprize,Web,2026-04-11,73,15,1,44.97,2.998,1.0,2.998
realprize,Web,2026-04-11,74,15,1,44.97,2.998,1.0,2.998
realprize,Web,2026-04-11,75,15,1,44.97,2.998,1.0,2.998
realprize,Web,2026-04-11,76,15,1,44.97,2.998,1.0,2.998
realprize,Web,2026-04-11,77,15,1,44.97,2.998,1.0,2.998
realprize,Web,2026-04-11,78,15,1,44.97,2.998,1.0,2.998
realprize,Web,2026-04-11,79,15,1,44.97,2.998,1.0,2.998
realprize,Web,2026-04-11,80,15,1,44.97,2.998,1.0,2.998
realprize,Web,2026-04-11,81,15,1,44.97,2.998,1.0,2.998
realprize,Web,2026-04-11,82,15,1,44.97,2.998,1.0,2.998
realprize,Web,2026-04-11,83,15,1,44.97,2.998,1.0,2.998
realprize,Web,2026-04-11,84,15,1,44.97,2.998,1.0,2.998
realprize,Web,2026-04-11,85,15,1,44.97,2.998,1.0,2.998
realprize,Web,2026-04-11,86,15,1,44.97,2.998,1.0,2.998
realprize,Web,2026-04-11,87,15,1,44.97,2.998,1.0,2.998
realprize,Web,2026-04-11,88,15,1,44.97,2.998,1.0,2.998
realprize,Web,2026-04-11,89,15,1,44.97,2.998,1.0,2.998
realprize,Web,2026-04-11,90,15,1,44.97,2.998,1.0,2.998
realprize,Web,2026-04-11,91,15,1,44.97,2.998,1.0,2.998
realprize,Web,2026-04-11,92,15,1,44.97,2.998,1.0,2.998
realprize,Web,2026-04-11,93,15,1,44.97,2.998,1.0,2.998
realprize,Web,2026-04-11,94,15,1,44.97,2.998,1.0,2.998
realprize,Web,2026-04-11,95,15,1,44.97,2.998,1.0,2.998
realprize,Web,2026-04-11,96,15,1,44.97,2.998,1.0,2.998
realprize,Web,2026-04-11,97,15,1,44.97,2.998,1.0,2.998
realprize,Web,2026-04-11,98,15,1,44.97,2.998,1.0,2.998
realprize,Web,2026-04-11,99,15,1,44.97,2.998,1.0,2.998
realprize,Web,2026-04-11,100,15,1,44.97,2.998,1.0,2.998
realprize,Web,2026-04-11,101,15,1,44.97,2.998,1.0,2.998
realprize,Web,2026-04-11,102,15,1,44.97,2.998,1.0,2.998
realprize,Web,2026-04-11,103,15,1,44.97,2.998,1.0,2.998
realprize,Web,2026-04-11,104,15,1,44.97,2.998,1.0,2.998
realprize,Web,2026-04-11,105,15,1,44.97,2.998,1.0,2.998
realprize,Web,2026-04-11,106,15,1,44.97,2.998,1.0,2.998
realprize,Web,2026-04-11,107,15,1,44.97,2.998,1.0,2.998
realprize,Web,2026-04-11,108,15,1,44.97,2.998,1.0,2.998
realprize,Web,2026-04-11,109,15,1,44.97,2.998,1.0,2.998
realprize,Web,2026-04-11,110,15,1,44.97,2.998,1.0,2.998
realprize,Web,2026-04-11,111,15,1,44.97,2.998,1.0,2.998
realprize,Web,2026-04-11,112,15,1,44.97,2.998,1.0,2.998
realprize,Web,2026-04-11,113,15,1,44.97,2.998,1.0,2.998
realprize,Web,2026-04-11,114,15,1,44.97,2.998,1.0,2.998
realprize,Web,2026-04-11,115,15,1,44.97,2.998,1.0,2.998
realprize,Web,2026-04-11,116,15,1,44.97,2.998,1.0,2.998
realprize,Web,2026-04-11,117,15,1,44.97,2.998,1.0,2.998
realprize,Web,2026-04-11,118,15,1,44.97,2.998,1.0,2.998
realprize,Web,2026-04-11,119,15,1,44.97,2.998,1.0,2.998
realprize,Web,2026-04-11,120,15,1,44.97,2.998,1.0,2.998
realprize,Web,2026-04-12,1,9,1,0.0,0.0,0.0,0.7766666666666667
realprize,Web,2026-04-12,2,9,1,0.0,0.0,0.0,0.7766666666666667
realprize,Web,2026-04-12,3,9,1,0.0,0.0,0.0,0.7766666666666667
realprize,Web,2026-04-12,4,9,1,0.0,0.0,0.0,0.7766666666666667
realprize,Web,2026-04-12,5,9,1,0.0,0.0,0.0,0.7766666666666667
realprize,Web,2026-04-12,6,9,1,0.0,0.0,0.0,0.7766666666666667
realprize,Web,2026-04-12,7,9,1,0.0,0.0,0.0,0.7766666666666667
realprize,Web,2026-04-12,8,9,1,0.0,0.0,0.0,0.7766666666666667
realprize,Web,2026-04-12,9,9,1,0.0,0.0,0.0,0.7766666666666667
realprize,Web,2026-04-12,10,9,1,0.0,0.0,0.0,0.7766666666666667
realprize,Web,2026-04-12,11,9,1,0.0,0.0,0.0,0.7766666666666667
realprize,Web,2026-04-12,12,9,1,0.0,0.0,0.0,0.7766666666666667
realprize,Web,2026-04-12,13,9,1,0.0,0.0,0.0,0.7766666666666667
realprize,Web,2026-04-12,14,9,1,0.0,0.0,0.0,0.7766666666666667
realprize,Web,2026-04-12,15,9,1,0.0,0.0,0.0,0.7766666666666667
realprize,Web,2026-04-12,16,9,1,0.0,0.0,0.0,0.7766666666666667
realprize,Web,2026-04-12,17,9,1,0.0,0.0,0.0,0.7766666666666667
realprize,Web,2026-04-12,18,9,1,0.0,0.0,0.0,0.7766666666666667
realprize,Web,2026-04-12,19,9,1,0.0,0.0,0.0,0.7766666666666667
realprize,Web,2026-04-12,20,9,1,0.0,0.0,0.0,0.7766666666666667
realprize,Web,2026-04-12,21,9,1,0.0,0.0,0.0,0.7766666666666667
realprize,Web,2026-04-12,22,9,1,0.0,0.0,0.0,0.7766666666666667
realprize,Web,2026-04-12,23,9,1,0.0,0.0,0.0,0.7766666666666667
realprize,Web,2026-04-12,24,9,1,6.99,0.7766666666666667,1.0,0.7766666666666667
realprize,Web,2026-04-12,25,9,1,6.99,0.7766666666666667,1.0,0.7766666666666667
realprize,Web,2026-04-12,26,9,1,6.99,0.7766666666666667,1.0,0.7766666666666667
realprize,Web,2026-04-12,27,9,1,6.99,0.7766666666666667,1.0,0.7766666666666667
realprize,Web,2026-04-12,28,9,1,6.99,0.7766666666666667,1.0,0.7766666666666667
realprize,Web,2026-04-12,29,9,1,6.99,0.7766666666666667,1.0,0.7766666666666667
realprize,Web,2026-04-12,30,9,1,6.99,0.7766666666666667,1.0,0.7766666666666667
realprize,Web,2026-04-12,31,9,1,6.99,0.7766666666666667,1.0,0.7766666666666667
realprize,Web,2026-04-12,32,9,1,6.99,0.7766666666666667,1.0,0.7766666666666667
realprize,Web,2026-04-12,33,9,1,6.99,0.7766666666666667,1.0,0.7766666666666667
realprize,Web,2026-04-12,34,9,1,6.99,0.7766666666666667,1.0,0.7766666666666667
realprize,Web,2026-04-12,35,9,1,6.99,0.7766666666666667,1.0,0.7766666666666667
realprize,Web,2026-04-12,36,9,1,6.99,0.7766666666666667,1.0,0.7766666666666667
realprize,Web,2026-04-12,37,9,1,6.99,0.7766666666666667,1.0,0.7766666666666667
realprize,Web,2026-04-12,38,9,1,6.99,0.7766666666666667,1.0,0.7766666666666667
realprize,Web,2026-04-12,39,9,1,6.99,0.7766666666666667,1.0,0.7766666666666667
realprize,Web,2026-04-12,40,9,1,6.99,0.7766666666666667,1.0,0.7766666666666667
realprize,Web,2026-04-12,41,9,1,6.99,0.7766666666666667,1.0,0.7766666666666667
realprize,Web,2026-04-12,42,9,1,6.99,0.7766666666666667,1.0,0.7766666666666667
realprize,Web,2026-04-12,43,9,1,6.99,0.7766666666666667,1.0,0.7766666666666667
realprize,Web,2026-04-12,44,9,1,6.99,0.7766666666666667,1.0,0.7766666666666667
realprize,Web,2026-04-12,45,9,1,6.99,0.7766666666666667,1.0,0.7766666666666667
realprize,Web,2026-04-12,46,9,1,6.99,0.7766666666666667,1.0,0.7766666666666667
realprize,Web,2026-04-12,47,9,1,6.99,0.7766666666666667,1.0,0.7766666666666667
realprize,Web,2026-04-12,48,9,1,6.99,0.7766666666666667,1.0,0.7766666666666667
realprize,Web,2026-04-12,49,9,1,6.99,0.7766666666666667,1.0,0.7766666666666667
realprize,Web,2026-04-12,50,9,1,6.99,0.7766666666666667,1.0,0.7766666666666667
realprize,Web,2026-04-12,51,9,1,6.99,0.7766666666666667,1.0,0.7766666666666667
realprize,Web,2026-04-12,52,9,1,6.99,0.7766666666666667,1.0,0.7766666666666667
realprize,Web,2026-04-12,53,9,1,6.99,0.7766666666666667,1.0,0.7766666666666667
realprize,Web,2026-04-12,54,9,1,6.99,0.7766666666666667,1.0,0.7766666666666667
realprize,Web,2026-04-12,55,9,1,6.99,0.7766666666666667,1.0,0.7766666666666667
realprize,Web,2026-04-12,56,9,1,6.99,0.7766666666666667,1.0,0.7766666666666667
realprize,Web,2026-04-12,57,9,1,6.99,0.7766666666666667,1.0,0.7766666666666667
realprize,Web,2026-04-12,58,9,1,6.99,0.7766666666666667,1.0,0.7766666666666667
realprize,Web,2026-04-12,59,9,1,6.99,0.7766666666666667,1.0,0.7766666666666667
realprize,Web,2026-04-12,60,9,1,6.99,0.7766666666666667,1.0,0.7766666666666667
realprize,Web,2026-04-12,61,9,1,6.99,0.7766666666666667,1.0,0.7766666666666667
realprize,Web,2026-04-12,62,9,1,6.99,0.7766666666666667,1.0,0.7766666666666667
realprize,Web,2026-04-12,63,9,1,6.99,0.7766666666666667,1.0,0.7766666666666667
realprize,Web,2026-04-12,64,9,1,6.99,0.7766666666666667,1.0,0.7766666666666667
realprize,Web,2026-04-12,65,9,1,6.99,0.7766666666666667,1.0,0.7766666666666667
realprize,Web,2026-04-12,66,9,1,6.99,0.7766666666666667,1.0,0.7766666666666667
realprize,Web,2026-04-12,67,9,1,6.99,0.7766666666666667,1.0,0.7766666666666667
realprize,Web,2026-04-12,68,9,1,6.99,0.7766666666666667,1.0,0.7766666666666667
realprize,Web,2026-04-12,69,9,1,6.99,0.7766666666666667,1.0,0.7766666666666667
realprize,Web,2026-04-12,70,9,1,6.99,0.7766666666666667,1.0,0.7766666666666667
realprize,Web,2026-04-12,71,9,1,6.99,0.7766666666666667,1.0,0.7766666666666667
realprize,Web,2026-04-12,72,9,1,6.99,0.7766666666666667,1.0,0.7766666666666667
realprize,Web,2026-04-12,73,9,1,6.99,0.7766666666666667,1.0,0.7766666666666667
realprize,Web,2026-04-12,74,9,1,6.99,0.7766666666666667,1.0,0.7766666666666667
realprize,Web,2026-04-12,75,9,1,6.99,0.7766666666666667,1.0,0.7766666666666667
realprize,Web,2026-04-12,76,9,1,6.99,0.7766666666666667,1.0,0.7766666666666667
realprize,Web,2026-04-12,77,9,1,6.99,0.7766666666666667,1.0,0.7766666666666667
realprize,Web,2026-04-12,78,9,1,6.99,0.7766666666666667,1.0,0.7766666666666667
realprize,Web,2026-04-12,79,9,1,6.99,0.7766666666666667,1.0,0.7766666666666667
realprize,Web,2026-04-12,80,9,1,6.99,0.7766666666666667,1.0,0.7766666666666667
realprize,Web,2026-04-12,81,9,1,6.99,0.7766666666666667,1.0,0.7766666666666667
realprize,Web,2026-04-12,82,9,1,6.99,0.7766666666666667,1.0,0.7766666666666667
realprize,Web,2026-04-12,83,9,1,6.99,0.7766666666666667,1.0,0.7766666666666667
realprize,Web,2026-04-12,84,9,1,6.99,0.7766666666666667,1.0,0.7766666666666667
realprize,Web,2026-04-12,85,9,1,6.99,0.7766666666666667,1.0,0.7766666666666667
realprize,Web,2026-04-12,86,9,1,6.99,0.7766666666666667,1.0,0.7766666666666667
realprize,Web,2026-04-12,87,9,1,6.99,0.7766666666666667,1.0,0.7766666666666667
realprize,Web,2026-04-12,88,9,1,6.99,0.7766666666666667,1.0,0.7766666666666667
realprize,Web,2026-04-12,89,9,1,6.99,0.7766666666666667,1.0,0.7766666666666667
realprize,Web,2026-04-12,90,9,1,6.99,0.7766666666666667,1.0,0.7766666666666667
realprize,Web,2026-04-12,91,9,1,6.99,0.7766666666666667,1.0,0.7766666666666667
realprize,Web,2026-04-12,92,9,1,6.99,0.7766666666666667,1.0,0.7766666666666667
realprize,Web,2026-04-12,93,9,1,6.99,0.7766666666666667,1.0,0.7766666666666667
realprize,Web,2026-04-12,94,9,1,6.99,0.7766666666666667,1.0,0.7766666666666667
realprize,Web,2026-04-12,95,9,1,6.99,0.7766666666666667,1.0,0.7766666666666667
realprize,Web,2026-04-12,96,9,1,6.99,0.7766666666666667,1.0,0.7766666666666667
realprize,Web,2026-04-12,97,9,1,6.99,0.7766666666666667,1.0,0.7766666666666667
realprize,Web,2026-04-12,98,9,1,6.99,0.7766666666666667,1.0,0.7766666666666667
realprize,Web,2026-04-12,99,9,1,6.99,0.7766666666666667,1.0,0.7766666666666667
realprize,Web,2026-04-12,100,9,1,6.99,0.7766666666666667,1.0,0.7766666666666667
realprize,Web,2026-04-12,101,9,1,6.99,0.7766666666666667,1.0,0.7766666666666667
realprize,Web,2026-04-12,102,9,1,6.99,0.7766666666666667,1.0,0.7766666666666667
realprize,Web,2026-04-12,103,9,1,6.99,0.7766666666666667,1.0,0.7766666666666667
realprize,Web,2026-04-12,104,9,1,6.99,0.7766666666666667,1.0,0.7766666666666667
realprize,Web,2026-04-12,105,9,1,6.99,0.7766666666666667,1.0,0.7766666666666667
realprize,Web,2026-04-12,106,9,1,6.99,0.7766666666666667,1.0,0.7766666666666667
realprize,Web,2026-04-12,107,9,1,6.99,0.7766666666666667,1.0,0.7766666666666667
realprize,Web,2026-04-12,108,9,1,6.99,0.7766666666666667,1.0,0.7766666666666667
realprize,Web,2026-04-12,109,9,1,6.99,0.7766666666666667,1.0,0.7766666666666667
realprize,Web,2026-04-12,110,9,1,6.99,0.7766666666666667,1.0,0.7766666666666667
realprize,Web,2026-04-12,111,9,1,6.99,0.7766666666666667,1.0,0.7766666666666667
realprize,Web,2026-04-12,112,9,1,6.99,0.7766666666666667,1.0,0.7766666666666667
realprize,Web,2026-04-12,113,9,1,6.99,0.7766666666666667,1.0,0.7766666666666667
realprize,Web,2026-04-12,114,9,1,6.99,0.7766666666666667,1.0,0.7766666666666667
realprize,Web,2026-04-12,115,9,1,6.99,0.7766666666666667,1.0,0.7766666666666667
realprize,Web,2026-04-12,116,9,1,6.99,0.7766666666666667,1.0,0.7766666666666667
realprize,Web,2026-04-12,117,9,1,6.99,0.7766666666666667,1.0,0.7766666666666667
realprize,Web,2026-04-12,118,9,1,6.99,0.7766666666666667,1.0,0.7766666666666667
realprize,Web,2026-04-12,119,9,1,6.99,0.7766666666666667,1.0,0.7766666666666667
realprize,Web,2026-04-12,120,9,1,6.99,0.7766666666666667,1.0,0.7766666666666667
realprize,Web,2026-04-13,1,15,1,24.99,1.666,0.0862021386685063,19.326666666666664
realprize,Web,2026-04-13,2,15,1,24.99,1.666,0.0862021386685063,19.326666666666664
realprize,Web,2026-04-13,3,15,1,124.95,8.33,0.4310106933425319,19.326666666666664
realprize,Web,2026-04-13,4,15,1,159.94,10.662666666666668,0.5517074853397724,19.326666666666664
realprize,Web,2026-04-13,5,15,1,159.94,10.662666666666668,0.5517074853397724,19.326666666666664
realprize,Web,2026-04-13,6,15,1,159.94,10.662666666666668,0.5517074853397724,19.326666666666664
realprize,Web,2026-04-13,7,15,1,159.94,10.662666666666668,0.5517074853397724,19.326666666666664
realprize,Web,2026-04-13,8,15,1,159.94,10.662666666666668,0.5517074853397724,19.326666666666664
realprize,Web,2026-04-13,9,15,1,159.94,10.662666666666668,0.5517074853397724,19.326666666666664
realprize,Web,2026-04-13,10,15,1,289.9,19.326666666666664,1.0,19.326666666666664
realprize,Web,2026-04-13,11,15,1,289.9,19.326666666666664,1.0,19.326666666666664
realprize,Web,2026-04-13,12,15,1,289.9,19.326666666666664,1.0,19.326666666666664
realprize,Web,2026-04-13,13,15,1,289.9,19.326666666666664,1.0,19.326666666666664
realprize,Web,2026-04-13,14,15,1,289.9,19.326666666666664,1.0,19.326666666666664
realprize,Web,2026-04-13,15,15,1,289.9,19.326666666666664,1.0,19.326666666666664
realprize,Web,2026-04-13,16,15,1,289.9,19.326666666666664,1.0,19.326666666666664
realprize,Web,2026-04-13,17,15,1,289.9,19.326666666666664,1.0,19.326666666666664
realprize,Web,2026-04-13,18,15,1,289.9,19.326666666666664,1.0,19.326666666666664
realprize,Web,2026-04-13,19,15,1,289.9,19.326666666666664,1.0,19.326666666666664
realprize,Web,2026-04-13,20,15,1,289.9,19.326666666666664,1.0,19.326666666666664
realprize,Web,2026-04-13,21,15,1,289.9,19.326666666666664,1.0,19.326666666666664
realprize,Web,2026-04-13,22,15,1,289.9,19.326666666666664,1.0,19.326666666666664
realprize,Web,2026-04-13,23,15,1,289.9,19.326666666666664,1.0,19.326666666666664
realprize,Web,2026-04-13,24,15,1,289.9,19.326666666666664,1.0,19.326666666666664
realprize,Web,2026-04-13,25,15,1,289.9,19.326666666666664,1.0,19.326666666666664
realprize,Web,2026-04-13,26,15,1,289.9,19.326666666666664,1.0,19.326666666666664
realprize,Web,2026-04-13,27,15,1,289.9,19.326666666666664,1.0,19.326666666666664
realprize,Web,2026-04-13,28,15,1,289.9,19.326666666666664,1.0,19.326666666666664
realprize,Web,2026-04-13,29,15,1,289.9,19.326666666666664,1.0,19.326666666666664
realprize,Web,2026-04-13,30,15,1,289.9,19.326666666666664,1.0,19.326666666666664
realprize,Web,2026-04-13,31,15,1,289.9,19.326666666666664,1.0,19.326666666666664
realprize,Web,2026-04-13,32,15,1,289.9,19.326666666666664,1.0,19.326666666666664
realprize,Web,2026-04-13,33,15,1,289.9,19.326666666666664,1.0,19.326666666666664
realprize,Web,2026-04-13,34,15,1,289.9,19.326666666666664,1.0,19.326666666666664
realprize,Web,2026-04-13,35,15,1,289.9,19.326666666666664,1.0,19.326666666666664
realprize,Web,2026-04-13,36,15,1,289.9,19.326666666666664,1.0,19.326666666666664
realprize,Web,2026-04-13,37,15,1,289.9,19.326666666666664,1.0,19.326666666666664
realprize,Web,2026-04-13,38,15,1,289.9,19.326666666666664,1.0,19.326666666666664
realprize,Web,2026-04-13,39,15,1,289.9,19.326666666666664,1.0,19.326666666666664
realprize,Web,2026-04-13,40,15,1,289.9,19.326666666666664,1.0,19.326666666666664
realprize,Web,2026-04-13,41,15,1,289.9,19.326666666666664,1.0,19.326666666666664
realprize,Web,2026-04-13,42,15,1,289.9,19.326666666666664,1.0,19.326666666666664
realprize,Web,2026-04-13,43,15,1,289.9,19.326666666666664,1.0,19.326666666666664
realprize,Web,2026-04-13,44,15,1,289.9,19.326666666666664,1.0,19.326666666666664
realprize,Web,2026-04-13,45,15,1,289.9,19.326666666666664,1.0,19.326666666666664
realprize,Web,2026-04-13,46,15,1,289.9,19.326666666666664,1.0,19.326666666666664
realprize,Web,2026-04-13,47,15,1,289.9,19.326666666666664,1.0,19.326666666666664
realprize,Web,2026-04-13,48,15,1,289.9,19.326666666666664,1.0,19.326666666666664
realprize,Web,2026-04-13,49,15,1,289.9,19.326666666666664,1.0,19.326666666666664
realprize,Web,2026-04-13,50,15,1,289.9,19.326666666666664,1.0,19.326666666666664
realprize,Web,2026-04-13,51,15,1,289.9,19.326666666666664,1.0,19.326666666666664
realprize,Web,2026-04-13,52,15,1,289.9,19.326666666666664,1.0,19.326666666666664
realprize,Web,2026-04-13,53,15,1,289.9,19.326666666666664,1.0,19.326666666666664
realprize,Web,2026-04-13,54,15,1,289.9,19.326666666666664,1.0,19.326666666666664
realprize,Web,2026-04-13,55,15,1,289.9,19.326666666666664,1.0,19.326666666666664
realprize,Web,2026-04-13,56,15,1,289.9,19.326666666666664,1.0,19.326666666666664
realprize,Web,2026-04-13,57,15,1,289.9,19.326666666666664,1.0,19.326666666666664
realprize,Web,2026-04-13,58,15,1,289.9,19.326666666666664,1.0,19.326666666666664
realprize,Web,2026-04-13,59,15,1,289.9,19.326666666666664,1.0,19.326666666666664
realprize,Web,2026-04-13,60,15,1,289.9,19.326666666666664,1.0,19.326666666666664
realprize,Web,2026-04-13,61,15,1,289.9,19.326666666666664,1.0,19.326666666666664
realprize,Web,2026-04-13,62,15,1,289.9,19.326666666666664,1.0,19.326666666666664
realprize,Web,2026-04-13,63,15,1,289.9,19.326666666666664,1.0,19.326666666666664
realprize,Web,2026-04-13,64,15,1,289.9,19.326666666666664,1.0,19.326666666666664
realprize,Web,2026-04-13,65,15,1,289.9,19.326666666666664,1.0,19.326666666666664
realprize,Web,2026-04-13,66,15,1,289.9,19.326666666666664,1.0,19.326666666666664
realprize,Web,2026-04-13,67,15,1,289.9,19.326666666666664,1.0,19.326666666666664
realprize,Web,2026-04-13,68,15,1,289.9,19.326666666666664,1.0,19.326666666666664
realprize,Web,2026-04-13,69,15,1,289.9,19.326666666666664,1.0,19.326666666666664
realprize,Web,2026-04-13,70,15,1,289.9,19.326666666666664,1.0,19.326666666666664
realprize,Web,2026-04-13,71,15,1,289.9,19.326666666666664,1.0,19.326666666666664
realprize,Web,2026-04-13,72,15,1,289.9,19.326666666666664,1.0,19.326666666666664
realprize,Web,2026-04-13,73,15,1,289.9,19.326666666666664,1.0,19.326666666666664
realprize,Web,2026-04-13,74,15,1,289.9,19.326666666666664,1.0,19.326666666666664
realprize,Web,2026-04-13,75,15,1,289.9,19.326666666666664,1.0,19.326666666666664
realprize,Web,2026-04-13,76,15,1,289.9,19.326666666666664,1.0,19.326666666666664
realprize,Web,2026-04-13,77,15,1,289.9,19.326666666666664,1.0,19.326666666666664
realprize,Web,2026-04-13,78,15,1,289.9,19.326666666666664,1.0,19.326666666666664
realprize,Web,2026-04-13,79,15,1,289.9,19.326666666666664,1.0,19.326666666666664
realprize,Web,2026-04-13,80,15,1,289.9,19.326666666666664,1.0,19.326666666666664
realprize,Web,2026-04-13,81,15,1,289.9,19.326666666666664,1.0,19.326666666666664
realprize,Web,2026-04-13,82,15,1,289.9,19.326666666666664,1.0,19.326666666666664
realprize,Web,2026-04-13,83,15,1,289.9,19.326666666666664,1.0,19.326666666666664
realprize,Web,2026-04-13,84,15,1,289.9,19.326666666666664,1.0,19.326666666666664
realprize,Web,2026-04-13,85,15,1,289.9,19.326666666666664,1.0,19.326666666666664
realprize,Web,2026-04-13,86,15,1,289.9,19.326666666666664,1.0,19.326666666666664
realprize,Web,2026-04-13,87,15,1,289.9,19.326666666666664,1.0,19.326666666666664
realprize,Web,2026-04-13,88,15,1,289.9,19.326666666666664,1.0,19.326666666666664
realprize,Web,2026-04-13,89,15,1,289.9,19.326666666666664,1.0,19.326666666666664
realprize,Web,2026-04-13,90,15,1,289.9,19.326666666666664,1.0,19.326666666666664
realprize,Web,2026-04-13,91,15,1,289.9,19.326666666666664,1.0,19.326666666666664
realprize,Web,2026-04-13,92,15,1,289.9,19.326666666666664,1.0,19.326666666666664
realprize,Web,2026-04-13,93,15,1,289.9,19.326666666666664,1.0,19.326666666666664
realprize,Web,2026-04-13,94,15,1,289.9,19.326666666666664,1.0,19.326666666666664
realprize,Web,2026-04-13,95,15,1,289.9,19.326666666666664,1.0,19.326666666666664
realprize,Web,2026-04-13,96,15,1,289.9,19.326666666666664,1.0,19.326666666666664
realprize,Web,2026-04-13,97,15,1,289.9,19.326666666666664,1.0,19.326666666666664
realprize,Web,2026-04-13,98,15,1,289.9,19.326666666666664,1.0,19.326666666666664
realprize,Web,2026-04-13,99,15,1,289.9,19.326666666666664,1.0,19.326666666666664
realprize,Web,2026-04-13,100,15,1,289.9,19.326666666666664,1.0,19.326666666666664
realprize,Web,2026-04-13,101,15,1,289.9,19.326666666666664,1.0,19.326666666666664
realprize,Web,2026-04-13,102,15,1,289.9,19.326666666666664,1.0,19.326666666666664
realprize,Web,2026-04-13,103,15,1,289.9,19.326666666666664,1.0,19.326666666666664
realprize,Web,2026-04-13,104,15,1,289.9,19.326666666666664,1.0,19.326666666666664
realprize,Web,2026-04-13,105,15,1,289.9,19.326666666666664,1.0,19.326666666666664
realprize,Web,2026-04-13,106,15,1,289.9,19.326666666666664,1.0,19.326666666666664
realprize,Web,2026-04-13,107,15,1,289.9,19.326666666666664,1.0,19.326666666666664
realprize,Web,2026-04-13,108,15,1,289.9,19.326666666666664,1.0,19.326666666666664
realprize,Web,2026-04-13,109,15,1,289.9,19.326666666666664,1.0,19.326666666666664
realprize,Web,2026-04-13,110,15,1,289.9,19.326666666666664,1.0,19.326666666666664
realprize,Web,2026-04-13,111,15,1,289.9,19.326666666666664,1.0,19.326666666666664
realprize,Web,2026-04-13,112,15,1,289.9,19.326666666666664,1.0,19.326666666666664
realprize,Web,2026-04-13,113,15,1,289.9,19.326666666666664,1.0,19.326666666666664
realprize,Web,2026-04-13,114,15,1,289.9,19.326666666666664,1.0,19.326666666666664
realprize,Web,2026-04-13,115,15,1,289.9,19.326666666666664,1.0,19.326666666666664
realprize,Web,2026-04-13,116,15,1,289.9,19.326666666666664,1.0,19.326666666666664
realprize,Web,2026-04-13,117,15,1,289.9,19.326666666666664,1.0,19.326666666666664
realprize,Web,2026-04-13,118,15,1,289.9,19.326666666666664,1.0,19.326666666666664
realprize,Web,2026-04-13,119,15,1,289.9,19.326666666666664,1.0,19.326666666666664
realprize,Web,2026-04-13,120,15,1,289.9,19.326666666666664,1.0,19.326666666666664
realprize,App,overall,1,2955,5,6068.099999999999,2.053502538071066,0.0327582257664248,62.68662267343485
realprize,App,overall,2,2955,5,10163.3,3.439357021996616,0.0548658848621324,62.68662267343485
realprize,App,overall,3,2955,5,16400.92,5.550226734348561,0.0885392528364846,62.68662267343485
realprize,App,overall,4,2955,5,25891.61,8.761966159052454,0.1397740982904407,62.68662267343485
realprize,App,overall,5,2955,5,30171.19,10.210216582064298,0.1628771202949358,62.68662267343485
realprize,App,overall,6,2955,5,33392.93,11.300483925549916,0.1802694648971542,62.68662267343485
realprize,App,overall,7,2955,5,35973.53,12.173783417935702,0.1942006587490742,62.68662267343485
realprize,App,overall,8,2955,5,42305.1,14.316446700507614,0.2283812094182989,62.68662267343485
realprize,App,overall,9,2955,5,43308.86,14.656128595600675,0.2337999396131386,62.68662267343485
realprize,App,overall,10,2955,5,49177.21000000001,16.642033840947548,0.26547982856955,62.68662267343485
realprize,App,overall,11,2955,5,50008.82,16.923458544839256,0.269969218680065,62.68662267343485
realprize,App,overall,12,2955,5,50751.33,17.174730964467006,0.273977608491345,62.68662267343485
realprize,App,overall,13,2955,5,54209.05000000001,18.34485617597293,0.2926438750982043,62.68662267343485
realprize,App,overall,14,2955,5,60651.670000000006,20.525099830795263,0.3274239216510435,62.68662267343485
realprize,App,overall,15,2955,5,64103.350000000006,21.693181049069377,0.3460575817280781,62.68662267343485
realprize,App,overall,16,2955,5,65696.08,22.23217597292724,0.3546558264710714,62.68662267343485
realprize,App,overall,17,2955,5,68178.67,23.072307952622676,0.3680579199938328,62.68662267343485
realprize,App,overall,18,2955,5,69411.44,23.48948900169205,0.3747129451216449,62.68662267343485
realprize,App,overall,19,2955,5,70035.18000000001,23.700568527918783,0.378080163153574,62.68662267343485
realprize,App,overall,20,2955,5,77272.9,26.149881556683585,0.4171525030613159,62.68662267343485
realprize,App,overall,21,2955,5,79591.71,26.93458883248731,0.4296704413763476,62.68662267343485
realprize,App,overall,22,2955,5,81041.47,27.425201353637902,0.4374968722834078,62.68662267343485
realprize,App,overall,23,2955,5,81288.32,27.50873773265652,0.4388294752448689,62.68662267343485
realprize,App,overall,24,2955,5,82903.07,28.055184433164133,0.4475465934624881,62.68662267343485
realprize,App,overall,25,2955,5,88998.8,30.1180372250423,0.4804539779075645,62.68662267343485
realprize,App,overall,26,2955,5,92573.53,31.32775972927242,0.4997519150532958,62.68662267343485
realprize,App,overall,27,2955,5,94405.2,31.94761421319797,0.5096400611599169,62.68662267343485
realprize,App,overall,28,2955,5,101434.79,34.32649407783418,0.5475888253967295,62.68662267343485
realprize,App,overall,29,2955,5,105234.54,35.6123654822335,0.5681015177313932,62.68662267343485
realprize,App,overall,30,2955,5,109243.19,36.96893062605753,0.5897419425296956,62.68662267343485
realprize,App,overall,31,2955,5,113862.91,38.532287648054144,0.6146811872253447,62.68662267343485
realprize,App,overall,32,2955,5,121302.65000000002,41.04996615905246,0.654844118383945,62.68662267343485
realprize,App,overall,33,2955,5,125398.45,42.43602368866328,0.6769550165389066,62.68662267343485
realprize,App,overall,34,2955,5,127065.24,43.00008121827411,0.6859530691624987,62.68662267343485
realprize,App,overall,35,2955,5,129690.03,43.88833502538071,0.7001228197284838,62.68662267343485
realprize,App,overall,36,2955,5,130593.56,44.19409813874789,0.7050004650749248,62.68662267343485
realprize,App,overall,37,2955,5,133518.90000000002,45.18406091370559,0.7207927144056138,62.68662267343485
realprize,App,overall,38,2955,5,134478.62,45.508839255499154,0.7259736976512017,62.68662267343485
realprize,App,overall,39,2955,5,135017.35,45.69115059221659,0.7288819949711448,62.68662267343485
realprize,App,overall,40,2955,5,135485.19,45.84947208121827,0.7314075974402148,62.68662267343485
realprize,App,overall,41,2955,5,136816.98,46.30016243654823,0.7385971753135965,62.68662267343485
realprize,App,overall,42,2955,5,137408.67,46.500395939086296,0.7417913735970354,62.68662267343485
realprize,App,overall,43,2955,5,137743.52,46.61371235194585,0.7435990385824323,62.68662267343485
realprize,App,overall,44,2955,5,141342.36000000002,47.83159390862944,0.7630271319258578,62.68662267343485
realprize,App,overall,45,2955,5,141977.12,48.0464027072758,0.7664538406794208,62.68662267343485
realprize,App,overall,46,2955,5,142329.00000000003,48.16548223350255,0.7683534409633138,62.68662267343485
realprize,App,overall,47,2955,5,142530.88,48.23380033840948,0.7694432764336794,62.68662267343485
realprize,App,overall,48,2955,5,143755.74,48.64830456852791,0.7760555999636578,62.68662267343485
realprize,App,overall,49,2955,5,144079.66999999998,48.75792554991539,0.77780431407063,62.68662267343485
realprize,App,overall,50,2955,5,144504.56,48.901712351945854,0.7800980538814268,62.68662267343485
realprize,App,overall,51,2955,5,145070.43,49.09320812182741,0.7831528646482974,62.68662267343485
realprize,App,overall,52,2955,5,145232.32,49.147993231810496,0.7840268168193768,62.68662267343485
realprize,App,overall,53,2955,5,146303.06,49.51034179357022,0.7898071339956166,62.68662267343485
realprize,App,overall,54,2955,5,147589.81,49.94579018612521,0.7967535664876565,62.68662267343485
realprize,App,overall,55,2955,5,148388.5,50.216074450084605,0.8010652402137629,62.68662267343485
realprize,App,overall,56,2955,5,148749.24000000002,50.33815228426396,0.8030126706059747,62.68662267343485
realprize,App,overall,57,2955,5,148987.09,50.41864297800338,0.8042966876786241,62.68662267343485
realprize,App,overall,58,2955,5,149310.00999999998,50.52792216582064,0.8060399493691851,62.68662267343485
realprize,App,overall,59,2955,5,149602.87,50.62702876480542,0.8076209341911156,62.68662267343485
realprize,App,overall,60,2955,5,150016.79,50.76710321489002,0.8098554532018831,62.68662267343485
realprize,App,overall,61,2955,5,150338.66999999998,50.87603045685279,0.8115931005230703,62.68662267343485
realprize,App,overall,62,2955,5,150640.52999999997,50.97818274111674,0.8132226712338121,62.68662267343485
realprize,App,overall,63,2955,5,150987.3,51.09553299492386,0.8150946855297242,62.68662267343485
realprize,App,overall,64,2955,5,151445.14,51.2504703891709,0.8175663036778925,62.68662267343485
realprize,App,overall,65,2955,5,151822.94999999998,51.37832487309644,0.8196058853058835,62.68662267343485
realprize,App,overall,66,2955,5,153251.53999999998,51.86177326565143,0.8273180314055946,62.68662267343485
realprize,App,overall,67,2955,5,155641.31,52.67049407783418,0.8402190424617456,62.68662267343485
realprize,App,overall,68,2955,5,155880.19999999998,52.75133671742808,0.8415086739037687,62.68662267343485
realprize,App,overall,69,2955,5,155964.1,52.77972927241963,0.841961602356135,62.68662267343485
realprize,App,overall,70,2955,5,156359.89,52.91366835871405,0.8440982477931076,62.68662267343485
realprize,App,overall,71,2955,5,156741.69999999998,53.04287648054145,0.8461594231494594,62.68662267343485
realprize,App,overall,72,2955,5,156903.56,53.09765143824027,0.8470332133675761,62.68662267343485
realprize,App,overall,73,2955,5,157008.5,53.1331641285956,0.8475997248311197,62.68662267343485
realprize,App,overall,74,2955,5,157295.33000000002,53.23023011844332,0.8491481571075462,62.68662267343485
realprize,App,overall,75,2955,5,157935.87,53.446994923857865,0.8526060687985904,62.68662267343485
realprize,App,overall,76,2955,5,158244.74,53.55151945854484,0.8542734825182845,62.68662267343485
realprize,App,overall,77,2955,5,159505.6,53.97820642978004,0.8610801496035096,62.68662267343485
realprize,App,overall,78,2955,5,163027.43,55.17002707275803,0.8800925096916702,62.68662267343485
realprize,App,overall,79,2955,5,163387.28999999998,55.29180710659898,0.8820351894636426,62.68662267343485
realprize,App,overall,80,2955,5,163475.14,55.32153637901862,0.8825094417227651,62.68662267343485
realprize,App,overall,81,2955,5,163822.87000000002,55.439211505922174,0.8843866385134836,62.68662267343485
realprize,App,overall,82,2955,5,165224.42,55.91350930626058,0.8919528110094762,62.68662267343485
realprize,App,overall,83,2955,5,165934.12,56.153678510998304,0.8957840782638773,62.68662267343485
realprize,App,overall,84,2955,5,166543.91,56.36003722504231,0.8990759881681486,62.68662267343485
realprize,App,overall,85,2955,5,169078.36,57.21771912013536,0.9127580443791068,62.68662267343485
realprize,App,overall,86,2955,5,169241.25,57.27284263959391,0.9136373949822764,62.68662267343485
realprize,App,overall,87,2955,5,169710.09999999998,57.43150592216581,0.9161684498677573,62.68662267343485
realprize,App,overall,88,2955,5,170096.94,57.56241624365482,0.9182567793375228,62.68662267343485
realprize,App,overall,89,2955,5,170488.7,57.69499153976312,0.920371669093172,62.68662267343485
realprize,App,overall,90,2955,5,170900.56,57.834368866328255,0.9225950673338338,62.68662267343485
realprize,App,overall,91,2955,5,171142.43,57.91621996615905,0.9239007861034856,62.68662267343485
realprize,App,overall,92,2955,5,172539.27999999997,58.38892724196276,0.9314415859686545,62.68662267343485
realprize,App,overall,93,2955,5,172772.13000000003,58.467725888324885,0.9326986108808532,62.68662267343485
realprize,App,overall,94,2955,5,173279.96,58.63958037225042,0.9354400966492096,62.68662267343485
realprize,App,overall,95,2955,5,173608.78,58.75085617597293,0.9372152090891028,62.68662267343485
realprize,App,overall,96,2955,5,173779.69,58.808693739424704,0.9381378551176356,62.68662267343485
realprize,App,overall,97,2955,5,174136.51,58.92944500846024,0.9400641236560536,62.68662267343485
realprize,App,overall,98,2955,5,174196.45,58.94972927241963,0.9403877056755392,62.68662267343485
realprize,App,overall,99,2955,5,174210.43,58.95446023688663,0.94046317575616,62.68662267343485
realprize,App,overall,100,2955,5,174724.3,59.12835871404399,0.9432372680543408,62.68662267343485
realprize,App,overall,101,2955,5,174933.18000000002,59.1990456852792,0.944364892549338,62.68662267343485
realprize,App,overall,102,2955,5,175004.13999999998,59.22305922165821,0.944747965290457,62.68662267343485
realprize,App,overall,103,2955,5,175206.03999999998,59.29138409475465,0.9458379087294644,62.68662267343485
realprize,App,overall,104,2955,5,176471.94999999998,59.71978003384094,0.9526718378967448,62.68662267343485
realprize,App,overall,105,2955,5,176736.80000000002,59.80940778341794,0.9541016126358296,62.68662267343485
realprize,App,overall,106,2955,5,177066.63999999998,59.921028764805406,0.9558822314764543,62.68662267343485
realprize,App,overall,107,2955,5,177331.53,60.01067005076142,0.9573122221528224,62.68662267343485
realprize,App,overall,108,2955,5,178693.42999999996,60.47154991539762,0.9646643468164392,62.68662267343485
realprize,App,overall,109,2955,5,180080.36000000002,60.940900169204745,0.9721515942352738,62.68662267343485
realprize,App,overall,110,2955,5,180171.31,60.97167851099831,0.9726425816338756,62.68662267343485
realprize,App,overall,111,2955,5,180794.19,61.18246700507614,0.9760051570142072,62.68662267343485
realprize,App,overall,112,2955,5,182305.11,61.69377664974619,0.9841617560279028,62.68662267343485
realprize,App,overall,113,2955,5,182552.97,61.77765482233502,0.985499811405775,62.68662267343485
realprize,App,overall,114,2955,5,182697.89,61.826697123519466,0.9862821521842842,62.68662267343485
realprize,App,overall,115,2955,5,183219.72,62.00328934010152,0.989099216001903,62.68662267343485
realprize,App,overall,116,2955,5,183843.58,62.21440947546531,0.992467081845683,62.68662267343485
realprize,App,overall,117,2955,5,184118.4,62.30741116751268,0.9939506789527064,62.68662267343485
realprize,App,overall,118,2955,5,184479.23,62.429519458544846,0.9958985952038064,62.68662267343485
realprize,App,overall,119,2955,5,184747.03,62.52014551607445,0.9973442953175568,62.68662267343485
realprize,App,overall,120,2955,5,185238.97,62.68662267343485,1.0,62.68662267343485
realprize,App,2026-04-10,1,592,1,1172.3,1.9802364864864863,0.0504371463150508,39.26146959459459
realprize,App,2026-04-10,2,592,1,1927.13,3.255287162162162,0.0829130237807079,39.26146959459459
realprize,App,2026-04-10,3,592,1,2722.02,4.598006756756757,0.1171124464834041,39.26146959459459
realprize,App,2026-04-10,4,592,1,2880.98,4.866520270270271,0.1239515565902372,39.26146959459459
realprize,App,2026-04-10,5,592,1,3118.78,5.268209459459459,0.1341826863298253,39.26146959459459
realprize,App,2026-04-10,6,592,1,3365.67,5.685253378378379,0.1448049050909981,39.26146959459459
realprize,App,2026-04-10,7,592,1,3475.61,5.870962837837838,0.1495349740715293,39.26146959459459
realprize,App,2026-04-10,8,592,1,3489.59,5.894577702702703,0.1501364509166068,39.26146959459459
realprize,App,2026-04-10,9,592,1,3588.55,6.061739864864865,0.1543941153364119,39.26146959459459
realprize,App,2026-04-10,10,592,1,3640.46,6.149425675675675,0.156627496096639,39.26146959459459
realprize,App,2026-04-10,11,592,1,3860.35,6.520861486486487,0.1660880642986492,39.26146959459459
realprize,App,2026-04-10,12,592,1,4007.2,6.768918918918919,0.1724061526176505,39.26146959459459
realprize,App,2026-04-10,13,592,1,4126.13,6.969814189189189,0.177523008210288,39.26146959459459
realprize,App,2026-04-10,14,592,1,4251.02,7.180777027027028,0.182896287407837,39.26146959459459
realprize,App,2026-04-10,15,592,1,4380.96,7.40027027027027,0.1884868382840442,39.26146959459459
realprize,App,2026-04-10,16,592,1,4410.9400000000005,7.4509121621621635,0.1897767006456626,39.26146959459459
realprize,App,2026-04-10,17,592,1,4461.9,7.536993243243242,0.1919692085158451,39.26146959459459
realprize,App,2026-04-10,18,592,1,4555.85,7.695692567567568,0.1960113222207833,39.26146959459459
realprize,App,2026-04-10,19,592,1,4666.78,7.8830743243243235,0.2007839850551504,39.26146959459459
realprize,App,2026-04-10,20,592,1,4915.66,8.30347972972973,0.211491821764943,39.26146959459459
realprize,App,2026-04-10,21,592,1,5074.58,8.571925675675676,0.2183292109079848,39.26146959459459
realprize,App,2026-04-10,22,592,1,5159.54,8.715439189189189,0.2219845380008166,39.26146959459459
realprize,App,2026-04-10,23,592,1,5201.52,8.786351351351351,0.2237906894998406,39.26146959459459
realprize,App,2026-04-10,24,592,1,5293.46,8.941655405405406,0.2277463247742634,39.26146959459459
realprize,App,2026-04-10,25,592,1,5333.4400000000005,9.00918918918919,0.2294664280837197,39.26146959459459
realprize,App,2026-04-10,26,592,1,5403.400000000001,9.127364864864866,0.2324763937547945,39.26146959459459
realprize,App,2026-04-10,27,592,1,5520.33,9.324881756756756,0.2375072011578644,39.26146959459459
realprize,App,2026-04-10,28,592,1,5789.17,9.77900337837838,0.2490737987995417,39.26146959459459
realprize,App,2026-04-10,29,592,1,6054.06,10.226452702702703,0.260470451266823,39.26146959459459
realprize,App,2026-04-10,30,592,1,6120.01,10.337854729729733,0.2633078903178147,39.26146959459459
realprize,App,2026-04-10,31,592,1,6841.88,11.55722972972973,0.2943656936193977,39.26146959459459
realprize,App,2026-04-10,32,592,1,6901.86,11.658547297297297,0.2969462788245301,39.26146959459459
realprize,App,2026-04-10,33,592,1,6950.83,11.741266891891891,0.2990531687460929,39.26146959459459
realprize,App,2026-04-10,34,592,1,7174.78,12.11956081081081,0.3086884147729253,39.26146959459459
realprize,App,2026-04-10,35,592,1,7199.76,12.161756756756755,0.3097631566606247,39.26146959459459
realprize,App,2026-04-10,36,592,1,7639.51,12.904577702702705,0.3286830023418015,39.26146959459459
realprize,App,2026-04-10,37,592,1,8763.98,14.80402027027027,0.3770623062033431,39.26146959459459
realprize,App,2026-04-10,38,592,1,9058.87,15.302145270270271,0.3897496815141384,39.26146959459459
realprize,App,2026-04-10,39,592,1,9408.69,15.893057432432434,0.404800370351408,39.26146959459459
realprize,App,2026-04-10,40,592,1,9573.6,16.17162162162162,0.4118954738222047,39.26146959459459
realprize,App,2026-04-10,41,592,1,9807.47,16.566672297297295,0.4219575188692924,39.26146959459459
realprize,App,2026-04-10,42,592,1,10152.27,17.149104729729732,0.4367922267507473,39.26146959459459
realprize,App,2026-04-10,43,592,1,10182.24,17.19972972972973,0.4380816588714178,39.26146959459459
realprize,App,2026-04-10,44,592,1,10292.2,17.38547297297297,0.4428125883338446,39.26146959459459
realprize,App,2026-04-10,45,592,1,10744.02,18.148682432432437,0.462251734839062,39.26146959459459
realprize,App,2026-04-10,46,592,1,10867.98,18.358074324324324,0.467585001628462,39.26146959459459
realprize,App,2026-04-10,47,592,1,10882.95,18.38336148648649,0.4682290723273756,39.26146959459459
realprize,App,2026-04-10,48,592,1,10903.92,18.418783783783784,0.4691312875949919,39.26146959459459
realprize,App,2026-04-10,49,592,1,10920.9,18.447466216216217,0.4698618367244209,39.26146959459459
realprize,App,2026-04-10,50,592,1,11050.87,18.667010135135133,0.4754536783234715,39.26146959459459
realprize,App,2026-04-10,51,592,1,11350.84,19.173716216216217,0.4883596160357686,39.26146959459459
realprize,App,2026-04-10,52,592,1,11390.79,19.241199324324327,0.4900784286223815,39.26146959459459
realprize,App,2026-04-10,53,592,1,12385.61,20.921638513513518,0.5328796585952031,39.26146959459459
realprize,App,2026-04-10,54,592,1,13500.45,22.80481418918919,0.5808446404239768,39.26146959459459
realprize,App,2026-04-10,55,592,1,14124.24,23.858513513513515,0.6076826405091645,39.26146959459459
realprize,App,2026-04-10,56,592,1,14314.09,24.17920608108108,0.6158507649038693,39.26146959459459
realprize,App,2026-04-10,57,592,1,14344.06,24.22983108108108,0.6171401970245397,39.26146959459459
realprize,App,2026-04-10,58,592,1,14349.05,24.238260135135132,0.617354887257511,39.26146959459459
realprize,App,2026-04-10,59,592,1,14502.99,24.49829391891892,0.6239780164085293,39.26146959459459
realprize,App,2026-04-10,60,592,1,14557.96,24.59114864864865,0.626343050898795,39.26146959459459
realprize,App,2026-04-10,61,592,1,14597.94,24.658682432432432,0.6280631542082513,39.26146959459459
realprize,App,2026-04-10,62,592,1,14697.92,24.827567567567566,0.6323647032047358,39.26146959459459
realprize,App,2026-04-10,63,592,1,14729.89,24.88157094594595,0.6337401835149741,39.26146959459459
realprize,App,2026-04-10,64,592,1,14798.85,24.998057432432432,0.636707125091265,39.26146959459459
realprize,App,2026-04-10,65,592,1,15093.73,25.496165540540535,0.6493940701611124,39.26146959459459
realprize,App,2026-04-10,66,592,1,16320.52,27.568445945945943,0.7021755994009327,39.26146959459459
realprize,App,2026-04-10,67,592,1,16465.44,27.81324324324324,0.7084106512170012,39.26146959459459
realprize,App,2026-04-10,68,592,1,16610.4,28.05810810810811,0.7146474239968612,39.26146959459459
realprize,App,2026-04-10,69,592,1,16630.37,28.091841216216213,0.7155066151696936,39.26146959459459
realprize,App,2026-04-10,70,592,1,16645.34,28.11712837837838,0.7161506858686072,39.26146959459459
realprize,App,2026-04-10,71,592,1,16976.21,28.6760304054054,0.7303860681097235,39.26146959459459
realprize,App,2026-04-10,72,592,1,16991.18,28.701317567567568,0.7310301388086371,39.26146959459459
realprize,App,2026-04-10,73,592,1,17004.16,28.723243243243243,0.7315885915589309,39.26146959459459
realprize,App,2026-04-10,74,592,1,17032.13,28.770489864864867,0.7327919754900339,39.26146959459459
realprize,App,2026-04-10,75,592,1,17157.03,28.981469594594596,0.7381656849285306,39.26146959459459
realprize,App,2026-04-10,76,592,1,17316.99,29.2516722972973,0.7450478191301477,39.26146959459459
realprize,App,2026-04-10,77,592,1,17386.95,29.369847972972973,0.7480577848012224,39.26146959459459
realprize,App,2026-04-10,78,592,1,17473.89,29.51670608108108,0.7517982996017261,39.26146959459459
realprize,App,2026-04-10,79,592,1,17543.84,29.634864864864863,0.7548078350318531,39.26146959459459
realprize,App,2026-04-10,80,592,1,17548.829999999998,29.643293918918918,0.755022525264824,39.26146959459459
realprize,App,2026-04-10,81,592,1,17671.67,29.85079391891892,0.7603076050680664,39.26146959459459
realprize,App,2026-04-10,82,592,1,18565.44,31.360540540540537,0.7987612502629848,39.26146959459459
realprize,App,2026-04-10,83,592,1,18955.31,32.01910472972973,0.8155350540963459,39.26146959459459
realprize,App,2026-04-10,84,592,1,19314.17,32.62528716216217,0.830974680750461,39.26146959459459
realprize,App,2026-04-10,85,592,1,20755.71,35.060320945945946,0.8929956343451024,39.26146959459459
realprize,App,2026-04-10,86,592,1,20810.66,35.15314189189189,0.8953598083534724,39.26146959459459
realprize,App,2026-04-10,87,592,1,21207.56,35.82358108108108,0.9124360715731632,39.26146959459459
realprize,App,2026-04-10,88,592,1,21405.5,36.15793918918919,0.920952260894669,39.26146959459459
realprize,App,2026-04-10,89,592,1,21575.4,36.44493243243244,0.9282620545984372,39.26146959459459
realprize,App,2026-04-10,90,592,1,21575.4,36.44493243243244,0.9282620545984372,39.26146959459459
realprize,App,2026-04-10,91,592,1,21605.37,36.49555743243243,0.9295514867191074,39.26146959459459
realprize,App,2026-04-10,92,592,1,21900.33,36.99380067567568,0.9422418737165378,39.26146959459459
realprize,App,2026-04-10,93,592,1,21948.27,37.074780405405406,0.9443044488204732,39.26146959459459
realprize,App,2026-04-10,94,592,1,22138.25,37.395692567567565,0.9524781663474996,39.26146959459459
realprize,App,2026-04-10,95,592,1,22148.24,37.41256756756757,0.95290797705439,39.26146959459459
realprize,App,2026-04-10,96,592,1,22178.21,37.46319256756757,0.9541974091750604,39.26146959459459
realprize,App,2026-04-10,97,592,1,22358.18,37.76719594594594,0.9619404555133012,39.26146959459459
realprize,App,2026-04-10,98,592,1,22358.18,37.76719594594594,0.9619404555133012,39.26146959459459
realprize,App,2026-04-10,99,592,1,22358.18,37.76719594594594,0.9619404555133012,39.26146959459459
realprize,App,2026-04-10,100,592,1,22855.07,38.60653716216216,0.9833186979704246,39.26146959459459
realprize,App,2026-04-10,101,592,1,22860.06,38.61496621621621,0.9835333882033956,39.26146959459459
realprize,App,2026-04-10,102,592,1,22860.06,38.61496621621621,0.9835333882033956,39.26146959459459
realprize,App,2026-04-10,103,592,1,22892.03,38.66896959459459,0.9849088685136338,39.26146959459459
realprize,App,2026-04-10,104,592,1,22892.03,38.66896959459459,0.9849088685136338,39.26146959459459
realprize,App,2026-04-10,105,592,1,22938.99,38.74829391891892,0.9869292800046812,39.26146959459459
realprize,App,2026-04-10,106,592,1,22978.95,38.81579391891892,0.988648522832242,39.26146959459459
realprize,App,2026-04-10,107,592,1,22998.94,38.84956081081081,0.98950857448697,39.26146959459459
realprize,App,2026-04-10,108,592,1,22998.94,38.84956081081081,0.98950857448697,39.26146959459459
realprize,App,2026-04-10,109,592,1,22998.94,38.84956081081081,0.98950857448697,39.26146959459459
realprize,App,2026-04-10,110,592,1,22998.94,38.84956081081081,0.98950857448697,39.26146959459459
realprize,App,2026-04-10,111,592,1,22998.94,38.84956081081081,0.98950857448697,39.26146959459459
realprize,App,2026-04-10,112,592,1,22998.94,38.84956081081081,0.98950857448697,39.26146959459459
realprize,App,2026-04-10,113,592,1,23057.92,38.94918918918919,0.9920461355973188,39.26146959459459
realprize,App,2026-04-10,114,592,1,23112.9,39.04206081081081,0.9944116003285322,39.26146959459459
realprize,App,2026-04-10,115,592,1,23112.9,39.04206081081081,0.9944116003285322,39.26146959459459
realprize,App,2026-04-10,116,592,1,23112.9,39.04206081081081,0.9944116003285322,39.26146959459459
realprize,App,2026-04-10,117,592,1,23192.84,39.17709459459459,0.9978509464655492,39.26146959459459
realprize,App,2026-04-10,118,592,1,23207.81,39.20238175675675,0.9984950171644628,39.26146959459459
realprize,App,2026-04-10,119,592,1,23237.8,39.25304054054054,0.999785309767029,39.26146959459459
realprize,App,2026-04-10,120,592,1,23242.79,39.26146959459459,1.0,39.26146959459459
realprize,App,2026-04-14,1,334,1,500.58,1.4987425149700595,0.0888652978331339,16.865329341317363
realprize,App,2026-04-14,2,334,1,765.46,2.291796407185629,0.1358880316419967,16.865329341317363
realprize,App,2026-04-14,3,334,1,1050.35,3.144760479041916,0.1864630340385796,16.865329341317363
realprize,App,2026-04-14,4,334,1,1093.31,3.273383233532934,0.1940894937351545,16.865329341317363
realprize,App,2026-04-14,5,334,1,1127.28,3.3750898203592814,0.2001200066749275,16.865329341317363
realprize,App,2026-04-14,6,334,1,1160.25,3.4738023952095807,0.205972994947648,16.865329341317363
realprize,App,2026-04-14,7,334,1,1250.19,3.7430838323353295,0.2219395635023487,16.865329341317363
realprize,App,2026-04-14,8,334,1,1370.13,4.1021856287425145,0.2432318720686239,16.865329341317363
realprize,App,2026-04-14,9,334,1,1375.12,4.1171257485029935,0.2441177201572158,16.865329341317363
realprize,App,2026-04-14,10,334,1,1454.08,4.353532934131736,0.2581350678676802,16.865329341317363
realprize,App,2026-04-14,11,334,1,1476.07,4.41937125748503,0.2620388352961644,16.865329341317363
realprize,App,2026-04-14,12,334,1,1578.0,4.724550898203593,0.2801339246088244,16.865329341317363
realprize,App,2026-04-14,13,334,1,1594.98,4.775389221556886,0.2831482934553757,16.865329341317363
realprize,App,2026-04-14,14,334,1,1640.96,4.913053892215569,0.291310877646449,16.865329341317363
realprize,App,2026-04-14,15,334,1,1711.94,5.12556886227545,0.3039115785138345,16.865329341317363
realprize,App,2026-04-14,16,334,1,1770.91,5.302125748502994,0.3143802081299197,16.865329341317363
realprize,App,2026-04-14,17,334,1,1847.86,5.53251497005988,0.3280407312596086,16.865329341317363
realprize,App,2026-04-14,18,334,1,1954.81,5.852724550898204,0.347026994400872,16.865329341317363
realprize,App,2026-04-14,19,334,1,1991.8,5.963473053892216,0.3535936318351435,16.865329341317363
realprize,App,2026-04-14,20,334,1,1991.8,5.963473053892216,0.3535936318351435,16.865329341317363
realprize,App,2026-04-14,21,334,1,1991.8,5.963473053892216,0.3535936318351435,16.865329341317363
realprize,App,2026-04-14,22,334,1,2033.78,6.0891616766467065,0.3610461173580069,16.865329341317363
realprize,App,2026-04-14,23,334,1,2040.77,6.110089820359281,0.3622870147807038,16.865329341317363
realprize,App,2026-04-14,24,334,1,2112.74,6.325568862275448,0.3750634650684712,16.865329341317363
realprize,App,2026-04-14,25,334,1,2159.69,6.466137724550898,0.3833982481865856,16.865329341317363
realprize,App,2026-04-14,26,334,1,2231.63,6.681526946107785,0.3961693727343415,16.865329341317363
realprize,App,2026-04-14,27,334,1,2538.51,7.600329341317365,0.4506481425594086,16.865329341317363
realprize,App,2026-04-14,28,334,1,2583.48,7.73497005988024,0.458631426836759,16.865329341317363
realprize,App,2026-04-14,29,334,1,2630.45,7.875598802395209,0.4669697604482143,16.865329341317363
realprize,App,2026-04-14,30,334,1,2717.38,8.135868263473053,0.482401979755087,16.865329341317363
realprize,App,2026-04-14,31,334,1,2779.35,8.321407185628741,0.4934031833723296,16.865329341317363
realprize,App,2026-04-14,32,334,1,2799.32,8.381197604790419,0.4969483509733678,16.865329341317363
realprize,App,2026-04-14,33,334,1,2872.26,8.599580838323353,0.5098970001881762,16.865329341317363
realprize,App,2026-04-14,34,334,1,2948.21,8.826976047904191,0.5233799986508125,16.865329341317363
realprize,App,2026-04-14,35,334,1,3072.12,9.197964071856289,0.5453770801452862,16.865329341317363
realprize,App,2026-04-14,36,334,1,3182.08,9.527185628742515,0.5648976925343777,16.865329341317363
realprize,App,2026-04-14,37,334,1,3202.07,9.587035928143711,0.568446410628757,16.865329341317363
realprize,App,2026-04-14,38,334,1,3252.03,9.736616766467066,0.5773155429946992,16.865329341317363
realprize,App,2026-04-14,39,334,1,3342.0,10.005988023952096,0.5932874372894115,16.865329341317363
realprize,App,2026-04-14,40,334,1,3386.97,10.14062874251497,0.6012707215667618,16.865329341317363
realprize,App,2026-04-14,41,334,1,3436.96,10.290299401197604,0.6101451796727155,16.865329341317363
realprize,App,2026-04-14,42,334,1,3436.96,10.290299401197604,0.6101451796727155,16.865329341317363
realprize,App,2026-04-14,43,334,1,3451.93,10.335119760479042,0.6128027239384913,16.865329341317363
realprize,App,2026-04-14,44,334,1,3476.91,10.409910179640718,0.6172372901214624,16.865329341317363
realprize,App,2026-04-14,45,334,1,3526.9,10.559580838323354,0.6261117482274163,16.865329341317363
realprize,App,2026-04-14,46,334,1,3531.89,10.574520958083832,0.6269975963160082,16.865329341317363
realprize,App,2026-04-14,47,334,1,3546.87,10.61937125748503,0.6296569158284544,16.865329341317363
realprize,App,2026-04-14,48,334,1,3546.87,10.61937125748503,0.6296569158284544,16.865329341317363
realprize,App,2026-04-14,49,334,1,3566.86,10.679221556886228,0.6332056339228337,16.865329341317363
realprize,App,2026-04-14,50,334,1,3586.85,10.739071856287424,0.6367543520172129,16.865329341317363
realprize,App,2026-04-14,51,334,1,3677.8,11.011377245508983,0.6529002204856367,16.865329341317363
realprize,App,2026-04-14,52,334,1,3677.8,11.011377245508983,0.6529002204856367,16.865329341317363
realprize,App,2026-04-14,53,334,1,3712.76,11.116047904191618,0.6591064828457915,16.865329341317363
realprize,App,2026-04-14,54,334,1,3772.72,11.295568862275449,0.6697508618822586,16.865329341317363
realprize,App,2026-04-14,55,334,1,3792.71,11.355419161676648,0.6732995799766378,16.865329341317363
realprize,App,2026-04-14,56,334,1,3832.7,11.475149700598802,0.6803987914120668,16.865329341317363
realprize,App,2026-04-14,57,334,1,3914.67,11.72056886227545,0.6949504883703592,16.865329341317363
realprize,App,2026-04-14,58,334,1,3957.65,11.849251497005987,0.7025804985602752,16.865329341317363
realprize,App,2026-04-14,59,334,1,3979.64,11.91508982035928,0.7064842659887592,16.865329341317363
realprize,App,2026-04-14,60,334,1,3979.64,11.91508982035928,0.7064842659887592,16.865329341317363
realprize,App,2026-04-14,61,334,1,4034.61,12.079670658682634,0.7162427969366344,16.865329341317363
realprize,App,2026-04-14,62,334,1,4034.61,12.079670658682634,0.7162427969366344,16.865329341317363
realprize,App,2026-04-14,63,334,1,4057.6,12.148502994011976,0.720324089032171,16.865329341317363
realprize,App,2026-04-14,64,334,1,4106.57,12.29511976047904,0.7290174719777314,16.865329341317363
realprize,App,2026-04-14,65,334,1,4135.55,12.38188622754491,0.7341621368289125,16.865329341317363
realprize,App,2026-04-14,66,334,1,4192.5,12.55239520958084,0.7442721666175517,16.865329341317363
realprize,App,2026-04-14,67,334,1,4192.5,12.55239520958084,0.7442721666175517,16.865329341317363
realprize,App,2026-04-14,68,334,1,4212.49,12.612245508982037,0.7478208847119308,16.865329341317363
realprize,App,2026-04-14,69,334,1,4217.48,12.627185628742511,0.7487067328005226,16.865329341317363
realprize,App,2026-04-14,70,334,1,4306.46,12.893592814371258,0.764502877674853,16.865329341317363
realprize,App,2026-04-14,71,334,1,4306.46,12.893592814371258,0.764502877674853,16.865329341317363
realprize,App,2026-04-14,72,334,1,4306.46,12.893592814371258,0.764502877674853,16.865329341317363
realprize,App,2026-04-14,73,334,1,4306.46,12.893592814371258,0.764502877674853,16.865329341317363
realprize,App,2026-04-14,74,334,1,4346.44,13.01329341317365,0.7716003138636114,16.865329341317363
realprize,App,2026-04-14,75,334,1,4376.43,13.10308383233533,0.7769242786285155,16.865329341317363
realprize,App,2026-04-14,76,334,1,4376.43,13.10308383233533,0.7769242786285155,16.865329341317363
realprize,App,2026-04-14,77,334,1,4416.41,13.222784431137724,0.7840217148172739,16.865329341317363
realprize,App,2026-04-14,78,334,1,4644.38,13.905329341317366,0.8244920131652295,16.865329341317363
realprize,App,2026-04-14,79,334,1,4859.37,14.549011976047904,0.8626580413348436,16.865329341317363
realprize,App,2026-04-14,80,334,1,4859.37,14.549011976047904,0.8626580413348436,16.865329341317363
realprize,App,2026-04-14,81,334,1,4922.349999999999,14.7375748502994,0.8738385448658091,16.865329341317363
realprize,App,2026-04-14,82,334,1,4922.349999999999,14.7375748502994,0.8738385448658091,16.865329341317363
realprize,App,2026-04-14,83,334,1,4952.34,14.827365269461078,0.8791625096307133,16.865329341317363
realprize,App,2026-04-14,84,334,1,5057.32,15.141676646706586,0.8977990491778833,16.865329341317363
realprize,App,2026-04-14,85,334,1,5062.31,15.156616766467064,0.8986848972664752,16.865329341317363
realprize,App,2026-04-14,86,334,1,5062.31,15.156616766467064,0.8986848972664752,16.865329341317363
realprize,App,2026-04-14,87,334,1,5062.31,15.156616766467064,0.8986848972664752,16.865329341317363
realprize,App,2026-04-14,88,334,1,5067.3,15.171556886227544,0.8995707453550672,16.865329341317363
realprize,App,2026-04-14,89,334,1,5082.29,15.216437125748502,0.902231840114184,16.865329341317363
realprize,App,2026-04-14,90,334,1,5092.27,15.24631736526946,0.9040035362913678,16.865329341317363
realprize,App,2026-04-14,91,334,1,5092.27,15.24631736526946,0.9040035362913678,16.865329341317363
realprize,App,2026-04-14,92,334,1,5114.24,15.312095808383232,0.907903753226511,16.865329341317363
realprize,App,2026-04-14,93,334,1,5119.23,15.327035928143712,0.9087896013151028,16.865329341317363
realprize,App,2026-04-14,94,334,1,5144.21,15.40182634730539,0.913224167498074,16.865329341317363
realprize,App,2026-04-14,95,334,1,5189.19,15.536497005988023,0.9212092270220948,16.865329341317363
realprize,App,2026-04-14,96,334,1,5189.19,15.536497005988023,0.9212092270220948,16.865329341317363
realprize,App,2026-04-14,97,334,1,5189.19,15.536497005988023,0.9212092270220948,16.865329341317363
realprize,App,2026-04-14,98,334,1,5199.179999999999,15.56640718562874,0.922982698445949,16.865329341317363
realprize,App,2026-04-14,99,334,1,5199.179999999999,15.56640718562874,0.922982698445949,16.865329341317363
realprize,App,2026-04-14,100,334,1,5199.179999999999,15.56640718562874,0.922982698445949,16.865329341317363
realprize,App,2026-04-14,101,334,1,5246.16,15.707065868263472,0.931322807304075,16.865329341317363
realprize,App,2026-04-14,102,334,1,5246.16,15.707065868263472,0.931322807304075,16.865329341317363
realprize,App,2026-04-14,103,334,1,5253.15,15.727994011976048,0.932563704726772,16.865329341317363
realprize,App,2026-04-14,104,334,1,5288.11,15.832664670658682,0.9387699670869268,16.865329341317363
realprize,App,2026-04-14,105,334,1,5358.099999999999,16.042215568862275,0.9511949185339303,16.865329341317363
realprize,App,2026-04-14,106,334,1,5478.08,16.401437125748505,0.972494328086888,16.865329341317363
realprize,App,2026-04-14,107,334,1,5478.08,16.401437125748505,0.972494328086888,16.865329341317363
realprize,App,2026-04-14,108,334,1,5478.08,16.401437125748505,0.972494328086888,16.865329341317363
realprize,App,2026-04-14,109,334,1,5532.07,16.56308383233533,0.9820788848610515,16.865329341317363
realprize,App,2026-04-14,110,334,1,5539.06,16.584011976047904,0.9833197822837484,16.865329341317363
realprize,App,2026-04-14,111,334,1,5539.06,16.584011976047904,0.9833197822837484,16.865329341317363
realprize,App,2026-04-14,112,334,1,5539.06,16.584011976047904,0.9833197822837484,16.865329341317363
realprize,App,2026-04-14,113,334,1,5539.06,16.584011976047904,0.9833197822837484,16.865329341317363
realprize,App,2026-04-14,114,334,1,5539.06,16.584011976047904,0.9833197822837484,16.865329341317363
realprize,App,2026-04-14,115,334,1,5544.05,16.598952095808382,0.9842056303723404,16.865329341317363
realprize,App,2026-04-14,116,334,1,5544.05,16.598952095808382,0.9842056303723404,16.865329341317363
realprize,App,2026-04-14,117,334,1,5544.05,16.598952095808382,0.9842056303723404,16.865329341317363
realprize,App,2026-04-14,118,334,1,5633.02,16.865329341317363,1.0,16.865329341317363
realprize,App,2026-04-14,119,334,1,5633.02,16.865329341317363,1.0,16.865329341317363
realprize,App,2026-04-14,120,334,1,5633.02,16.865329341317363,1.0,16.865329341317363
realprize,App,2026-04-11,1,624,1,1925.26,3.085352564102564,0.0275576840415035,111.95979166666667
realprize,App,2026-04-11,2,624,1,3296.09,5.282195512820513,0.0471793974800076,111.95979166666667
realprize,App,2026-04-11,3,624,1,6079.04,9.742051282051282,0.087013838959757,111.95979166666667
realprize,App,2026-04-11,4,624,1,9238.98,14.806057692307691,0.1322444198216192,111.95979166666667
realprize,App,2026-04-11,5,624,1,10348.9,16.58477564102564,0.1481315335991586,111.95979166666667
realprize,App,2026-04-11,6,624,1,11401.85,18.27219551282051,0.1632031932251318,111.95979166666667
realprize,App,2026-04-11,7,624,1,12743.749999999998,20.42267628205128,0.1824108099705551,111.95979166666667
realprize,App,2026-04-11,8,624,1,17705.63,28.37440705128205,0.253433903626402,111.95979166666667
realprize,App,2026-04-11,9,624,1,17856.579999999998,28.6163141025641,0.2555945636962445,111.95979166666667
realprize,App,2026-04-11,10,624,1,21783.47,34.90940705128205,0.3118030726175019,111.95979166666667
realprize,App,2026-04-11,11,624,1,21808.46,34.94945512820512,0.3121607731484416,111.95979166666667
realprize,App,2026-04-11,12,624,1,21858.43,35.029535256410256,0.3128760310728539,111.95979166666667
realprize,App,2026-04-11,13,624,1,24966.390000000003,40.010240384615386,0.3573625833793639,111.95979166666667
realprize,App,2026-04-11,14,624,1,30242.3,48.46522435897436,0.4328806229228069,111.95979166666667
realprize,App,2026-04-11,15,624,1,32062.26,51.38182692307693,0.4589310694329795,111.95979166666667
realprize,App,2026-04-11,16,624,1,32308.17,51.77591346153847,0.4624509628928998,111.95979166666667
realprize,App,2026-04-11,17,624,1,34364.01,55.07052884615385,0.4918777359832277,111.95979166666667
realprize,App,2026-04-11,18,624,1,35273.96,56.52878205128205,0.5049025298259119,111.95979166666667
realprize,App,2026-04-11,19,624,1,35390.89,56.71616987179487,0.5065762362317858,111.95979166666667
realprize,App,2026-04-11,20,624,1,37940.85,60.802644230769225,0.5430757178594477,111.95979166666667
realprize,App,2026-04-11,21,624,1,39913.8,63.96442307692308,0.5713160244828049,111.95979166666667
realprize,App,2026-04-11,22,624,1,39956.77,64.03328525641027,0.5719310861800633,111.95979166666667
realprize,App,2026-04-11,23,624,1,40035.71,64.15979166666666,0.5730610133474257,111.95979166666667
realprize,App,2026-04-11,24,624,1,40217.62,64.45131410256411,0.5756648270162237,111.95979166666667
realprize,App,2026-04-11,25,624,1,46085.54,73.85503205128205,0.6596567477650157,111.95979166666667
realprize,App,2026-04-11,26,624,1,49232.43,78.89812500000001,0.7047005342319694,111.95979166666667
realprize,App,2026-04-11,27,624,1,49271.37,78.96052884615384,0.7052579115298803,111.95979166666667
realprize,App,2026-04-11,28,624,1,54392.23,87.16703525641026,0.7785566046418622,111.95979166666667
realprize,App,2026-04-11,29,624,1,55433.21,88.83527243589744,0.793456928719402,111.95979166666667
realprize,App,2026-04-11,30,624,1,55500.17,88.94258012820512,0.7944153772008637,111.95979166666667
realprize,App,2026-04-11,31,624,1,57980.130000000005,92.916875,0.8299128965569856,111.95979166666667
realprize,App,2026-04-11,32,624,1,60335.100000000006,96.6908653846154,0.863621340708539,111.95979166666667
realprize,App,2026-04-11,33,624,1,61435.09,98.45366987179489,0.8793663189809872,111.95979166666667
realprize,App,2026-04-11,34,624,1,62260.060000000005,99.7757371794872,0.8911747306260218,111.95979166666667
realprize,App,2026-04-11,35,624,1,62292.04,99.82698717948718,0.8916324842466481,111.95979166666667
realprize,App,2026-04-11,36,624,1,62481.98,100.1313782051282,0.8943512373017385,111.95979166666667
realprize,App,2026-04-11,37,624,1,62545.95,100.23389423076924,0.8952668876804588,111.95979166666667
realprize,App,2026-04-11,38,624,1,62645.94,100.39413461538462,0.89669811921662,111.95979166666667
realprize,App,2026-04-11,39,624,1,62667.93,100.429375,0.897012878507351,111.95979166666667
realprize,App,2026-04-11,40,624,1,62725.9,100.52227564102564,0.8978426464056536,111.95979166666667
realprize,App,2026-04-11,41,624,1,62845.89,100.7145673076923,0.8995601528765406,111.95979166666667
realprize,App,2026-04-11,42,624,1,63060.8,101.05897435897435,0.902636320187636,111.95979166666667
realprize,App,2026-04-11,43,624,1,63180.76,101.25121794871797,0.904353397246121,111.95979166666667
realprize,App,2026-04-11,44,624,1,63207.75,101.29447115384616,0.9047397252705334,111.95979166666667
realprize,App,2026-04-11,45,624,1,63227.74,101.3265064102564,0.9050258570677916,111.95979166666667
realprize,App,2026-04-11,46,624,1,63445.68,101.67576923076923,0.908145395031498,111.95979166666667
realprize,App,2026-04-11,47,624,1,63480.67,101.73184294871794,0.9086462330298006,111.95979166666667
realprize,App,2026-04-11,48,624,1,63485.66,101.73983974358976,0.908717658626015,111.95979166666667
realprize,App,2026-04-11,49,624,1,63485.66,101.73983974358976,0.908717658626015,111.95979166666667
realprize,App,2026-04-11,50,624,1,63549.64,101.8423717948718,0.9096334521422024,111.95979166666667
realprize,App,2026-04-11,51,624,1,63549.64,101.8423717948718,0.9096334521422024,111.95979166666667
realprize,App,2026-04-11,52,624,1,63576.630000000005,101.885625,0.9100197801666148,111.95979166666667
realprize,App,2026-04-11,53,624,1,63576.630000000005,101.885625,0.9100197801666148,111.95979166666667
realprize,App,2026-04-11,54,624,1,63616.61,101.94969551282053,0.9105920437611316,111.95979166666667
realprize,App,2026-04-11,55,624,1,63749.55,102.1627403846154,0.9124949132522536,111.95979166666667
realprize,App,2026-04-11,56,624,1,63786.52,102.2219871794872,0.913024092469094,111.95979166666667
realprize,App,2026-04-11,57,624,1,63859.5,102.3389423076923,0.9140687097059084,111.95979166666667
realprize,App,2026-04-11,58,624,1,63879.49,102.37097756410256,0.9143548415031666,111.95979166666667
realprize,App,2026-04-11,59,624,1,63879.49,102.37097756410256,0.9143548415031666,111.95979166666667
realprize,App,2026-04-11,60,624,1,64196.47,102.87895833333332,0.9188920129436348,111.95979166666667
realprize,App,2026-04-11,61,624,1,64351.45,103.12732371794873,0.9211103574128244,111.95979166666667
realprize,App,2026-04-11,62,624,1,64351.45,103.12732371794873,0.9211103574128244,111.95979166666667
realprize,App,2026-04-11,63,624,1,64351.45,103.12732371794873,0.9211103574128244,111.95979166666667
realprize,App,2026-04-11,64,624,1,64593.43,103.51511217948718,0.9245739978480711,111.95979166666667
realprize,App,2026-04-11,65,624,1,64637.4,103.58557692307691,0.9252033732920658,111.95979166666667
realprize,App,2026-04-11,66,624,1,64637.4,103.58557692307691,0.9252033732920658,111.95979166666667
realprize,App,2026-04-11,67,624,1,64757.38,103.77785256410256,0.9269207366254856,111.95979166666667
realprize,App,2026-04-11,68,624,1,64757.38,103.77785256410256,0.9269207366254856,111.95979166666667
realprize,App,2026-04-11,69,624,1,64788.37,103.82751602564105,0.9273643196368432,111.95979166666667
realprize,App,2026-04-11,70,624,1,64933.35,104.05985576923077,0.9294395266386698,111.95979166666667
realprize,App,2026-04-11,71,624,1,64936.34,104.06464743589744,0.9294823247414112,111.95979166666667
realprize,App,2026-04-11,72,624,1,65023.29,104.20399038461538,0.9307269050201314,111.95979166666667
realprize,App,2026-04-11,73,624,1,65095.26,104.31932692307691,0.9317570653727422,111.95979166666667
realprize,App,2026-04-11,74,624,1,65174.22,104.4458653846154,0.9328872788150392,111.95979166666667
realprize,App,2026-04-11,75,624,1,65280.17,104.61565705128204,0.9344038202817488,111.95979166666667
realprize,App,2026-04-11,76,624,1,65310.16,104.66371794871796,0.93483308954637,111.95979166666667
realprize,App,2026-04-11,77,624,1,65441.13,104.87360576923076,0.9367077609564216,111.95979166666667
realprize,App,2026-04-11,78,624,1,66741.11,106.95690705128206,0.9553153454386598,111.95979166666667
realprize,App,2026-04-11,79,624,1,66741.11,106.95690705128206,0.9553153454386598,111.95979166666667
realprize,App,2026-04-11,80,624,1,66741.11,106.95690705128206,0.9553153454386598,111.95979166666667
realprize,App,2026-04-11,81,624,1,66811.08,107.06903846153848,0.9563168782977978,111.95979166666667
realprize,App,2026-04-11,82,624,1,66956.0,107.30128205128206,0.9583912264748204,111.95979166666667
realprize,App,2026-04-11,83,624,1,67203.91,107.69857371794872,0.9619397474282132,111.95979166666667
realprize,App,2026-04-11,84,624,1,67346.87,107.92767628205128,0.9639860406616328,111.95979166666667
realprize,App,2026-04-11,85,624,1,67590.82,108.3186217948718,0.96747787917795,111.95979166666667
realprize,App,2026-04-11,86,624,1,67621.81,108.36828525641025,0.9679214621893074,111.95979166666667
realprize,App,2026-04-11,87,624,1,67681.78,108.46439102564102,0.9687798575810826,111.95979166666667
realprize,App,2026-04-11,88,624,1,67703.77,108.4996314102564,0.9690946168718136,111.95979166666667
realprize,App,2026-04-11,89,624,1,67831.71,108.70466346153847,0.9709259176292544,111.95979166666667
realprize,App,2026-04-11,90,624,1,68059.65000000001,109.06995192307694,0.9741885930603236,111.95979166666667
realprize,App,2026-04-11,91,624,1,68129.63,109.18209935897436,0.9751902690569288,111.95979166666667
realprize,App,2026-04-11,92,624,1,68202.61,109.29905448717948,0.9762348862937428,111.95979166666667
realprize,App,2026-04-11,93,624,1,68209.6,109.3102564102564,0.9763349393834296,111.95979166666667
realprize,App,2026-04-11,94,624,1,68286.54000000001,109.4335576923077,0.9774362390573196,111.95979166666667
realprize,App,2026-04-11,95,624,1,68475.46,109.73631410256412,0.9801403920907388,111.95979166666667
realprize,App,2026-04-11,96,624,1,68495.45,109.76834935897436,0.980426523887997,111.95979166666667
realprize,App,2026-04-11,97,624,1,68602.35,109.93966346153849,0.9819566634141064,111.95979166666667
realprize,App,2026-04-11,98,624,1,68615.33,109.96046474358975,0.9821424558467432,111.95979166666667
realprize,App,2026-04-11,99,624,1,68615.33,109.96046474358975,0.9821424558467432,111.95979166666667
realprize,App,2026-04-11,100,624,1,68625.32,109.97647435897436,0.9822854501766388,111.95979166666667
realprize,App,2026-04-11,101,624,1,68745.28,110.16871794871794,0.9840025272351236,111.95979166666667
realprize,App,2026-04-11,102,624,1,68806.25,110.26642628205128,0.9848752363736352,111.95979166666667
realprize,App,2026-04-11,103,624,1,68843.23,110.3256891025641,0.985404558727943,111.95979166666667
realprize,App,2026-04-11,104,624,1,68907.21,110.42822115384617,0.9863203522441308,111.95979166666667
realprize,App,2026-04-11,105,624,1,68933.2,110.4698717948718,0.9866923665218068,111.95979166666667
realprize,App,2026-04-11,106,624,1,69003.18000000001,110.58201923076923,0.9876940425184122,111.95979166666667
realprize,App,2026-04-11,107,624,1,69053.17,110.6621314102564,0.988409586717759,111.95979166666667
realprize,App,2026-04-11,108,624,1,69063.16,110.67814102564104,0.9885525810476544,111.95979166666667
realprize,App,2026-04-11,109,624,1,69086.15000000001,110.714983974359,0.988881654085122,111.95979166666667
realprize,App,2026-04-11,110,624,1,69096.13,110.73097756410256,0.98902450527755,111.95979166666667
realprize,App,2026-04-11,111,624,1,69285.07,111.03376602564104,0.991728944585904,111.95979166666667
realprize,App,2026-04-11,112,624,1,69384.04000000001,111.1923717948718,0.9931455761003944,111.95979166666667
realprize,App,2026-04-11,113,624,1,69464.02,111.32054487179488,0.9942903895643626,111.95979166666667
realprize,App,2026-04-11,114,624,1,69494.01000000001,111.36860576923078,0.9947196588289838,111.95979166666667
realprize,App,2026-04-11,115,624,1,69653.96,111.6249358974359,0.9970091426194528,111.95979166666667
realprize,App,2026-04-11,116,624,1,69673.95,111.65697115384614,0.9972952744167112,111.95979166666667
realprize,App,2026-04-11,117,624,1,69673.95,111.65697115384614,0.9972952744167112,111.95979166666667
realprize,App,2026-04-11,118,624,1,69700.94,111.70022435897437,0.9976816024411236,111.95979166666667
realprize,App,2026-04-11,119,624,1,69757.92,111.79153846153848,0.9984971997301572,111.95979166666667
realprize,App,2026-04-11,120,624,1,69862.91,111.95979166666667,1.0,111.95979166666667
realprize,App,2026-04-12,1,679,1,934.47,1.3762444771723124,0.0939277220816137,14.652164948453608
realprize,App,2026-04-12,2,679,1,1169.37,1.7221944035346095,0.1175385623621695,14.652164948453608
realprize,App,2026-04-12,3,679,1,1179.36,1.7369072164948451,0.118542701546515,14.652164948453608
realprize,App,2026-04-12,4,679,1,1274.28,1.876701030927835,0.1280835315142901,14.652164948453608
realprize,App,2026-04-12,5,679,1,1378.23,2.0297938144329897,0.1385320068108579,14.652164948453608
realprize,App,2026-04-12,6,679,1,1487.19,2.1902650957290133,0.1494840594160915,14.652164948453608
realprize,App,2026-04-12,7,679,1,1672.07,2.4625478645066274,0.1680671677646193,14.652164948453608
realprize,App,2026-04-12,8,679,1,1913.95,2.818777614138439,0.1923795987865897,14.652164948453608
realprize,App,2026-04-12,9,679,1,2085.86,3.0719587628865983,0.2096590349408272,14.652164948453608
realprize,App,2026-04-12,10,679,1,2697.52,3.972783505154639,0.2711396929485105,14.652164948453608
realprize,App,2026-04-12,11,679,1,2965.39,4.367290132547864,0.298064494080705,14.652164948453608
realprize,App,2026-04-12,12,679,1,3123.3,4.599852724594993,0.3139367281747987,14.652164948453608
realprize,App,2026-04-12,13,679,1,3270.2,4.81620029455081,0.3287022983630219,14.652164948453608
realprize,App,2026-04-12,14,679,1,3544.08,5.219558173784978,0.3562311912367497,14.652164948453608
realprize,App,2026-04-12,15,679,1,3723.95,5.484462444771723,0.3743107222766117,14.652164948453608
realprize,App,2026-04-12,16,679,1,4147.87,6.10879234167894,0.4169208006577664,14.652164948453608
realprize,App,2026-04-12,17,679,1,4201.82,6.188247422680412,0.4223435543109635,14.652164948453608
realprize,App,2026-04-12,18,679,1,4293.77,6.323667157584684,0.4315858564131224,14.652164948453608
realprize,App,2026-04-12,19,679,1,4342.72,6.395758468335789,0.4365060379019824,14.652164948453608
realprize,App,2026-04-12,20,679,1,4412.67,6.498777614138439,0.4435370224810581,14.652164948453608
realprize,App,2026-04-12,21,679,1,4579.62,6.744653902798232,0.460317907048273,14.652164948453608
realprize,App,2026-04-12,22,679,1,4772.52,7.028748159057437,0.4797071411483974,14.652164948453608
realprize,App,2026-04-12,23,679,1,4787.5,7.05081001472754,0.4812128473527514,14.652164948453608
realprize,App,2026-04-12,24,679,1,4846.45,7.137628865979381,0.4871381731702855,14.652164948453608
realprize,App,2026-04-12,25,679,1,4896.4,7.211192930780559,0.4921588690920129,14.652164948453608
realprize,App,2026-04-12,26,679,1,4908.38,7.2288365243004415,0.4933630319977645,14.652164948453608
realprize,App,2026-04-12,27,679,1,4913.37,7.236185567010309,0.4938645990177729,14.652164948453608
realprize,App,2026-04-12,28,679,1,5008.31,7.376008836524301,0.5034074392742054,14.652164948453608
realprize,App,2026-04-12,29,679,1,5070.26,7.467245949926363,0.5096343083903419,14.652164948453608
realprize,App,2026-04-12,30,679,1,5202.18,7.661531664212077,0.5228941723742113,14.652164948453608
realprize,App,2026-04-12,31,679,1,5202.18,7.661531664212077,0.5228941723742113,14.652164948453608
realprize,App,2026-04-12,32,679,1,5257.1,7.742415316642122,0.5284144250272897,14.652164948453608
realprize,App,2026-04-12,33,679,1,5274.08,7.767422680412371,0.5301211600973783,14.652164948453608
realprize,App,2026-04-12,34,679,1,5281.07,7.777717231222385,0.5308237559831216,14.652164948453608
realprize,App,2026-04-12,35,679,1,5328.04,7.846892488954345,0.5355449188949042,14.652164948453608
realprize,App,2026-04-12,36,679,1,5432.97,8.001428571428573,0.5460918983356821,14.652164948453608
realprize,App,2026-04-12,37,679,1,5689.91,8.379837997054493,0.5719180767166357,14.652164948453608
realprize,App,2026-04-12,38,679,1,6003.82,8.842150220913107,0.6034705623380461,14.652164948453608
realprize,App,2026-04-12,39,679,1,6030.78,8.881855670103093,0.6061804314481517,14.652164948453608
realprize,App,2026-04-12,40,679,1,6030.78,8.881855670103093,0.6061804314481517,14.652164948453608
realprize,App,2026-04-12,41,679,1,6090.74,8.970162002945507,0.6122072768428818,14.652164948453608
realprize,App,2026-04-12,42,679,1,6122.72,9.017260677466863,0.6154217284059819,14.652164948453608
realprize,App,2026-04-12,43,679,1,6129.71,9.027555228276878,0.616124324291725,14.652164948453608
realprize,App,2026-04-12,44,679,1,6149.67,9.056951399116349,0.6181305923717586,14.652164948453608
realprize,App,2026-04-12,45,679,1,6149.67,9.056951399116349,0.6181305923717586,14.652164948453608
realprize,App,2026-04-12,46,679,1,6154.66,9.064300441826214,0.618632159391767,14.652164948453608
realprize,App,2026-04-12,47,679,1,6184.65,9.108468335787922,0.6216465872334608,14.652164948453608
realprize,App,2026-04-12,48,679,1,6184.65,9.108468335787922,0.6216465872334608,14.652164948453608
realprize,App,2026-04-12,49,679,1,6216.63,9.155567010309278,0.6248610387965609,14.652164948453608
realprize,App,2026-04-12,50,679,1,6243.61,9.195301914580265,0.6275729181953237,14.652164948453608
realprize,App,2026-04-12,51,679,1,6418.56,9.452960235640647,0.645157918225478,14.652164948453608
realprize,App,2026-04-12,52,679,1,6418.56,9.452960235640647,0.645157918225478,14.652164948453608
realprize,App,2026-04-12,53,679,1,6430.54,9.470603829160533,0.6463620811312297,14.652164948453608
realprize,App,2026-04-12,54,679,1,6452.53,9.502989690721648,0.648572393509984,14.652164948453608
realprize,App,2026-04-12,55,679,1,6474.5,9.535346097201767,0.6507806956000812,14.652164948453608
realprize,App,2026-04-12,56,679,1,6568.43,9.673681885125184,0.6602220162793175,14.652164948453608
realprize,App,2026-04-12,57,679,1,6614.37,9.741340206185567,0.6648396493252466,14.652164948453608
realprize,App,2026-04-12,58,679,1,6669.34,9.822297496318114,0.6703649276999685,14.652164948453608
realprize,App,2026-04-12,59,679,1,6726.3,9.90618556701031,0.6760902297960965,14.652164948453608
realprize,App,2026-04-12,60,679,1,6746.28,9.93561119293078,0.6780985081647873,14.652164948453608
realprize,App,2026-04-12,61,679,1,6766.26,9.965036818851251,0.6801067865334784,14.652164948453608
realprize,App,2026-04-12,62,679,1,6838.21,10.07100147275405,0.6873387999782888,14.652164948453608
realprize,App,2026-04-12,63,679,1,6848.2,10.085714285714284,0.6883429391626343,14.652164948453608
realprize,App,2026-04-12,64,679,1,6881.17,10.134270986745214,0.6916569000142732,14.652164948453608
realprize,App,2026-04-12,65,679,1,6891.15,10.148969072164949,0.6926600340542898,14.652164948453608
realprize,App,2026-04-12,66,679,1,6911.12,10.17837997054492,0.6946673072786521,14.652164948453608
realprize,App,2026-04-12,67,679,1,7081.08,10.428689248895434,0.711750740288798,14.652164948453608
realprize,App,2026-04-12,68,679,1,7117.06,10.481678939617083,0.7153672495833676,14.652164948453608
realprize,App,2026-04-12,69,679,1,7145.01,10.522842415316642,0.718176627982012,14.652164948453608
realprize,App,2026-04-12,70,679,1,7288.88,10.734727540500735,0.732637639438647,14.652164948453608
realprize,App,2026-04-12,71,679,1,7336.83,10.805346097201769,0.7374573064946396,14.652164948453608
realprize,App,2026-04-12,72,679,1,7366.78,10.849455081001471,0.7404677137590187,14.652164948453608
realprize,App,2026-04-12,73,679,1,7366.78,10.849455081001471,0.7404677137590187,14.652164948453608
realprize,App,2026-04-12,74,679,1,7466.72,10.996642120765832,0.7505131261797882,14.652164948453608
realprize,App,2026-04-12,75,679,1,7816.43,11.511678939617084,0.785664028497852,14.652164948453608
realprize,App,2026-04-12,76,679,1,7921.37,11.666229749631812,0.7962120130829586,14.652164948453608
realprize,App,2026-04-12,77,679,1,7936.34,11.688276877761414,0.7977167141429838,14.652164948453608
realprize,App,2026-04-12,78,679,1,7953.309999999999,11.713269513991165,0.7994224440687439,14.652164948453608
realprize,App,2026-04-12,79,679,1,7993.26,11.772106038291604,0.8034379956617971,14.652164948453608
realprize,App,2026-04-12,80,679,1,8073.13,11.889734904270988,0.8114660834149177,14.652164948453608
realprize,App,2026-04-12,81,679,1,8098.11,11.926524300441825,0.8139769339479455,14.652164948453608
realprize,App,2026-04-12,82,679,1,8143.05,11.992709867452136,0.8184940525610073,14.652164948453608
realprize,App,2026-04-12,83,679,1,8168.0,12.029455081001473,0.8210018876610492,14.652164948453608
realprize,App,2026-04-12,84,679,1,8170.99,12.033858615611193,0.8213024258153229,14.652164948453608
realprize,App,2026-04-12,85,679,1,8214.97,12.09863033873343,0.8257230505728317,14.652164948453608
realprize,App,2026-04-12,86,679,1,8291.92,12.211958762886598,0.8334576361819793,14.652164948453608
realprize,App,2026-04-12,87,679,1,8296.91,12.219307805596465,0.8339592032019878,14.652164948453608
realprize,App,2026-04-12,88,679,1,8428.86,12.413637702503683,0.8472220826188434,14.652164948453608
realprize,App,2026-04-12,89,679,1,8507.789999999999,12.529882179675992,0.8551556868050683,14.652164948453608
realprize,App,2026-04-12,90,679,1,8588.76,12.649131075110455,0.863294340434343,14.652164948453608
realprize,App,2026-04-12,91,679,1,8593.75,12.656480117820324,0.8637959074543514,14.652164948453608
realprize,App,2026-04-12,92,679,1,8665.7,12.762444771723125,0.871027920899162,14.652164948453608
realprize,App,2026-04-12,93,679,1,8838.63,13.017128129602357,0.888409881774924,14.652164948453608
realprize,App,2026-04-12,94,679,1,8979.59,13.224727540500735,0.902578396231915,14.652164948453608
realprize,App,2026-04-12,95,679,1,9024.54,13.290927835051544,0.9070965199893052,14.652164948453608
realprize,App,2026-04-12,96,679,1,9024.54,13.290927835051544,0.9070965199893052,14.652164948453608
realprize,App,2026-04-12,97,679,1,9044.5,13.320324005891017,0.909102788069339,14.652164948453608
realprize,App,2026-04-12,98,679,1,9081.47,13.374771723122238,0.9128188066524472,14.652164948453608
realprize,App,2026-04-12,99,679,1,9088.46,13.385066273932251,0.9135214025381904,14.652164948453608
realprize,App,2026-04-12,100,679,1,9095.45,13.39536082474227,0.9142239984239338,14.652164948453608
realprize,App,2026-04-12,101,679,1,9122.41,13.435066273932254,0.9169338675340392,14.652164948453608
realprize,App,2026-04-12,102,679,1,9122.41,13.435066273932254,0.9169338675340392,14.652164948453608
realprize,App,2026-04-12,103,679,1,9132.39,13.449764359351988,0.917937001574056,14.652164948453608
realprize,App,2026-04-12,104,679,1,9149.37,13.474771723122236,0.9196437366441446,14.652164948453608
realprize,App,2026-04-12,105,679,1,9191.32,13.536553755522828,0.9238603171029328,14.652164948453608
realprize,App,2026-04-12,106,679,1,9271.25,13.654270986745214,0.9318944357220252,14.652164948453608
realprize,App,2026-04-12,107,679,1,9303.23,13.701369661266568,0.9351088872851252,14.652164948453608
realprize,App,2026-04-12,108,679,1,9350.21,13.770559646539027,0.9398310553412365,14.652164948453608
realprize,App,2026-04-12,109,679,1,9460.17,13.932503681885123,0.9508836223793374,14.652164948453608
realprize,App,2026-04-12,110,679,1,9460.17,13.932503681885123,0.9508836223793374,14.652164948453608
realprize,App,2026-04-12,111,679,1,9487.15,13.972238586156111,0.9535955017781004,14.652164948453608
realprize,App,2026-04-12,112,679,1,9529.12,14.0340500736377,0.9578140925255456,14.652164948453608
realprize,App,2026-04-12,113,679,1,9628.03,14.179720176730488,0.967755975080462,14.652164948453608
realprize,App,2026-04-12,114,679,1,9648.0,14.209131075110456,0.969763248304824,14.652164948453608
realprize,App,2026-04-12,115,679,1,9729.94,14.329808541973492,0.9779994009339802,14.652164948453608
realprize,App,2026-04-12,116,679,1,9754.92,14.36659793814433,0.9805102514670082,14.652164948453608
realprize,App,2026-04-12,117,679,1,9774.89,14.3960088365243,0.9825175246913704,14.652164948453608
realprize,App,2026-04-12,118,679,1,9829.88,14.476995581737848,0.9880448133547496,14.652164948453608
realprize,App,2026-04-12,119,679,1,9891.83,14.568232695139912,0.994271682470886,14.652164948453608
realprize,App,2026-04-12,120,679,1,9948.82,14.652164948453608,1.0,14.652164948453608
realprize,App,2026-04-13,1,726,1,1535.49,2.115,0.0200582797734803,105.44274104683194
realprize,App,2026-04-13,2,726,1,3005.25,4.139462809917355,0.0392579211126428,105.44274104683194
realprize,App,2026-04-13,3,726,1,5370.15,7.396900826446281,0.0701508776517956,105.44274104683194
realprize,App,2026-04-13,4,726,1,11404.06,15.708071625344353,0.1489725273584047,105.44274104683194
realprize,App,2026-04-13,5,726,1,14198.0,19.556473829201103,0.1854700820089187,105.44274104683194
realprize,App,2026-04-13,6,726,1,15977.97,22.00822314049587,0.20872203171123,105.44274104683194
realprize,App,2026-04-13,7,726,1,16831.91,23.184449035812676,0.2198771466450725,105.44274104683194
realprize,App,2026-04-13,8,726,1,17825.8,24.5534435261708,0.2328604442790945,105.44274104683194
realprize,App,2026-04-13,9,726,1,18402.75,25.348140495867767,0.240397207472153,105.44274104683194
realprize,App,2026-04-13,10,726,1,19601.68,26.99955922865014,0.2560589658481886,105.44274104683194
realprize,App,2026-04-13,11,726,1,19898.55,27.408471074380163,0.2599370122805021,105.44274104683194
realprize,App,2026-04-13,12,726,1,20184.4,27.80220385674931,0.2636711032047344,105.44274104683194
realprize,App,2026-04-13,13,726,1,20251.35,27.89442148760331,0.2645456786372248,105.44274104683194
realprize,App,2026-04-13,14,726,1,20973.31,28.888856749311294,0.2739767238835382,105.44274104683194
realprize,App,2026-04-13,15,726,1,22224.24,30.611900826446284,0.2903177641488866,105.44274104683194
realprize,App,2026-04-13,16,726,1,23058.19,31.76059228650137,0.3012117474487413,105.44274104683194
realprize,App,2026-04-13,17,726,1,23303.08,32.09790633608815,0.3044107732540071,105.44274104683194
realprize,App,2026-04-13,18,726,1,23333.05,32.13918732782369,0.3048022747582899,105.44274104683194
realprize,App,2026-04-13,19,726,1,23642.99,32.56610192837466,0.3088510560808596,105.44274104683194
realprize,App,2026-04-13,20,726,1,28011.92,38.58391184573003,0.3659228834784667,105.44274104683194
realprize,App,2026-04-13,21,726,1,28031.91,38.611446280991736,0.3661840151124545,105.44274104683194
realprize,App,2026-04-13,22,726,1,29118.86,40.10862258953168,0.3803829660660814,105.44274104683194
realprize,App,2026-04-13,23,726,1,29222.820000000003,40.25181818181819,0.3817410073201769,105.44274104683194
realprize,App,2026-04-13,24,726,1,30432.8,41.918457300275485,0.3975471130976914,105.44274104683194
realprize,App,2026-04-13,25,726,1,30523.73,42.04370523415978,0.3987349419860609,105.44274104683194
realprize,App,2026-04-13,26,726,1,30797.69,42.42106060606061,0.4023137124936791,105.44274104683194
realprize,App,2026-04-13,27,726,1,32161.620000000003,44.29975206611571,0.4201308845569574,105.44274104683194
realprize,App,2026-04-13,28,726,1,33661.6,46.36584022038567,0.4397252931787166,105.44274104683194
realprize,App,2026-04-13,29,726,1,36046.56,49.65090909090909,0.4708802957697851,105.44274104683194
realprize,App,2026-04-13,30,726,1,39703.45,54.68794765840221,0.5186506640045785,105.44274104683194
realprize,App,2026-04-13,31,726,1,41059.37,56.55560606060605,0.5363632005306759,105.44274104683194
realprize,App,2026-04-13,32,726,1,46009.27,63.37365013774105,0.6010243048366308,105.44274104683194
realprize,App,2026-04-13,33,726,1,48866.19,67.30880165289257,0.6383445743600088,105.44274104683194
realprize,App,2026-04-13,34,726,1,49401.12,68.04561983471075,0.6453324255340496,105.44274104683194
realprize,App,2026-04-13,35,726,1,51798.07,71.34720385674932,0.6766440548530578,105.44274104683194
realprize,App,2026-04-13,36,726,1,51857.02,71.42840220385675,0.6774141253794999,105.44274104683194
realprize,App,2026-04-13,37,726,1,53316.990000000005,73.43938016528926,0.696485878839886,105.44274104683194
realprize,App,2026-04-13,38,726,1,53517.96,73.71619834710744,0.6991111727109475,105.44274104683194
realprize,App,2026-04-13,39,726,1,53567.95,73.78505509641874,0.6997641977426159,105.44274104683194
realprize,App,2026-04-13,40,726,1,53767.94,74.06052341597797,0.7023766897626865,105.44274104683194
realprize,App,2026-04-13,41,726,1,54635.92,75.25608815426997,0.7137152108066435,105.44274104683194
realprize,App,2026-04-13,42,726,1,54635.92,75.25608815426997,0.7137152108066435,105.44274104683194
realprize,App,2026-04-13,43,726,1,54798.88,75.48055096418733,0.7158439757428439,105.44274104683194
realprize,App,2026-04-13,44,726,1,58215.83,80.18709366391185,0.7604799805829886,105.44274104683194
realprize,App,2026-04-13,45,726,1,58328.79,80.34268595041323,0.7619555898563882,105.44274104683194
realprize,App,2026-04-13,46,726,1,58328.79,80.34268595041323,0.7619555898563882,105.44274104683194
realprize,App,2026-04-13,47,726,1,58435.740000000005,80.49000000000001,0.7633526898191192,105.44274104683194
realprize,App,2026-04-13,48,726,1,59634.64000000001,82.14137741046832,0.779014056301757,105.44274104683194
realprize,App,2026-04-13,49,726,1,59889.62,82.49258953168045,0.7823448889197762,105.44274104683194
realprize,App,2026-04-13,50,726,1,60073.59,82.74599173553719,0.7847481098654853,105.44274104683194
realprize,App,2026-04-13,51,726,1,60073.59,82.74599173553719,0.7847481098654853,105.44274104683194
realprize,App,2026-04-13,52,726,1,60168.54,82.87677685950413,0.7859884524691441,105.44274104683194
realprize,App,2026-04-13,53,726,1,60197.52,82.91669421487603,0.7863670214913034,105.44274104683194
realprize,App,2026-04-13,54,726,1,60247.5,82.98553719008264,0.7870199158918391,105.44274104683194
realprize,App,2026-04-13,55,726,1,60247.5,82.98553719008264,0.7870199158918391,105.44274104683194
realprize,App,2026-04-13,56,726,1,60247.5,82.98553719008264,0.7870199158918391,105.44274104683194
realprize,App,2026-04-13,57,726,1,60254.49,82.99516528925619,0.7871112270534986,105.44274104683194
realprize,App,2026-04-13,58,726,1,60454.48,83.27063360881542,0.7897237190735692,105.44274104683194
realprize,App,2026-04-13,59,726,1,60514.45,83.35323691460054,0.7905071139755325,105.44274104683194
realprize,App,2026-04-13,60,726,1,60536.44,83.38352617079889,0.7907943718360323,105.44274104683194
realprize,App,2026-04-13,61,726,1,60588.41,83.45511019283747,0.7914732618319477,105.44274104683194
realprize,App,2026-04-13,62,726,1,60718.34,83.63407713498623,0.7931705521373018,105.44274104683194
realprize,App,2026-04-13,63,726,1,61000.16,84.02225895316803,0.7968519987151123,105.44274104683194
realprize,App,2026-04-13,64,726,1,61065.12,84.11173553719007,0.797700578552223,105.44274104683194
realprize,App,2026-04-13,65,726,1,61065.12,84.11173553719007,0.797700578552223,105.44274104683194
realprize,App,2026-04-13,66,726,1,61190.0,84.28374655647383,0.7993319001356344,105.44274104683194
realprize,App,2026-04-13,67,726,1,63144.91,86.97646005509642,0.8248691108709532,105.44274104683194
realprize,App,2026-04-13,68,726,1,63182.87,87.02874655647383,0.8253649866501516,105.44274104683194
realprize,App,2026-04-13,69,726,1,63182.87,87.02874655647383,0.8253649866501516,105.44274104683194
realprize,App,2026-04-13,70,726,1,63185.86000000001,87.03286501377411,0.8254040453587871,105.44274104683194
realprize,App,2026-04-13,71,726,1,63185.86000000001,87.03286501377411,0.8254040453587871,105.44274104683194
realprize,App,2026-04-13,72,726,1,63215.850000000006,87.07417355371902,0.825795808125335,105.44274104683194
realprize,App,2026-04-13,73,726,1,63235.84,87.10170798898072,0.8260569397593227,105.44274104683194
realprize,App,2026-04-13,74,726,1,63275.82000000001,87.15677685950415,0.8265792030272984,105.44274104683194
realprize,App,2026-04-13,75,726,1,63305.810000000005,87.19808539944904,0.8269709657938462,105.44274104683194
realprize,App,2026-04-13,76,726,1,63319.79,87.21734159779615,0.8271535881171653,105.44274104683194
realprize,App,2026-04-13,77,726,1,64324.77,88.60161157024793,0.8402817556771964,105.44274104683194
realprize,App,2026-04-13,78,726,1,66214.74,91.20487603305786,0.8649706478376695,105.44274104683194
realprize,App,2026-04-13,79,726,1,66249.71,91.253044077135,0.8654274649082325,105.44274104683194
realprize,App,2026-04-13,80,726,1,66252.7,91.25716253443524,0.8654665236168678,105.44274104683194
realprize,App,2026-04-13,81,726,1,66319.66,91.34939393939396,0.8663412296804909,105.44274104683194
realprize,App,2026-04-13,82,726,1,66637.58,91.7873002754821,0.8704942546468435,105.44274104683194
realprize,App,2026-04-13,83,726,1,66654.56,91.81068870523416,0.8707160663099306,105.44274104683194
realprize,App,2026-04-13,84,726,1,66654.56,91.81068870523416,0.8707160663099306,105.44274104683194
realprize,App,2026-04-13,85,726,1,67454.55,92.91260330578513,0.8811664262836111,105.44274104683194
realprize,App,2026-04-13,86,726,1,67454.55,92.91260330578513,0.8811664262836111,105.44274104683194
realprize,App,2026-04-13,87,726,1,67461.54,92.92223140495868,0.8812577374452705,105.44274104683194
realprize,App,2026-04-13,88,726,1,67491.51,92.9635123966942,0.8816492389495534,105.44274104683194
realprize,App,2026-04-13,89,726,1,67491.51,92.9635123966942,0.8816492389495534,105.44274104683194
realprize,App,2026-04-13,90,726,1,67584.48,93.09157024793387,0.8828637165889651,105.44274104683194
realprize,App,2026-04-13,91,726,1,67721.41,93.28017906336088,0.8846524486871116,105.44274104683194
realprize,App,2026-04-13,92,726,1,68656.4,94.568044077135,0.8968663289503541,105.44274104683194
realprize,App,2026-04-13,93,726,1,68656.4,94.568044077135,0.8968663289503541,105.44274104683194
realprize,App,2026-04-13,94,726,1,68731.37,94.6713085399449,0.8978456705511577,105.44274104683194
realprize,App,2026-04-13,95,726,1,68771.34999999999,94.7263774104683,0.898367933819133,105.44274104683194
realprize,App,2026-04-13,96,726,1,68892.3,94.89297520661158,0.8999479173674485,105.44274104683194
realprize,App,2026-04-13,97,726,1,68942.29000000001,94.96183195592288,0.9006009423991167,105.44274104683194
realprize,App,2026-04-13,98,726,1,68942.29000000001,94.96183195592288,0.9006009423991167,105.44274104683194
realprize,App,2026-04-13,99,726,1,68949.28,94.9714600550964,0.9006922535607762,105.44274104683194
realprize,App,2026-04-13,100,726,1,68949.28,94.9714600550964,0.9006922535607762,105.44274104683194
realprize,App,2026-04-13,101,726,1,68959.27,94.98522038567494,0.9008227540622038,105.44274104683194
realprize,App,2026-04-13,102,726,1,68969.26,94.99898071625344,0.9009532545636314,105.44274104683194
realprize,App,2026-04-13,103,726,1,69085.23999999999,95.15873278236911,0.902468314439064,105.44274104683194
realprize,App,2026-04-13,104,726,1,70235.23,96.74274104683197,0.9174907640523504,105.44274104683194
realprize,App,2026-04-13,105,726,1,70315.19,96.8528787878788,0.9185352905883014,105.44274104683194
realprize,App,2026-04-13,106,726,1,70335.18,96.88041322314048,0.918796422222289,105.44274104683194
realprize,App,2026-04-13,107,726,1,70498.11,97.1048347107438,0.920924795265092,105.44274104683194
realprize,App,2026-04-13,108,726,1,71803.04,98.90225895316804,0.937971243646265,105.44274104683194
realprize,App,2026-04-13,109,726,1,73003.03,100.55513774104683,0.953646848922352,105.44274104683194
realprize,App,2026-04-13,110,726,1,73077.01,100.6570385674931,0.954613258041032,105.44274104683194
realprize,App,2026-04-13,111,726,1,73483.97,101.21758953168045,0.9599294226117006,105.44274104683194
realprize,App,2026-04-13,112,726,1,74853.95,103.10461432506888,0.9778256265101776,105.44274104683194
realprize,App,2026-04-13,113,726,1,74863.94,103.1183746556474,0.9779561270116052,105.44274104683194
realprize,App,2026-04-13,114,726,1,74903.92,103.1734435261708,0.9784783902795808,105.44274104683194
realprize,App,2026-04-13,115,726,1,75178.87,103.55216253443524,0.9820700932693224,105.44274104683194
realprize,App,2026-04-13,116,726,1,75757.76,104.34953168044076,0.9896321989020976,105.44274104683194
realprize,App,2026-04-13,117,726,1,75932.67,104.59045454545456,0.9919170680417077,105.44274104683194
realprize,App,2026-04-13,118,726,1,76107.58,104.83137741046832,0.9942019371813172,105.44274104683194
realprize,App,2026-04-13,119,726,1,76226.46,104.99512396694216,0.9957548800851926,105.44274104683194
realprize,App,2026-04-13,120,726,1,76551.43,105.44274104683194,1.0,105.44274104683194
realprize,Affiliate,overall,1,1822,5,13295.88,7.297409440175632,0.099483565198126,73.35291437980241
realprize,Affiliate,overall,2,1822,5,19357.14,10.624116355653127,0.1448356407578327,73.35291437980241
realprize,Affiliate,overall,3,1822,5,20267.91,11.123990120746432,0.1516502815845773,73.35291437980241
realprize,Affiliate,overall,4,1822,5,22228.37,12.199983534577386,0.1663190022881576,73.35291437980241
realprize,Affiliate,overall,5,1822,5,23834.800000000003,13.08166849615807,0.1783387695875936,73.35291437980241
realprize,Affiliate,overall,6,1822,5,25557.2,14.027003293084524,0.191226257493415,73.35291437980241
realprize,Affiliate,overall,7,1822,5,26060.950000000004,14.303485181119653,0.1949954586270411,73.35291437980241
realprize,Affiliate,overall,8,1822,5,27878.31,15.300938529088912,0.208593464328692,73.35291437980241
realprize,Affiliate,overall,9,1822,5,29069.97,15.954978046103182,0.2175098042252613,73.35291437980241
realprize,Affiliate,overall,10,1822,5,31400.31,17.233979143798024,0.234946072552277,73.35291437980241
realprize,Affiliate,overall,11,1822,5,32091.980000000003,17.61360043907794,0.2401213447073046,73.35291437980241
realprize,Affiliate,overall,12,1822,5,33238.450000000004,18.24283754116356,0.2486995601389041,73.35291437980241
realprize,Affiliate,overall,13,1822,5,34441.06,18.902886937431397,0.2576978310576337,73.35291437980241
realprize,Affiliate,overall,14,1822,5,35212.75,19.326427003293084,0.2634718356686668,73.35291437980241
realprize,Affiliate,overall,15,1822,5,35916.369999999995,19.712607025246975,0.2687365211309833,73.35291437980241
realprize,Affiliate,overall,16,1822,5,37481.9,20.571844127332604,0.280450262968652,73.35291437980241
realprize,Affiliate,overall,17,1822,5,38370.5,21.059549945115258,0.2870990215340914,73.35291437980241
realprize,Affiliate,overall,18,1822,5,38640.28,21.20761800219539,0.2891175924161354,73.35291437980241
realprize,Affiliate,overall,19,1822,5,39054.09,21.4347365532382,0.2922138368252784,73.35291437980241
realprize,Affiliate,overall,20,1822,5,39764.87,21.824846322722284,0.2975320954491171,73.35291437980241
realprize,Affiliate,overall,21,1822,5,41364.34,22.70271130625686,0.3094997860440567,73.35291437980241
realprize,Affiliate,overall,22,1822,5,42542.15,23.34914928649835,0.3183124962915923,73.35291437980241
realprize,Affiliate,overall,23,1822,5,43225.85,23.72439626783754,0.3234281346341435,73.35291437980241
realprize,Affiliate,overall,24,1822,5,43700.72,23.98502744237102,0.3269812473732503,73.35291437980241
realprize,Affiliate,overall,25,1822,5,44972.52,24.68305159165752,0.3364972176000406,73.35291437980241
realprize,Affiliate,overall,26,1822,5,47926.25,26.30419868276619,0.3585978676534903,73.35291437980241
realprize,Affiliate,overall,27,1822,5,51405.96000000001,28.214028540065865,0.384634050038979,73.35291437980241
realprize,Affiliate,overall,28,1822,5,53447.68,29.334621295279916,0.3999107812321243,73.35291437980241
realprize,Affiliate,overall,29,1822,5,55323.57,30.36419868276619,0.4139467250823631,73.35291437980241
realprize,Affiliate,overall,30,1822,5,56347.380000000005,30.92611416026345,0.4216071634200657,73.35291437980241
realprize,Affiliate,overall,31,1822,5,58258.11,31.97481339187706,0.4359037900841914,73.35291437980241
realprize,Affiliate,overall,32,1822,5,58781.86000000001,32.26227222832053,0.4398226369203933,73.35291437980241
realprize,Affiliate,overall,33,1822,5,59107.72,32.441119648737654,0.4422608143524595,73.35291437980241
realprize,Affiliate,overall,34,1822,5,59259.62,32.52448957189901,0.4433973734635221,73.35291437980241
realprize,Affiliate,overall,35,1822,5,59433.47,32.61990669593853,0.4446981687331616,73.35291437980241
realprize,Affiliate,overall,36,1822,5,59655.28,32.74164654226125,0.4463578143975776,73.35291437980241
realprize,Affiliate,overall,37,1822,5,59863.13,32.85572447859495,0.4479130073615959,73.35291437980241
realprize,Affiliate,overall,38,1822,5,60234.990000000005,33.059818880351266,0.4506953699095863,73.35291437980241
realprize,Affiliate,overall,39,1822,5,62321.74,34.20512623490669,0.4663090284020809,73.35291437980241
realprize,Affiliate,overall,40,1822,5,63140.47,34.65448408342481,0.4724349997055721,73.35291437980241
realprize,Affiliate,overall,41,1822,5,63826.03,35.03075192096597,0.4775645550984627,73.35291437980241
realprize,Affiliate,overall,42,1822,5,64180.87,35.22550493962679,0.4802195691535613,73.35291437980241
realprize,Affiliate,overall,43,1822,5,64757.66,35.54207464324917,0.4845352763929938,73.35291437980241
realprize,Affiliate,overall,44,1822,5,64832.58,35.58319429198682,0.4850958491948424,73.35291437980241
realprize,Affiliate,overall,45,1822,5,65004.46,35.677530186608124,0.4863819043627783,73.35291437980241
realprize,Affiliate,overall,46,1822,5,65284.26,35.83109769484083,0.4884754477418126,73.35291437980241
realprize,Affiliate,overall,47,1822,5,65823.98,36.12732162458836,0.4925137866715211,73.35291437980241
realprize,Affiliate,overall,48,1822,5,66940.82,36.74029637760703,0.5008703019947549,73.35291437980241
realprize,Affiliate,overall,49,1822,5,67359.62999999999,36.97015916575192,0.5040039578295417,73.35291437980241
realprize,Affiliate,overall,50,1822,5,67449.56,37.01951701427003,0.5046768397311734,73.35291437980241
realprize,Affiliate,overall,51,1822,5,67605.41,37.105054884742046,0.5058429538684949,73.35291437980241
realprize,Affiliate,overall,52,1822,5,68049.25,37.348655323819976,0.5091638913000552,73.35291437980241
realprize,Affiliate,overall,53,1822,5,68576.12,37.637826564215146,0.5131060828658588,73.35291437980241
realprize,Affiliate,overall,54,1822,5,69440.06,38.11199780461032,0.5195703282800225,73.35291437980241
realprize,Affiliate,overall,55,1822,5,69910.93,38.37043358946213,0.523093511878614,73.35291437980241
realprize,Affiliate,overall,56,1822,5,70035.87999999999,38.43901207464325,0.5240284234054557,73.35291437980241
realprize,Affiliate,overall,57,1822,5,72151.73,39.60029088913282,0.5398598163951982,73.35291437980241
realprize,Affiliate,overall,58,1822,5,74311.6,40.78572996706916,0.5560205795763097,73.35291437980241
realprize,Affiliate,overall,59,1822,5,75333.42000000001,41.34655323819979,0.5636661281666061,73.35291437980241
realprize,Affiliate,overall,60,1822,5,75802.29000000001,41.60389132821077,0.5671743471949401,73.35291437980241
realprize,Affiliate,overall,61,1822,5,76568.06,42.02418221734358,0.5729040566780106,73.35291437980241
realprize,Affiliate,overall,62,1822,5,77712.86,42.652502744237104,0.581469776693445,73.35291437980241
realprize,Affiliate,overall,63,1822,5,79861.73,43.831904500548845,0.5975482347381398,73.35291437980241
realprize,Affiliate,overall,64,1822,5,80273.55,44.05793084522503,0.6006295893998767,73.35291437980241
realprize,Affiliate,overall,65,1822,5,81122.42,44.52383095499451,0.6069810767771493,73.35291437980241
realprize,Affiliate,overall,66,1822,5,81302.31,44.62256311745335,0.6083270650489667,73.35291437980241
realprize,Affiliate,overall,67,1822,5,82069.14,45.04343578485181,0.6140647057542739,73.35291437980241
realprize,Affiliate,overall,68,1822,5,83961.0,46.08177826564215,0.6282201416980193,73.35291437980241
realprize,Affiliate,overall,69,1822,5,87174.68,47.84559824368825,0.652265811770697,73.35291437980241
realprize,Affiliate,overall,70,1822,5,89043.52,48.87130625686059,0.6662490055107778,73.35291437980241
realprize,Affiliate,overall,71,1822,5,89733.35,49.24991767288694,0.6714105102611684,73.35291437980241
realprize,Affiliate,overall,72,1822,5,90235.11,49.52530735455544,0.6751648216473882,73.35291437980241
realprize,Affiliate,overall,73,1822,5,90844.86,49.85996706915478,0.6797271450046656,73.35291437980241
realprize,Affiliate,overall,74,1822,5,91745.62,50.35434687156971,0.6864668881572712,73.35291437980241
realprize,Affiliate,overall,75,1822,5,92368.42,50.69616904500549,0.6911268553354791,73.35291437980241
realprize,Affiliate,overall,76,1822,5,92674.29,50.86404500548848,0.693415461887821,73.35291437980241
realprize,Affiliate,overall,77,1822,5,92981.16,51.03246981339188,0.6957115507252916,73.35291437980241
realprize,Affiliate,overall,78,1822,5,93836.97,51.502178924259056,0.7021149651613581,73.35291437980241
realprize,Affiliate,overall,79,1822,5,94151.83000000002,51.6749890230516,0.7044708374570079,73.35291437980241
realprize,Affiliate,overall,80,1822,5,94401.71,51.81213501646543,0.7063405108649888,73.35291437980241
realprize,Affiliate,overall,81,1822,5,95774.55,52.56561470911087,0.7166124911811917,73.35291437980241
realprize,Affiliate,overall,82,1822,5,96141.45,52.76698682766191,0.7193577415949434,73.35291437980241
realprize,Affiliate,overall,83,1822,5,96583.35,53.00952250274423,0.7226641633933539,73.35291437980241
realprize,Affiliate,overall,84,1822,5,96824.29,53.141761800219534,0.7244669451722837,73.35291437980241
realprize,Affiliate,overall,85,1822,5,97474.2,53.49846322722283,0.7293297571003331,73.35291437980241
realprize,Affiliate,overall,86,1822,5,97561.14,53.54618002195389,0.7299802669694299,73.35291437980241
realprize,Affiliate,overall,87,1822,5,98039.99,53.80899560922063,0.733563159203349,73.35291437980241
realprize,Affiliate,overall,88,1822,5,98202.95,53.89843578485182,0.7347824723879363,73.35291437980241
realprize,Affiliate,overall,89,1822,5,98437.82,54.02734357848519,0.7365398366961342,73.35291437980241
realprize,Affiliate,overall,90,1822,5,98711.69,54.17765642151482,0.7385890101243549,73.35291437980241
realprize,Affiliate,overall,91,1822,5,98970.57,54.31974204171241,0.7405260240984951,73.35291437980241
realprize,Affiliate,overall,92,1822,5,99470.43,54.594088913282114,0.7442661191429701,73.35291437980241
realprize,Affiliate,overall,93,1822,5,99936.22,54.8497365532382,0.7477512927331075,73.35291437980241
realprize,Affiliate,overall,94,1822,5,100743.16,55.2926234906696,0.7537890478949303,73.35291437980241
realprize,Affiliate,overall,95,1822,5,101620.11,55.77393523600439,0.7603506378386192,73.35291437980241
realprize,Affiliate,overall,96,1822,5,102954.99,56.5065806805708,0.7703385906113334,73.35291437980241
realprize,Affiliate,overall,97,1822,5,103337.73,56.71664654226125,0.773202360421525,73.35291437980241
realprize,Affiliate,overall,98,1822,5,104282.59,57.23523051591658,0.78027207234831,73.35291437980241
realprize,Affiliate,overall,99,1822,5,104536.49,57.374582875960485,0.7821718245425088,73.35291437980241
realprize,Affiliate,overall,100,1822,5,104758.42,57.496388583973655,0.7838323680811403,73.35291437980241
realprize,Affiliate,overall,101,1822,5,105377.33,57.83607574094402,0.7884632291701974,73.35291437980241
realprize,Affiliate,overall,102,1822,5,106752.11,58.59062019758506,0.79874972511955,73.35291437980241
realprize,Affiliate,overall,103,1822,5,109063.93,59.85945664105378,0.8160474215259805,73.35291437980241
realprize,Affiliate,overall,104,1822,5,109471.84,60.08333699231613,0.8190995204528638,73.35291437980241
realprize,Affiliate,overall,105,1822,5,110091.71,60.4235510428101,0.8237375645356445,73.35291437980241
realprize,Affiliate,overall,106,1822,5,110531.58000000002,60.664972557628985,0.8270287972952438,73.35291437980241
realprize,Affiliate,overall,107,1822,5,110974.49,60.90806256860593,0.8303427762016344,73.35291437980241
realprize,Affiliate,overall,108,1822,5,111324.44,61.100131723380905,0.8329612018824533,73.35291437980241
realprize,Affiliate,overall,109,1822,5,111784.37,61.35256311745335,0.8364025292817359,73.35291437980241
realprize,Affiliate,overall,110,1822,5,113395.16,62.23664105378705,0.8484549193443334,73.35291437980241
realprize,Affiliate,overall,111,1822,5,114712.01,62.95939077936334,0.8583079665161755,73.35291437980241
realprize,Affiliate,overall,112,1822,5,115103.91,63.17448408342481,0.8612402740581468,73.35291437980241
realprize,Affiliate,overall,113,1822,5,115842.79,63.58001646542262,0.8667687848941044,73.35291437980241
realprize,Affiliate,overall,114,1822,5,116097.73,63.71993962678376,0.8686763186648372,73.35291437980241
realprize,Affiliate,overall,115,1822,5,117922.56,64.72149286498353,0.8823302170364,73.35291437980241
realprize,Affiliate,overall,116,1822,5,118872.47,65.24284851811197,0.8894377145030854,73.35291437980241
realprize,Affiliate,overall,117,1822,5,119562.41999999998,65.62152579582875,0.8946001171276913,73.35291437980241
realprize,Affiliate,overall,118,1822,5,123749.23,67.91944566410538,0.9259270233277448,73.35291437980241
realprize,Affiliate,overall,119,1822,5,124373.16,68.26188803512623,0.9305954454881484,73.35291437980241
realprize,Affiliate,overall,120,1822,5,133649.01,73.35291437980241,1.0,73.35291437980241
realprize,Affiliate,2026-04-10,1,431,1,1411.1,3.274013921113689,0.0240840269872181,135.94129930394433
realprize,Affiliate,2026-04-10,2,431,1,2265.92,5.257354988399072,0.0386737144290817,135.94129930394433
realprize,Affiliate,2026-04-10,3,431,1,2365.88,5.489280742459397,0.0403797872358582,135.94129930394433
realprize,Affiliate,2026-04-10,4,431,1,2580.81,5.987958236658932,0.0440481168513091,135.94129930394433
realprize,Affiliate,2026-04-10,5,431,1,3033.73,7.038816705336427,0.0517783539025818,135.94129930394433
realprize,Affiliate,2026-04-10,6,431,1,3619.48,8.397865429234338,0.0617756742964327,135.94129930394433
realprize,Affiliate,2026-04-10,7,431,1,3704.41,8.59491879350348,0.0632252217502094,135.94129930394433
realprize,Affiliate,2026-04-10,8,431,1,4211.35,9.77111368909513,0.0718774481274332,135.94129930394433
realprize,Affiliate,2026-04-10,9,431,1,4476.25,10.385730858468678,0.0763986434707214,135.94129930394433
realprize,Affiliate,2026-04-10,10,431,1,5436.19,12.612969837587006,0.0927824723036249,135.94129930394433
realprize,Affiliate,2026-04-10,11,431,1,5688.08,13.197401392111368,0.0970816187551949,135.94129930394433
realprize,Affiliate,2026-04-10,12,431,1,5798.02,13.45248259860789,0.0989580257617676,135.94129930394433
realprize,Affiliate,2026-04-10,13,431,1,6228.93,14.452273781902552,0.1063126059255137,135.94129930394433
realprize,Affiliate,2026-04-10,14,431,1,6238.92,14.475452436194896,0.1064831108008608,135.94129930394433
realprize,Affiliate,2026-04-10,15,431,1,6340.87,14.71199535962877,0.108223148042266,135.94129930394433
realprize,Affiliate,2026-04-10,16,431,1,6690.86,15.524037122969837,0.1141966216481455,135.94129930394433
realprize,Affiliate,2026-04-10,17,431,1,6798.82,15.774524361948956,0.1160392348956404,135.94129930394433
realprize,Affiliate,2026-04-10,18,431,1,6828.78,15.844037122969835,0.1165505788461308,135.94129930394433
realprize,Affiliate,2026-04-10,19,431,1,6953.72,16.133921113689095,0.1186829991790505,135.94129930394433
realprize,Affiliate,2026-04-10,20,431,1,7415.63,17.205638051044083,0.1265666735505805,135.94129930394433
realprize,Affiliate,2026-04-10,21,431,1,7879.56,18.28204176334107,0.1344848243833919,135.94129930394433
realprize,Affiliate,2026-04-10,22,431,1,8843.5,20.518561484918795,0.1509369234366546,135.94129930394433
realprize,Affiliate,2026-04-10,23,431,1,9123.45,21.168097447795827,0.1557149854840444,135.94129930394433
realprize,Affiliate,2026-04-10,24,431,1,9128.44,21.179675174013923,0.1558001525839425,135.94129930394433
realprize,Affiliate,2026-04-10,25,431,1,10002.39,23.20740139211137,0.170716342354674,135.94129930394433
realprize,Affiliate,2026-04-10,26,431,1,12526.31,29.06336426914153,0.2137934859969244,135.94129930394433
realprize,Affiliate,2026-04-10,27,431,1,15475.250000000002,35.9054524361949,0.264124681903442,135.94129930394433
realprize,Affiliate,2026-04-10,28,431,1,16724.190000000002,38.80322505800464,0.285441034157298,135.94129930394433
realprize,Affiliate,2026-04-10,29,431,1,18408.14,42.710301624129926,0.3141819435507682,135.94129930394433
realprize,Affiliate,2026-04-10,30,431,1,19216.1,44.58491879350348,0.3279718453611238,135.94129930394433
realprize,Affiliate,2026-04-10,31,431,1,20266.07,47.02104408352668,0.3458922661787621,135.94129930394433
realprize,Affiliate,2026-04-10,32,431,1,20296.06,47.09062645011601,0.3464041221559052,135.94129930394433
realprize,Affiliate,2026-04-10,33,431,1,20343.03,47.199605568445484,0.3472057852184733,135.94129930394433
realprize,Affiliate,2026-04-10,34,431,1,20371.0,47.264501160092806,0.3476831647343349,135.94129930394433
realprize,Affiliate,2026-04-10,35,431,1,20412.97,47.36187935034803,0.3483994900214539,135.94129930394433
realprize,Affiliate,2026-04-10,36,431,1,20452.95,47.4546403712297,0.3490818508739441,135.94129930394433
realprize,Affiliate,2026-04-10,37,431,1,20472.94,47.50102088167053,0.3494230313001892,135.94129930394433
realprize,Affiliate,2026-04-10,38,431,1,20472.94,47.50102088167053,0.3494230313001892,135.94129930394433
realprize,Affiliate,2026-04-10,39,431,1,22089.8,51.25243619489559,0.3770188784226847,135.94129930394433
realprize,Affiliate,2026-04-10,40,431,1,22561.75,52.34744779582367,0.3850739110473163,135.94129930394433
realprize,Affiliate,2026-04-10,41,431,1,23045.57,53.47,0.3933315355508638,135.94129930394433
realprize,Affiliate,2026-04-10,42,431,1,23165.53,53.748329466357305,0.3953789594594363,135.94129930394433
realprize,Affiliate,2026-04-10,43,431,1,23552.41,54.645962877030165,0.4019820551725785,135.94129930394433
realprize,Affiliate,2026-04-10,44,431,1,23592.39,54.73872389791183,0.4026644160250687,135.94129930394433
realprize,Affiliate,2026-04-10,45,431,1,23624.37,54.81292343387471,0.4032102364368406,135.94129930394433
realprize,Affiliate,2026-04-10,46,431,1,23647.36,54.866264501160096,0.4036026195283551,135.94129930394433
realprize,Affiliate,2026-04-10,47,431,1,23647.36,54.866264501160096,0.4036026195283551,135.94129930394433
realprize,Affiliate,2026-04-10,48,431,1,24501.33,56.84763341067285,0.4181777995483924,135.94129930394433
realprize,Affiliate,2026-04-10,49,431,1,24700.33,57.30935034802784,0.4215742430112628,135.94129930394433
realprize,Affiliate,2026-04-10,50,431,1,24705.32,57.32092807424594,0.4216594101111609,135.94129930394433
realprize,Affiliate,2026-04-10,51,431,1,24705.32,57.32092807424594,0.4216594101111609,135.94129930394433
realprize,Affiliate,2026-04-10,52,431,1,24736.31,57.39283062645011,0.4221883336433938,135.94129930394433
realprize,Affiliate,2026-04-10,53,431,1,24736.31,57.39283062645011,0.4221883336433938,135.94129930394433
realprize,Affiliate,2026-04-10,54,431,1,25485.3,59.130626450116,0.4349717617301038,135.94129930394433
realprize,Affiliate,2026-04-10,55,431,1,25822.26,59.9124361948956,0.4407228450931632,135.94129930394433
realprize,Affiliate,2026-04-10,56,431,1,25822.26,59.9124361948956,0.4407228450931632,135.94129930394433
realprize,Affiliate,2026-04-10,57,431,1,27787.2,64.47146171693736,0.4742595667913166,135.94129930394433
realprize,Affiliate,2026-04-10,58,431,1,29709.18,68.9308120649652,0.5070630663228123,135.94129930394433
realprize,Affiliate,2026-04-10,59,431,1,30414.160000000003,70.56649651972158,0.5190953513100202,135.94129930394433
realprize,Affiliate,2026-04-10,60,431,1,30685.120000000003,71.19517401392112,0.5237199760371526,135.94129930394433
realprize,Affiliate,2026-04-10,61,431,1,31105.1,72.16960556844548,0.5308880078237672,135.94129930394433
realprize,Affiliate,2026-04-10,62,431,1,31445.09,72.95844547563806,0.5366908058787486,135.94129930394433
realprize,Affiliate,2026-04-10,63,431,1,33529.0,77.79350348027842,0.5722580546059356,135.94129930394433
realprize,Affiliate,2026-04-10,64,431,1,33588.97,77.93264501160093,0.573281595884671,135.94129930394433
realprize,Affiliate,2026-04-10,65,431,1,34158.95,79.25510440835266,0.5830097609347558,135.94129930394433
realprize,Affiliate,2026-04-10,66,431,1,34163.939999999995,79.26668213457076,0.5830949280346538,135.94129930394433
realprize,Affiliate,2026-04-10,67,431,1,34713.91,80.54271461716938,0.5924815713073918,135.94129930394433
realprize,Affiliate,2026-04-10,68,431,1,36362.85,84.36856148491879,0.620624945597168,135.94129930394433
realprize,Affiliate,2026-04-10,69,431,1,39174.74,90.89266821345709,0.6686170330786284,135.94129930394433
realprize,Affiliate,2026-04-10,70,431,1,40649.69,94.31482598607889,0.6937908234583303,135.94129930394433
realprize,Affiliate,2026-04-10,71,431,1,41049.68,95.24287703016242,0.7006176748186999,135.94129930394433
realprize,Affiliate,2026-04-10,72,431,1,41079.66,95.3124361948956,0.701129360120292,135.94129930394433
realprize,Affiliate,2026-04-10,73,431,1,41089.65,95.33561484918792,0.7012998649956391,135.94129930394433
realprize,Affiliate,2026-04-10,74,431,1,41578.58,96.47002320185616,0.7096447047056955,135.94129930394433
realprize,Affiliate,2026-04-10,75,431,1,41767.54,96.90844547563805,0.7128697899154642,135.94129930394433
realprize,Affiliate,2026-04-10,76,431,1,41817.52,97.02440835266822,0.7137228263188525,135.94129930394433
realprize,Affiliate,2026-04-10,77,431,1,41937.47,97.30271461716936,0.7157700795518742,135.94129930394433
realprize,Affiliate,2026-04-10,78,431,1,42498.4,98.60417633410673,0.7253437832283962,135.94129930394433
realprize,Affiliate,2026-04-10,79,431,1,42528.37,98.67371229698377,0.7258552978544376,135.94129930394433
realprize,Affiliate,2026-04-10,80,431,1,42613.32,98.8708120649652,0.7273051866593161,135.94129930394433
realprize,Affiliate,2026-04-10,81,431,1,43690.26,101.36951276102089,0.7456859194377263,135.94129930394433
realprize,Affiliate,2026-04-10,82,431,1,43845.23,101.72907192575406,0.7483308784499928,135.94129930394433
realprize,Affiliate,2026-04-10,83,431,1,43860.20999999999,101.76382830626449,0.7485865504252379,135.94129930394433
realprize,Affiliate,2026-04-10,84,431,1,43890.2,101.83341067285382,0.7490984064023811,135.94129930394433
realprize,Affiliate,2026-04-10,85,431,1,44240.18,102.64542923433876,0.7550717093327097,135.94129930394433
realprize,Affiliate,2026-04-10,86,431,1,44240.18,102.64542923433876,0.7550717093327097,135.94129930394433
realprize,Affiliate,2026-04-10,87,431,1,44252.16,102.67322505800465,0.7552761786426856,135.94129930394433
realprize,Affiliate,2026-04-10,88,431,1,44252.16,102.67322505800465,0.7552761786426856,135.94129930394433
realprize,Affiliate,2026-04-10,89,431,1,44282.15,102.74280742459398,0.7557880346198287,135.94129930394433
realprize,Affiliate,2026-04-10,90,431,1,44322.130000000005,102.83556844547564,0.756470395472319,135.94129930394433
realprize,Affiliate,2026-04-10,91,431,1,44459.07000000001,103.1532946635731,0.7588076264663164,135.94129930394433
realprize,Affiliate,2026-04-10,92,431,1,44623.990000000005,103.53593967517402,0.7616224076517263,135.94129930394433
realprize,Affiliate,2026-04-10,93,431,1,44763.89,103.8605336426914,0.7640101586087893,135.94129930394433
realprize,Affiliate,2026-04-10,94,431,1,45390.87,105.31524361948956,0.7747111742989928,135.94129930394433
realprize,Affiliate,2026-04-10,95,431,1,46217.84,107.23396751740138,0.7888255303316053,135.94129930394433
realprize,Affiliate,2026-04-10,96,431,1,46250.81,107.31046403712296,0.7893882476229162,135.94129930394433
realprize,Affiliate,2026-04-10,97,431,1,46340.65,107.51890951276104,0.7909215967721839,135.94129930394433
realprize,Affiliate,2026-04-10,98,431,1,46940.64000000001,108.9109976798144,0.8011619591505137,135.94129930394433
realprize,Affiliate,2026-04-10,99,431,1,47097.61,109.27519721577728,0.8038410532729596,135.94129930394433
realprize,Affiliate,2026-04-10,100,431,1,47209.58,109.53498839907192,0.8057521074163647,135.94129930394433
realprize,Affiliate,2026-04-10,101,431,1,47693.53,110.65784222737818,0.8140119507020737,135.94129930394433
realprize,Affiliate,2026-04-10,102,431,1,48744.43,113.0961252900232,0.8319482443459455,135.94129930394433
realprize,Affiliate,2026-04-10,103,431,1,50659.37,117.5391415313225,0.864631588289609,135.94129930394433
realprize,Affiliate,2026-04-10,104,431,1,50859.34,118.00310904872389,0.8680445872809164,135.94129930394433
realprize,Affiliate,2026-04-10,105,431,1,51379.26,119.2094199535963,0.8769183505232059,135.94129930394433
realprize,Affiliate,2026-04-10,106,431,1,51379.26,119.2094199535963,0.8769183505232059,135.94129930394433
realprize,Affiliate,2026-04-10,107,431,1,51544.24,119.5922041763341,0.8797341557619212,135.94129930394433
realprize,Affiliate,2026-04-10,108,431,1,51544.24,119.5922041763341,0.8797341557619212,135.94129930394433
realprize,Affiliate,2026-04-10,109,431,1,51944.2,120.5201856148492,0.886560495095638,135.94129930394433
realprize,Affiliate,2026-04-10,110,431,1,53113.100000000006,123.2322505800464,0.9065107602401064,135.94129930394433
realprize,Affiliate,2026-04-10,111,431,1,54177.02,125.70074245939676,0.9246692734512474,135.94129930394433
realprize,Affiliate,2026-04-10,112,431,1,54392.00000000001,126.19953596287704,0.9283384564444528,135.94129930394433
realprize,Affiliate,2026-04-10,113,431,1,55016.95,127.64953596287704,0.9390048249978238,135.94129930394433
realprize,Affiliate,2026-04-10,114,431,1,55191.94,128.0555452436195,0.941991476462988,135.94129930394433
realprize,Affiliate,2026-04-10,115,431,1,56841.83,131.88359628770303,0.9701510649300998,135.94129930394433
realprize,Affiliate,2026-04-10,116,431,1,57553.79000000001,133.53547563805105,0.9823024814518344,135.94129930394433
realprize,Affiliate,2026-04-10,117,431,1,58113.76,134.83470997679814,0.9918598002754702,135.94129930394433
realprize,Affiliate,2026-04-10,118,431,1,58550.72000000001,135.84853828306265,0.9993176391475096,135.94129930394433
realprize,Affiliate,2026-04-10,119,431,1,58590.7,135.94129930394433,1.0,135.94129930394433
realprize,Affiliate,2026-04-10,120,431,1,58590.7,135.94129930394433,1.0,135.94129930394433
realprize,Affiliate,2026-04-14,1,266,1,1282.15,4.820112781954887,0.0584394037872689,82.48052631578948
realprize,Affiliate,2026-04-14,2,266,1,2072.04,7.789624060150376,0.0944419781019169,82.48052631578948
realprize,Affiliate,2026-04-14,3,266,1,2592.0,9.74436090225564,0.1181413521168359,82.48052631578948
realprize,Affiliate,2026-04-14,4,266,1,3066.89,11.52966165413534,0.1397864704450629,82.48052631578948
realprize,Affiliate,2026-04-14,5,266,1,3216.83,12.093345864661654,0.1466206194945993,82.48052631578948
realprize,Affiliate,2026-04-14,6,266,1,3771.75,14.179511278195488,0.1719134432278842,82.48052631578948
realprize,Affiliate,2026-04-14,7,266,1,4070.67,15.30327067669173,0.1855379852706175,82.48052631578948
realprize,Affiliate,2026-04-14,8,266,1,4550.5,17.107142857142858,0.2074082649720918,82.48052631578948
realprize,Affiliate,2026-04-14,9,266,1,5320.34,20.001278195488723,0.2424969758183978,82.48052631578948
realprize,Affiliate,2026-04-14,10,266,1,5990.099999999999,22.519172932330825,0.2730241177913036,82.48052631578948
realprize,Affiliate,2026-04-14,11,266,1,6171.999999999999,23.20300751879699,0.2813149788831449,82.48052631578948
realprize,Affiliate,2026-04-14,12,266,1,6670.79,25.07815789473684,0.3040494406973256,82.48052631578948
realprize,Affiliate,2026-04-14,13,266,1,7025.629999999999,26.41214285714285,0.3202227730218387,82.48052631578948
realprize,Affiliate,2026-04-14,14,266,1,7610.44,28.61067669172932,0.3468779598009464,82.48052631578948
realprize,Affiliate,2026-04-14,15,266,1,7840.309999999999,29.47484962406015,0.3573552563330054,82.48052631578948
realprize,Affiliate,2026-04-14,16,266,1,8624.0,32.421052631578945,0.3930752394504603,82.48052631578948
realprize,Affiliate,2026-04-14,17,266,1,8925.8,33.55563909774436,0.4068310496622123,82.48052631578948
realprize,Affiliate,2026-04-14,18,266,1,9005.71,33.85605263157895,0.4104732855602279,82.48052631578948
realprize,Affiliate,2026-04-14,19,266,1,9104.64,34.22796992481203,0.4149824383244712,82.48052631578948
realprize,Affiliate,2026-04-14,20,266,1,9217.6,34.65263157894737,0.4201310676204272,82.48052631578948
realprize,Affiliate,2026-04-14,21,266,1,9709.35,36.501315789473686,0.4425446516881178,82.48052631578948
realprize,Affiliate,2026-04-14,22,266,1,9838.3,36.98609022556391,0.4484220927974796,82.48052631578948
realprize,Affiliate,2026-04-14,23,266,1,9940.25,37.36936090225564,0.4530688948222911,82.48052631578948
realprize,Affiliate,2026-04-14,24,266,1,10013.23,37.64372180451128,0.4563952666886054,82.48052631578948
realprize,Affiliate,2026-04-14,25,266,1,10128.15,38.07575187969925,0.4616332312662546,82.48052631578948
realprize,Affiliate,2026-04-14,26,266,1,10245.1,38.51541353383459,0.466963721671372,82.48052631578948
realprize,Affiliate,2026-04-14,27,266,1,10357.04,38.93624060150376,0.4720658601574671,82.48052631578948
realprize,Affiliate,2026-04-14,28,266,1,10691.9,40.19511278195488,0.4873285195594129,82.48052631578948
realprize,Affiliate,2026-04-14,29,266,1,10738.86,40.371654135338346,0.4894689199820235,82.48052631578948
realprize,Affiliate,2026-04-14,30,266,1,10884.75,40.92011278195488,0.4961184731688773,82.48052631578948
realprize,Affiliate,2026-04-14,31,266,1,11478.63,43.152744360902254,0.5231870635219432,82.48052631578948
realprize,Affiliate,2026-04-14,32,266,1,11552.58,43.43075187969925,0.5265576472368506,82.48052631578948
realprize,Affiliate,2026-04-14,33,266,1,11756.52,44.19744360902256,0.5358530744554878,82.48052631578948
realprize,Affiliate,2026-04-14,34,266,1,11821.48,44.44165413533835,0.5388139009344652,82.48052631578948
realprize,Affiliate,2026-04-14,35,266,1,11928.39,44.84357142857143,0.5436867759170312,82.48052631578948
realprize,Affiliate,2026-04-14,36,266,1,12055.25,45.32048872180451,0.5494689564454038,82.48052631578948
realprize,Affiliate,2026-04-14,37,266,1,12110.17,45.52695488721805,0.55197216750183,82.48052631578948
realprize,Affiliate,2026-04-14,38,266,1,12394.07,46.59424812030075,0.5649121095797504,82.48052631578948
realprize,Affiliate,2026-04-14,39,266,1,12730.99,47.86086466165413,0.5802686621859249,82.48052631578948
realprize,Affiliate,2026-04-14,40,266,1,12925.83,48.59334586466166,0.5891493184538433,82.48052631578948
realprize,Affiliate,2026-04-14,41,266,1,13087.61,49.20154135338346,0.5965231255315677,82.48052631578948
realprize,Affiliate,2026-04-14,42,266,1,13140.54,49.40052631578947,0.59893563392954,82.48052631578948
realprize,Affiliate,2026-04-14,43,266,1,13215.52,49.68240601503759,0.6023531642465616,82.48052631578948
realprize,Affiliate,2026-04-14,44,266,1,13215.52,49.68240601503759,0.6023531642465616,82.48052631578948
realprize,Affiliate,2026-04-14,45,266,1,13305.45,50.0204887218045,0.6064521039826215,82.48052631578948
realprize,Affiliate,2026-04-14,46,266,1,13479.3,50.67406015037594,0.6143760523103653,82.48052631578948
realprize,Affiliate,2026-04-14,47,266,1,13929.05,52.36484962406015,0.6348753089131998,82.48052631578948
realprize,Affiliate,2026-04-14,48,266,1,14156.93,53.22154135338346,0.645261902786805,82.48052631578948
realprize,Affiliate,2026-04-14,49,266,1,14351.78,53.954060150375945,0.6541430148469769,82.48052631578948
realprize,Affiliate,2026-04-14,50,266,1,14376.76,54.04796992481203,0.6552815838963127,82.48052631578948
realprize,Affiliate,2026-04-14,51,266,1,14471.66,54.40473684210527,0.6596070523823805,82.48052631578948
realprize,Affiliate,2026-04-14,52,266,1,14708.57,55.29537593984962,0.6704052266609297,82.48052631578948
realprize,Affiliate,2026-04-14,53,266,1,14938.52,56.15984962406015,0.6808861695310171,82.48052631578948
realprize,Affiliate,2026-04-14,54,266,1,14958.51,56.235,0.6817972982458379,82.48052631578948
realprize,Affiliate,2026-04-14,55,266,1,15072.44,56.66330827067669,0.686990139390387,82.48052631578948
realprize,Affiliate,2026-04-14,56,266,1,15072.44,56.66330827067669,0.686990139390387,82.48052631578948
realprize,Affiliate,2026-04-14,57,266,1,15152.38,56.96383458646617,0.6906337426651632,82.48052631578948
realprize,Affiliate,2026-04-14,58,266,1,15252.330000000002,57.33958646616542,0.6951893862392673,82.48052631578948
realprize,Affiliate,2026-04-14,59,266,1,15455.22,58.10233082706767,0.7044369552712829,82.48052631578948
realprize,Affiliate,2026-04-14,60,266,1,15555.19,58.478157894736846,0.7089935104298941,82.48052631578948
realprize,Affiliate,2026-04-14,61,266,1,15876.02,59.68428571428571,0.7236166933001272,82.48052631578948
realprize,Affiliate,2026-04-14,62,266,1,16438.91,61.800413533834586,0.7492727834594815,82.48052631578948
realprize,Affiliate,2026-04-14,63,266,1,16503.87,62.04462406015037,0.7522336099384588,82.48052631578948
realprize,Affiliate,2026-04-14,64,266,1,16582.84,62.3415037593985,0.755833001364642,82.48052631578948
realprize,Affiliate,2026-04-14,65,266,1,16713.78,62.83375939849624,0.7618011451324577,82.48052631578948
realprize,Affiliate,2026-04-14,66,266,1,16833.71,63.28462406015037,0.7672674616291291,82.48052631578948
realprize,Affiliate,2026-04-14,67,266,1,16953.62,63.73541353383458,0.7727328665412934,82.48052631578948
realprize,Affiliate,2026-04-14,68,266,1,17008.6,63.94210526315789,0.7752388123512407,82.48052631578948
realprize,Affiliate,2026-04-14,69,266,1,17255.43,64.87003759398496,0.7864891325452988,82.48052631578948
realprize,Affiliate,2026-04-14,70,266,1,17584.350000000002,66.10657894736843,0.8014810513486438,82.48052631578948
realprize,Affiliate,2026-04-14,71,266,1,17784.25,66.85808270676692,0.8105923384968519,82.48052631578948
realprize,Affiliate,2026-04-14,72,266,1,18148.06,68.22578947368422,0.8271745164727878,82.48052631578948
realprize,Affiliate,2026-04-14,73,266,1,18492.91,69.52221804511278,0.8428925123360173,82.48052631578948
realprize,Affiliate,2026-04-14,74,266,1,18689.8,70.2624060150376,0.8518666060159108,82.48052631578948
realprize,Affiliate,2026-04-14,75,266,1,18823.72,70.76586466165412,0.8579705758752805,82.48052631578948
realprize,Affiliate,2026-04-14,76,266,1,18918.65,71.12274436090226,0.8622974117381091,82.48052631578948
realprize,Affiliate,2026-04-14,77,266,1,19095.59,71.78793233082706,0.8703621998721958,82.48052631578948
realprize,Affiliate,2026-04-14,78,266,1,19185.55,72.12612781954887,0.8744625069850163,82.48052631578948
realprize,Affiliate,2026-04-14,79,266,1,19245.51,72.35154135338347,0.8771954373372253,82.48052631578948
realprize,Affiliate,2026-04-14,80,266,1,19300.49,72.55823308270678,0.8797013831471727,82.48052631578948
realprize,Affiliate,2026-04-14,81,266,1,19473.44,73.20842105263158,0.887584310172098,82.48052631578948
realprize,Affiliate,2026-04-14,82,266,1,19531.42,73.4263909774436,0.8902269936581065,82.48052631578948
realprize,Affiliate,2026-04-14,83,266,1,19561.4,73.53909774436089,0.8915934588342108,82.48052631578948
realprize,Affiliate,2026-04-14,84,266,1,19674.37,73.96379699248119,0.8967425439224204,82.48052631578948
realprize,Affiliate,2026-04-14,85,266,1,19804.34,74.4524060150376,0.9026664758416432,82.48052631578948
realprize,Affiliate,2026-04-14,86,266,1,19824.33,74.52755639097744,0.903577604556464,82.48052631578948
realprize,Affiliate,2026-04-14,87,266,1,19915.31,74.86958646616542,0.9077244024791452,82.48052631578948
realprize,Affiliate,2026-04-14,88,266,1,19955.29,75.01988721804511,0.9095466599087868,82.48052631578948
realprize,Affiliate,2026-04-14,89,266,1,20055.28,75.3957894736842,0.914104126651905,82.48052631578948
realprize,Affiliate,2026-04-14,90,266,1,20090.24,75.52721804511279,0.9156975763702712,82.48052631578948
realprize,Affiliate,2026-04-14,91,266,1,20130.21,75.67748120300752,0.917519378007659,82.48052631578948
realprize,Affiliate,2026-04-14,92,266,1,20230.19,76.05334586466165,0.9220763889585236,82.48052631578948
realprize,Affiliate,2026-04-14,93,266,1,20348.17,76.49687969924811,0.9274538259657552,82.48052631578948
realprize,Affiliate,2026-04-14,94,266,1,20358.16,76.53443609022557,0.9279091624270392,82.48052631578948
realprize,Affiliate,2026-04-14,95,266,1,20358.16,76.53443609022557,0.9279091624270392,82.48052631578948
realprize,Affiliate,2026-04-14,96,266,1,20358.16,76.53443609022557,0.9279091624270392,82.48052631578948
realprize,Affiliate,2026-04-14,97,266,1,20483.12,77.00421052631579,0.9336047424272396,82.48052631578948
realprize,Affiliate,2026-04-14,98,266,1,20603.09,77.45522556390978,0.9390728820929252,82.48052631578948
realprize,Affiliate,2026-04-14,99,266,1,20640.08,77.5942857142857,0.940758857638759,82.48052631578948
realprize,Affiliate,2026-04-14,100,266,1,20710.06,77.85736842105263,0.9439484918290122,82.48052631578948
realprize,Affiliate,2026-04-14,101,266,1,20805.05,78.21447368421052,0.9482780624453616,82.48052631578948
realprize,Affiliate,2026-04-14,102,266,1,20835.02,78.32714285714285,0.9496440718292126,82.48052631578948
realprize,Affiliate,2026-04-14,103,266,1,21049.98,79.13526315789474,0.959441782111248,82.48052631578948
realprize,Affiliate,2026-04-14,104,266,1,21117.97,79.39086466165412,0.962540713643047,82.48052631578948
realprize,Affiliate,2026-04-14,105,266,1,21127.96,79.42842105263158,0.9629960501043308,82.48052631578948
realprize,Affiliate,2026-04-14,106,266,1,21339.91,80.22522556390977,0.9726565669180512,82.48052631578948
realprize,Affiliate,2026-04-14,107,266,1,21439.89,80.60109022556391,0.977213577868916,82.48052631578948
realprize,Affiliate,2026-04-14,108,266,1,21589.88,81.16496240601504,0.98405000587972,82.48052631578948
realprize,Affiliate,2026-04-14,109,266,1,21589.88,81.16496240601504,0.98405000587972,82.48052631578948
realprize,Affiliate,2026-04-14,110,266,1,21879.85,82.25507518796992,0.9972666138555376,82.48052631578948
realprize,Affiliate,2026-04-14,111,266,1,21919.83,82.40537593984962,0.9990888712851792,82.48052631578948
realprize,Affiliate,2026-04-14,112,266,1,21919.83,82.40537593984962,0.9990888712851792,82.48052631578948
realprize,Affiliate,2026-04-14,113,266,1,21919.83,82.40537593984962,0.9990888712851792,82.48052631578948
realprize,Affiliate,2026-04-14,114,266,1,21939.82,82.48052631578948,1.0,82.48052631578948
realprize,Affiliate,2026-04-14,115,266,1,21939.82,82.48052631578948,1.0,82.48052631578948
realprize,Affiliate,2026-04-14,116,266,1,21939.82,82.48052631578948,1.0,82.48052631578948
realprize,Affiliate,2026-04-14,117,266,1,21939.82,82.48052631578948,1.0,82.48052631578948
realprize,Affiliate,2026-04-14,118,266,1,21939.82,82.48052631578948,1.0,82.48052631578948
realprize,Affiliate,2026-04-14,119,266,1,21939.82,82.48052631578948,1.0,82.48052631578948
realprize,Affiliate,2026-04-14,120,266,1,21939.82,82.48052631578948,1.0,82.48052631578948
realprize,Affiliate,2026-04-11,1,417,1,2646.76,6.347146282973621,0.2142436803715728,29.625827338129493
realprize,Affiliate,2026-04-11,2,417,1,4343.59,10.416282973621104,0.3515946695677584,29.625827338129493
realprize,Affiliate,2026-04-11,3,417,1,4547.49,10.905251798561151,0.3680994854285708,29.625827338129493
realprize,Affiliate,2026-04-11,4,417,1,4934.32,11.832901678657072,0.3994116870932988,29.625827338129493
realprize,Affiliate,2026-04-11,5,417,1,5226.18,12.532805755395684,0.4230364813901928,29.625827338129493
realprize,Affiliate,2026-04-11,6,417,1,5311.14,12.73654676258993,0.4299136229082635,29.625827338129493
realprize,Affiliate,2026-04-11,7,417,1,5331.13,12.784484412470023,0.4315317262386099,29.625827338129493
realprize,Affiliate,2026-04-11,8,417,1,5850.92,14.030983213429256,0.4736064601095843,29.625827338129493
realprize,Affiliate,2026-04-11,9,417,1,5900.89,14.150815347721824,0.4776513137072536,29.625827338129493
realprize,Affiliate,2026-04-11,10,417,1,6531.57,15.66323741007194,0.5287021095243067,29.625827338129493
realprize,Affiliate,2026-04-11,11,417,1,6538.56,15.68,0.5292679195432725,29.625827338129493
realprize,Affiliate,2026-04-11,12,417,1,6800.47,16.30808153477218,0.5504683919420236,29.625827338129493
realprize,Affiliate,2026-04-11,13,417,1,6978.38,16.7347242206235,0.5648694306364676,29.625827338129493
realprize,Affiliate,2026-04-11,14,417,1,7028.34,16.85453237410072,0.5689134747777436,29.625827338129493
realprize,Affiliate,2026-04-11,15,417,1,7230.27,17.33877697841727,0.5852588277290621,29.625827338129493
realprize,Affiliate,2026-04-11,16,417,1,7352.21,17.631199040767385,0.5951293389898146,29.625827338129493
realprize,Affiliate,2026-04-11,17,417,1,7695.11,18.453501199040765,0.6228855987184686,29.625827338129493
realprize,Affiliate,2026-04-11,18,417,1,7845.03,18.81302158273381,0.6350209689678703,29.625827338129493
realprize,Affiliate,2026-04-11,19,417,1,7954.99,19.07671462829736,0.6439217514693657,29.625827338129493
realprize,Affiliate,2026-04-11,20,417,1,8065.92,19.34273381294964,0.652901051241018,29.625827338129493
realprize,Affiliate,2026-04-11,21,417,1,8446.75,20.25599520383693,0.6837275790697243,29.625827338129493
realprize,Affiliate,2026-04-11,22,417,1,8491.72,20.363836930455637,0.6873677044707086,29.625827338129493
realprize,Affiliate,2026-04-11,23,417,1,8603.57,20.632062350119902,0.696421474230551,29.625827338129493
realprize,Affiliate,2026-04-11,24,417,1,8603.57,20.632062350119902,0.696421474230551,29.625827338129493
realprize,Affiliate,2026-04-11,25,417,1,8674.55,20.80227817745803,0.7021669957106905,29.625827338129493
realprize,Affiliate,2026-04-11,26,417,1,8842.53,21.205107913669067,0.7157642442065184,29.625827338129493
realprize,Affiliate,2026-04-11,27,417,1,9022.44,21.63654676258993,0.7303271741796363,29.625827338129493
realprize,Affiliate,2026-04-11,28,417,1,9242.41,22.164052757793765,0.748132786464594,29.625827338129493
realprize,Affiliate,2026-04-11,29,417,1,9262.4,22.21199040767386,0.7497508897949404,29.625827338129493
realprize,Affiliate,2026-04-11,30,417,1,9322.37,22.35580335731415,0.75460519978598,29.625827338129493
realprize,Affiliate,2026-04-11,31,417,1,9484.3,22.74412470023981,0.7677127271638188,29.625827338129493
realprize,Affiliate,2026-04-11,32,417,1,9904.11,23.75086330935252,0.8016945160138806,29.625827338129493
realprize,Affiliate,2026-04-11,33,417,1,9914.1,23.77482014388489,0.8025031629508571,29.625827338129493
realprize,Affiliate,2026-04-11,34,417,1,9973.07,23.916235011990405,0.8072765273025594,29.625827338129493
realprize,Affiliate,2026-04-11,35,417,1,9983.06,23.94019184652278,0.808085174239536,29.625827338129493
realprize,Affiliate,2026-04-11,36,417,1,9988.05,23.952158273381293,0.8084890929798275,29.625827338129493
realprize,Affiliate,2026-04-11,37,417,1,9993.04,23.96412470023981,0.8088930117201193,29.625827338129493
realprize,Affiliate,2026-04-11,38,417,1,10003.03,23.988081534772185,0.8097016586570959,29.625827338129493
realprize,Affiliate,2026-04-11,39,417,1,10053.02,24.10796163069545,0.813748131167552,29.625827338129493
realprize,Affiliate,2026-04-11,40,417,1,10113.0,24.25179856115108,0.8186032506149846,29.625827338129493
realprize,Affiliate,2026-04-11,41,417,1,10127.98,24.287721822541965,0.8198158162922526,29.625827338129493
realprize,Affiliate,2026-04-11,42,417,1,10259.96,24.604220623501195,0.8304990217719486,29.625827338129493
realprize,Affiliate,2026-04-11,43,417,1,10304.91,24.71201438848921,0.8341375282601464,29.625827338129493
realprize,Affiliate,2026-04-11,44,417,1,10319.88,24.747913669064747,0.8353492844810211,29.625827338129493
realprize,Affiliate,2026-04-11,45,417,1,10339.87,24.79585131894484,0.8369673878113675,29.625827338129493
realprize,Affiliate,2026-04-11,46,417,1,10339.87,24.79585131894484,0.8369673878113675,29.625827338129493
realprize,Affiliate,2026-04-11,47,417,1,10339.87,24.79585131894484,0.8369673878113675,29.625827338129493
realprize,Affiliate,2026-04-11,48,417,1,10339.87,24.79585131894484,0.8369673878113675,29.625827338129493
realprize,Affiliate,2026-04-11,49,417,1,10339.87,24.79585131894484,0.8369673878113675,29.625827338129493
realprize,Affiliate,2026-04-11,50,417,1,10379.85,24.89172661870504,0.8402035944720605,29.625827338129493
realprize,Affiliate,2026-04-11,51,417,1,10384.84,24.90369304556355,0.840607513212352,29.625827338129493
realprize,Affiliate,2026-04-11,52,417,1,10384.84,24.90369304556355,0.840607513212352,29.625827338129493
realprize,Affiliate,2026-04-11,53,417,1,10484.82,25.14345323741007,0.8487004582332643,29.625827338129493
realprize,Affiliate,2026-04-11,54,417,1,10484.82,25.14345323741007,0.8487004582332643,29.625827338129493
realprize,Affiliate,2026-04-11,55,417,1,10494.81,25.167410071942445,0.8495091051702409,29.625827338129493
realprize,Affiliate,2026-04-11,56,417,1,10514.8,25.21534772182254,0.8511272085005872,29.625827338129493
realprize,Affiliate,2026-04-11,57,417,1,10537.79,25.270479616306957,0.8529881487489447,29.625827338129493
realprize,Affiliate,2026-04-11,58,417,1,10577.77,25.36635491606715,0.8562243554096377,29.625827338129493
realprize,Affiliate,2026-04-11,59,417,1,10582.76,25.37832134292566,0.8566282741499293,29.625827338129493
realprize,Affiliate,2026-04-11,60,417,1,10597.74,25.414244604316547,0.8578408398271974,29.625827338129493
realprize,Affiliate,2026-04-11,61,417,1,10612.71,25.45014388489209,0.859052596048072,29.625827338129493
realprize,Affiliate,2026-04-11,62,417,1,10622.7,25.474100719424463,0.8598612429850487,29.625827338129493
realprize,Affiliate,2026-04-11,63,417,1,10622.7,25.474100719424463,0.8598612429850487,29.625827338129493
realprize,Affiliate,2026-04-11,64,417,1,10772.64,25.8336690647482,0.8719982321472369,29.625827338129493
realprize,Affiliate,2026-04-11,65,417,1,10772.64,25.8336690647482,0.8719982321472369,29.625827338129493
realprize,Affiliate,2026-04-11,66,417,1,10777.63,25.845635491606718,0.8724021508875285,29.625827338129493
realprize,Affiliate,2026-04-11,67,417,1,10797.6,25.89352517985612,0.8740186353050883,29.625827338129493
realprize,Affiliate,2026-04-11,68,417,1,10857.58,26.03736211031175,0.8788737547525209,29.625827338129493
realprize,Affiliate,2026-04-11,69,417,1,10862.57,26.049328537170265,0.8792776734928126,29.625827338129493
realprize,Affiliate,2026-04-11,70,417,1,10922.55,26.193165467625896,0.884132792940245,29.625827338129493
realprize,Affiliate,2026-04-11,71,417,1,10952.54,26.265083932853717,0.8865603526639614,29.625827338129493
realprize,Affiliate,2026-04-11,72,417,1,10952.54,26.265083932853717,0.8865603526639614,29.625827338129493
realprize,Affiliate,2026-04-11,73,417,1,10987.52,26.348968824940048,0.8893918311279695,29.625827338129493
realprize,Affiliate,2026-04-11,74,417,1,11067.5,26.54076738609113,0.8958658633621419,29.625827338129493
realprize,Affiliate,2026-04-11,75,417,1,11264.46,27.01309352517986,0.9118089164859556,29.625827338129493
realprize,Affiliate,2026-04-11,76,417,1,11294.45,27.08501199040768,0.914236476209672,29.625827338129493
realprize,Affiliate,2026-04-11,77,417,1,11304.43,27.1089448441247,0.9150443136902552,29.625827338129493
realprize,Affiliate,2026-04-11,78,417,1,11304.43,27.1089448441247,0.9150443136902552,29.625827338129493
realprize,Affiliate,2026-04-11,79,417,1,11344.4,27.204796163069545,0.9182797108945544,29.625827338129493
realprize,Affiliate,2026-04-11,80,417,1,11364.39,27.25273381294964,0.919897814224901,29.625827338129493
realprize,Affiliate,2026-04-11,81,417,1,11394.38,27.324652278177457,0.9223253739486174,29.625827338129493
realprize,Affiliate,2026-04-11,82,417,1,11394.38,27.324652278177457,0.9223253739486174,29.625827338129493
realprize,Affiliate,2026-04-11,83,417,1,11449.37,27.45652278177458,0.9267765746557586,29.625827338129493
realprize,Affiliate,2026-04-11,84,417,1,11449.37,27.45652278177458,0.9267765746557586,29.625827338129493
realprize,Affiliate,2026-04-11,85,417,1,11479.36,27.5284412470024,0.9292041343794748,29.625827338129493
realprize,Affiliate,2026-04-11,86,417,1,11479.36,27.5284412470024,0.9292041343794748,29.625827338129493
realprize,Affiliate,2026-04-11,87,417,1,11559.34,27.72023980815348,0.9356781666136472,29.625827338129493
realprize,Affiliate,2026-04-11,88,417,1,11655.33,27.950431654676255,0.9434481385336052,29.625827338129493
realprize,Affiliate,2026-04-11,89,417,1,11660.32,27.96239808153477,0.9438520572738966,29.625827338129493
realprize,Affiliate,2026-04-11,90,417,1,11670.31,27.986354916067143,0.9446607042108732,29.625827338129493
realprize,Affiliate,2026-04-11,91,417,1,11670.31,27.986354916067143,0.9446607042108732,29.625827338129493
realprize,Affiliate,2026-04-11,92,417,1,11670.31,27.986354916067143,0.9446607042108732,29.625827338129493
realprize,Affiliate,2026-04-11,93,417,1,11675.3,27.998321342925657,0.9450646229511648,29.625827338129493
realprize,Affiliate,2026-04-11,94,417,1,11675.3,27.998321342925657,0.9450646229511648,29.625827338129493
realprize,Affiliate,2026-04-11,95,417,1,11675.3,27.998321342925657,0.9450646229511648,29.625827338129493
realprize,Affiliate,2026-04-11,96,417,1,11695.26,28.046187050359716,0.9466802979123312,29.625827338129493
realprize,Affiliate,2026-04-11,97,417,1,11695.26,28.046187050359716,0.9466802979123312,29.625827338129493
realprize,Affiliate,2026-04-11,98,417,1,11825.2,28.357793764988006,0.9571983742877797,29.625827338129493
realprize,Affiliate,2026-04-11,99,417,1,11830.19,28.369760191846524,0.9576022930280712,29.625827338129493
realprize,Affiliate,2026-04-11,100,417,1,11830.19,28.369760191846524,0.9576022930280712,29.625827338129493
realprize,Affiliate,2026-04-11,101,417,1,11830.19,28.369760191846524,0.9576022930280712,29.625827338129493
realprize,Affiliate,2026-04-11,102,417,1,11880.18,28.489640287769785,0.9616487655385274,29.625827338129493
realprize,Affiliate,2026-04-11,103,417,1,11927.16,28.602302158273385,0.9654515916745792,29.625827338129493
realprize,Affiliate,2026-04-11,104,417,1,11957.15,28.6742206235012,0.9678791513982956,29.625827338129493
realprize,Affiliate,2026-04-11,105,417,1,12047.11,28.889952038369305,0.9751610211130513,29.625827338129493
realprize,Affiliate,2026-04-11,106,417,1,12047.11,28.889952038369305,0.9751610211130513,29.625827338129493
realprize,Affiliate,2026-04-11,107,417,1,12052.1,28.90191846522782,0.9755649398533428,29.625827338129493
realprize,Affiliate,2026-04-11,108,417,1,12052.1,28.90191846522782,0.9755649398533428,29.625827338129493
realprize,Affiliate,2026-04-11,109,417,1,12052.1,28.90191846522782,0.9755649398533428,29.625827338129493
realprize,Affiliate,2026-04-11,110,417,1,12062.09,28.925875299760197,0.9763735867903194,29.625827338129493
realprize,Affiliate,2026-04-11,111,417,1,12072.08,28.949832134292567,0.9771822337272958,29.625827338129493
realprize,Affiliate,2026-04-11,112,417,1,12179.04,29.206330935251795,0.9858401793107804,29.625827338129493
realprize,Affiliate,2026-04-11,113,417,1,12214.02,29.29021582733813,0.9886716577747884,29.625827338129493
realprize,Affiliate,2026-04-11,114,417,1,12254.0,29.38609112709832,0.9919078644354812,29.625827338129493
realprize,Affiliate,2026-04-11,115,417,1,12303.98,29.505947242206236,0.995953527489544,29.625827338129493
realprize,Affiliate,2026-04-11,116,417,1,12353.97,29.625827338129493,1.0,29.625827338129493
realprize,Affiliate,2026-04-11,117,417,1,12353.97,29.625827338129493,1.0,29.625827338129493
realprize,Affiliate,2026-04-11,118,417,1,12353.97,29.625827338129493,1.0,29.625827338129493
realprize,Affiliate,2026-04-11,119,417,1,12353.97,29.625827338129493,1.0,29.625827338129493
realprize,Affiliate,2026-04-11,120,417,1,12353.97,29.625827338129493,1.0,29.625827338129493
realprize,Affiliate,2026-04-12,1,346,1,4162.93,12.031589595375724,0.5743263657898259,20.949046242774568
realprize,Affiliate,2026-04-12,2,346,1,4292.88,12.407167630057804,0.5922545344677493,20.949046242774568
realprize,Affiliate,2026-04-12,3,346,1,4334.860000000001,12.528497109826592,0.5980461814173395,20.949046242774568
realprize,Affiliate,2026-04-12,4,346,1,4384.84,12.672947976878612,0.6049415247841928,20.949046242774568
realprize,Affiliate,2026-04-12,5,346,1,4516.780000000001,13.054277456647402,0.6231442379459107,20.949046242774568
realprize,Affiliate,2026-04-12,6,346,1,4686.66,13.545260115606936,0.6465812313665003,20.949046242774568
realprize,Affiliate,2026-04-12,7,346,1,4721.61,13.646271676300575,0.6514030050894201,20.949046242774568
realprize,Affiliate,2026-04-12,8,346,1,4781.58,13.819595375722542,0.6596765893573313,20.949046242774568
realprize,Affiliate,2026-04-12,9,346,1,4781.58,13.819595375722542,0.6596765893573313,20.949046242774568
realprize,Affiliate,2026-04-12,10,346,1,4781.58,13.819595375722542,0.6596765893573313,20.949046242774568
realprize,Affiliate,2026-04-12,11,346,1,4811.56,13.906242774566476,0.6638126916810263,20.949046242774568
realprize,Affiliate,2026-04-12,12,346,1,4811.56,13.906242774566476,0.6638126916810263,20.949046242774568
realprize,Affiliate,2026-04-12,13,346,1,4826.54,13.949537572254336,0.6658793632223521,20.949046242774568
realprize,Affiliate,2026-04-12,14,346,1,4868.52,14.070867052023123,0.6716710101719422,20.949046242774568
realprize,Affiliate,2026-04-12,15,346,1,4903.49,14.17193641618497,0.676495543135905,20.949046242774568
realprize,Affiliate,2026-04-12,16,346,1,4933.47,14.258583815028905,0.6806316454595999,20.949046242774568
realprize,Affiliate,2026-04-12,17,346,1,4943.46,14.287456647398844,0.6820098863606576,20.949046242774568
realprize,Affiliate,2026-04-12,18,346,1,4943.46,14.287456647398844,0.6820098863606576,20.949046242774568
realprize,Affiliate,2026-04-12,19,346,1,4973.45,14.37413294797688,0.686147368304874,20.949046242774568
realprize,Affiliate,2026-04-12,20,346,1,4973.45,14.37413294797688,0.686147368304874,20.949046242774568
realprize,Affiliate,2026-04-12,21,346,1,4993.44,14.431907514450868,0.6889052297275111,20.949046242774568
realprize,Affiliate,2026-04-12,22,346,1,4993.44,14.431907514450868,0.6889052297275111,20.949046242774568
realprize,Affiliate,2026-04-12,23,346,1,5000.43,14.452109826589597,0.6898695844720951,20.949046242774568
realprize,Affiliate,2026-04-12,24,346,1,5025.41,14.524306358381503,0.6933158765350003,20.949046242774568
realprize,Affiliate,2026-04-12,25,346,1,5025.41,14.524306358381503,0.6933158765350003,20.949046242774568
realprize,Affiliate,2026-04-12,26,346,1,5045.39,14.582052023121388,0.6960723583371158,20.949046242774568
realprize,Affiliate,2026-04-12,27,346,1,5050.38,14.596473988439309,0.6967607889773839,20.949046242774568
realprize,Affiliate,2026-04-12,28,346,1,5138.360000000001,14.850751445086708,0.708898690326239,20.949046242774568
realprize,Affiliate,2026-04-12,29,346,1,5138.360000000001,14.850751445086708,0.708898690326239,20.949046242774568
realprize,Affiliate,2026-04-12,30,346,1,5138.360000000001,14.850751445086708,0.708898690326239,20.949046242774568
realprize,Affiliate,2026-04-12,31,346,1,5158.35,14.908526011560694,0.7116565517488759,20.949046242774568
realprize,Affiliate,2026-04-12,32,346,1,5158.35,14.908526011560694,0.7116565517488759,20.949046242774568
realprize,Affiliate,2026-04-12,33,346,1,5183.33,14.9807225433526,0.715102843811781,20.949046242774568
realprize,Affiliate,2026-04-12,34,346,1,5183.33,14.9807225433526,0.715102843811781,20.949046242774568
realprize,Affiliate,2026-04-12,35,346,1,5193.320000000001,15.009595375722546,0.716481084712839,20.949046242774568
realprize,Affiliate,2026-04-12,36,346,1,5223.31,15.09627167630058,0.7206185666570554,20.949046242774568
realprize,Affiliate,2026-04-12,37,346,1,5321.27,15.379393063583816,0.7341333292864465,20.949046242774568
realprize,Affiliate,2026-04-12,38,346,1,5359.26,15.489190751445088,0.7393745076479263,20.949046242774568
realprize,Affiliate,2026-04-12,39,346,1,5422.25,15.671242774566474,0.7480647373133545,20.949046242774568
realprize,Affiliate,2026-04-12,40,346,1,5442.240000000001,15.729017341040464,0.7508225987359917,20.949046242774568
realprize,Affiliate,2026-04-12,41,346,1,5442.240000000001,15.729017341040464,0.7508225987359917,20.949046242774568
realprize,Affiliate,2026-04-12,42,346,1,5452.2300000000005,15.757890173410406,0.7522008396370494,20.949046242774568
realprize,Affiliate,2026-04-12,43,346,1,5472.22,15.815664739884394,0.7549587010596865,20.949046242774568
realprize,Affiliate,2026-04-12,44,346,1,5477.21,15.830086705202312,0.7556471316999546,20.949046242774568
realprize,Affiliate,2026-04-12,45,346,1,5487.200000000001,15.858959537572256,0.7570253726010124,20.949046242774568
realprize,Affiliate,2026-04-12,46,346,1,5517.1900000000005,15.94563583815029,0.7611628545452288,20.949046242774568
realprize,Affiliate,2026-04-12,47,346,1,5552.18,16.04676300578035,0.7659901467502349,20.949046242774568
realprize,Affiliate,2026-04-12,48,346,1,5587.17,16.147890173410406,0.770817438955241,20.949046242774568
realprize,Affiliate,2026-04-12,49,346,1,5587.17,16.147890173410406,0.770817438955241,20.949046242774568
realprize,Affiliate,2026-04-12,50,346,1,5587.17,16.147890173410406,0.770817438955241,20.949046242774568
realprize,Affiliate,2026-04-12,51,346,1,5607.150000000001,16.20563583815029,0.7735739207573564,20.949046242774568
realprize,Affiliate,2026-04-12,52,346,1,5624.13,16.25471098265896,0.7759165164029982,20.949046242774568
realprize,Affiliate,2026-04-12,53,346,1,5679.110000000001,16.41361271676301,0.7835016700306414,20.949046242774568
realprize,Affiliate,2026-04-12,54,346,1,5679.110000000001,16.41361271676301,0.7835016700306414,20.949046242774568
realprize,Affiliate,2026-04-12,55,346,1,5679.110000000001,16.41361271676301,0.7835016700306414,20.949046242774568
realprize,Affiliate,2026-04-12,56,346,1,5706.1,16.491618497109826,0.7872252658183839,20.949046242774568
realprize,Affiliate,2026-04-12,57,346,1,5754.08,16.630289017341042,0.7938446850809217,20.949046242774568
realprize,Affiliate,2026-04-12,58,346,1,5807.06,16.783410404624277,0.8011539146042489,20.949046242774568
realprize,Affiliate,2026-04-12,59,346,1,5861.05,16.939450867052024,0.8086024858002557,20.949046242774568
realprize,Affiliate,2026-04-12,60,346,1,5934.02,17.15034682080925,0.8186695767462202,20.949046242774568
realprize,Affiliate,2026-04-12,61,346,1,5944.01,17.179219653179192,0.820047817647278,20.949046242774568
realprize,Affiliate,2026-04-12,62,346,1,6045.96,17.473872832369942,0.8341130488647792,20.949046242774568
realprize,Affiliate,2026-04-12,63,346,1,6045.96,17.473872832369942,0.8341130488647792,20.949046242774568
realprize,Affiliate,2026-04-12,64,346,1,6088.9400000000005,17.598092485549135,0.8400426578665272,20.949046242774568
realprize,Affiliate,2026-04-12,65,346,1,6088.9400000000005,17.598092485549135,0.8400426578665272,20.949046242774568
realprize,Affiliate,2026-04-12,66,346,1,6128.93,17.713670520231215,0.845559760332323,20.949046242774568
realprize,Affiliate,2026-04-12,67,346,1,6155.92,17.791676300578036,0.8492833561200657,20.949046242774568
realprize,Affiliate,2026-04-12,68,346,1,6155.92,17.791676300578036,0.8492833561200657,20.949046242774568
realprize,Affiliate,2026-04-12,69,346,1,6155.92,17.791676300578036,0.8492833561200657,20.949046242774568
realprize,Affiliate,2026-04-12,70,346,1,6155.92,17.791676300578036,0.8492833561200657,20.949046242774568
realprize,Affiliate,2026-04-12,71,346,1,6175.9,17.84942196531792,0.8520398379221811,20.949046242774568
realprize,Affiliate,2026-04-12,72,346,1,6185.89,17.87829479768786,0.8534180788232388,20.949046242774568
realprize,Affiliate,2026-04-12,73,346,1,6185.89,17.87829479768786,0.8534180788232388,20.949046242774568
realprize,Affiliate,2026-04-12,74,346,1,6185.89,17.87829479768786,0.8534180788232388,20.949046242774568
realprize,Affiliate,2026-04-12,75,346,1,6185.89,17.87829479768786,0.8534180788232388,20.949046242774568
realprize,Affiliate,2026-04-12,76,346,1,6195.88,17.907167630057803,0.8547963197242966,20.949046242774568
realprize,Affiliate,2026-04-12,77,346,1,6195.88,17.907167630057803,0.8547963197242966,20.949046242774568
realprize,Affiliate,2026-04-12,78,346,1,6255.860000000001,18.080520231213875,0.8630712836127296,20.949046242774568
realprize,Affiliate,2026-04-12,79,346,1,6295.84,18.19606936416185,0.8685870064580037,20.949046242774568
realprize,Affiliate,2026-04-12,80,346,1,6325.83,18.282745664739885,0.87272448840222,20.949046242774568
realprize,Affiliate,2026-04-12,81,346,1,6325.83,18.282745664739885,0.87272448840222,20.949046242774568
realprize,Affiliate,2026-04-12,82,346,1,6355.82,18.36942196531792,0.8768619703464364,20.949046242774568
realprize,Affiliate,2026-04-12,83,346,1,6355.82,18.36942196531792,0.8768619703464364,20.949046242774568
realprize,Affiliate,2026-04-12,84,346,1,6385.81,18.456098265895957,0.8809994522906529,20.949046242774568
realprize,Affiliate,2026-04-12,85,346,1,6454.79,18.655462427745665,0.8905160746485071,20.949046242774568
realprize,Affiliate,2026-04-12,86,346,1,6454.79,18.655462427745665,0.8905160746485071,20.949046242774568
realprize,Affiliate,2026-04-12,87,346,1,6464.78,18.684335260115606,0.8918943155495649,20.949046242774568
realprize,Affiliate,2026-04-12,88,346,1,6464.78,18.684335260115606,0.8918943155495649,20.949046242774568
realprize,Affiliate,2026-04-12,89,346,1,6494.75,18.770953757225435,0.8960290382527382,20.949046242774568
realprize,Affiliate,2026-04-12,90,346,1,6494.75,18.770953757225435,0.8960290382527382,20.949046242774568
realprize,Affiliate,2026-04-12,91,346,1,6494.75,18.770953757225435,0.8960290382527382,20.949046242774568
realprize,Affiliate,2026-04-12,92,346,1,6534.74,18.886531791907515,0.901546140718534,20.949046242774568
realprize,Affiliate,2026-04-12,93,346,1,6554.7,18.94421965317919,0.9042998632796062,20.949046242774568
realprize,Affiliate,2026-04-12,94,346,1,6554.7,18.94421965317919,0.9042998632796062,20.949046242774568
realprize,Affiliate,2026-04-12,95,346,1,6604.68,19.08867052023121,0.9111952066464598,20.949046242774568
realprize,Affiliate,2026-04-12,96,346,1,6644.66,19.20421965317919,0.916710929491734,20.949046242774568
realprize,Affiliate,2026-04-12,97,346,1,6731.63,19.45557803468208,0.9287094891679094,20.949046242774568
realprize,Affiliate,2026-04-12,98,346,1,6771.61,19.571127167630056,0.9342252120131836,20.949046242774568
realprize,Affiliate,2026-04-12,99,346,1,6801.6,19.65780346820809,0.9383626939574,20.949046242774568
realprize,Affiliate,2026-04-12,100,346,1,6806.59,19.67222543352601,0.9390511245976682,20.949046242774568
realprize,Affiliate,2026-04-12,101,346,1,6806.59,19.67222543352601,0.9390511245976682,20.949046242774568
realprize,Affiliate,2026-04-12,102,346,1,6806.59,19.67222543352601,0.9390511245976682,20.949046242774568
realprize,Affiliate,2026-04-12,103,346,1,6806.59,19.67222543352601,0.9390511245976682,20.949046242774568
realprize,Affiliate,2026-04-12,104,346,1,6806.59,19.67222543352601,0.9390511245976682,20.949046242774568
realprize,Affiliate,2026-04-12,105,346,1,6806.59,19.67222543352601,0.9390511245976682,20.949046242774568
realprize,Affiliate,2026-04-12,106,346,1,6891.53,19.917716763005775,0.9507696213079628,20.949046242774568
realprize,Affiliate,2026-04-12,107,346,1,6896.52,19.9321387283237,0.9514580519482312,20.949046242774568
realprize,Affiliate,2026-04-12,108,346,1,6946.51,20.076618497109827,0.9583547749356062,20.949046242774568
realprize,Affiliate,2026-04-12,109,346,1,6951.5,20.091040462427745,0.9590432055758742,20.949046242774568
realprize,Affiliate,2026-04-12,110,346,1,7008.46,20.25566473988439,0.96690152406679,20.949046242774568
realprize,Affiliate,2026-04-12,111,346,1,7048.45,20.371242774566472,0.9724186265325858,20.949046242774568
realprize,Affiliate,2026-04-12,112,346,1,7048.45,20.371242774566472,0.9724186265325858,20.949046242774568
realprize,Affiliate,2026-04-12,113,346,1,7053.44,20.38566473988439,0.9731070571728538,20.949046242774568
realprize,Affiliate,2026-04-12,114,346,1,7053.44,20.38566473988439,0.9731070571728538,20.949046242774568
realprize,Affiliate,2026-04-12,115,346,1,7073.43,20.443439306358385,0.9758649185954912,20.949046242774568
realprize,Affiliate,2026-04-12,116,346,1,7103.42,20.530115606936416,0.9800024005397074,20.949046242774568
realprize,Affiliate,2026-04-12,117,346,1,7103.42,20.530115606936416,0.9800024005397074,20.949046242774568
realprize,Affiliate,2026-04-12,118,346,1,7125.41,20.59367052023121,0.9830361860666604,20.949046242774568
realprize,Affiliate,2026-04-12,119,346,1,7155.4,20.68034682080925,0.9871736680108768,20.949046242774568
realprize,Affiliate,2026-04-12,120,346,1,7248.37,20.949046242774568,1.0,20.949046242774568
realprize,Affiliate,2026-04-13,1,362,1,3792.94,10.477734806629837,0.1131675326670873,92.58604972375691
realprize,Affiliate,2026-04-13,2,362,1,6382.71,17.6317955801105,0.1904368491011049,92.58604972375691
realprize,Affiliate,2026-04-13,3,362,1,6427.68,17.756022099447513,0.1917785903213823,92.58604972375691
realprize,Affiliate,2026-04-13,4,362,1,7261.509999999999,20.05941988950276,0.21665704443977,92.58604972375691
realprize,Affiliate,2026-04-13,5,362,1,7841.28,21.66099447513812,0.2339552723090211,92.58604972375691
realprize,Affiliate,2026-04-13,6,362,1,8168.17,22.56400552486188,0.2437084808368503,92.58604972375691
realprize,Affiliate,2026-04-13,7,362,1,8233.130000000001,22.74345303867404,0.2456466509429036,92.58604972375691
realprize,Affiliate,2026-04-13,8,362,1,8483.960000000001,23.436353591160223,0.253130505741262,92.58604972375691
realprize,Affiliate,2026-04-13,9,362,1,8590.91,23.731795580110497,0.256321504707432,92.58604972375691
realprize,Affiliate,2026-04-13,10,362,1,8660.87,23.925055248618783,0.2584088566258356,92.58604972375691
realprize,Affiliate,2026-04-13,11,362,1,8881.78,24.53530386740332,0.2650000074590906,92.58604972375691
realprize,Affiliate,2026-04-13,12,362,1,9157.61,25.29726519337017,0.2732297713191998,92.58604972375691
realprize,Affiliate,2026-04-13,13,362,1,9381.58,25.915966850828728,0.2799122214216131,92.58604972375691
realprize,Affiliate,2026-04-13,14,362,1,9466.53,26.150635359116023,0.2824468204134425,92.58604972375691
realprize,Affiliate,2026-04-13,15,362,1,9601.43,26.52328729281768,0.2864717457106499,92.58604972375691
realprize,Affiliate,2026-04-13,16,362,1,9881.36,27.29657458563536,0.2948238386568863,92.58604972375691
realprize,Affiliate,2026-04-13,17,362,1,10007.31,27.64450276243094,0.2985817285099869,92.58604972375691
realprize,Affiliate,2026-04-13,18,362,1,10017.3,27.67209944751381,0.2988797937710625,92.58604972375691
realprize,Affiliate,2026-04-13,19,362,1,10067.29,27.81019337016574,0.3003713135309395,92.58604972375691
realprize,Affiliate,2026-04-13,20,362,1,10092.27,27.879198895027624,0.3011166258654409,92.58604972375691
realprize,Affiliate,2026-04-13,21,362,1,10335.24,28.55038674033149,0.3083659668547849,92.58604972375691
realprize,Affiliate,2026-04-13,22,362,1,10375.19,28.660745856353596,0.3095579295354627,92.58604972375691
realprize,Affiliate,2026-04-13,23,362,1,10558.15,29.166160220994477,0.31501679041298,92.58604972375691
realprize,Affiliate,2026-04-13,24,362,1,10930.07,30.1935635359116,0.3261135303428347,92.58604972375691
realprize,Affiliate,2026-04-13,25,362,1,11142.02,30.779060773480666,0.3324373473683582,92.58604972375691
realprize,Affiliate,2026-04-13,26,362,1,11266.92,31.124088397790054,0.3361639090408653,92.58604972375691
realprize,Affiliate,2026-04-13,27,362,1,11500.85,31.77030386740332,0.3431435293134802,92.58604972375691
realprize,Affiliate,2026-04-13,28,362,1,11650.82,32.18458563535911,0.347618088593111,92.58604972375691
realprize,Affiliate,2026-04-13,29,362,1,11775.81,32.52986187845304,0.3513473355382405,92.58604972375691
realprize,Affiliate,2026-04-13,30,362,1,11785.8,32.55745856353591,0.3516454007993161,92.58604972375691
realprize,Affiliate,2026-04-13,31,362,1,11870.76,32.7921546961326,0.3541802981547701,92.58604972375691
realprize,Affiliate,2026-04-13,32,362,1,11870.76,32.7921546961326,0.3541802981547701,92.58604972375691
realprize,Affiliate,2026-04-13,33,362,1,11910.74,32.90259668508287,0.355373155926322,92.58604972375691
realprize,Affiliate,2026-04-13,34,362,1,11910.74,32.90259668508287,0.355373155926322,92.58604972375691
realprize,Affiliate,2026-04-13,35,362,1,11915.73,32.91638121546961,0.3555220393750475,92.58604972375691
realprize,Affiliate,2026-04-13,36,362,1,11935.72,32.97160220994475,0.3561184682608234,92.58604972375691
realprize,Affiliate,2026-04-13,37,362,1,11965.71,33.05444751381215,0.3570132607712997,92.58604972375691
realprize,Affiliate,2026-04-13,38,362,1,12005.69,33.164889502762435,0.3582061185428517,92.58604972375691
realprize,Affiliate,2026-04-13,39,362,1,12025.68,33.22011049723757,0.3588025474286276,92.58604972375691
realprize,Affiliate,2026-04-13,40,362,1,12097.65,33.4189226519337,0.3609498704355959,92.58604972375691
realprize,Affiliate,2026-04-13,41,362,1,12122.63,33.48792817679558,0.3616951827700973,92.58604972375691
realprize,Affiliate,2026-04-13,42,362,1,12162.61,33.598370165745855,0.3628880405416493,92.58604972375691
realprize,Affiliate,2026-04-13,43,362,1,12212.6,33.73646408839779,0.3643795603015262,92.58604972375691
realprize,Affiliate,2026-04-13,44,362,1,12227.58,33.7778453038674,0.3648265090113273,92.58604972375691
realprize,Affiliate,2026-04-13,45,362,1,12247.57,33.833066298342544,0.3654229378971033,92.58604972375691
realprize,Affiliate,2026-04-13,46,362,1,12300.54,33.97939226519337,0.3670033700171409,92.58604972375691
realprize,Affiliate,2026-04-13,47,362,1,12355.52,34.131270718232045,0.3686437732257434,92.58604972375691
realprize,Affiliate,2026-04-13,48,362,1,12355.52,34.131270718232045,0.3686437732257434,92.58604972375691
realprize,Affiliate,2026-04-13,49,362,1,12380.48,34.20022099447514,0.3693884888329954,92.58604972375691
realprize,Affiliate,2026-04-13,50,362,1,12400.46,34.255414364640885,0.3699846193551466,92.58604972375691
realprize,Affiliate,2026-04-13,51,362,1,12436.44,34.35480662983426,0.3710581316768185,92.58604972375691
realprize,Affiliate,2026-04-13,52,362,1,12595.4,34.7939226519337,0.3758009198550548,92.58604972375691
realprize,Affiliate,2026-04-13,53,362,1,12737.36,35.1860773480663,0.3800364898713008,92.58604972375691
realprize,Affiliate,2026-04-13,54,362,1,12832.32,35.448397790055246,0.3828697508514551,92.58604972375691
realprize,Affiliate,2026-04-13,55,362,1,12842.31,35.47599447513812,0.3831678161125308,92.58604972375691
realprize,Affiliate,2026-04-13,56,362,1,12920.28,35.69138121546961,0.3854941572943192,92.58604972375691
realprize,Affiliate,2026-04-13,57,362,1,12920.28,35.69138121546961,0.3854941572943192,92.58604972375691
realprize,Affiliate,2026-04-13,58,362,1,12965.26,35.81563535911602,0.3868361968782213,92.58604972375691
realprize,Affiliate,2026-04-13,59,362,1,13020.23,35.9674861878453,0.3884763017231991,92.58604972375691
realprize,Affiliate,2026-04-13,60,362,1,13030.22,35.99508287292817,0.3887743669842746,92.58604972375691
realprize,Affiliate,2026-04-13,61,362,1,13030.22,35.99508287292817,0.3887743669842746,92.58604972375691
realprize,Affiliate,2026-04-13,62,362,1,13160.2,36.35414364640884,0.3926524973781296,92.58604972375691
realprize,Affiliate,2026-04-13,63,362,1,13160.2,36.35414364640884,0.3926524973781296,92.58604972375691
realprize,Affiliate,2026-04-13,64,362,1,13240.16,36.57502762430939,0.3950382129212335,92.58604972375691
realprize,Affiliate,2026-04-13,65,362,1,13388.11,36.98372928176796,0.3994525027486749,92.58604972375691
realprize,Affiliate,2026-04-13,66,362,1,13398.1,37.011325966850826,0.3997505680097504,92.58604972375691
realprize,Affiliate,2026-04-13,67,362,1,13448.09,37.14941988950276,0.4012420877696274,92.58604972375691
realprize,Affiliate,2026-04-13,68,362,1,13576.05,37.50290055248619,0.4050599487112928,92.58604972375691
realprize,Affiliate,2026-04-13,69,362,1,13726.02,37.91718232044199,0.4095345079909237,92.58604972375691
realprize,Affiliate,2026-04-13,70,362,1,13731.01,37.93096685082873,0.4096833914396492,92.58604972375691
realprize,Affiliate,2026-04-13,71,362,1,13770.98,38.04138121546961,0.4108759508475764,92.58604972375691
realprize,Affiliate,2026-04-13,72,362,1,13868.96,38.31204419889502,0.4137993176423902,92.58604972375691
realprize,Affiliate,2026-04-13,73,362,1,14088.89,38.91958563535911,0.4203612288404246,92.58604972375691
realprize,Affiliate,2026-04-13,74,362,1,14223.85,39.29240331491713,0.4243879443193804,92.58604972375691
realprize,Affiliate,2026-04-13,75,362,1,14326.81,39.57682320441989,0.4274598961992949,92.58604972375691
realprize,Affiliate,2026-04-13,76,362,1,14447.79,39.91102209944752,0.4310694993309195,92.58604972375691
realprize,Affiliate,2026-04-13,77,362,1,14447.79,39.91102209944752,0.4310694993309195,92.58604972375691
realprize,Affiliate,2026-04-13,78,362,1,14592.73,40.311408839779006,0.4353939817073261,92.58604972375691
realprize,Affiliate,2026-04-13,79,362,1,14737.71,40.71190607734807,0.4397196575382315,92.58604972375691
realprize,Affiliate,2026-04-13,80,362,1,14797.68,40.87756906077348,0.4415089441955594,92.58604972375691
realprize,Affiliate,2026-04-13,81,362,1,14890.64,41.13436464088398,0.4442825324507737,92.58604972375691
realprize,Affiliate,2026-04-13,82,362,1,15014.6,41.4767955801105,0.447981047942559,92.58604972375691
realprize,Affiliate,2026-04-13,83,362,1,15356.55,42.421408839779005,0.4581835920891868,92.58604972375691
realprize,Affiliate,2026-04-13,84,362,1,15424.54,42.60922651933702,0.4602121663735244,92.58604972375691
realprize,Affiliate,2026-04-13,85,362,1,15495.53,42.80533149171271,0.462330249745272,92.58604972375691
realprize,Affiliate,2026-04-13,86,362,1,15562.48,42.99027624309392,0.4643277942126407,92.58604972375691
realprize,Affiliate,2026-04-13,87,362,1,15848.4,43.780110497237565,0.4728586069700725,92.58604972375691
realprize,Affiliate,2026-04-13,88,362,1,15875.39,43.85466850828729,0.4736638903931388,92.58604972375691
realprize,Affiliate,2026-04-13,89,362,1,15945.32,44.047845303867405,0.4757503472206682,92.58604972375691
realprize,Affiliate,2026-04-13,90,362,1,16134.26,44.56977900552487,0.4813876295457562,92.58604972375691
realprize,Affiliate,2026-04-13,91,362,1,16216.23,44.79621546961326,0.4838333161774248,92.58604972375691
realprize,Affiliate,2026-04-13,92,362,1,16411.2,45.334806629834254,0.4896505117682072,92.58604972375691
realprize,Affiliate,2026-04-13,93,362,1,16594.16,45.84022099447514,0.4951093726457244,92.58604972375691
realprize,Affiliate,2026-04-13,94,362,1,16764.13,46.30975138121547,0.500180659174756,92.58604972375691
realprize,Affiliate,2026-04-13,95,362,1,16764.13,46.30975138121547,0.500180659174756,92.58604972375691
realprize,Affiliate,2026-04-13,96,362,1,18006.1,49.74060773480662,0.537236526271663,92.58604972375691
realprize,Affiliate,2026-04-13,97,362,1,18087.07,49.96428176795581,0.5396523765408616,92.58604972375691
realprize,Affiliate,2026-04-13,98,362,1,18142.05,50.11616022099447,0.541292779749464,92.58604972375691
realprize,Affiliate,2026-04-13,99,362,1,18167.01,50.18511049723757,0.542037495356716,92.58604972375691
realprize,Affiliate,2026-04-13,100,362,1,18202.0,50.28176795580111,0.5430814696795425,92.58604972375691
realprize,Affiliate,2026-04-13,101,362,1,18241.97,50.39218232044199,0.5442740290874697,92.58604972375691
realprize,Affiliate,2026-04-13,102,362,1,18485.89,51.06599447513812,0.5515517146211601,92.58604972375691
realprize,Affiliate,2026-04-13,103,362,1,18620.83,51.43875690607735,0.5555778333728665,92.58604972375691
realprize,Affiliate,2026-04-13,104,362,1,18730.79,51.7425138121547,0.5588586397900713,92.58604972375691
realprize,Affiliate,2026-04-13,105,362,1,18730.79,51.7425138121547,0.5588586397900713,92.58604972375691
realprize,Affiliate,2026-04-13,106,362,1,18873.77,52.137486187845305,0.5631246428960366,92.58604972375691
realprize,Affiliate,2026-04-13,107,362,1,19041.74,52.60149171270719,0.5681362567001281,92.58604972375691
realprize,Affiliate,2026-04-13,108,362,1,19191.71,53.01577348066298,0.5726108159797589,92.58604972375691
realprize,Affiliate,2026-04-13,109,362,1,19246.69,53.167651933701656,0.5742512191883613,92.58604972375691
realprize,Affiliate,2026-04-13,110,362,1,19331.66,53.40237569060773,0.5767864149074401,92.58604972375691
realprize,Affiliate,2026-04-13,111,362,1,19494.63,53.85256906077348,0.5816488468991814,92.58604972375691
realprize,Affiliate,2026-04-13,112,362,1,19564.59,54.045828729281766,0.5837361988175849,92.58604972375691
realprize,Affiliate,2026-04-13,113,362,1,19638.55,54.25013812154696,0.5859428961858686,92.58604972375691
realprize,Affiliate,2026-04-13,114,362,1,19658.53,54.30533149171271,0.5865390267080198,92.58604972375691
realprize,Affiliate,2026-04-13,115,362,1,19763.5,54.59530386740332,0.5896709496764992,92.58604972375691
realprize,Affiliate,2026-04-13,116,362,1,19921.47,55.03168508287293,0.5943841998558904,92.58604972375691
realprize,Affiliate,2026-04-13,117,362,1,20051.45,55.39074585635359,0.5982623302497452,92.58604972375691
realprize,Affiliate,2026-04-13,118,362,1,23779.31,65.68870165745857,0.7094881124472828,92.58604972375691
realprize,Affiliate,2026-04-13,119,362,1,24333.27,67.21897790055249,0.7260162638011823,92.58604972375691
realprize,Affiliate,2026-04-13,120,362,1,33516.15,92.58604972375691,1.0,92.58604972375691
realprize,Blended,overall,1,7096,5,27907.119999999995,3.932795941375422,0.050587206598137,77.74289599774521
realprize,Blended,overall,2,7096,5,41370.77,5.830153607666291,0.0749927505637992,77.74289599774521
realprize,Blended,overall,3,7096,5,51744.46,7.2920603156708,0.0937971273398702,77.74289599774521
realprize,Blended,overall,4,7096,5,74099.9,10.44248872604284,0.1343208095353909,77.74289599774521
realprize,Blended,overall,5,7096,5,81177.63,11.439914036076663,0.1471506031420344,77.74289599774521
realprize,Blended,overall,6,7096,5,93662.51,13.199339064261556,0.1697819317747615,77.74289599774521
realprize,Blended,overall,7,7096,5,98592.58,13.89410653889515,0.1787186643947264,77.74289599774521
realprize,Blended,overall,8,7096,5,107378.16,15.132209695603157,0.1946442758710974,77.74289599774521
realprize,Blended,overall,9,7096,5,110605.16,15.586972942502817,0.2004938553222263,77.74289599774521
realprize,Blended,overall,10,7096,5,120390.5,16.96596674182638,0.2182317306820992,77.74289599774521
realprize,Blended,overall,11,7096,5,123943.54,17.466677001127398,0.2246723224927714,77.74289599774521
realprize,Blended,overall,12,7096,5,128428.19,18.098673900789176,0.232801642754781,77.74289599774521
realprize,Blended,overall,13,7096,5,135044.09,19.03101606538895,0.2447942776140074,77.74289599774521
realprize,Blended,overall,14,7096,5,145223.96,20.465608793686584,0.2632473170832246,77.74289599774521
realprize,Blended,overall,15,7096,5,150673.91,21.233640078917706,0.2731264356235655,77.74289599774521
realprize,Blended,overall,16,7096,5,154554.88999999998,21.78056510710259,0.2801614839217501,77.74289599774521
realprize,Blended,overall,17,7096,5,158676.73,22.361433201803838,0.2876331388845147,77.74289599774521
realprize,Blended,overall,18,7096,5,160862.02,22.669394024802703,0.291594411731976,77.74289599774521
realprize,Blended,overall,19,7096,5,162537.34,22.905487598647124,0.29463126250547,77.74289599774521
realprize,Blended,overall,20,7096,5,170969.58,24.09379650507328,0.3099163749414747,77.74289599774521
realprize,Blended,overall,21,7096,5,176281.31,24.842349210823,0.3195449422355388,77.74289599774521
realprize,Blended,overall,22,7096,5,182409.52,25.70596392333709,0.3306535419529863,77.74289599774521
realprize,Blended,overall,23,7096,5,183818.86,25.90457440811725,0.3332082510647476,77.74289599774521
realprize,Blended,overall,24,7096,5,187396.1,26.40869503945885,0.3396927101895559,77.74289599774521
realprize,Blended,overall,25,7096,5,196075.45,27.6318277903044,0.3554257586584606,77.74289599774521
realprize,Blended,overall,26,7096,5,203948.74,28.741366967305524,0.3696976630268457,77.74289599774521
realprize,Blended,overall,27,7096,5,212808.65,29.989945039458853,0.3857580124147762,77.74289599774521
realprize,Blended,overall,28,7096,5,225559.69,31.78687852311161,0.4088718089950435,77.74289599774521
realprize,Blended,overall,29,7096,5,233887.05,32.960407271702366,0.4239668055671391,77.74289599774521
realprize,Blended,overall,30,7096,5,239422.32,33.74046223224352,0.4340005835802939,77.74289599774521
realprize,Blended,overall,31,7096,5,247960.53,34.94370490417136,0.4494777877220426,77.74289599774521
realprize,Blended,overall,32,7096,5,258681.86,36.454602593010144,0.4689123311545719,77.74289599774521
realprize,Blended,overall,33,7096,5,269090.17000000004,37.9213881059752,0.4877794635676428,77.74289599774521
realprize,Blended,overall,34,7096,5,274518.5,38.6863726042841,0.49761939155709,77.74289599774521
realprize,Blended,overall,35,7096,5,280090.93,39.4716643179256,0.5077205294625299,77.74289599774521
realprize,Blended,overall,36,7096,5,282205.04,39.76959413754228,0.5115527744000651,77.74289599774521
realprize,Blended,overall,37,7096,5,285964.10000000003,40.29933765501691,0.5183668184445525,77.74289599774521
realprize,Blended,overall,38,7096,5,288578.53,40.66777480270574,0.5231059929113683,77.74289599774521
realprize,Blended,overall,39,7096,5,293469.78,41.35707158962796,0.5319723565588224,77.74289599774521
realprize,Blended,overall,40,7096,5,296642.06,41.80412344983089,0.5377227451244335,77.74289599774521
realprize,Blended,overall,41,7096,5,300014.24,42.27934611048478,0.5438354922064007,77.74289599774521
realprize,Blended,overall,42,7096,5,302642.45,42.64972519729425,0.5485996456644892,77.74289599774521
realprize,Blended,overall,43,7096,5,304990.83,42.98066939120631,0.5528565515806472,77.74289599774521
realprize,Blended,overall,44,7096,5,308798.48,43.51726042841037,0.5597586746662037,77.74289599774521
realprize,Blended,overall,45,7096,5,313094.95,44.12273816234499,0.5675468812433317,77.74289599774521
realprize,Blended,overall,46,7096,5,314660.50999999995,44.3433638669673,0.5703847701821322,77.74289599774521
realprize,Blended,overall,47,7096,5,316841.98,44.65078635851184,0.5743391185196761,77.74289599774521
realprize,Blended,overall,48,7096,5,319623.49,45.04276916572717,0.5793811587239245,77.74289599774521
realprize,Blended,overall,49,7096,5,320634.12,45.1851916572717,0.5812131266448091,77.74289599774521
realprize,Blended,overall,50,7096,5,322138.81999999995,45.397240698985335,0.5839406947266539,77.74289599774521
realprize,Blended,overall,51,7096,5,325359.33,45.85108934611048,0.5897785097617191,77.74289599774521
realprize,Blended,overall,52,7096,5,326199.96,45.96955467869221,0.5913023188642919,77.74289599774521
realprize,Blended,overall,53,7096,5,329247.47,46.3990233934611,0.5968265369842515,77.74289599774521
realprize,Blended,overall,54,7096,5,331673.05,46.74084695603157,0.6012233832579018,77.74289599774521
realprize,Blended,overall,55,7096,5,333055.57,46.93567784667418,0.6037294757843271,77.74289599774521
realprize,Blended,overall,56,7096,5,333777.15,47.03736612175874,0.6050374830791353,77.74289599774521
realprize,Blended,overall,57,7096,5,336590.67999999993,47.43386133032693,0.6101375659031619,77.74289599774521
realprize,Blended,overall,58,7096,5,339606.29,47.85883455467869,0.615603958927215,77.74289599774521
realprize,Blended,overall,59,7096,5,341495.78,48.1251099210823,0.6190290354308139,77.74289599774521
realprize,Blended,overall,60,7096,5,343911.37,48.46552564825254,0.623407772842141,77.74289599774521
realprize,Blended,overall,61,7096,5,345211.89,48.64880073280722,0.6257652240562043,77.74289599774521
realprize,Blended,overall,62,7096,5,346831.45,48.87703635851184,0.628700998737292,77.74289599774521
realprize,Blended,overall,63,7096,5,349865.04000000004,49.30454340473506,0.6341999840881288,77.74289599774521
realprize,Blended,overall,64,7096,5,351151.5,49.485837091319056,0.6365319487552188,77.74289599774521
realprize,Blended,overall,65,7096,5,352735.04,49.70899661781285,0.6394024300208031,77.74289599774521
realprize,Blended,overall,66,7096,5,354752.4,49.99329199549041,0.6430592963367402,77.74289599774521
realprize,Blended,overall,67,7096,5,358566.91,50.53084977452085,0.6499738545369651,77.74289599774521
realprize,Blended,overall,68,7096,5,361007.54,50.874794250281845,0.6543979819295306,77.74289599774521
realprize,Blended,overall,69,7096,5,364461.97,51.3616079481398,0.6606598234985928,77.74289599774521
realprize,Blended,overall,70,7096,5,368015.3,51.86235907553551,0.6671009409919548,77.74289599774521
realprize,Blended,overall,71,7096,5,369522.66,52.07478297632469,0.6698333308529569,77.74289599774521
realprize,Blended,overall,72,7096,5,370687.23,52.23889937993236,0.6719443456473174,77.74289599774521
realprize,Blended,overall,73,7096,5,371731.82,52.38610766629087,0.6738378728239071,77.74289599774521
realprize,Blended,overall,74,7096,5,373192.22,52.59191375422774,0.6764851383430979,77.74289599774521
realprize,Blended,overall,75,7096,5,376094.36,53.00089627959414,0.6817458444194223,77.74289599774521
realprize,Blended,overall,76,7096,5,377031.00000000006,53.13289177001128,0.6834436907463842,77.74289599774521
realprize,Blended,overall,77,7096,5,380736.56,53.65509582863585,0.6901607553980498,77.74289599774521
realprize,Blended,overall,78,7096,5,386454.02,54.46082581736189,0.7005247890294881,77.74289599774521
realprize,Blended,overall,79,7096,5,388797.52,54.79108229988727,0.7047728489748617,77.74289599774521
realprize,Blended,overall,80,7096,5,400780.91,56.47983511837655,0.7264951272205584,77.74289599774521
realprize,Blended,overall,81,7096,5,403730.25,56.89546927846674,0.7318413926864378,77.74289599774521
realprize,Blended,overall,82,7096,5,406622.5500000001,57.3030651071026,0.7370842618052789,77.74289599774521
realprize,Blended,overall,83,7096,5,408992.06,57.636987034949264,0.741379470049854,77.74289599774521
realprize,Blended,overall,84,7096,5,416394.56,58.68018038331454,0.7547979738883982,77.74289599774521
realprize,Blended,overall,85,7096,5,420566.74,59.26814261555806,0.7623608801153616,77.74289599774521
realprize,Blended,overall,86,7096,5,423142.48,59.6311273957159,0.7670299212605277,77.74289599774521
realprize,Blended,overall,87,7096,5,427208.88000000006,60.20418263810598,0.774401080194544,77.74289599774521
realprize,Blended,overall,88,7096,5,429153.54,60.47823280721533,0.7779261632981795,77.74289599774521
realprize,Blended,overall,89,7096,5,433969.06,61.15685738444194,0.7866552512555705,77.74289599774521
realprize,Blended,overall,90,7096,5,436140.69,61.46289317925592,0.7905917626356309,77.74289599774521
realprize,Blended,overall,91,7096,5,438921.13,61.85472519729424,0.7956318632520227,77.74289599774521
realprize,Blended,overall,92,7096,5,441402.7,62.20443912063134,0.8001302025388335,77.74289599774521
realprize,Blended,overall,93,7096,5,442354.28,62.33854002254792,0.8018551305878281,77.74289599774521
realprize,Blended,overall,94,7096,5,444066.0,62.57976324689966,0.8049579636024193,77.74289599774521
realprize,Blended,overall,95,7096,5,445676.69,62.806748872604274,0.807877659643987,77.74289599774521
realprize,Blended,overall,96,7096,5,450807.32000000007,63.52978015783541,0.8171779471616027,77.74289599774521
realprize,Blended,overall,97,7096,5,454855.76,64.1003043968433,0.8245165500228138,77.74289599774521
realprize,Blended,overall,98,7096,5,459917.39,64.8136118940248,0.8336917613141733,77.74289599774521
realprize,Blended,overall,99,7096,5,460959.17,64.9604241826381,0.8355801948067663,77.74289599774521
realprize,Blended,overall,100,7096,5,465358.85,65.58044673055242,0.8435554900405879,77.74289599774521
realprize,Blended,overall,101,7096,5,467235.41,65.84489994363022,0.846957128347006,77.74289599774521
realprize,Blended,overall,102,7096,5,471959.0500000001,66.51057638105976,0.855519665526594,77.74289599774521
realprize,Blended,overall,103,7096,5,479211.54,67.53262965050733,0.8686662463984618,77.74289599774521
realprize,Blended,overall,104,7096,5,481689.25,67.8817996054115,0.8731575886673979,77.74289599774521
realprize,Blended,overall,105,7096,5,483475.86,68.13357666290868,0.8763961747049501,77.74289599774521
realprize,Blended,overall,106,7096,5,484880.42,68.3315135287486,0.8789422191158204,77.74289599774521
realprize,Blended,overall,107,7096,5,486796.03,68.60146984216459,0.8824146433155031,77.74289599774521
realprize,Blended,overall,108,7096,5,489310.73,68.95585259301015,0.886973037317906,77.74289599774521
realprize,Blended,overall,109,7096,5,492610.42,69.42085963923337,0.8929543818543472,77.74289599774521
realprize,Blended,overall,110,7096,5,497536.01000000007,70.11499577226607,0.9018829935831002,77.74289599774521
realprize,Blended,overall,111,7096,5,500556.4600000001,70.54065107102595,0.9073581600699806,77.74289599774521
realprize,Blended,overall,112,7096,5,503315.13,70.92941516347238,0.9123587982306391,77.74289599774521
realprize,Blended,overall,113,7096,5,505128.67,71.1849873167982,0.91564620025041,77.74289599774521
realprize,Blended,overall,114,7096,5,508123.37,71.60701381059752,0.9210746897398104,77.74289599774521
realprize,Blended,overall,115,7096,5,515444.78,72.63877959413753,0.9343462018220196,77.74289599774521
realprize,Blended,overall,116,7096,5,519615.41,73.22652339346111,0.94190629836564,77.74289599774521
realprize,Blended,overall,117,7096,5,526742.9700000001,74.23097096956033,0.9548264187600276,77.74289599774521
realprize,Blended,overall,118,7096,5,534056.42,75.26161499436303,0.968083501758744,77.74289599774521
realprize,Blended,overall,119,7096,5,541100.9299999999,76.25435879368658,0.9808530775068914,77.74289599774521
realprize,Blended,overall,120,7096,5,551663.59,77.74289599774521,1.0,77.74289599774521
realprize,Blended,2026-04-10,1,1424,1,3587.96,2.519634831460674,0.0365534742641009,68.93010533707866
realprize,Blended,2026-04-10,2,1424,1,5752.45,4.039641853932584,0.0586048988925538,68.93010533707866
realprize,Blended,2026-04-10,3,1424,1,7057.23,4.955919943820224,0.0718977567143561,68.93010533707866
realprize,Blended,2026-04-10,4,1424,1,7726.04,5.42558988764045,0.0787114695546814,68.93010533707866
realprize,Blended,2026-04-10,5,1424,1,8451.74,5.935210674157303,0.0861047672150394,68.93010533707866
realprize,Blended,2026-04-10,6,1424,1,9294.37,6.5269452247191015,0.0946893261340796,68.93010533707866
realprize,Blended,2026-04-10,7,1424,1,10784.2,7.573174157303371,0.1098674392019191,68.93010533707866
realprize,Blended,2026-04-10,8,1424,1,11475.04,8.058314606741574,0.1169055896162525,68.93010533707866
realprize,Blended,2026-04-10,9,1424,1,11905.85,8.360849719101124,0.1212946023833171,68.93010533707866
realprize,Blended,2026-04-10,10,1424,1,13387.62,9.401418539325844,0.1363906016587597,68.93010533707866
realprize,Blended,2026-04-10,11,1424,1,15496.33,10.882254213483144,0.1578737499423115,68.93010533707866
realprize,Blended,2026-04-10,12,1424,1,17905.01,12.573742977528088,0.1824129372215606,68.93010533707866
realprize,Blended,2026-04-10,13,1424,1,18504.81,12.99495084269663,0.1885235889187946,68.93010533707866
realprize,Blended,2026-04-10,14,1424,1,19999.59,14.044655898876403,0.2037521316730318,68.93010533707866
realprize,Blended,2026-04-10,15,1424,1,20301.44,14.256629213483144,0.2068273237617448,68.93010533707866
realprize,Blended,2026-04-10,16,1424,1,20691.39,14.530470505617975,0.2108000623901817,68.93010533707866
realprize,Blended,2026-04-10,17,1424,1,20896.28,14.67435393258427,0.2128874438944269,68.93010533707866
realprize,Blended,2026-04-10,18,1424,1,21180.17,14.873714887640448,0.2157796628179476,68.93010533707866
realprize,Blended,2026-04-10,19,1424,1,21431.02,15.049873595505618,0.2183352763195334,68.93010533707866
realprize,Blended,2026-04-10,20,1424,1,22151.8,15.556039325842695,0.2256784499279568,68.93010533707866
realprize,Blended,2026-04-10,21,1424,1,23219.46,16.305800561797753,0.2365555729540803,68.93010533707866
realprize,Blended,2026-04-10,22,1424,1,24268.36,17.042387640449437,0.2472415725626644,68.93010533707866
realprize,Blended,2026-04-10,23,1424,1,24770.27,17.39485252808989,0.2523549390070772,68.93010533707866
realprize,Blended,2026-04-10,24,1424,1,25227.18,17.715716292134832,0.2570098537569658,68.93010533707866
realprize,Blended,2026-04-10,25,1424,1,26151.1,18.36453651685393,0.2664225801926251,68.93010533707866
realprize,Blended,2026-04-10,26,1424,1,29017.93,20.37775983146068,0.2956293151129008,68.93010533707866
realprize,Blended,2026-04-10,27,1424,1,32103.79,22.54479634831461,0.3270674872476567,68.93010533707866
realprize,Blended,2026-04-10,28,1424,1,33636.55,23.62117275280899,0.3426829632320722,68.93010533707866
realprize,Blended,2026-04-10,29,1424,1,35772.35,25.121032303370782,0.3644420994357274,68.93010533707866
realprize,Blended,2026-04-10,30,1424,1,36656.25,25.74174859550562,0.3734471094977233,68.93010533707866
realprize,Blended,2026-04-10,31,1424,1,38478.08,27.021123595505617,0.392007577289607,68.93010533707866
realprize,Blended,2026-04-10,32,1424,1,38568.05,27.084304775280906,0.3929241750441922,68.93010533707866
realprize,Blended,2026-04-10,33,1424,1,38673.98,27.15869382022472,0.3940033703331018,68.93010533707866
realprize,Blended,2026-04-10,34,1424,1,38945.86,27.34962078651685,0.3967732335932618,68.93010533707866
realprize,Blended,2026-04-10,35,1424,1,39027.79,27.407155898876404,0.3976079213117586,68.93010533707866
realprize,Blended,2026-04-10,36,1424,1,39507.52,27.74404494382022,0.402495322009848,68.93010533707866
realprize,Blended,2026-04-10,37,1424,1,40931.96,28.744353932584268,0.417007253826467,68.93010533707866
realprize,Blended,2026-04-10,38,1424,1,41226.85,28.951439606741573,0.4200115387197604,68.93010533707866
realprize,Blended,2026-04-10,39,1424,1,43193.53,30.33253511235955,0.4400477115772399,68.93010533707866
realprize,Blended,2026-04-10,40,1424,1,43840.38,30.786783707865165,0.4466376999906373,68.93010533707866
realprize,Blended,2026-04-10,41,1424,1,44568.06,31.29779494382022,0.4540511695255543,68.93010533707866
realprize,Blended,2026-04-10,42,1424,1,45062.8,31.64522471910113,0.4590914893333063,68.93010533707866
realprize,Blended,2026-04-10,43,1424,1,45666.62,32.06925561797753,0.4652430960485845,68.93010533707866
realprize,Blended,2026-04-10,44,1424,1,45823.55,32.17945926966292,0.4668418699246213,68.93010533707866
realprize,Blended,2026-04-10,45,1424,1,46307.35,32.519206460674155,0.4717707350315266,68.93010533707866
realprize,Blended,2026-04-10,46,1424,1,46454.3,32.622401685393264,0.4732678345095336,68.93010533707866
realprize,Blended,2026-04-10,47,1424,1,46469.27,32.63291432584269,0.4734203461065784,68.93010533707866
realprize,Blended,2026-04-10,48,1424,1,47344.21,33.247338483146066,0.482334073342287,68.93010533707866
realprize,Blended,2026-04-10,49,1424,1,47600.18,33.42709269662922,0.4849418484588942,68.93010533707866
realprize,Blended,2026-04-10,50,1424,1,47789.13,33.55978230337078,0.4868668361851235,68.93010533707866
realprize,Blended,2026-04-10,51,1424,1,48153.07,33.81535814606742,0.4905745897341255,68.93010533707866
realprize,Blended,2026-04-10,52,1424,1,48263.98,33.893244382022466,0.4917045203438957,68.93010533707866
realprize,Blended,2026-04-10,53,1424,1,49288.78,34.61290730337078,0.5021449936005237,68.93010533707866
realprize,Blended,2026-04-10,54,1424,1,51157.6,35.9252808988764,0.5211841868396448,68.93010533707866
realprize,Blended,2026-04-10,55,1424,1,52168.34,36.6350702247191,0.5314814194112726,68.93010533707866
realprize,Blended,2026-04-10,56,1424,1,52393.18,36.79296348314607,0.5337720478334235,68.93010533707866
realprize,Blended,2026-04-10,57,1424,1,54423.08,38.21845505617978,0.5544522943826321,68.93010533707866
realprize,Blended,2026-04-10,58,1424,1,56365.04,39.58219101123596,0.5742366244425864,68.93010533707866
realprize,Blended,2026-04-10,59,1424,1,57303.94,40.241530898876405,0.583801964353445,68.93010533707866
realprize,Blended,2026-04-10,60,1424,1,57799.810000000005,40.58975421348315,0.5888537963926371,68.93010533707866
realprize,Blended,2026-04-10,61,1424,1,58259.77,40.91275983146068,0.5935397839795991,68.93010533707866
realprize,Blended,2026-04-10,62,1424,1,58706.73,41.226636235955056,0.5980933299659207,68.93010533707866
realprize,Blended,2026-04-10,63,1424,1,60861.600000000006,42.73988764044944,0.6200467478098998,68.93010533707866
realprize,Blended,2026-04-10,64,1424,1,61026.51,42.8556952247191,0.6217268204530989,68.93010533707866
realprize,Blended,2026-04-10,65,1424,1,61949.35,43.50375702247191,0.6311285440480897,68.93010533707866
realprize,Blended,2026-04-10,66,1424,1,63204.12,44.38491573033708,0.6439119092200442,68.93010533707866
realprize,Blended,2026-04-10,67,1424,1,63992.0,44.938202247191015,0.6519386852440802,68.93010533707866
realprize,Blended,2026-04-10,68,1424,1,65795.89,46.20497893258427,0.6703163836270802,68.93010533707866
realprize,Blended,2026-04-10,69,1424,1,68630.74,48.19574438202248,0.699197312209781,68.93010533707866
realprize,Blended,2026-04-10,70,1424,1,70120.66,49.242036516853936,0.7143763421810095,68.93010533707866
realprize,Blended,2026-04-10,71,1424,1,70906.47,49.79386938202247,0.7223820294270973,68.93010533707866
realprize,Blended,2026-04-10,72,1424,1,70961.41,49.83245084269663,0.722941748007034,68.93010533707866
realprize,Blended,2026-04-10,73,1424,1,70984.38,49.84858146067416,0.72317576212755,68.93010533707866
realprize,Blended,2026-04-10,74,1424,1,71501.28,50.211573033707865,0.7284418439253163,68.93010533707866
realprize,Blended,2026-04-10,75,1424,1,71855.1,50.46004213483147,0.7320464967821276,68.93010533707866
realprize,Blended,2026-04-10,76,1424,1,72095.03,50.62853230337078,0.7344908593391754,68.93010533707866
realprize,Blended,2026-04-10,77,1424,1,72344.92,50.80401685393258,0.7370366925379447,68.93010533707866
realprize,Blended,2026-04-10,78,1424,1,73085.75,51.32426264044944,0.7445841318458172,68.93010533707866
realprize,Blended,2026-04-10,79,1424,1,73235.64,51.42952247191011,0.7461111835011995,68.93010533707866
realprize,Blended,2026-04-10,80,1424,1,73363.56,51.519353932584266,0.7474144088514999,68.93010533707866
realprize,Blended,2026-04-10,81,1424,1,74563.34,52.36189606741573,0.7596375460527461,68.93010533707866
realprize,Blended,2026-04-10,82,1424,1,75617.06999999999,53.10187499999999,0.7703727528098757,68.93010533707866
realprize,Blended,2026-04-10,83,1424,1,76026.90999999999,53.389683988764034,0.7745481270872921,68.93010533707866
realprize,Blended,2026-04-10,84,1424,1,76415.76,53.66275280898876,0.7785096591187518,68.93010533707866
realprize,Blended,2026-04-10,85,1424,1,78227.27,54.934880617977534,0.7969649886553581,68.93010533707866
realprize,Blended,2026-04-10,86,1424,1,78309.2,54.99241573033708,0.7977996763738548,68.93010533707866
realprize,Blended,2026-04-10,87,1424,1,78721.07,55.28165028089888,0.8019957319166021,68.93010533707866
realprize,Blended,2026-04-10,88,1424,1,78939.0,55.43469101123596,0.8042159625341049,68.93010533707866
realprize,Blended,2026-04-10,89,1424,1,79146.87,55.58066713483146,0.806333703728343,68.93010533707866
realprize,Blended,2026-04-10,90,1424,1,79196.83,55.61575140449438,0.8068426869874191,68.93010533707866
realprize,Blended,2026-04-10,91,1424,1,79638.71,55.92606039325843,0.8113444788713368,68.93010533707866
realprize,Blended,2026-04-10,92,1424,1,80357.56,56.430870786516856,0.8186679899959727,68.93010533707866
realprize,Blended,2026-04-10,93,1424,1,80545.40000000001,56.56278089887641,0.8205816692470705,68.93010533707866
realprize,Blended,2026-04-10,94,1424,1,81362.36,57.13648876404494,0.8289047069439232,68.93010533707866
realprize,Blended,2026-04-10,95,1424,1,82389.31,57.85766151685393,0.8393670840037339,68.93010533707866
realprize,Blended,2026-04-10,96,1424,1,82547.23999999999,57.968567415730334,0.8409760456952047,68.93010533707866
realprize,Blended,2026-04-10,97,1424,1,82837.03,58.17207162921349,0.8439283727297854,68.93010533707866
realprize,Blended,2026-04-10,98,1424,1,83474.0,58.61938202247191,0.8504177055266963,68.93010533707866
realprize,Blended,2026-04-10,99,1424,1,83660.96,58.75067415730337,0.8523224195002123,68.93010533707866
realprize,Blended,2026-04-10,100,1424,1,84274.81,59.18174859550562,0.8585762100042921,68.93010533707866
realprize,Blended,2026-04-10,101,1424,1,84763.75,59.52510533707865,0.8635574404825275,68.93010533707866
realprize,Blended,2026-04-10,102,1424,1,85892.63,60.31785814606742,0.8750582615695125,68.93010533707866
realprize,Blended,2026-04-10,103,1424,1,87859.52,61.69910112359551,0.895096573868233,68.93010533707866
realprize,Blended,2026-04-10,104,1424,1,88534.48,62.17308988764045,0.9019729417734764,68.93010533707866
realprize,Blended,2026-04-10,105,1424,1,89561.35,62.89420646067416,0.9124345038080526,68.93010533707866
realprize,Blended,2026-04-10,106,1424,1,89601.31,62.92226825842697,0.91284160891279,68.93010533707866
realprize,Blended,2026-04-10,107,1424,1,89786.28,63.05216292134831,0.9147260491335923,68.93010533707866
realprize,Blended,2026-04-10,108,1424,1,89786.28,63.05216292134831,0.9147260491335923,68.93010533707866
realprize,Blended,2026-04-10,109,1424,1,91021.21,63.91938904494383,0.9273072880473392,68.93010533707866
realprize,Blended,2026-04-10,110,1424,1,92240.1,64.77535112359551,0.9397251144015264,68.93010533707866
realprize,Blended,2026-04-10,111,1424,1,93334.01,65.5435463483146,0.9508696675827888,68.93010533707866
realprize,Blended,2026-04-10,112,1424,1,93548.99,65.6945154494382,0.953059844144762,68.93010533707866
realprize,Blended,2026-04-10,113,1424,1,94232.92,66.17480337078652,0.9600275967544472,68.93010533707866
realprize,Blended,2026-04-10,114,1424,1,94462.89,66.33629915730337,0.9623704886697738,68.93010533707866
realprize,Blended,2026-04-10,115,1424,1,96162.77,67.53003511235956,0.9796885523694974,68.93010533707866
realprize,Blended,2026-04-10,116,1424,1,96924.71,68.06510533707866,0.9874510564611788,68.93010533707866
realprize,Blended,2026-04-10,117,1424,1,97564.62,68.51448033707865,0.9939703414354653,68.93010533707866
realprize,Blended,2026-04-10,118,1424,1,98021.54,68.83535112359552,0.9986253580635084,68.93010533707866
realprize,Blended,2026-04-10,119,1424,1,98091.51,68.88448735955056,0.9993381995094158,68.93010533707866
realprize,Blended,2026-04-10,120,1424,1,98156.47,68.93010533707866,1.0,68.93010533707866
realprize,Blended,2026-04-14,1,1048,1,4656.99,4.443692748091602,0.0636978594901807,69.76204198473282
realprize,Blended,2026-04-14,2,1048,1,7486.5,7.143606870229007,0.1023996240217905,69.76204198473282
realprize,Blended,2026-04-14,3,1048,1,10173.04,9.707099236641222,0.1391458587001451,69.76204198473282
realprize,Blended,2026-04-14,4,1048,1,15937.63,15.207662213740456,0.2179933640283723,69.76204198473282
realprize,Blended,2026-04-14,5,1048,1,16493.46,15.738034351145036,0.2255959530913566,69.76204198473282
realprize,Blended,2026-04-14,6,1048,1,23063.24,22.006908396946564,0.315456769481643,69.76204198473282
realprize,Blended,2026-04-14,7,1048,1,23469.09,22.39416984732824,0.3210079465883342,69.76204198473282
realprize,Blended,2026-04-14,8,1048,1,24135.85,23.03039122137405,0.3301278254787061,69.76204198473282
realprize,Blended,2026-04-14,9,1048,1,24950.67,23.80789122137405,0.3412728547507873,69.76204198473282
realprize,Blended,2026-04-14,10,1048,1,25771.35,24.59098282442748,0.3524980365369627,69.76204198473282
realprize,Blended,2026-04-14,11,1048,1,25999.21,24.80840648854962,0.3556146836123124,69.76204198473282
realprize,Blended,2026-04-14,12,1048,1,26746.88,25.5218320610687,0.3658412416691309,69.76204198473282
realprize,Blended,2026-04-14,13,1048,1,27158.68,25.91477099236641,0.3714738023012252,69.76204198473282
realprize,Blended,2026-04-14,14,1048,1,27941.42,26.66166030534351,0.3821800444313015,69.76204198473282
realprize,Blended,2026-04-14,15,1048,1,28720.22,27.404790076335875,0.3928323956218672,69.76204198473282
realprize,Blended,2026-04-14,16,1048,1,30026.78,28.651507633587784,0.410703397126163,69.76204198473282
realprize,Blended,2026-04-14,17,1048,1,30672.45,29.267604961832063,0.4195348090332157,69.76204198473282
realprize,Blended,2026-04-14,18,1048,1,31084.27,29.660562977099232,0.4251676432233784,69.76204198473282
realprize,Blended,2026-04-14,19,1048,1,31343.15,29.907585877862594,0.4287085788630981,69.76204198473282
realprize,Blended,2026-04-14,20,1048,1,31661.03,30.210906488549615,0.4330565108051334,69.76204198473282
realprize,Blended,2026-04-14,21,1048,1,32207.75,30.7325858778626,0.4405344941678788,69.76204198473282
realprize,Blended,2026-04-14,22,1048,1,32651.63,31.156135496183204,0.4466058419419778,69.76204198473282
realprize,Blended,2026-04-14,23,1048,1,32914.509999999995,31.406975190839688,0.4502014891954137,69.76204198473282
realprize,Blended,2026-04-14,24,1048,1,33199.399999999994,31.678816793893123,0.4540981871033236,69.76204198473282
realprize,Blended,2026-04-14,25,1048,1,33481.24,31.947748091603053,0.457953167405775,69.76204198473282
realprize,Blended,2026-04-14,26,1048,1,33730.11,32.185219465648856,0.4613571872321696,69.76204198473282
realprize,Blended,2026-04-14,27,1048,1,34241.92,32.67358778625954,0.4683576749862058,69.76204198473282
realprize,Blended,2026-04-14,28,1048,1,34621.75,33.03602099236641,0.4735529530456724,69.76204198473282
realprize,Blended,2026-04-14,29,1048,1,34913.65,33.31455152671756,0.4775455330566203,69.76204198473282
realprize,Blended,2026-04-14,30,1048,1,35329.43,33.71128816793893,0.4832325317443622,69.76204198473282
realprize,Blended,2026-04-14,31,1048,1,36015.259999999995,34.36570610687022,0.4926132482531264,69.76204198473282
realprize,Blended,2026-04-14,32,1048,1,36209.15,34.55071564885496,0.4952652569489905,69.76204198473282
realprize,Blended,2026-04-14,33,1048,1,36707.96,35.026679389312974,0.5020879319584487,69.76204198473282
realprize,Blended,2026-04-14,34,1048,1,36963.83,35.27083015267176,0.5055876971088469,69.76204198473282
realprize,Blended,2026-04-14,35,1048,1,37291.64,35.583625954198475,0.5100714506319329,69.76204198473282
realprize,Blended,2026-04-14,36,1048,1,37578.43,35.85728053435115,0.5139941365563581,69.76204198473282
realprize,Blended,2026-04-14,37,1048,1,37783.32,36.05278625954198,0.5167966021899417,69.76204198473282
realprize,Blended,2026-04-14,38,1048,1,38207.16,36.45721374045801,0.522593844779322,69.76204198473282
realprize,Blended,2026-04-14,39,1048,1,39043.98,37.25570610687023,0.5340397879268429,69.76204198473282
realprize,Blended,2026-04-14,40,1048,1,39453.76,37.64671755725191,0.5396447191940105,69.76204198473282
realprize,Blended,2026-04-14,41,1048,1,39814.53,37.990963740458014,0.5445792964141188,69.76204198473282
realprize,Blended,2026-04-14,42,1048,1,40020.42,38.187423664122136,0.5473954399511316,69.76204198473282
realprize,Blended,2026-04-14,43,1048,1,40357.29,38.5088645038168,0.552003115279285,69.76204198473282
realprize,Blended,2026-04-14,44,1048,1,40424.25,38.57275763358778,0.552918987692896,69.76204198473282
realprize,Blended,2026-04-14,45,1048,1,40909.14,39.03543893129771,0.5595512662866217,69.76204198473282
realprize,Blended,2026-04-14,46,1048,1,41741.91,39.83006679389312,0.5709418139252546,69.76204198473282
realprize,Blended,2026-04-14,47,1048,1,42266.61,40.330734732824425,0.5781186098544917,69.76204198473282
realprize,Blended,2026-04-14,48,1048,1,42537.47,40.58918893129771,0.5818234067772918,69.76204198473282
realprize,Blended,2026-04-14,49,1048,1,42877.27,40.91342557251908,0.5864711583624923,69.76204198473282
realprize,Blended,2026-04-14,50,1048,1,42983.22,41.01452290076335,0.5879203322308031,69.76204198473282
realprize,Blended,2026-04-14,51,1048,1,43379.02,41.39219465648855,0.5933340464080321,69.76204198473282
realprize,Blended,2026-04-14,52,1048,1,43755.89,41.7518034351145,0.5984888378733487,69.76204198473282
realprize,Blended,2026-04-14,53,1048,1,44396.77,42.36333015267175,0.6072547326229759,69.76204198473282
realprize,Blended,2026-04-14,54,1048,1,44566.69,42.5254675572519,0.6095788819736448,69.76204198473282
realprize,Blended,2026-04-14,55,1048,1,44730.6,42.68187022900763,0.611820827124705,69.76204198473282
realprize,Blended,2026-04-14,56,1048,1,44775.58,42.72479007633588,0.612436059220945,69.76204198473282
realprize,Blended,2026-04-14,57,1048,1,45009.47,42.94796755725191,0.615635184053972,69.76204198473282
realprize,Blended,2026-04-14,58,1048,1,45355.35,43.27800572519084,0.6203660972920213,69.76204198473282
realprize,Blended,2026-04-14,59,1048,1,45727.18,43.63280534351145,0.6254519521240554,69.76204198473282
realprize,Blended,2026-04-14,60,1048,1,47004.09,44.85123091603053,0.6429174037916789,69.76204198473282
realprize,Blended,2026-04-14,61,1048,1,47410.88,45.239389312977096,0.6484814381275935,69.76204198473282
realprize,Blended,2026-04-14,62,1048,1,47973.77,45.77649809160305,0.6561805931887871,69.76204198473282
realprize,Blended,2026-04-14,63,1048,1,48191.7,45.984446564885495,0.659161418683086,69.76204198473282
realprize,Blended,2026-04-14,64,1048,1,48441.59,46.22289122137404,0.6625793899709782,69.76204198473282
realprize,Blended,2026-04-14,65,1048,1,48699.48,46.46896946564885,0.6661067844863031,69.76204198473282
realprize,Blended,2026-04-14,66,1048,1,48967.32,46.72454198473282,0.6697702741407473,69.76204198473282
realprize,Blended,2026-04-14,67,1048,1,49630.17,47.35703244274809,0.6788366724287115,69.76204198473282
realprize,Blended,2026-04-14,68,1048,1,49905.11,47.61937977099237,0.6825972751975021,69.76204198473282
realprize,Blended,2026-04-14,69,1048,1,50216.88,47.91687022900763,0.6868616351495856,69.76204198473282
realprize,Blended,2026-04-14,70,1048,1,51055.73,48.71729961832062,0.6983353444410677,69.76204198473282
realprize,Blended,2026-04-14,71,1048,1,51490.5,49.13215648854962,0.7042820865149277,69.76204198473282
realprize,Blended,2026-04-14,72,1048,1,51884.3,49.50791984732824,0.7096684448852985,69.76204198473282
realprize,Blended,2026-04-14,73,1048,1,52291.12,49.896106870229005,0.7152328895583159,69.76204198473282
realprize,Blended,2026-04-14,74,1048,1,52600.94,50.191736641221375,0.7194705775987128,69.76204198473282
realprize,Blended,2026-04-14,75,1048,1,52909.81,50.48645992366412,0.723695271630852,69.76204198473282
realprize,Blended,2026-04-14,76,1048,1,53157.71,50.72300572519084,0.7270860238909204,69.76204198473282
realprize,Blended,2026-04-14,77,1048,1,53654.60999999999,51.19714694656488,0.733882574104829,69.76204198473282
realprize,Blended,2026-04-14,78,1048,1,54072.49,51.59588740458016,0.7395982963897721,69.76204198473282
realprize,Blended,2026-04-14,79,1048,1,54665.37,52.16161259541985,0.7477076517748038,69.76204198473282
realprize,Blended,2026-04-14,80,1048,1,55208.3,52.67967557251909,0.755133795883553,69.76204198473282
realprize,Blended,2026-04-14,81,1048,1,55715.17,53.16333015267176,0.7620667147946496,69.76204198473282
realprize,Blended,2026-04-14,82,1048,1,56447.07,53.861708015267176,0.7720775723143917,69.76204198473282
realprize,Blended,2026-04-14,83,1048,1,57080.01,54.465658396946566,0.7807348645107921,69.76204198473282
realprize,Blended,2026-04-14,84,1048,1,58224.91,55.55812022900763,0.7963946961467431,69.76204198473282
realprize,Blended,2026-04-14,85,1048,1,58741.79,56.05132633587786,0.8034645308711649,69.76204198473282
realprize,Blended,2026-04-14,86,1048,1,59837.76,57.09709923664122,0.8184551026923312,69.76204198473282
realprize,Blended,2026-04-14,87,1048,1,61356.65,58.54642175572519,0.8392303334317232,69.76204198473282
realprize,Blended,2026-04-14,88,1048,1,61431.61,58.617948473282446,0.8402556290727669,69.76204198473282
realprize,Blended,2026-04-14,89,1048,1,61551.58,58.73242366412214,0.8418965671471532,69.76204198473282
realprize,Blended,2026-04-14,90,1048,1,61673.49,58.84875,0.8435640403541921,69.76204198473282
realprize,Blended,2026-04-14,91,1048,1,61794.43,58.96415076335878,0.8452182459949048,69.76204198473282
realprize,Blended,2026-04-14,92,1048,1,61955.37,59.11771946564886,0.8474195677727806,69.76204198473282
realprize,Blended,2026-04-14,93,1048,1,62108.33,59.26367366412214,0.8495117398812922,69.76204198473282
realprize,Blended,2026-04-14,94,1048,1,62143.3,59.29704198473282,0.8499900561642071,69.76204198473282
realprize,Blended,2026-04-14,95,1048,1,62243.26,59.39242366412213,0.8513572993909777,69.76204198473282
realprize,Blended,2026-04-14,96,1048,1,62333.21,59.478253816793895,0.8525876268044233,69.76204198473282
realprize,Blended,2026-04-14,97,1048,1,62670.12,59.79973282442749,0.857195849248714,69.76204198473282
realprize,Blended,2026-04-14,98,1048,1,63332.04,60.431335877862594,0.866249527086489,69.76204198473282
realprize,Blended,2026-04-14,99,1048,1,64068.0,61.13358778625954,0.876315916894153,69.76204198473282
realprize,Blended,2026-04-14,100,1048,1,65136.95,62.1535782442748,0.8909369117646657,69.76204198473282
realprize,Blended,2026-04-14,101,1048,1,65568.87,62.56571564885496,0.8968446718137529,69.76204198473282
realprize,Blended,2026-04-14,102,1048,1,66253.81,63.21928435114504,0.9062132149884654,69.76204198473282
realprize,Blended,2026-04-14,103,1048,1,66824.7,63.76402671755725,0.9140217932770917,69.76204198473282
realprize,Blended,2026-04-14,104,1048,1,67204.59,64.12651717557252,0.919217892010764,69.76204198473282
realprize,Blended,2026-04-14,105,1048,1,67381.54,64.29536259541985,0.9216381970225394,69.76204198473282
realprize,Blended,2026-04-14,106,1048,1,68240.37999999999,65.11486641221373,0.9333853276035684,69.76204198473282
realprize,Blended,2026-04-14,107,1048,1,68918.29,65.76172709923664,0.9426577151171746,69.76204198473282
realprize,Blended,2026-04-14,108,1048,1,69308.23,66.1338072519084,0.9479912767803093,69.76204198473282
realprize,Blended,2026-04-14,109,1048,1,69763.18,66.56791984732824,0.954214038945368,69.76204198473282
realprize,Blended,2026-04-14,110,1048,1,70644.08,67.40847328244276,0.9662629040760428,69.76204198473282
realprize,Blended,2026-04-14,111,1048,1,70948.02,67.69849236641221,0.9704201660442764,69.76204198473282
realprize,Blended,2026-04-14,112,1048,1,71105.97,67.84920801526718,0.9725805908908994,69.76204198473282
realprize,Blended,2026-04-14,113,1048,1,71475.89,68.20218511450382,0.9776403209273838,69.76204198473282
realprize,Blended,2026-04-14,114,1048,1,71791.83,68.50365458015267,0.9819617177367668,69.76204198473282
realprize,Blended,2026-04-14,115,1048,1,71906.79,68.61334923664121,0.9835341295149732,69.76204198473282
realprize,Blended,2026-04-14,116,1048,1,72206.74,68.8995610687023,0.9876368166485254,69.76204198473282
realprize,Blended,2026-04-14,117,1048,1,72961.67,69.6199141221374,0.997962676284239,69.76204198473282
realprize,Blended,2026-04-14,118,1048,1,73100.63,69.75250954198474,0.9998633577447436,69.76204198473282
realprize,Blended,2026-04-14,119,1048,1,73110.62,69.76204198473282,1.0,69.76204198473282
realprize,Blended,2026-04-14,120,1048,1,73110.62,69.76204198473282,1.0,69.76204198473282
realprize,Blended,2026-04-11,1,1479,1,6667.44,4.508073022312373,0.0591703457478435,76.1880459770115
realprize,Blended,2026-04-11,2,1479,1,9947.03,6.725510480054092,0.0882751407233019,76.1880459770115
realprize,Blended,2026-04-11,3,1479,1,13178.76,8.910588235294117,0.1169552010558551,76.1880459770115
realprize,Blended,2026-04-11,4,1479,1,18210.48,12.312697768762677,0.1616093129948211,76.1880459770115
realprize,Blended,2026-04-11,5,1479,1,20192.17,13.65258282623394,0.1791958653245075,76.1880459770115
realprize,Blended,2026-04-11,6,1479,1,21345.06,14.4320892494929,0.1894272134745068,76.1880459770115
realprize,Blended,2026-04-11,7,1479,1,22931.84,15.504962812711293,0.2035091281562682,76.1880459770115
realprize,Blended,2026-04-11,8,1479,1,28513.42,19.27885057471265,0.2530429849917627,76.1880459770115
realprize,Blended,2026-04-11,9,1479,1,28831.25,19.49374577417174,0.2558635744517409,76.1880459770115
realprize,Blended,2026-04-11,10,1479,1,34013.75,22.997802569303584,0.301855786880829,76.1880459770115
realprize,Blended,2026-04-11,11,1479,1,34140.69,23.083630831643003,0.3029823187565161,76.1880459770115
realprize,Blended,2026-04-11,12,1479,1,34542.48,23.355294117647063,0.3065480131186741,76.1880459770115
realprize,Blended,2026-04-11,13,1479,1,39002.13,26.370608519269776,0.3461252770182172,76.1880459770115
realprize,Blended,2026-04-11,14,1479,1,45202.86,30.563123732251523,0.4011537944085539,76.1880459770115
realprize,Blended,2026-04-11,15,1479,1,47309.68,31.98761325219743,0.4198508157283515,76.1880459770115
realprize,Blended,2026-04-11,16,1479,1,47806.45,32.3234956051386,0.4242594122297308,76.1880459770115
realprize,Blended,2026-04-11,17,1479,1,50451.08,34.11161595672752,0.4477292404509251,76.1880459770115
realprize,Blended,2026-04-11,18,1479,1,51636.85,34.91335361730899,0.4582523828980143,76.1880459770115
realprize,Blended,2026-04-11,19,1479,1,51944.7,35.121501014198785,0.4609844046242651,76.1880459770115
realprize,Blended,2026-04-11,20,1479,1,54615.57,36.9273630831643,0.4846871003136966,76.1880459770115
realprize,Blended,2026-04-11,21,1479,1,57086.27,38.59788370520622,0.5066133828508019,76.1880459770115
realprize,Blended,2026-04-11,22,1479,1,57526.14,38.89529411764706,0.510517019026621,76.1880459770115
realprize,Blended,2026-04-11,23,1479,1,57736.91,39.03780256930359,0.5123875021165736,76.1880459770115
realprize,Blended,2026-04-11,24,1479,1,57967.79000000001,39.19390804597702,0.5144364518523437,76.1880459770115
realprize,Blended,2026-04-11,25,1479,1,63976.65,43.25669371196755,0.56776221462642,76.1880459770115
realprize,Blended,2026-04-11,26,1479,1,67291.52,45.49798512508452,0.5971801027527703,76.1880459770115
realprize,Blended,2026-04-11,27,1479,1,68635.28,46.40654496281271,0.6091053309966123,76.1880459770115
realprize,Blended,2026-04-11,28,1479,1,75322.90999999999,50.92826910074374,0.6684548533520668,76.1880459770115
realprize,Blended,2026-04-11,29,1479,1,76653.82999999999,51.82814739688978,0.6802661327280671,76.1880459770115
realprize,Blended,2026-04-11,30,1479,1,76965.7,52.03901284651791,0.6830338300344366,76.1880459770115
realprize,Blended,2026-04-11,31,1479,1,79987.51000000001,54.0821568627451,0.7098509506210924,76.1880459770115
realprize,Blended,2026-04-11,32,1479,1,82820.27,55.99747802569304,0.7349903427447052,76.1880459770115
realprize,Blended,2026-04-11,33,1479,1,84350.22,57.031926977687625,0.7485679183174757,76.1880459770115
realprize,Blended,2026-04-11,34,1479,1,85241.15,57.6343137254902,0.7564744965749668,76.1880459770115
realprize,Blended,2026-04-11,35,1479,1,85804.06,58.01491548343475,0.7614700539890444,76.1880459770115
realprize,Blended,2026-04-11,36,1479,1,86398.89,58.41709939148073,0.7667488861586914,76.1880459770115
realprize,Blended,2026-04-11,37,1479,1,86477.83,58.47047329276538,0.7674494409583348,76.1880459770115
realprize,Blended,2026-04-11,38,1479,1,86787.8,58.68005409060176,0.7702002766721109,76.1880459770115
realprize,Blended,2026-04-11,39,1479,1,87161.73,58.93288032454361,0.7735187268397151,76.1880459770115
realprize,Blended,2026-04-11,40,1479,1,88264.58,59.67855307640298,0.7833059938879389,76.1880459770115
realprize,Blended,2026-04-11,41,1479,1,88484.51,59.82725490196078,0.7852577676032363,76.1880459770115
realprize,Blended,2026-04-11,42,1479,1,89603.31,60.58371196754564,0.7951865832840206,76.1880459770115
realprize,Blended,2026-04-11,43,1479,1,89876.18000000001,60.76820824881678,0.7976081742161046,76.1880459770115
realprize,Blended,2026-04-11,44,1479,1,89978.11,60.83712643678161,0.798512754286128,76.1880459770115
realprize,Blended,2026-04-11,45,1479,1,90053.07,60.887809330628805,0.7991779884865495,76.1880459770115
realprize,Blended,2026-04-11,46,1479,1,90291.0,61.04868154158215,0.8012895036053634,76.1880459770115
realprize,Blended,2026-04-11,47,1479,1,90395.96,61.119648411088576,0.8022209734783122,76.1880459770115
realprize,Blended,2026-04-11,48,1479,1,90497.89,61.188566599053416,0.8031255535483358,76.1880459770115
realprize,Blended,2026-04-11,49,1479,1,90560.85,61.23113590263692,0.8036842934797465,76.1880459770115
realprize,Blended,2026-04-11,50,1479,1,90694.79,61.32169709263015,0.8048729470123565,76.1880459770115
realprize,Blended,2026-04-11,51,1479,1,90802.74,61.39468559837727,0.8058309517073337,76.1880459770115
realprize,Blended,2026-04-11,52,1479,1,90829.73,61.412934415145365,0.8060704750673842,76.1880459770115
realprize,Blended,2026-04-11,53,1479,1,90959.68,61.50079783637592,0.8072237192555481,76.1880459770115
realprize,Blended,2026-04-11,54,1479,1,91030.65,61.54878296146044,0.8078535441115235,76.1880459770115
realprize,Blended,2026-04-11,55,1479,1,91173.58,61.64542258282624,0.8091219796006678,76.1880459770115
realprize,Blended,2026-04-11,56,1479,1,91350.51,61.765050709939146,0.8106921488520095,76.1880459770115
realprize,Blended,2026-04-11,57,1479,1,91661.4,61.975253549695736,0.8134511491264097,76.1880459770115
realprize,Blended,2026-04-11,58,1479,1,91996.27,62.20167004732928,0.8164229604483835,76.1880459770115
realprize,Blended,2026-04-11,59,1479,1,92264.21,62.382832995267066,0.8188007999849487,76.1880459770115
realprize,Blended,2026-04-11,60,1479,1,92631.15,62.63093306288032,0.8220572172408541,76.1880459770115
realprize,Blended,2026-04-11,61,1479,1,92811.09,62.75259634888438,0.8236540988046728,76.1880459770115
realprize,Blended,2026-04-11,62,1479,1,92839.04,62.77149425287356,0.823902141706244,76.1880459770115
realprize,Blended,2026-04-11,63,1479,1,93168.03,62.99393509127789,0.8268217708364024,76.1880459770115
realprize,Blended,2026-04-11,64,1479,1,93694.9,63.35016903313049,0.8314974904625507,76.1880459770115
realprize,Blended,2026-04-11,65,1479,1,93868.81,63.467755240027046,0.8330408586561914,76.1880459770115
realprize,Blended,2026-04-11,66,1479,1,94113.77,63.633380662609866,0.8352147616676008,76.1880459770115
realprize,Blended,2026-04-11,67,1479,1,94273.71,63.74152129817443,0.8366341527830679,76.1880459770115
realprize,Blended,2026-04-11,68,1479,1,94368.64,63.80570655848546,0.8374766111961685,76.1880459770115
realprize,Blended,2026-04-11,69,1479,1,94437.6,63.85233265720082,0.8380885982620846,76.1880459770115
realprize,Blended,2026-04-11,70,1479,1,95157.44,64.3390398918188,0.8444768344791524,76.1880459770115
realprize,Blended,2026-04-11,71,1479,1,95245.38,64.39849898580123,0.8452572599805542,76.1880459770115
realprize,Blended,2026-04-11,72,1479,1,95732.32,64.72773495605139,0.8495786199265687,76.1880459770115
realprize,Blended,2026-04-11,73,1479,1,96062.24,64.95080459770114,0.8525065023625752,76.1880459770115
realprize,Blended,2026-04-11,74,1479,1,96241.17,65.07178498985802,0.8540944206587523,76.1880459770115
realprize,Blended,2026-04-11,75,1479,1,96618.04,65.32659905341447,0.8574389619222641,76.1880459770115
realprize,Blended,2026-04-11,76,1479,1,96747.99,65.41446247464503,0.8585922061104282,76.1880459770115
realprize,Blended,2026-04-11,77,1479,1,96991.89,65.57937119675456,0.860756702128075,76.1880459770115
realprize,Blended,2026-04-11,78,1479,1,98391.83,66.52591615956727,0.8731805010413364,76.1880459770115
realprize,Blended,2026-04-11,79,1479,1,98659.73,66.70705206220418,0.8755579855970049,76.1880459770115
realprize,Blended,2026-04-11,80,1479,1,98759.7,66.77464503042596,0.8764451716030901,76.1880459770115
realprize,Blended,2026-04-11,81,1479,1,99272.6,67.12143340094659,0.880996914151065,76.1880459770115
realprize,Blended,2026-04-11,82,1479,1,99427.5,67.2261663286004,0.8823715776735473,76.1880459770115
realprize,Blended,2026-04-11,83,1479,1,100365.36,67.86028397565923,0.8906946372680954,76.1880459770115
realprize,Blended,2026-04-11,84,1479,1,100752.26,68.1218796484111,0.8941281899914556,76.1880459770115
realprize,Blended,2026-04-11,85,1479,1,101556.14,68.66540906017579,0.9012622410724964,76.1880459770115
realprize,Blended,2026-04-11,86,1479,1,101887.12,68.88919540229885,0.904199530502266,76.1880459770115
realprize,Blended,2026-04-11,87,1479,1,102204.0,69.10344827586206,0.9070116891659474,76.1880459770115
realprize,Blended,2026-04-11,88,1479,1,102381.94,69.22375929682218,0.908590821684931,76.1880459770115
realprize,Blended,2026-04-11,89,1479,1,102584.85,69.360953346856,0.9103915510286816,76.1880459770115
realprize,Blended,2026-04-11,90,1479,1,102829.77,69.52655172413793,0.912565099059194,76.1880459770115
realprize,Blended,2026-04-11,91,1479,1,103236.65,69.80165652467883,0.9161759647404574,76.1880459770115
realprize,Blended,2026-04-11,92,1479,1,103399.58,69.91181879648411,0.9176218906779532,76.1880459770115
realprize,Blended,2026-04-11,93,1479,1,103451.54,69.94695064232589,0.9180830108627702,76.1880459770115
realprize,Blended,2026-04-11,94,1479,1,103568.46,70.02600405679513,0.9191206200238332,76.1880459770115
realprize,Blended,2026-04-11,95,1479,1,103812.36,70.19091277890466,0.92128511604148,76.1880459770115
realprize,Blended,2026-04-11,96,1479,1,103912.29,70.25847870182557,0.9221719470666688,76.1880459770115
realprize,Blended,2026-04-11,97,1479,1,104049.18,70.35103448275862,0.9233867804404106,76.1880459770115
realprize,Blended,2026-04-11,98,1479,1,104353.06,70.55649763353617,0.9260835703126636,76.1880459770115
realprize,Blended,2026-04-11,99,1479,1,104402.99,70.59025693035835,0.9265266752169732,76.1880459770115
realprize,Blended,2026-04-11,100,1479,1,104462.94,70.63079107505071,0.9270587028359067,76.1880459770115
realprize,Blended,2026-04-11,101,1479,1,104811.83,70.86668695064233,0.930154934962175,76.1880459770115
realprize,Blended,2026-04-11,102,1479,1,104957.77,70.96536173089926,0.931450082763796,76.1880459770115
realprize,Blended,2026-04-11,103,1479,1,105246.63,71.16066937119676,0.9340135773093372,76.1880459770115
realprize,Blended,2026-04-11,104,1479,1,105387.57,71.25596348884382,0.9352643524988704,76.1880459770115
realprize,Blended,2026-04-11,105,1479,1,105838.46,71.56082488167681,0.9392657859117312,76.1880459770115
realprize,Blended,2026-04-11,106,1479,1,105978.41,71.65544962812712,0.9405077753240708,76.1880459770115
realprize,Blended,2026-04-11,107,1479,1,106528.31,72.02725490196079,0.945387875201496,76.1880459770115
realprize,Blended,2026-04-11,108,1479,1,107037.22,72.37134550371873,0.9499042084050248,76.1880459770115
realprize,Blended,2026-04-11,109,1479,1,107085.18,72.40377281947262,0.9503298305001716,76.1880459770115
realprize,Blended,2026-04-11,110,1479,1,107118.13,72.42605138607168,0.9506222460138308,76.1880459770115
realprize,Blended,2026-04-11,111,1479,1,107852.94,72.92288032454361,0.95714333383149,76.1880459770115
realprize,Blended,2026-04-11,112,1479,1,108711.82,73.5035970250169,0.9647654836454976,76.1880459770115
realprize,Blended,2026-04-11,113,1479,1,109120.72,73.7800676132522,0.9683942758620444,76.1880459770115
realprize,Blended,2026-04-11,114,1479,1,109720.66,74.18570655848546,0.973718456841245,76.1880459770115
realprize,Blended,2026-04-11,115,1479,1,110105.43,74.44586206896552,0.977133106831856,76.1880459770115
realprize,Blended,2026-04-11,116,1479,1,110395.37,74.64189993238675,0.9797061858616078,76.1880459770115
realprize,Blended,2026-04-11,117,1479,1,110487.32,74.7040703177823,0.980522198197904,76.1880459770115
realprize,Blended,2026-04-11,118,1479,1,110668.27,74.82641649763355,0.9821280430293644,76.1880459770115
realprize,Blended,2026-04-11,119,1479,1,111949.17,75.69247464503043,0.9934954187940376,76.1880459770115
realprize,Blended,2026-04-11,120,1479,1,112682.12,76.1880459770115,1.0,76.1880459770115
realprize,Blended,2026-04-12,1,1490,1,6885.72,4.621288590604027,0.0481643165264323,95.94838926174496
realprize,Blended,2026-04-12,2,1490,1,7724.41,5.184167785234899,0.0540307953590821,95.94838926174496
realprize,Blended,2026-04-12,3,1490,1,7985.29,5.359255033557047,0.0558556019000707,95.94838926174496
realprize,Blended,2026-04-12,4,1490,1,8438.04,5.663114093959732,0.0590225030095178,95.94838926174496
realprize,Blended,2026-04-12,5,1490,1,8703.92,5.841557046979866,0.0608822836102462,95.94838926174496
realprize,Blended,2026-04-12,6,1490,1,9071.72,6.088402684563758,0.0634549754447126,95.94838926174496
realprize,Blended,2026-04-12,7,1490,1,9431.49,6.3298590604026845,0.0659714989392367,95.94838926174496
realprize,Blended,2026-04-12,8,1490,1,9868.24,6.622979865771812,0.0690264830575162,95.94838926174496
realprize,Blended,2026-04-12,9,1490,1,10050.14,6.745060402684564,0.0702988393508534,95.94838926174496
realprize,Blended,2026-04-12,10,1490,1,10831.72,7.269610738255033,0.0757658444731542,95.94838926174496
realprize,Blended,2026-04-12,11,1490,1,11281.54,7.571503355704698,0.0789122507835938,95.94838926174496
realprize,Blended,2026-04-12,12,1490,1,11514.43,7.727805369127517,0.0805412725381584,95.94838926174496
realprize,Blended,2026-04-12,13,1490,1,12226.26,8.205543624161074,0.0855203895270877,95.94838926174496
realprize,Blended,2026-04-12,14,1490,1,13016.06,8.735610738255033,0.0910448920036009,95.94838926174496
realprize,Blended,2026-04-12,15,1490,1,13787.8,9.253557046979866,0.0964430681763336,95.94838926174496
realprize,Blended,2026-04-12,16,1490,1,14351.64,9.631973154362417,0.1003870229450816,95.94838926174496
realprize,Blended,2026-04-12,17,1490,1,14452.54,9.699691275167783,0.1010927994706326,95.94838926174496
realprize,Blended,2026-04-12,18,1490,1,14644.44,9.82848322147651,0.1024351038834496,95.94838926174496
realprize,Blended,2026-04-12,19,1490,1,15090.3,10.127718120805367,0.1055538107385752,95.94838926174496
realprize,Blended,2026-04-12,20,1490,1,15372.13,10.31686577181208,0.1075251585898739,95.94838926174496
realprize,Blended,2026-04-12,21,1490,1,16221.92,10.887194630872484,0.1134692798351462,95.94838926174496
realprize,Blended,2026-04-12,22,1490,1,19196.67,12.883671140939596,0.1342770966773943,95.94838926174496
realprize,Blended,2026-04-12,23,1490,1,19308.56,12.95876510067114,0.1350597461862536,95.94838926174496
realprize,Blended,2026-04-12,24,1490,1,20331.22,13.645114093959732,0.142213060572973,95.94838926174496
realprize,Blended,2026-04-12,25,1490,1,21421.15,14.376610738255035,0.1498369159594329,95.94838926174496
realprize,Blended,2026-04-12,26,1490,1,22393.06,15.028899328859058,0.1566352436397923,95.94838926174496
realprize,Blended,2026-04-12,27,1490,1,24594.8,16.506577181208055,0.1720360008981338,95.94838926174496
realprize,Blended,2026-04-12,28,1490,1,27095.67,18.18501342281879,0.189529116254474,95.94838926174496
realprize,Blended,2026-04-12,29,1490,1,29099.5,19.52986577181208,0.2035455302801911,95.94838926174496
realprize,Blended,2026-04-12,30,1490,1,29306.39,19.66871812080537,0.2049926869241084,95.94838926174496
realprize,Blended,2026-04-12,31,1490,1,30755.32,20.641154362416103,0.2151276797998924,95.94838926174496
realprize,Blended,2026-04-12,32,1490,1,33370.17,22.396087248322143,0.2334180638220631,95.94838926174496
realprize,Blended,2026-04-12,33,1490,1,38674.96,25.95634899328859,0.2705240722955783,95.94838926174496
realprize,Blended,2026-04-12,34,1490,1,41985.85,28.178422818791944,0.2936831252260198,95.94838926174496
realprize,Blended,2026-04-12,35,1490,1,44103.77,29.59984563758389,0.3084975773468818,95.94838926174496
realprize,Blended,2026-04-12,36,1490,1,44730.64,30.02056375838926,0.3128824151127109,95.94838926174496
realprize,Blended,2026-04-12,37,1490,1,45203.51,30.337926174496644,0.3161900518385513,95.94838926174496
realprize,Blended,2026-04-12,38,1490,1,46533.31,31.230409395973155,0.3254917527669727,95.94838926174496
realprize,Blended,2026-04-12,39,1490,1,48132.17,32.30346979865772,0.3366754777981171,95.94838926174496
realprize,Blended,2026-04-12,40,1490,1,48719.08,32.69736912751678,0.340780802878505,95.94838926174496
realprize,Blended,2026-04-12,41,1490,1,49825.95,33.440234899328864,0.3485231503793637,95.94838926174496
realprize,Blended,2026-04-12,42,1490,1,50519.83,33.90592617449664,0.3533767104938267,95.94838926174496
realprize,Blended,2026-04-12,43,1490,1,51356.76,34.46762416107383,0.3592308784574481,95.94838926174496
realprize,Blended,2026-04-12,44,1490,1,51381.71,34.48436912751678,0.3594053990155502,95.94838926174496
realprize,Blended,2026-04-12,45,1490,1,54481.59,36.564825503355706,0.3810884766768488,95.94838926174496
realprize,Blended,2026-04-12,46,1490,1,54776.530000000006,36.762771812080544,0.3831515265127855,95.94838926174496
realprize,Blended,2026-04-12,47,1490,1,56111.46,37.65869798657718,0.3924891108265,95.94838926174496
realprize,Blended,2026-04-12,48,1490,1,56216.44,37.72915436241611,0.3932234261847988,95.94838926174496
realprize,Blended,2026-04-12,49,1490,1,56283.41,37.77410067114094,0.3936918687409548,95.94838926174496
realprize,Blended,2026-04-12,50,1490,1,57105.33,38.32572483221477,0.3994410445772371,95.94838926174496
realprize,Blended,2026-04-12,51,1490,1,59357.21000000001,39.83705369127517,0.4151925217066502,95.94838926174496
realprize,Blended,2026-04-12,52,1490,1,59394.18,39.86186577181208,0.4154511199043669,95.94838926174496
realprize,Blended,2026-04-12,53,1490,1,60475.12,40.587328859060406,0.4230120919314145,95.94838926174496
realprize,Blended,2026-04-12,54,1490,1,60621.07,40.68528187919463,0.4240329847352219,95.94838926174496
realprize,Blended,2026-04-12,55,1490,1,60653.030000000006,40.706731543624166,0.4242565389250793,95.94838926174496
realprize,Blended,2026-04-12,56,1490,1,60793.93,40.80129530201342,0.4252421079285494,95.94838926174496
realprize,Blended,2026-04-12,57,1490,1,61005.8,40.94348993288591,0.4267240987359675,95.94838926174496
realprize,Blended,2026-04-12,58,1490,1,61113.75000000001,41.015939597315445,0.4274791886857518,95.94838926174496
realprize,Blended,2026-04-12,59,1490,1,61246.66,41.10514093959732,0.4284088691417576,95.94838926174496
realprize,Blended,2026-04-12,60,1490,1,61441.57,41.23595302013423,0.429772227938538,95.94838926174496
realprize,Blended,2026-04-12,61,1490,1,61578.46,41.3278255033557,0.4307297477460967,95.94838926174496
realprize,Blended,2026-04-12,62,1490,1,61812.34,41.484791946308725,0.4323656943644898,95.94838926174496
realprize,Blended,2026-04-12,63,1490,1,61822.33,41.4914966442953,0.4324355725358502,95.94838926174496
realprize,Blended,2026-04-12,64,1490,1,61977.23,41.59545637583893,0.433519068906592,95.94838926174496
realprize,Blended,2026-04-12,65,1490,1,61987.21000000001,41.60215436241611,0.4335888771298328,95.94838926174496
realprize,Blended,2026-04-12,66,1490,1,62047.170000000006,41.642395973154365,0.4340082860542336,95.94838926174496
realprize,Blended,2026-04-12,67,1490,1,62246.11,41.77591275167785,0.4353998339431643,95.94838926174496
realprize,Blended,2026-04-12,68,1490,1,62327.07,41.83024832214765,0.4359661339184727,95.94838926174496
realprize,Blended,2026-04-12,69,1490,1,62379.98,41.86575838926175,0.4363362294186402,95.94838926174496
realprize,Blended,2026-04-12,70,1490,1,62836.740000000005,42.17230872483222,0.4395311797239988,95.94838926174496
realprize,Blended,2026-04-12,71,1490,1,62959.65,42.25479865771812,0.4403909120605247,95.94838926174496
realprize,Blended,2026-04-12,72,1490,1,62999.59,42.28160402684564,0.440670284849727,95.94838926174496
realprize,Blended,2026-04-12,73,1490,1,63014.560000000005,42.29165100671141,0.4407749971845882,95.94838926174496
realprize,Blended,2026-04-12,74,1490,1,63176.46000000001,42.40030872483222,0.4419074572389659,95.94838926174496
realprize,Blended,2026-04-12,75,1490,1,64696.15,43.42023489932886,0.4525374030081888,95.94838926174496
realprize,Blended,2026-04-12,76,1490,1,64841.06,43.5174899328859,0.4535510212075703,95.94838926174496
realprize,Blended,2026-04-12,77,1490,1,66550.95,44.66506711409396,0.4655113802092988,95.94838926174496
realprize,Blended,2026-04-12,78,1490,1,67597.88,45.36770469798658,0.4728344586819956,95.94838926174496
realprize,Blended,2026-04-12,79,1490,1,68717.78,46.11931543624161,0.4806679485825363,95.94838926174496
realprize,Blended,2026-04-12,80,1490,1,79840.4,53.5841610738255,0.5584685838513574,95.94838926174496
realprize,Blended,2026-04-12,81,1490,1,80318.3,53.90489932885906,0.5618114044812962,95.94838926174496
realprize,Blended,2026-04-12,82,1490,1,80758.21,54.20014093959732,0.5648884922053313,95.94838926174496
realprize,Blended,2026-04-12,83,1490,1,80788.15000000001,54.22023489932887,0.5650979168750538,95.94838926174496
realprize,Blended,2026-04-12,84,1490,1,86141.03,57.81277181208053,0.6025403058551472,95.94838926174496
realprize,Blended,2026-04-12,85,1490,1,86286.97,57.91071812080537,0.6035611287108352,95.94838926174496
realprize,Blended,2026-04-12,86,1490,1,87266.90000000001,58.568389261744976,0.6104155547830176,95.94838926174496
realprize,Blended,2026-04-12,87,1490,1,88554.84000000001,59.43277852348994,0.6194244528832966,95.94838926174496
realprize,Blended,2026-04-12,88,1490,1,89921.76000000001,60.3501744966443,0.6289858012312268,95.94838926174496
realprize,Blended,2026-04-12,89,1490,1,94057.64,63.12593288590604,0.6579155040706308,95.94838926174496
realprize,Blended,2026-04-12,90,1490,1,95493.59,64.08965771812082,0.6679597042873302,95.94838926174496
realprize,Blended,2026-04-12,91,1490,1,97045.44,65.13116778523491,0.6788146032088002,95.94838926174496
realprize,Blended,2026-04-12,92,1490,1,97157.38,65.20629530201343,0.6795976024582568,95.94838926174496
realprize,Blended,2026-04-12,93,1490,1,97494.25,65.43238255033557,0.6819539447591721,95.94838926174496
realprize,Blended,2026-04-12,94,1490,1,97992.18,65.76656375838925,0.6854368714724288,95.94838926174496
realprize,Blended,2026-04-12,95,1490,1,98097.1,65.83697986577181,0.6861707671420108,95.94838926174496
realprize,Blended,2026-04-12,96,1490,1,101517.0,68.13221476510067,0.7100923245229014,95.94838926174496
realprize,Blended,2026-04-12,97,1490,1,104650.91,70.23551006711409,0.7320134356347897,95.94838926174496
realprize,Blended,2026-04-12,98,1490,1,108054.79,72.51999328859061,0.7558229361282738,95.94838926174496
realprize,Blended,2026-04-12,99,1490,1,108091.77,72.54481208053691,0.75608160427411,95.94838926174496
realprize,Blended,2026-04-12,100,1490,1,110703.72,74.29779865771812,0.7743517033416315,95.94838926174496
realprize,Blended,2026-04-12,101,1490,1,111240.59,74.65811409395972,0.7781070080321425,95.94838926174496
realprize,Blended,2026-04-12,102,1490,1,113740.57,76.33595302013423,0.7955938980058491,95.94838926174496
realprize,Blended,2026-04-12,103,1490,1,117865.51,79.10436912751678,0.8244470776025422,95.94838926174496
realprize,Blended,2026-04-12,104,1490,1,117882.49,79.11576510067114,0.8245658495094189,95.94838926174496
realprize,Blended,2026-04-12,105,1490,1,117924.44,79.14391946308724,0.8248592818706365,95.94838926174496
realprize,Blended,2026-04-12,106,1490,1,118091.3,79.25590604026846,0.8260264361922762,95.94838926174496
realprize,Blended,2026-04-12,107,1490,1,118163.26,79.30420134228189,0.8265297828600527,95.94838926174496
realprize,Blended,2026-04-12,108,1490,1,118319.22,79.40887248322147,0.8276206937314593,95.94838926174496
realprize,Blended,2026-04-12,109,1490,1,118554.14,79.56653691275167,0.8292639149542784,95.94838926174496
realprize,Blended,2026-04-12,110,1490,1,121128.06,81.294,0.8472680013234184,95.94838926174496
realprize,Blended,2026-04-12,111,1490,1,121309.97,81.41608724832214,0.8485404275648751,95.94838926174496
realprize,Blended,2026-04-12,112,1490,1,121386.9,81.46771812080536,0.849078538448033,95.94838926174496
realprize,Blended,2026-04-12,113,1490,1,121557.76,81.58238926174496,0.8502736720174646,95.94838926174496
realprize,Blended,2026-04-12,114,1490,1,123277.69,82.73670469798658,0.8623042589311508,95.94838926174496
realprize,Blended,2026-04-12,115,1490,1,127963.6,85.88161073825503,0.8950813181863012,95.94838926174496
realprize,Blended,2026-04-12,116,1490,1,130038.55,87.27419463087249,0.9095952032377586,95.94838926174496
realprize,Blended,2026-04-12,117,1490,1,135332.45,90.82714765100673,0.9466250382091604,95.94838926174496
realprize,Blended,2026-04-12,118,1490,1,137886.33000000002,92.54116107382552,0.964488948546863,95.94838926174496
realprize,Blended,2026-04-12,119,1490,1,142808.15,95.84439597315436,0.9989161538886608,95.94838926174496
realprize,Blended,2026-04-12,120,1490,1,142963.1,95.94838926174496,1.0,95.94838926174496
realprize,Blended,2026-04-13,1,1655,1,6109.01,3.6912447129909367,0.0489695175873145,75.378416918429
realprize,Blended,2026-04-13,2,1655,1,10460.38,6.320471299093655,0.0838498811394961,75.378416918429
realprize,Blended,2026-04-13,3,1655,1,13350.14,8.066549848942598,0.1070140522806659,75.378416918429
realprize,Blended,2026-04-13,4,1655,1,23787.71,14.373238670694864,0.1906810896048521,75.378416918429
realprize,Blended,2026-04-13,5,1655,1,27336.34,16.51742598187311,0.2191267296014918,75.378416918429
realprize,Blended,2026-04-13,6,1655,1,30888.12,18.6635166163142,0.2475976198400529,75.378416918429
realprize,Blended,2026-04-13,7,1655,1,31975.96,19.32082175226586,0.2563176906882238,75.378416918429
realprize,Blended,2026-04-13,8,1655,1,33385.61,20.172574018126888,0.2676173743467803,75.378416918429
realprize,Blended,2026-04-13,9,1655,1,34867.25,21.067824773413896,0.2794941262326126,75.378416918429
realprize,Blended,2026-04-13,10,1655,1,36386.06,21.98553474320241,0.2916688309731171,75.378416918429
realprize,Blended,2026-04-13,11,1655,1,37025.77,22.3720664652568,0.2967967142301065,75.378416918429
realprize,Blended,2026-04-13,12,1655,1,37719.39,22.791172205438063,0.302356737341693,75.378416918429
realprize,Blended,2026-04-13,13,1655,1,38152.21,23.052694864048338,0.3058262007411868,75.378416918429
realprize,Blended,2026-04-13,14,1655,1,39064.03,23.60364350453172,0.3131353041026914,75.378416918429
realprize,Blended,2026-04-13,15,1655,1,40554.77,24.504392749244715,0.3250850011318522,75.378416918429
realprize,Blended,2026-04-13,16,1655,1,41678.63,25.183462235649547,0.3340938064924063,75.378416918429
realprize,Blended,2026-04-13,17,1655,1,42204.38,25.50113595166163,0.3383081921083295,75.378416918429
realprize,Blended,2026-04-13,18,1655,1,42316.29,25.568755287009065,0.3392052570522724,75.378416918429
realprize,Blended,2026-04-13,19,1655,1,42728.17,25.817625377643505,0.3425068664626126,75.378416918429
realprize,Blended,2026-04-13,20,1655,1,47169.05,28.50093655589124,0.3781047376828518,75.378416918429
realprize,Blended,2026-04-13,21,1655,1,47545.91,28.72864652567976,0.3811256285306251,75.378416918429
realprize,Blended,2026-04-13,22,1655,1,48766.72,29.466296072507557,0.3909115802258702,75.378416918429
realprize,Blended,2026-04-13,23,1655,1,49088.61,29.6607915407855,0.3934918343122411,75.378416918429
realprize,Blended,2026-04-13,24,1655,1,50670.51,30.61662235649547,0.4061722653266564,75.378416918429
realprize,Blended,2026-04-13,25,1655,1,51045.31,30.84308761329305,0.409176643317808,75.378416918429
realprize,Blended,2026-04-13,26,1655,1,51516.12,31.127564954682786,0.4129506326508234,75.378416918429
realprize,Blended,2026-04-13,27,1655,1,53232.86,32.164870090634444,0.4267119343384694,75.378416918429
realprize,Blended,2026-04-13,28,1655,1,54882.81,33.161818731117826,0.4399378507378843,75.378416918429
realprize,Blended,2026-04-13,29,1655,1,57447.72,34.71161329305136,0.4604980405812269,75.378416918429
realprize,Blended,2026-04-13,30,1655,1,61164.55,36.95743202416919,0.4902919633369694,75.378416918429
realprize,Blended,2026-04-13,31,1655,1,62724.35999999999,37.89991540785498,0.5027953220199425,75.378416918429
realprize,Blended,2026-04-13,32,1655,1,67714.22,40.91493655589124,0.5427937893703375,75.378416918429
realprize,Blended,2026-04-13,33,1655,1,70683.05,42.7087915407855,0.5665917816634828,75.378416918429
realprize,Blended,2026-04-13,34,1655,1,71381.81000000001,43.13100302114805,0.5721930067571253,75.378416918429
realprize,Blended,2026-04-13,35,1655,1,73863.67,44.63061631419939,0.5920874719682235,75.378416918429
realprize,Blended,2026-04-13,36,1655,1,73989.56,44.7066827794562,0.5930965998905984,75.378416918429
realprize,Blended,2026-04-13,37,1655,1,75567.48000000001,45.66010876132931,0.6057451274247448,75.378416918429
realprize,Blended,2026-04-13,38,1655,1,75823.41,45.81474924471299,0.607796649461232,75.378416918429
realprize,Blended,2026-04-13,39,1655,1,75938.37,45.88421148036254,0.6087181630521147,75.378416918429
realprize,Blended,2026-04-13,40,1655,1,76364.26000000001,46.14154682779457,0.6121320759193816,75.378416918429
realprize,Blended,2026-04-13,41,1655,1,77321.19,46.71975226586103,0.6198027787770996,75.378416918429
realprize,Blended,2026-04-13,42,1655,1,77436.09,46.789178247734135,0.6207238114109931,75.378416918429
realprize,Blended,2026-04-13,43,1655,1,77733.98,46.96917220543806,0.6231116827017726,75.378416918429
realprize,Blended,2026-04-13,44,1655,1,81190.86,49.057921450151056,0.6508218593027663,75.378416918429
realprize,Blended,2026-04-13,45,1655,1,81343.8,49.15033232628399,0.6520478186676723,75.378416918429
realprize,Blended,2026-04-13,46,1655,1,81396.77,49.18233836858006,0.652472423529442,75.378416918429
realprize,Blended,2026-04-13,47,1655,1,81598.68,49.304338368580055,0.6540909239568524,75.378416918429
realprize,Blended,2026-04-13,48,1655,1,83027.48000000001,50.167661631419946,0.6655441130543912,75.378416918429
realprize,Blended,2026-04-13,49,1655,1,83312.41,50.3398247734139,0.6678280976355514,75.378416918429
realprize,Blended,2026-04-13,50,1655,1,83566.35,50.49326283987916,0.6698636679319043,75.378416918429
realprize,Blended,2026-04-13,51,1655,1,83667.29,50.55425377643504,0.6706727979063621,75.378416918429
realprize,Blended,2026-04-13,52,1655,1,83956.18,50.72880966767371,0.6729885256487949,75.378416918429
realprize,Blended,2026-04-13,53,1655,1,84127.12,50.83209667673716,0.6743587721103944,75.378416918429
realprize,Blended,2026-04-13,54,1655,1,84297.04000000001,50.93476737160121,0.6757208423031813,75.378416918429
realprize,Blended,2026-04-13,55,1655,1,84330.02,50.95469486404834,0.675985208328123,75.378416918429
realprize,Blended,2026-04-13,56,1655,1,84463.95,51.03561933534743,0.6770587844870208,75.378416918429
realprize,Blended,2026-04-13,57,1655,1,84490.93,51.051921450151056,0.6772750548130649,75.378416918429
realprize,Blended,2026-04-13,58,1655,1,84775.88,51.22409667673716,0.6795591997132214,75.378416918429
realprize,Blended,2026-04-13,59,1655,1,84953.79,51.33159516616314,0.6809853173450405,75.378416918429
realprize,Blended,2026-04-13,60,1655,1,85034.75,51.38051359516616,0.6816342886421687,75.378416918429
realprize,Blended,2026-04-13,61,1655,1,85151.69,51.45117220543807,0.6825716738136877,75.378416918429
realprize,Blended,2026-04-13,62,1655,1,85499.56999999999,51.66137160120846,0.6853602624357843,75.378416918429
realprize,Blended,2026-04-13,63,1655,1,85821.37999999999,51.85581873111782,0.6879398752461698,75.378416918429
realprize,Blended,2026-04-13,64,1655,1,86011.26999999999,51.97055589123867,0.6894620239567882,75.378416918429
realprize,Blended,2026-04-13,65,1655,1,86230.18999999999,52.102833836858,0.691216875690574,75.378416918429
realprize,Blended,2026-04-13,66,1655,1,86420.01999999999,52.217534743202414,0.6927385434442036,75.378416918429
realprize,Blended,2026-04-13,67,1655,1,88424.92,53.428954682779455,0.7088097212309165,75.378416918429
realprize,Blended,2026-04-13,68,1655,1,88610.83,53.541287009063446,0.710299966461266,75.378416918429
realprize,Blended,2026-04-13,69,1655,1,88796.77,53.65363746223565,0.71179045217011,75.378416918429
realprize,Blended,2026-04-13,70,1655,1,88844.73,53.68261631419939,0.7121748971233001,75.378416918429
realprize,Blended,2026-04-13,71,1655,1,88920.66,53.72849546827795,0.7127835481928523,75.378416918429
realprize,Blended,2026-04-13,72,1655,1,89109.61,53.842664652567976,0.7142981619106434,75.378416918429
realprize,Blended,2026-04-13,73,1655,1,89379.52,54.00575226586103,0.7164617469255626,75.378416918429
realprize,Blended,2026-04-13,74,1655,1,89672.37,54.18270090634441,0.718809217829268,75.378416918429
realprize,Blended,2026-04-13,75,1655,1,90015.26,54.38988519637462,0.7215578068617814,75.378416918429
realprize,Blended,2026-04-13,76,1655,1,90189.21,54.49499093655589,0.7229521813323279,75.378416918429
realprize,Blended,2026-04-13,77,1655,1,91194.19,55.10222960725076,0.7310080505787195,75.378416918429
realprize,Blended,2026-04-13,78,1655,1,93306.07,56.378290030211474,0.7479367746767809,75.378416918429
realprize,Blended,2026-04-13,79,1655,1,93519.0,56.50694864048339,0.7496436108711672,75.378416918429
realprize,Blended,2026-04-13,80,1655,1,93608.95,56.56129909365559,0.7503646455571438,75.378416918429
realprize,Blended,2026-04-13,81,1655,1,93860.84,56.71349848942599,0.7523837831563733,75.378416918429
realprize,Blended,2026-04-13,82,1655,1,94372.7,57.02277945619336,0.756486827229348,75.378416918429
realprize,Blended,2026-04-13,83,1655,1,94731.63,57.23965558912387,0.7593639920969149,75.378416918429
realprize,Blended,2026-04-13,84,1655,1,94860.6,57.317583081571,0.7603978091447239,75.378416918429
realprize,Blended,2026-04-13,85,1655,1,95754.57,57.85774622356496,0.7675638278020075,75.378416918429
realprize,Blended,2026-04-13,86,1655,1,95841.5,57.91027190332326,0.7682606543195389,75.378416918429
realprize,Blended,2026-04-13,87,1655,1,96372.32,58.231009063444105,0.7725156808010307,75.378416918429
realprize,Blended,2026-04-13,88,1655,1,96479.23,58.29560725075528,0.7733726659958919,75.378416918429
realprize,Blended,2026-04-13,89,1655,1,96628.12,58.38557099697885,0.7745661607640419,75.378416918429
realprize,Blended,2026-04-13,90,1655,1,96947.01,58.57825377643504,0.7771223670009638,75.378416918429
realprize,Blended,2026-04-13,91,1655,1,97205.9,58.73468277945619,0.7791976162489075,75.378416918429
realprize,Blended,2026-04-13,92,1655,1,98532.81,59.53644108761329,0.7898340602196627,75.378416918429
realprize,Blended,2026-04-13,93,1655,1,98754.76,59.67054984894259,0.7916132002813919,75.378416918429
realprize,Blended,2026-04-13,94,1655,1,98999.7,59.8185498489426,0.793576627029398,75.378416918429
realprize,Blended,2026-04-13,95,1655,1,99134.66,59.90009667673717,0.7946584596166069,75.378416918429
realprize,Blended,2026-04-13,96,1655,1,100497.58,60.72361329305136,0.8055835579402473,75.378416918429
realprize,Blended,2026-04-13,97,1655,1,100648.52,60.81481570996979,0.8067934854055206,75.378416918429
realprize,Blended,2026-04-13,98,1655,1,100703.5,60.84803625377644,0.8072342023264211,75.378416918429
realprize,Blended,2026-04-13,99,1655,1,100735.45,60.8673413897281,0.8074903119230521,75.378416918429
realprize,Blended,2026-04-13,100,1655,1,100780.43,60.89451963746224,0.8078508693457895,75.378416918429
realprize,Blended,2026-04-13,101,1655,1,100850.37,60.93677945619335,0.8084115048759419,75.378416918429
realprize,Blended,2026-04-13,102,1655,1,101114.27,61.09623564954683,0.8105269140324654,75.378416918429
realprize,Blended,2026-04-13,103,1655,1,101415.18,61.27805438066465,0.8129389934916901,75.378416918429
realprize,Blended,2026-04-13,104,1655,1,102680.12,62.042368580060426,0.8230786890523288,75.378416918429
realprize,Blended,2026-04-13,105,1655,1,102770.07,62.09671903323263,0.8237997237383057,75.378416918429
realprize,Blended,2026-04-13,106,1655,1,102969.02,62.216930513595166,0.8253944969542598,75.378416918429
realprize,Blended,2026-04-13,107,1655,1,103399.89,62.477274924471295,0.8288483292516117,75.378416918429
realprize,Blended,2026-04-13,108,1655,1,104859.78,63.3593836858006,0.8405507342289394,75.378416918429
realprize,Blended,2026-04-13,109,1655,1,106186.71,64.16115407854984,0.8511873385186909,75.378416918429
realprize,Blended,2026-04-13,110,1655,1,106405.64,64.29343806646526,0.852942270411975,75.378416918429
realprize,Blended,2026-04-13,111,1655,1,107111.52,64.71995166163143,0.8586005690683095,75.378416918429
realprize,Blended,2026-04-13,112,1655,1,108561.45,65.59604229607251,0.8702231351854668,75.378416918429
realprize,Blended,2026-04-13,113,1655,1,108741.38,65.70476132930514,0.8716654450359148,75.378416918429
realprize,Blended,2026-04-13,114,1655,1,108870.3,65.78265861027191,0.8726988612862331,75.378416918429
realprize,Blended,2026-04-13,115,1655,1,109306.19,66.04603625377644,0.8761929336516628,75.378416918429
realprize,Blended,2026-04-13,116,1655,1,110050.04,66.4954924471299,0.8821555979225223,75.378416918429
realprize,Blended,2026-04-13,117,1655,1,110396.91,66.70508157099698,0.8849360904353046,75.378416918429
realprize,Blended,2026-04-13,118,1655,1,114379.65,69.11157099697886,0.9168615344067012,75.378416918429
realprize,Blended,2026-04-13,119,1655,1,115141.48,69.57189123867069,0.922968325455258,75.378416918429
realprize,Blended,2026-04-13,120,1655,1,124751.28,75.378416918429,1.0,75.378416918429
lonestar,Web,overall,1,2455,5,4652.05,1.894928716904277,0.1263858966591774,14.993197556008148
lonestar,Web,overall,2,2455,5,6342.95,2.583686354378819,0.1723239052061627,14.993197556008148
lonestar,Web,overall,3,2455,5,7433.88,3.0280570264765783,0.2019620574707334,14.993197556008148
lonestar,Web,overall,4,2455,5,8567.89,3.4899755600814664,0.2327705979357916,14.993197556008148
lonestar,Web,overall,5,2455,5,9294.19,3.785820773930754,0.2525025605637859,14.993197556008148
lonestar,Web,overall,6,2455,5,10339.53,4.211621181262729,0.2809021334861974,14.993197556008148
lonestar,Web,overall,7,2455,5,11045.29,4.499099796334012,0.3000760697994745,14.993197556008148
lonestar,Web,overall,8,2455,5,11731.940000000002,4.778794297352343,0.3187308297313378,14.993197556008148
lonestar,Web,overall,9,2455,5,12270.73,4.998260692464358,0.3333685608952328,14.993197556008148
lonestar,Web,overall,10,2455,5,13048.57,5.315099796334012,0.3545007511892697,14.993197556008148
lonestar,Web,overall,11,2455,5,14055.13,5.725103869653768,0.3818467573889584,14.993197556008148
lonestar,Web,overall,12,2455,5,14229.009999999998,5.795930753564154,0.3865706919363295,14.993197556008148
lonestar,Web,overall,13,2455,5,14706.0,5.990224032586558,0.3995294539546786,14.993197556008148
lonestar,Web,overall,14,2455,5,15441.739999999998,6.289914460285131,0.4195178804780442,14.993197556008148
lonestar,Web,overall,15,2455,5,15885.36,6.470615071283095,0.4315700534933696,14.993197556008148
lonestar,Web,overall,16,2455,5,16103.17,6.559336048879837,0.4374874688589258,14.993197556008148
lonestar,Web,overall,17,2455,5,16161.11,6.582936863543789,0.439061570352339,14.993197556008148
lonestar,Web,overall,18,2455,5,16481.969999999998,6.713633401221995,0.4477786260164146,14.993197556008148
lonestar,Web,overall,19,2455,5,16681.87,6.795059063136455,0.4532094663431888,14.993197556008148
lonestar,Web,overall,20,2455,5,17061.67,6.949763747454174,0.4635277912862043,14.993197556008148
lonestar,Web,overall,21,2455,5,17376.480000000003,7.077995926680246,0.4720804818478441,14.993197556008148
lonestar,Web,overall,22,2455,5,17680.36,7.201775967413442,0.4803362285136776,14.993197556008148
lonestar,Web,overall,23,2455,5,17870.25,7.279124236252546,0.4854951193073301,14.993197556008148
lonestar,Web,overall,24,2455,5,18071.16,7.360961303462322,0.4909533990974861,14.993197556008148
lonestar,Web,overall,25,2455,5,18936.91,7.713608961303462,0.5144739094171694,14.993197556008148
lonestar,Web,overall,26,2455,5,19024.83,7.749421588594705,0.5168625011206711,14.993197556008148
lonestar,Web,overall,27,2455,5,19634.72,7.997849287169044,0.53343186183551,14.993197556008148
lonestar,Web,overall,28,2455,5,19905.58,8.108179226069245,0.5407905282232538,14.993197556008148
lonestar,Web,overall,29,2455,5,20115.51,8.193690427698575,0.5464938614388603,14.993197556008148
lonestar,Web,overall,30,2455,5,20191.46,8.224627291242362,0.548557254749608,14.993197556008148
lonestar,Web,overall,31,2455,5,20939.2,8.529205702647657,0.5688716946992932,14.993197556008148
lonestar,Web,overall,32,2455,5,21131.1,8.607372708757639,0.5740851927418544,14.993197556008148
lonestar,Web,overall,33,2455,5,21352.96,8.697743380855396,0.5801126376387933,14.993197556008148
lonestar,Web,overall,34,2455,5,21508.860000000004,8.761246435845216,0.5843480954023957,14.993197556008148
lonestar,Web,overall,35,2455,5,21706.74,8.841849287169044,0.589724056802406,14.993197556008148
lonestar,Web,overall,36,2455,5,22049.59,8.981503054989817,0.5990385320702124,14.993197556008148
lonestar,Web,overall,37,2455,5,22260.47,9.067401221995928,0.604767674682069,14.993197556008148
lonestar,Web,overall,38,2455,5,22778.27,9.278317718940936,0.6188351540277599,14.993197556008148
lonestar,Web,overall,39,2455,5,23006.14,9.371136456211811,0.6250258773157141,14.993197556008148
lonestar,Web,overall,40,2455,5,23263.98,9.476162932790224,0.6320308191359013,14.993197556008148
lonestar,Web,overall,41,2455,5,23535.870000000003,9.586912423625256,0.6394174683427379,14.993197556008148
lonestar,Web,overall,42,2455,5,23706.81,9.656541751527492,0.6440615296006605,14.993197556008148
lonestar,Web,overall,43,2455,5,23841.9,9.711568228105907,0.6477316257474537,14.993197556008148
lonestar,Web,overall,44,2455,5,24009.82,9.779967413441955,0.652293640293086,14.993197556008148
lonestar,Web,overall,45,2455,5,24075.77,9.806830957230142,0.6540853557485675,14.993197556008148
lonestar,Web,overall,46,2455,5,24376.710000000003,9.929413441955194,0.6622612291249528,14.993197556008148
lonestar,Web,overall,47,2455,5,24539.620000000003,9.995771894093687,0.6666871330650967,14.993197556008148
lonestar,Web,overall,48,2455,5,24727.52,10.072309572301426,0.6717919599655512,14.993197556008148
lonestar,Web,overall,49,2455,5,24944.73,10.160786150712829,0.6776930746597912,14.993197556008148
lonestar,Web,overall,50,2455,5,25050.68,10.203942973523422,0.6805715015363382,14.993197556008148
lonestar,Web,overall,51,2455,5,25192.61,10.261755600814665,0.6844274253361334,14.993197556008148
lonestar,Web,overall,52,2455,5,25294.12,10.303103869653768,0.6871852272449419,14.993197556008148
lonestar,Web,overall,53,2455,5,25406.03,10.348688391038698,0.6902255741232276,14.993197556008148
lonestar,Web,overall,54,2455,5,25477.99,10.378,0.6921805679697242,14.993197556008148
lonestar,Web,overall,55,2455,5,25775.82,10.499315682281058,0.7002719495331214,14.993197556008148
lonestar,Web,overall,56,2455,5,25857.75,10.532688391038697,0.7024978062013185,14.993197556008148
lonestar,Web,overall,57,2455,5,25987.68,10.585613034623218,0.7060277165747942,14.993197556008148
lonestar,Web,overall,58,2455,5,26152.61,10.65279429735234,0.7105084994417018,14.993197556008148
lonestar,Web,overall,59,2455,5,26556.45,10.817291242362526,0.7214799379487777,14.993197556008148
lonestar,Web,overall,60,2455,5,26797.61,10.915523421588595,0.7280317211063808,14.993197556008148
lonestar,Web,overall,61,2455,5,26937.49,10.97250101832994,0.7318319509458464,14.993197556008148
lonestar,Web,overall,62,2455,5,27023.43,11.007507128309571,0.7341667504340054,14.993197556008148
lonestar,Web,overall,63,2455,5,27125.56,11.049107942973524,0.7369413963698405,14.993197556008148
lonestar,Web,overall,64,2455,5,27384.39,11.154537678207738,0.743973234297699,14.993197556008148
lonestar,Web,overall,65,2455,5,27473.28,11.190745417515275,0.7463881787531615,14.993197556008148
lonestar,Web,overall,66,2455,5,27720.25,11.291344195519349,0.7530978067446744,14.993197556008148
lonestar,Web,overall,67,2455,5,27865.14,11.350362525458248,0.7570341471896284,14.993197556008148
lonestar,Web,overall,68,2455,5,28012.050000000003,11.41020366598778,0.7610253665613462,14.993197556008148
lonestar,Web,overall,69,2455,5,28103.99,11.447653767820771,0.7635231727626648,14.993197556008148
lonestar,Web,overall,70,2455,5,28776.88,11.721743380855395,0.7818041039656816,14.993197556008148
lonestar,Web,overall,71,2455,5,28943.800000000003,11.789735234215888,0.7863389507257874,14.993197556008148
lonestar,Web,overall,72,2455,5,29054.03,11.834635437881875,0.7893336557243883,14.993197556008148
lonestar,Web,overall,73,2455,5,29133.97,11.867197556008149,0.7915054484993873,14.993197556008148
lonestar,Web,overall,74,2455,5,29409.04,11.979242362525458,0.7989784912641984,14.993197556008148
lonestar,Web,overall,75,2455,5,29483.99,12.009771894093683,0.8010147167894196,14.993197556008148
lonestar,Web,overall,76,2455,5,29615.0,12.063136456211812,0.804573968371264,14.993197556008148
lonestar,Web,overall,77,2455,5,29689.06,12.093303462321792,0.8065860145673664,14.993197556008148
lonestar,Web,overall,78,2455,5,29749.04,12.117735234215884,0.808215538343254,14.993197556008148
lonestar,Web,overall,79,2455,5,29832.9,12.151894093686357,0.8104938288375176,14.993197556008148
lonestar,Web,overall,80,2455,5,30212.94,12.306696537678208,0.8208186740490595,14.993197556008148
lonestar,Web,overall,81,2455,5,30317.86,12.34943380855397,0.8236691181065138,14.993197556008148
lonestar,Web,overall,82,2455,5,30586.76,12.458965376782078,0.8309745356346259,14.993197556008148
lonestar,Web,overall,83,2455,5,30834.22,12.559763747454175,0.8376974758410466,14.993197556008148
lonestar,Web,overall,84,2455,5,30971.26,12.61558452138493,0.8414205491696166,14.993197556008148
lonestar,Web,overall,85,2455,5,31015.22,12.63349083503055,0.8426148450213674,14.993197556008148
lonestar,Web,overall,86,2455,5,31111.17,12.67257433808554,0.845221594042648,14.993197556008148
lonestar,Web,overall,87,2455,5,31557.800000000003,12.85450101832994,0.8573555420924084,14.993197556008148
lonestar,Web,overall,88,2455,5,31610.75,12.876069246435843,0.8587940763360437,14.993197556008148
lonestar,Web,overall,89,2455,5,31677.29,12.903173116089611,0.8606018207849859,14.993197556008148
lonestar,Web,overall,90,2455,5,31708.25,12.915784114052952,0.8614429354248905,14.993197556008148
lonestar,Web,overall,91,2455,5,31804.17,12.954855397148677,0.8640488694126053,14.993197556008148
lonestar,Web,overall,92,2455,5,31900.08,12.993922606924643,0.8666545317224648,14.993197556008148
lonestar,Web,overall,93,2455,5,31945.01,13.01222403258656,0.8678751803261764,14.993197556008148
lonestar,Web,overall,94,2455,5,32078.9,13.066761710794298,0.8715126751303374,14.993197556008148
lonestar,Web,overall,95,2455,5,32191.98,13.11282281059063,0.874584808317689,14.993197556008148
lonestar,Web,overall,96,2455,5,32320.9,13.165336048879835,0.8780872792277827,14.993197556008148
lonestar,Web,overall,97,2455,5,32422.000000000004,13.206517311608962,0.8808339423445255,14.993197556008148
lonestar,Web,overall,98,2455,5,32565.020000000004,13.264773930753568,0.8847194790305448,14.993197556008148
lonestar,Web,overall,99,2455,5,32673.45,13.308940936863545,0.8876652820151975,14.993197556008148
lonestar,Web,overall,100,2455,5,32837.33,13.37569450101833,0.8921175387073024,14.993197556008148
lonestar,Web,overall,101,2455,5,32882.450000000004,13.394073319755602,0.8933433491902641,14.993197556008148
lonestar,Web,overall,102,2455,5,33008.380000000005,13.445368635437884,0.8967645884216332,14.993197556008148
lonestar,Web,overall,103,2455,5,33176.24,13.513743380855397,0.9013249729001338,14.993197556008148
lonestar,Web,overall,104,2455,5,33374.11,13.59434215885947,0.9067006626222888,14.993197556008148
lonestar,Web,overall,105,2455,5,33616.01,13.692875763747455,0.9132725499411816,14.993197556008148
lonestar,Web,overall,106,2455,5,34374.87,14.001983706720978,0.933889095665923,14.993197556008148
lonestar,Web,overall,107,2455,5,34534.73,14.067099796334013,0.9382321378602108,14.993197556008148
lonestar,Web,overall,108,2455,5,34648.61,14.113486761710794,0.941326005275984,14.993197556008148
lonestar,Web,overall,109,2455,5,34787.47,14.170048879837069,0.9450985239742123,14.993197556008148
lonestar,Web,overall,110,2455,5,35114.49,14.303254582484724,0.953982933197132,14.993197556008148
lonestar,Web,overall,111,2455,5,35126.46,14.30813034623218,0.954308131589886,14.993197556008148
lonestar,Web,overall,112,2455,5,35343.33,14.396468431771895,0.9602000092370472,14.993197556008148
lonestar,Web,overall,113,2455,5,35391.28,14.416,0.9615027045530492,14.993197556008148
lonestar,Web,overall,114,2455,5,35867.15,14.609837067209776,0.9744310386516084,14.993197556008148
lonestar,Web,overall,115,2455,5,36061.39,14.688957230142568,0.9797081093123018,14.993197556008148
lonestar,Web,overall,116,2455,5,36285.24,14.78013849287169,0.9857896181024388,14.993197556008148
lonestar,Web,overall,117,2455,5,36427.16,14.837947046843178,0.9896452702243786,14.993197556008148
lonestar,Web,overall,118,2455,5,36572.45,14.8971283095723,0.9935924777835432,14.993197556008148
lonestar,Web,overall,119,2455,5,36767.36,14.976521384928716,0.9988877508605396,14.993197556008148
lonestar,Web,overall,120,2455,5,36808.3,14.993197556008148,1.0,14.993197556008148
lonestar,Web,2026-04-10,1,487,1,1109.02,2.277248459958932,0.2374363333126374,9.590985626283366
lonestar,Web,2026-04-10,2,487,1,1225.94,2.5173305954825462,0.2624683941329234,9.590985626283366
lonestar,Web,2026-04-10,3,487,1,1341.91,2.755462012320329,0.2872970641066539,9.590985626283366
lonestar,Web,2026-04-10,4,487,1,1341.91,2.755462012320329,0.2872970641066539,9.590985626283366
lonestar,Web,2026-04-10,5,487,1,1401.88,2.8786036960985624,0.3001363789150061,9.590985626283366
lonestar,Web,2026-04-10,6,487,1,1487.84,3.055112936344969,0.3185400390938617,9.590985626283366
lonestar,Web,2026-04-10,7,487,1,1833.79,3.765482546201232,0.3926064215842648,9.590985626283366
lonestar,Web,2026-04-10,8,487,1,1913.75,3.929671457905544,0.4097255079954012,9.590985626283366
lonestar,Web,2026-04-10,9,487,1,2043.7,4.196509240246407,0.4375472348479172,9.590985626283366
lonestar,Web,2026-04-10,10,487,1,2059.68,4.229322381930184,0.440968482982609,9.590985626283366
lonestar,Web,2026-04-10,11,487,1,2075.66,4.262135523613963,0.4443897311173008,9.590985626283366
lonestar,Web,2026-04-10,12,487,1,2075.66,4.262135523613963,0.4443897311173008,9.590985626283366
lonestar,Web,2026-04-10,13,487,1,2075.66,4.262135523613963,0.4443897311173008,9.590985626283366
lonestar,Web,2026-04-10,14,487,1,2075.66,4.262135523613963,0.4443897311173008,9.590985626283366
lonestar,Web,2026-04-10,15,487,1,2171.98,4.459917864476386,0.4650114220017514,9.590985626283366
lonestar,Web,2026-04-10,16,487,1,2211.92,4.5419301848049285,0.4735624013822014,9.590985626283366
lonestar,Web,2026-04-10,17,487,1,2217.91,4.554229979466119,0.474844834193641,9.590985626283366
lonestar,Web,2026-04-10,18,487,1,2217.91,4.554229979466119,0.474844834193641,9.590985626283366
lonestar,Web,2026-04-10,19,487,1,2217.91,4.554229979466119,0.474844834193641,9.590985626283366
lonestar,Web,2026-04-10,20,487,1,2217.91,4.554229979466119,0.474844834193641,9.590985626283366
lonestar,Web,2026-04-10,21,487,1,2217.91,4.554229979466119,0.474844834193641,9.590985626283366
lonestar,Web,2026-04-10,22,487,1,2297.89,4.718459958932238,0.4919682025173364,9.590985626283366
lonestar,Web,2026-04-10,23,487,1,2352.85,4.831314168377824,0.5037348982296433,9.590985626283366
lonestar,Web,2026-04-10,24,487,1,2382.84,4.892895277207392,0.5101556261119593,9.590985626283366
lonestar,Web,2026-04-10,25,487,1,2442.82,5.01605749486653,0.5229970818765911,9.590985626283366
lonestar,Web,2026-04-10,26,487,1,2448.81,5.028357289527721,0.5242795146880306,9.590985626283366
lonestar,Web,2026-04-10,27,487,1,2448.81,5.028357289527721,0.5242795146880306,9.590985626283366
lonestar,Web,2026-04-10,28,487,1,2454.8,5.040657084188912,0.5255619474994703,9.590985626283366
lonestar,Web,2026-04-10,29,487,1,2591.76,5.321889117043121,0.5548844847039379,9.590985626283366
lonestar,Web,2026-04-10,30,487,1,2591.76,5.321889117043121,0.5548844847039379,9.590985626283366
lonestar,Web,2026-04-10,31,487,1,2591.76,5.321889117043121,0.5548844847039379,9.590985626283366
lonestar,Web,2026-04-10,32,487,1,2601.75,5.342402464065708,0.5570233000271902,9.590985626283366
lonestar,Web,2026-04-10,33,487,1,2661.71,5.465523613963039,0.569860473879263,9.590985626283366
lonestar,Web,2026-04-10,34,487,1,2661.71,5.465523613963039,0.569860473879263,9.590985626283366
lonestar,Web,2026-04-10,35,487,1,2697.69,5.539404517453799,0.5775636345730185,9.590985626283366
lonestar,Web,2026-04-10,36,487,1,2703.68,5.55170431211499,0.578846067384458,9.590985626283366
lonestar,Web,2026-04-10,37,487,1,2703.68,5.55170431211499,0.578846067384458,9.590985626283366
lonestar,Web,2026-04-10,38,487,1,2723.66,5.592731006160164,0.5831236980309625,9.590985626283366
lonestar,Web,2026-04-10,39,487,1,2801.59,5.752751540041068,0.599808170317354,9.590985626283366
lonestar,Web,2026-04-10,40,487,1,2811.58,5.773264887063655,0.6019469856406062,9.590985626283366
lonestar,Web,2026-04-10,41,487,1,2871.56,5.896427104722792,0.6147884414052381,9.590985626283366
lonestar,Web,2026-04-10,42,487,1,2977.53,6.114024640657084,0.6374761550994368,9.590985626283366
lonestar,Web,2026-04-10,43,487,1,3027.52,6.216673511293634,0.6481787955408164,9.590985626283366
lonestar,Web,2026-04-10,44,487,1,3033.51,6.228973305954826,0.649461228352256,9.590985626283366
lonestar,Web,2026-04-10,45,487,1,3043.5,6.249486652977413,0.6516000436755082,9.590985626283366
lonestar,Web,2026-04-10,46,487,1,3043.5,6.249486652977413,0.6516000436755082,9.590985626283366
lonestar,Web,2026-04-10,47,487,1,3049.49,6.261786447638604,0.6528824764869477,9.590985626283366
lonestar,Web,2026-04-10,48,487,1,3069.48,6.302833675564682,0.6571622480897319,9.590985626283366
lonestar,Web,2026-04-10,49,487,1,3109.46,6.384928131416838,0.6657217912953001,9.590985626283366
lonestar,Web,2026-04-10,50,487,1,3109.46,6.384928131416838,0.6657217912953001,9.590985626283366
lonestar,Web,2026-04-10,51,487,1,3169.44,6.508090349075975,0.6785632470599319,9.590985626283366
lonestar,Web,2026-04-10,52,487,1,3169.44,6.508090349075975,0.6785632470599319,9.590985626283366
lonestar,Web,2026-04-10,53,487,1,3185.42,6.540903490759754,0.6819844951946238,9.590985626283366
lonestar,Web,2026-04-10,54,487,1,3247.39,6.668151950718686,0.6952520012588824,9.590985626283366
lonestar,Web,2026-04-10,55,487,1,3259.37,6.692751540041067,0.6978168668817615,9.590985626283366
lonestar,Web,2026-04-10,56,487,1,3265.36,6.705051334702259,0.6990992996932011,9.590985626283366
lonestar,Web,2026-04-10,57,487,1,3265.36,6.705051334702259,0.6990992996932011,9.590985626283366
lonestar,Web,2026-04-10,58,487,1,3265.36,6.705051334702259,0.6990992996932011,9.590985626283366
lonestar,Web,2026-04-10,59,487,1,3265.36,6.705051334702259,0.6990992996932011,9.590985626283366
lonestar,Web,2026-04-10,60,487,1,3275.64,6.726160164271047,0.7013002027485598,9.590985626283366
lonestar,Web,2026-04-10,61,487,1,3290.63,6.75694045174538,0.704509496211578,9.590985626283366
lonestar,Web,2026-04-10,62,487,1,3290.63,6.75694045174538,0.704509496211578,9.590985626283366
lonestar,Web,2026-04-10,63,487,1,3336.61,6.85135523613963,0.7143536131848652,9.590985626283366
lonestar,Web,2026-04-10,64,487,1,3336.61,6.85135523613963,0.7143536131848652,9.590985626283366
lonestar,Web,2026-04-10,65,487,1,3360.57,6.900554414784395,0.7194833444306236,9.590985626283366
lonestar,Web,2026-04-10,66,487,1,3379.65,6.939733059548255,0.7235682890119702,9.590985626283366
lonestar,Web,2026-04-10,67,487,1,3385.64,6.952032854209445,0.7248507218234097,9.590985626283366
lonestar,Web,2026-04-10,68,487,1,3387.63,6.956119096509241,0.7252767721230367,9.590985626283366
lonestar,Web,2026-04-10,69,487,1,3409.6,7.001232032854209,0.7299804530691679,9.590985626283366
lonestar,Web,2026-04-10,70,487,1,3459.59,7.10388090349076,0.7406830935105475,9.590985626283366
lonestar,Web,2026-04-10,71,487,1,3459.59,7.10388090349076,0.7406830935105475,9.590985626283366
lonestar,Web,2026-04-10,72,487,1,3479.57,7.144907597535934,0.7449607241570521,9.590985626283366
lonestar,Web,2026-04-10,73,487,1,3489.56,7.165420944558521,0.7470995394803044,9.590985626283366
lonestar,Web,2026-04-10,74,487,1,3495.55,7.177720739219713,0.748381972291744,9.590985626283366
lonestar,Web,2026-04-10,75,487,1,3507.53,7.202320328542095,0.7509468379146231,9.590985626283366
lonestar,Web,2026-04-10,76,487,1,3519.51,7.2269199178644765,0.7535117035375022,9.590985626283366
lonestar,Web,2026-04-10,77,487,1,3519.51,7.2269199178644765,0.7535117035375022,9.590985626283366
lonestar,Web,2026-04-10,78,487,1,3519.51,7.2269199178644765,0.7535117035375022,9.590985626283366
lonestar,Web,2026-04-10,79,487,1,3525.5,7.239219712525667,0.7547941363489417,9.590985626283366
lonestar,Web,2026-04-10,80,487,1,3591.4700000000003,7.374681724845996,0.7689180249250132,9.590985626283366
lonestar,Web,2026-04-10,81,487,1,3597.46,7.386981519507187,0.7702004577364526,9.590985626283366
lonestar,Web,2026-04-10,82,487,1,3597.46,7.386981519507187,0.7702004577364526,9.590985626283366
lonestar,Web,2026-04-10,83,487,1,3605.45,7.403388090349076,0.7719110818037986,9.590985626283366
lonestar,Web,2026-04-10,84,487,1,3632.55,7.459034907597537,0.7777130733213299,9.590985626283366
lonestar,Web,2026-04-10,85,487,1,3632.55,7.459034907597537,0.7777130733213299,9.590985626283366
lonestar,Web,2026-04-10,86,487,1,3638.54,7.471334702258726,0.7789955061327694,9.590985626283366
lonestar,Web,2026-04-10,87,487,1,3644.53,7.483634496919918,0.7802779389442089,9.590985626283366
lonestar,Web,2026-04-10,88,487,1,3650.52,7.495934291581109,0.7815603717556484,9.590985626283366
lonestar,Web,2026-04-10,89,487,1,3650.52,7.495934291581109,0.7815603717556484,9.590985626283366
lonestar,Web,2026-04-10,90,487,1,3662.5,7.520533880903491,0.7841252373785276,9.590985626283366
lonestar,Web,2026-04-10,91,487,1,3690.46,7.577946611909651,0.7901113511360985,9.590985626283366
lonestar,Web,2026-04-10,92,487,1,3734.4,7.668172484599589,0.7995187130283613,9.590985626283366
lonestar,Web,2026-04-10,93,487,1,3740.39,7.68047227926078,0.8008011458398009,9.590985626283366
lonestar,Web,2026-04-10,94,487,1,3802.34,7.8076796714579055,0.8140643699915006,9.590985626283366
lonestar,Web,2026-04-10,95,487,1,3802.34,7.8076796714579055,0.8140643699915006,9.590985626283366
lonestar,Web,2026-04-10,96,487,1,3812.33,7.828193018480492,0.8162031853147528,9.590985626283366
lonestar,Web,2026-04-10,97,487,1,3830.3,7.865092402464066,0.8200504837490715,9.590985626283366
lonestar,Web,2026-04-10,98,487,1,3881.27,7.969753593429158,0.8309629379058451,9.590985626283366
lonestar,Web,2026-04-10,99,487,1,3961.23,8.13394250513347,0.8480820243169815,9.590985626283366
lonestar,Web,2026-04-10,100,487,1,4001.21,8.216036960985626,0.8566415675225497,9.590985626283366
lonestar,Web,2026-04-10,101,487,1,4001.21,8.216036960985626,0.8566415675225497,9.590985626283366
lonestar,Web,2026-04-10,102,487,1,4087.17,8.392546201232033,0.8750452277014052,9.590985626283366
lonestar,Web,2026-04-10,103,487,1,4095.15,8.40893223819302,0.8767537108124717,9.590985626283366
lonestar,Web,2026-04-10,104,487,1,4101.14,8.42123203285421,0.8780361436239112,9.590985626283366
lonestar,Web,2026-04-10,105,487,1,4101.14,8.42123203285421,0.8780361436239112,9.590985626283366
lonestar,Web,2026-04-10,106,487,1,4231.12,8.688131416837782,0.9058642933452656,9.590985626283366
lonestar,Web,2026-04-10,107,487,1,4281.11,8.790780287474332,0.9165669337866452,9.590985626283366
lonestar,Web,2026-04-10,108,487,1,4303.08,8.835893223819301,0.9212706147327766,9.590985626283366
lonestar,Web,2026-04-10,109,487,1,4309.06,8.848172484599589,0.9225509065879366,9.590985626283366
lonestar,Web,2026-04-10,110,487,1,4365.02,8.963080082135523,0.9345316979281968,9.590985626283366
lonestar,Web,2026-04-10,111,487,1,4376.99,8.987659137577001,0.9370944225947964,9.590985626283366
lonestar,Web,2026-04-10,112,487,1,4452.96,9.143655030800822,0.9533592674503996,9.590985626283366
lonestar,Web,2026-04-10,113,487,1,4452.96,9.143655030800822,0.9533592674503996,9.590985626283366
lonestar,Web,2026-04-10,114,487,1,4468.94,9.1764681724846,0.9567805155850913,9.590985626283366
lonestar,Web,2026-04-10,115,487,1,4480.92,9.201067761806982,0.9593453812079704,9.590985626283366
lonestar,Web,2026-04-10,116,487,1,4548.86,9.340574948665298,0.9738910381711096,9.590985626283366
lonestar,Web,2026-04-10,117,487,1,4554.849999999999,9.352874743326488,0.9751734709825493,9.590985626283366
lonestar,Web,2026-04-10,118,487,1,4554.849999999999,9.352874743326488,0.9751734709825493,9.590985626283366
lonestar,Web,2026-04-10,119,487,1,4670.81,9.590985626283366,1.0,9.590985626283366
lonestar,Web,2026-04-10,120,487,1,4670.81,9.590985626283366,1.0,9.590985626283366
lonestar,Web,2026-04-14,1,465,1,660.46,1.4203440860215055,0.0845475376678571,16.79935483870968
lonestar,Web,2026-04-14,2,465,1,1156.33,2.486731182795699,0.1480253978007348,16.79935483870968
lonestar,Web,2026-04-14,3,465,1,1316.28,2.830709677419355,0.168501094512078,16.79935483870968
lonestar,Web,2026-04-14,4,465,1,1687.14,3.628258064516129,0.2159760359460808,16.79935483870968
lonestar,Web,2026-04-14,5,465,1,1927.06,4.144215053763441,0.246688940947553,16.79935483870968
lonestar,Web,2026-04-14,6,465,1,2033.01,4.372064516129032,0.2602519297976112,16.79935483870968
lonestar,Web,2026-04-14,7,465,1,2075.0,4.462365591397849,0.265627200225303,16.79935483870968
lonestar,Web,2026-04-14,8,465,1,2283.88,4.911569892473119,0.2923665783376217,16.79935483870968
lonestar,Web,2026-04-14,9,465,1,2295.86,4.937333333333334,0.2939001753779587,16.79935483870968
lonestar,Web,2026-04-14,10,465,1,2915.79,6.270516129032258,0.3732593417565958,16.79935483870968
lonestar,Web,2026-04-14,11,465,1,2915.79,6.270516129032258,0.3732593417565958,16.79935483870968
lonestar,Web,2026-04-14,12,465,1,2915.79,6.270516129032258,0.3732593417565958,16.79935483870968
lonestar,Web,2026-04-14,13,465,1,2915.79,6.270516129032258,0.3732593417565958,16.79935483870968
lonestar,Web,2026-04-14,14,465,1,3347.71,7.199376344086022,0.4285507635981924,16.79935483870968
lonestar,Web,2026-04-14,15,465,1,3382.67,7.274559139784946,0.4330261018728317,16.79935483870968
lonestar,Web,2026-04-14,16,465,1,3392.6600000000003,7.296043010752689,0.4343049528271694,16.79935483870968
lonestar,Web,2026-04-14,17,465,1,3417.6400000000003,7.349763440860216,0.4375027202785566,16.79935483870968
lonestar,Web,2026-04-14,18,465,1,3427.63,7.371247311827958,0.4387815712328942,16.79935483870968
lonestar,Web,2026-04-14,19,465,1,3457.61,7.435720430107527,0.4426194042269928,16.79935483870968
lonestar,Web,2026-04-14,20,465,1,3457.61,7.435720430107527,0.4426194042269928,16.79935483870968
lonestar,Web,2026-04-14,21,465,1,3502.5800000000004,7.532430107526882,0.4483761537181407,16.79935483870968
lonestar,Web,2026-04-14,22,465,1,3552.57,7.639935483870968,0.454775529014171,16.79935483870968
lonestar,Web,2026-04-14,23,465,1,3567.5600000000004,7.672172043010754,0.4566944455112204,16.79935483870968
lonestar,Web,2026-04-14,24,465,1,3592.55,7.725913978494624,0.4598934930936928,16.79935483870968
lonestar,Web,2026-04-14,25,465,1,3610.54,7.764602150537634,0.4621964489163689,16.79935483870968
lonestar,Web,2026-04-14,26,465,1,3610.54,7.764602150537634,0.4621964489163689,16.79935483870968
lonestar,Web,2026-04-14,27,465,1,3610.54,7.764602150537634,0.4621964489163689,16.79935483870968
lonestar,Web,2026-04-14,28,465,1,3635.53,7.818344086021506,0.4653954964988415,16.79935483870968
lonestar,Web,2026-04-14,29,465,1,3635.53,7.818344086021506,0.4653954964988415,16.79935483870968
lonestar,Web,2026-04-14,30,465,1,3635.53,7.818344086021506,0.4653954964988415,16.79935483870968
lonestar,Web,2026-04-14,31,465,1,3635.53,7.818344086021506,0.4653954964988415,16.79935483870968
lonestar,Web,2026-04-14,32,465,1,3661.5,7.874193548387097,0.4687199969276853,16.79935483870968
lonestar,Web,2026-04-14,33,465,1,3671.49,7.895677419354839,0.4699988478820231,16.79935483870968
lonestar,Web,2026-04-14,34,465,1,3671.49,7.895677419354839,0.4699988478820231,16.79935483870968
lonestar,Web,2026-04-14,35,465,1,3671.49,7.895677419354839,0.4699988478820231,16.79935483870968
lonestar,Web,2026-04-14,36,465,1,3671.49,7.895677419354839,0.4699988478820231,16.79935483870968
lonestar,Web,2026-04-14,37,465,1,3671.49,7.895677419354839,0.4699988478820231,16.79935483870968
lonestar,Web,2026-04-14,38,465,1,3691.48,7.938666666666666,0.4725578299217839,16.79935483870968
lonestar,Web,2026-04-14,39,465,1,3721.46,8.003139784946237,0.4763956629158826,16.79935483870968
lonestar,Web,2026-04-14,40,465,1,3721.46,8.003139784946237,0.4763956629158826,16.79935483870968
lonestar,Web,2026-04-14,41,465,1,3857.42,8.29552688172043,0.4938003251532957,16.79935483870968
lonestar,Web,2026-04-14,42,465,1,3857.42,8.29552688172043,0.4938003251532957,16.79935483870968
lonestar,Web,2026-04-14,43,465,1,3857.42,8.29552688172043,0.4938003251532957,16.79935483870968
lonestar,Web,2026-04-14,44,465,1,3957.41,8.510559139784947,0.5066003558764417,16.79935483870968
lonestar,Web,2026-04-14,45,465,1,3957.41,8.510559139784947,0.5066003558764417,16.79935483870968
lonestar,Web,2026-04-14,46,465,1,4182.37,8.994344086021504,0.5353981847741208,16.79935483870968
lonestar,Web,2026-04-14,47,465,1,4192.360000000001,9.015827956989249,0.5366770357284586,16.79935483870968
lonestar,Web,2026-04-14,48,465,1,4192.360000000001,9.015827956989249,0.5366770357284586,16.79935483870968
lonestar,Web,2026-04-14,49,465,1,4202.35,9.03731182795699,0.5379558866827964,16.79935483870968
lonestar,Web,2026-04-14,50,465,1,4258.33,9.157698924731182,0.545122060498995,16.79935483870968
lonestar,Web,2026-04-14,51,465,1,4268.320000000001,9.179182795698926,0.5464009114533329,16.79935483870968
lonestar,Web,2026-04-14,52,465,1,4278.31,9.200666666666669,0.5476797624076705,16.79935483870968
lonestar,Web,2026-04-14,53,465,1,4278.31,9.200666666666669,0.5476797624076705,16.79935483870968
lonestar,Web,2026-04-14,54,465,1,4288.3,9.222150537634407,0.5489586133620082,16.79935483870968
lonestar,Web,2026-04-14,55,465,1,4288.3,9.222150537634407,0.5489586133620082,16.79935483870968
lonestar,Web,2026-04-14,56,465,1,4288.3,9.222150537634407,0.5489586133620082,16.79935483870968
lonestar,Web,2026-04-14,57,465,1,4323.280000000001,9.297376344086024,0.5534365118988185,16.79935483870968
lonestar,Web,2026-04-14,58,465,1,4333.27,9.318860215053764,0.5547153628531561,16.79935483870968
lonestar,Web,2026-04-14,59,465,1,4359.240000000001,9.374709677419355,0.5580398632820001,16.79935483870968
lonestar,Web,2026-04-14,60,465,1,4425.21,9.51658064516129,0.5664848880525366,16.79935483870968
lonestar,Web,2026-04-14,61,465,1,4435.200000000001,9.538064516129031,0.5677637390068743,16.79935483870968
lonestar,Web,2026-04-14,62,465,1,4435.200000000001,9.538064516129031,0.5677637390068743,16.79935483870968
lonestar,Web,2026-04-14,63,465,1,4435.200000000001,9.538064516129031,0.5677637390068743,16.79935483870968
lonestar,Web,2026-04-14,64,465,1,4461.18,9.593935483870968,0.5710895195668036,16.79935483870968
lonestar,Web,2026-04-14,65,465,1,4491.16,9.658408602150535,0.5749273525609021,16.79935483870968
lonestar,Web,2026-04-14,66,465,1,4504.14,9.686322580645164,0.5765889627097815,16.79935483870968
lonestar,Web,2026-04-14,67,465,1,4536.11,9.755075268817205,0.5806815417898792,16.79935483870968
lonestar,Web,2026-04-14,68,465,1,4542.1,9.767956989247311,0.5814483403100478,16.79935483870968
lonestar,Web,2026-04-14,69,465,1,4542.1,9.767956989247311,0.5814483403100478,16.79935483870968
lonestar,Web,2026-04-14,70,465,1,5082.04,10.929118279569892,0.650567738136385,16.79935483870968
lonestar,Web,2026-04-14,71,465,1,5082.04,10.929118279569892,0.650567738136385,16.79935483870968
lonestar,Web,2026-04-14,72,465,1,5102.03,10.97210752688172,0.6531267201761459,16.79935483870968
lonestar,Web,2026-04-14,73,465,1,5161.99,11.10105376344086,0.6608023861643432,16.79935483870968
lonestar,Web,2026-04-14,74,465,1,5301.95,11.402043010752688,0.6787191008359256,16.79935483870968
lonestar,Web,2026-04-14,75,465,1,5321.9400000000005,11.445032258064517,0.6812780828756865,16.79935483870968
lonestar,Web,2026-04-14,76,465,1,5411.91,11.638516129032258,0.6927954222512385,16.79935483870968
lonestar,Web,2026-04-14,77,465,1,5421.9,11.659999999999998,0.6940742732055761,16.79935483870968
lonestar,Web,2026-04-14,78,465,1,5431.89,11.681483870967742,0.6953531241599139,16.79935483870968
lonestar,Web,2026-04-14,79,465,1,5447.01,11.714,0.6972886823610738,16.79935483870968
lonestar,Web,2026-04-14,80,465,1,5632.08,12.112,0.7209800683589999,16.79935483870968
lonestar,Web,2026-04-14,81,465,1,5682.07,12.219505376344085,0.7273794436550302,16.79935483870968
lonestar,Web,2026-04-14,82,465,1,5822.030000000001,12.520494623655916,0.7452961583266127,16.79935483870968
lonestar,Web,2026-04-14,83,465,1,5842.6,12.5647311827957,0.7479293879693281,16.79935483870968
lonestar,Web,2026-04-14,84,465,1,5842.6,12.5647311827957,0.7479293879693281,16.79935483870968
lonestar,Web,2026-04-14,85,465,1,5848.59,12.577612903225807,0.7486961864894965,16.79935483870968
lonestar,Web,2026-04-14,86,465,1,5848.59,12.577612903225807,0.7486961864894965,16.79935483870968
lonestar,Web,2026-04-14,87,465,1,6257.54,13.457075268817205,0.8010471472278761,16.79935483870968
lonestar,Web,2026-04-14,88,465,1,6282.530000000001,13.510817204301077,0.8042461948103486,16.79935483870968
lonestar,Web,2026-04-14,89,465,1,6302.52,13.553806451612903,0.8068051768501094,16.79935483870968
lonestar,Web,2026-04-14,90,465,1,6302.52,13.553806451612903,0.8068051768501094,16.79935483870968
lonestar,Web,2026-04-14,91,465,1,6315.5,13.581720430107527,0.8084667869989887,16.79935483870968
lonestar,Web,2026-04-14,92,465,1,6315.5,13.581720430107527,0.8084667869989887,16.79935483870968
lonestar,Web,2026-04-14,93,465,1,6321.490000000001,13.594602150537636,0.8092335855191571,16.79935483870968
lonestar,Web,2026-04-14,94,465,1,6327.4800000000005,13.607483870967744,0.8100003840393256,16.79935483870968
lonestar,Web,2026-04-14,95,465,1,6327.4800000000005,13.607483870967744,0.8100003840393256,16.79935483870968
lonestar,Web,2026-04-14,96,465,1,6353.450000000001,13.663333333333336,0.8133248844681696,16.79935483870968
lonestar,Web,2026-04-14,97,465,1,6353.450000000001,13.663333333333336,0.8133248844681696,16.79935483870968
lonestar,Web,2026-04-14,98,465,1,6407.17,13.778860215053763,0.8202017486590626,16.79935483870968
lonestar,Web,2026-04-14,99,465,1,6407.17,13.778860215053763,0.8202017486590626,16.79935483870968
lonestar,Web,2026-04-14,100,465,1,6442.150000000001,13.854086021505378,0.8246796471958728,16.79935483870968
lonestar,Web,2026-04-14,101,465,1,6462.14,13.897075268817204,0.8272386292356336,16.79935483870968
lonestar,Web,2026-04-14,102,465,1,6462.14,13.897075268817204,0.8272386292356336,16.79935483870968
lonestar,Web,2026-04-14,103,465,1,6465.13,13.903505376344086,0.8276213884301752,16.79935483870968
lonestar,Web,2026-04-14,104,465,1,6465.13,13.903505376344086,0.8276213884301752,16.79935483870968
lonestar,Web,2026-04-14,105,465,1,6531.1,14.045376344086025,0.8360664132007117,16.79935483870968
lonestar,Web,2026-04-14,106,465,1,7120.01,15.311849462365592,0.9114546129523664,16.79935483870968
lonestar,Web,2026-04-14,107,465,1,7186.92,15.455741935483871,0.9200199700449324,16.79935483870968
lonestar,Web,2026-04-14,108,465,1,7196.910000000001,15.477225806451614,0.9212988209992704,16.79935483870968
lonestar,Web,2026-04-14,109,465,1,7205.89,15.496537634408602,0.9224483787139802,16.79935483870968
lonestar,Web,2026-04-14,110,465,1,7205.89,15.496537634408602,0.9224483787139802,16.79935483870968
lonestar,Web,2026-04-14,111,465,1,7205.89,15.496537634408602,0.9224483787139802,16.79935483870968
lonestar,Web,2026-04-14,112,465,1,7225.87,15.539505376344083,0.9250060806226555,16.79935483870968
lonestar,Web,2026-04-14,113,465,1,7245.860000000001,15.582494623655917,0.9275650626624168,16.79935483870968
lonestar,Web,2026-04-14,114,465,1,7625.8,16.399569892473117,0.9762023631219836,16.79935483870968
lonestar,Web,2026-04-14,115,465,1,7625.8,16.399569892473117,0.9762023631219836,16.79935483870968
lonestar,Web,2026-04-14,116,465,1,7628.79,16.406,0.9765851223165252,16.79935483870968
lonestar,Web,2026-04-14,117,465,1,7728.75,16.620967741935484,0.9893813126464148,16.79935483870968
lonestar,Web,2026-04-14,118,465,1,7758.72,16.68541935483871,0.993217865509428,16.79935483870968
lonestar,Web,2026-04-14,119,465,1,7811.700000000001,16.79935483870968,1.0,16.79935483870968
lonestar,Web,2026-04-14,120,465,1,7811.700000000001,16.79935483870968,1.0,16.79935483870968
lonestar,Web,2026-04-11,1,482,1,894.28,1.855352697095436,0.1060018064448832,17.503029045643153
lonestar,Web,2026-04-11,2,482,1,1619.62,3.360207468879668,0.1919786261062104,17.503029045643153
lonestar,Web,2026-04-11,3,482,1,1931.85,4.00798755186722,0.2289882249189826,17.503029045643153
lonestar,Web,2026-04-11,4,482,1,2261.17,4.691224066390042,0.26802355490336,17.503029045643153
lonestar,Web,2026-04-11,5,482,1,2447.1,5.076970954356846,0.2900624195456388,17.503029045643153
lonestar,Web,2026-04-11,6,482,1,3118.9,6.470746887966805,0.3696929754897196,17.503029045643153
lonestar,Web,2026-04-11,7,482,1,3298.84,6.844066390041494,0.3910218266903417,17.503029045643153
lonestar,Web,2026-04-11,8,482,1,3529.78,7.323195020746889,0.4183958674609967,17.503029045643153
lonestar,Web,2026-04-11,9,482,1,3774.7,7.831327800829875,0.4474270013726136,17.503029045643153
lonestar,Web,2026-04-11,10,482,1,3774.7,7.831327800829875,0.4474270013726136,17.503029045643153
lonestar,Web,2026-04-11,11,482,1,4286.53,8.893215767634855,0.5080958126986912,17.503029045643153
lonestar,Web,2026-04-11,12,482,1,4354.46,9.03414937759336,0.5161477681397173,17.503029045643153
lonestar,Web,2026-04-11,13,482,1,4550.36,9.44058091286307,0.5393684080763732,17.503029045643153
lonestar,Web,2026-04-11,14,482,1,4637.32,9.620995850622409,0.5496760489589235,17.503029045643153
lonestar,Web,2026-04-11,15,482,1,4760.24,9.876016597510374,0.5642461411539912,17.503029045643153
lonestar,Web,2026-04-11,16,482,1,4760.24,9.876016597510374,0.5642461411539912,17.503029045643153
lonestar,Web,2026-04-11,17,482,1,4760.24,9.876016597510374,0.5642461411539912,17.503029045643153
lonestar,Web,2026-04-11,18,482,1,4880.19,10.124875518672198,0.5784641899564509,17.503029045643153
lonestar,Web,2026-04-11,19,482,1,4900.18,10.166348547717844,0.5808336672016463,17.503029045643153
lonestar,Web,2026-04-11,20,482,1,5010.139999999999,10.394481327800827,0.5938675700471524,17.503029045643153
lonestar,Web,2026-04-11,21,482,1,5040.13,10.456701244813278,0.5974223785805896,17.503029045643153
lonestar,Web,2026-04-11,22,482,1,5052.11,10.48155601659751,0.5988424054639031,17.503029045643153
lonestar,Web,2026-04-11,23,482,1,5127.07,10.63707468879668,0.6077276488005633,17.503029045643153
lonestar,Web,2026-04-11,24,482,1,5133.06,10.649502074688796,0.6084376622422201,17.503029045643153
lonestar,Web,2026-04-11,25,482,1,5358.96,11.11817427385892,0.6352142960436012,17.503029045643153
lonestar,Web,2026-04-11,26,482,1,5358.96,11.11817427385892,0.6352142960436012,17.503029045643153
lonestar,Web,2026-04-11,27,482,1,5428.94,11.263360995850622,0.643509244398717,17.503029045643153
lonestar,Web,2026-04-11,28,482,1,5448.93,11.304834024896266,0.6458787216439124,17.503029045643153
lonestar,Web,2026-04-11,29,482,1,5448.93,11.304834024896266,0.6458787216439124,17.503029045643153
lonestar,Web,2026-04-11,30,482,1,5468.92,11.346307053941908,0.6482481988891075,17.503029045643153
lonestar,Web,2026-04-11,31,482,1,5734.84,11.898008298755189,0.6797685285060322,17.503029045643153
lonestar,Web,2026-04-11,32,482,1,5850.79,12.138568464730293,0.6935124447931953,17.503029045643153
lonestar,Web,2026-04-11,33,482,1,5930.75,12.304460580912863,0.7029903537739763,17.503029045643153
lonestar,Web,2026-04-11,34,482,1,5950.74,12.345933609958506,0.7053598310191715,17.503029045643153
lonestar,Web,2026-04-11,35,482,1,5970.73,12.387406639004148,0.7077293082643668,17.503029045643153
lonestar,Web,2026-04-11,36,482,1,6171.65,12.804253112033194,0.7315449845077201,17.503029045643153
lonestar,Web,2026-04-11,37,482,1,6271.6,13.01161825726141,0.7433923707336964,17.503029045643153
lonestar,Web,2026-04-11,38,482,1,6271.6,13.01161825726141,0.7433923707336964,17.503029045643153
lonestar,Web,2026-04-11,39,482,1,6321.58,13.115311203319502,0.7493166565123286,17.503029045643153
lonestar,Web,2026-04-11,40,482,1,6391.53,13.260435684647302,0.7576080488735797,17.503029045643153
lonestar,Web,2026-04-11,41,482,1,6421.52,13.32265560165975,0.7611628574070167,17.503029045643153
lonestar,Web,2026-04-11,42,482,1,6421.52,13.32265560165975,0.7611628574070167,17.503029045643153
lonestar,Web,2026-04-11,43,482,1,6471.51,13.42636929460581,0.7670883285169372,17.503029045643153
lonestar,Web,2026-04-11,44,482,1,6481.5,13.447095435684648,0.7682724744738907,17.503029045643153
lonestar,Web,2026-04-11,45,482,1,6487.49,13.459522821576764,0.7689824879155476,17.503029045643153
lonestar,Web,2026-04-11,46,482,1,6527.47,13.54246887966805,0.7737214424059381,17.503029045643153
lonestar,Web,2026-04-11,47,482,1,6587.45,13.666908713692946,0.7808310594728121,17.503029045643153
lonestar,Web,2026-04-11,48,482,1,6587.45,13.666908713692946,0.7808310594728121,17.503029045643153
lonestar,Web,2026-04-11,49,482,1,6602.44,13.698008298755186,0.7826078710738864,17.503029045643153
lonestar,Web,2026-04-11,50,482,1,6602.44,13.698008298755186,0.7826078710738864,17.503029045643153
lonestar,Web,2026-04-11,51,482,1,6652.43,13.801721991701246,0.7885333421838071,17.503029045643153
lonestar,Web,2026-04-11,52,482,1,6692.4,13.884647302904565,0.7932711113429092,17.503029045643153
lonestar,Web,2026-04-11,53,482,1,6702.39,13.905373443983404,0.7944552572998629,17.503029045643153
lonestar,Web,2026-04-11,54,482,1,6702.39,13.905373443983404,0.7944552572998629,17.503029045643153
lonestar,Web,2026-04-11,55,482,1,6792.34,14.091991701244812,0.8051173122375973,17.503029045643153
lonestar,Web,2026-04-11,56,482,1,6862.29,14.237116182572612,0.8134087045988483,17.503029045643153
lonestar,Web,2026-04-11,57,482,1,6932.25,14.382261410788384,0.8217012822913877,17.503029045643153
lonestar,Web,2026-04-11,58,482,1,6962.2300000000005,14.444460580912864,0.8252549054935364,17.503029045643153
lonestar,Web,2026-04-11,59,482,1,7162.1900000000005,14.859315352697095,0.8489567899332185,17.503029045643153
lonestar,Web,2026-04-11,60,482,1,7252.13,15.04591286307054,0.8596176595396647,17.503029045643153
lonestar,Web,2026-04-11,61,482,1,7328.07,15.203464730290456,0.8686190653425726,17.503029045643153
lonestar,Web,2026-04-11,62,482,1,7361.04,15.271867219917011,0.8725271025999057,17.503029045643153
lonestar,Web,2026-04-11,63,482,1,7390.01,15.331970954356846,0.875961007341942,17.503029045643153
lonestar,Web,2026-04-11,64,482,1,7449.97,15.45636929460581,0.8830682537462397,17.503029045643153
lonestar,Web,2026-04-11,65,482,1,7459.96,15.477095435684648,0.8842523997031931,17.503029045643153
lonestar,Web,2026-04-11,66,482,1,7588.91,15.744626556016597,0.8995372466650704,17.503029045643153
lonestar,Web,2026-04-11,67,482,1,7600.89,15.76948132780083,0.900957273548384,17.503029045643153
lonestar,Web,2026-04-11,68,482,1,7603.88,15.775684647302905,0.9013116876035684,17.503029045643153
lonestar,Web,2026-04-11,69,482,1,7663.860000000001,15.900124481327802,0.9084213046704424,17.503029045643153
lonestar,Web,2026-04-11,70,482,1,7723.84,16.0245643153527,0.9155309217373164,17.503029045643153
lonestar,Web,2026-04-11,71,482,1,7789.81,16.16143153526971,0.9233505522458472,17.503029045643153
lonestar,Web,2026-04-11,72,482,1,7789.81,16.16143153526971,0.9233505522458472,17.503029045643153
lonestar,Web,2026-04-11,73,482,1,7789.81,16.16143153526971,0.9233505522458472,17.503029045643153
lonestar,Web,2026-04-11,74,482,1,7889.79,16.368858921161827,0.9352014944656885,17.503029045643153
lonestar,Web,2026-04-11,75,482,1,7919.78,16.431078838174273,0.9387563029991252,17.503029045643153
lonestar,Web,2026-04-11,76,482,1,7919.78,16.431078838174273,0.9387563029991252,17.503029045643153
lonestar,Web,2026-04-11,77,482,1,7939.76,16.47253112033195,0.9411245949130324,17.503029045643153
lonestar,Web,2026-04-11,78,482,1,7939.76,16.47253112033195,0.9411245949130324,17.503029045643153
lonestar,Web,2026-04-11,79,482,1,7939.76,16.47253112033195,0.9411245949130324,17.503029045643153
lonestar,Web,2026-04-11,80,482,1,7969.75,16.5347510373444,0.9446794034464694,17.503029045643153
lonestar,Web,2026-04-11,81,482,1,7969.75,16.5347510373444,0.9446794034464694,17.503029045643153
lonestar,Web,2026-04-11,82,482,1,7979.74,16.555477178423235,0.9458635494034228,17.503029045643153
lonestar,Web,2026-04-11,83,482,1,8037.72,16.675767634854772,0.9527361002126484,17.503029045643153
lonestar,Web,2026-04-11,84,482,1,8043.71,16.68819502074689,0.9534461136543052,17.503029045643153
lonestar,Web,2026-04-11,85,482,1,8051.7,16.704771784232364,0.9543931933536104,17.503029045643153
lonestar,Web,2026-04-11,86,482,1,8101.69,16.808485477178426,0.9603186644635312,17.503029045643153
lonestar,Web,2026-04-11,87,482,1,8101.69,16.808485477178426,0.9603186644635312,17.503029045643153
lonestar,Web,2026-04-11,88,482,1,8101.69,16.808485477178426,0.9603186644635312,17.503029045643153
lonestar,Web,2026-04-11,89,482,1,8101.69,16.808485477178426,0.9603186644635312,17.503029045643153
lonestar,Web,2026-04-11,90,482,1,8101.69,16.808485477178426,0.9603186644635312,17.503029045643153
lonestar,Web,2026-04-11,91,482,1,8101.69,16.808485477178426,0.9603186644635312,17.503029045643153
lonestar,Web,2026-04-11,92,482,1,8101.69,16.808485477178426,0.9603186644635312,17.503029045643153
lonestar,Web,2026-04-11,93,482,1,8116.68,16.839585062240666,0.9620954760646054,17.503029045643153
lonestar,Web,2026-04-11,94,482,1,8116.68,16.839585062240666,0.9620954760646054,17.503029045643153
lonestar,Web,2026-04-11,95,482,1,8116.68,16.839585062240666,0.9620954760646054,17.503029045643153
lonestar,Web,2026-04-11,96,482,1,8166.67,16.94329875518672,0.9680209471745258,17.503029045643153
lonestar,Web,2026-04-11,97,482,1,8166.67,16.94329875518672,0.9680209471745258,17.503029045643153
lonestar,Web,2026-04-11,98,482,1,8176.66,16.96402489626556,0.9692050931314792,17.503029045643153
lonestar,Web,2026-04-11,99,482,1,8176.66,16.96402489626556,0.9692050931314792,17.503029045643153
lonestar,Web,2026-04-11,100,482,1,8211.63,17.036576763485474,0.9733501966464606,17.503029045643153
lonestar,Web,2026-04-11,101,482,1,8214.62,17.042780082987555,0.9737046107016452,17.503029045643153
lonestar,Web,2026-04-11,102,482,1,8214.62,17.042780082987555,0.9737046107016452,17.503029045643153
lonestar,Web,2026-04-11,103,482,1,8214.62,17.042780082987555,0.9737046107016452,17.503029045643153
lonestar,Web,2026-04-11,104,482,1,8219.61,17.05313278008299,0.9742960910144778,17.503029045643153
lonestar,Web,2026-04-11,105,482,1,8269.6,17.156846473029045,0.980221562124398,17.503029045643153
lonestar,Web,2026-04-11,106,482,1,8279.59,17.177572614107884,0.9814057080813516,17.503029045643153
lonestar,Web,2026-04-11,107,482,1,8279.59,17.177572614107884,0.9814057080813516,17.503029045643153
lonestar,Web,2026-04-11,108,482,1,8301.56,17.223153526970954,0.9840098809216188,17.503029045643153
lonestar,Web,2026-04-11,109,482,1,8301.56,17.223153526970954,0.9840098809216188,17.503029045643153
lonestar,Web,2026-04-11,110,482,1,8301.56,17.223153526970954,0.9840098809216188,17.503029045643153
lonestar,Web,2026-04-11,111,482,1,8301.56,17.223153526970954,0.9840098809216188,17.503029045643153
lonestar,Web,2026-04-11,112,482,1,8317.53,17.256286307053944,0.985902854988941,17.503029045643153
lonestar,Web,2026-04-11,113,482,1,8317.53,17.256286307053944,0.985902854988941,17.503029045643153
lonestar,Web,2026-04-11,114,482,1,8317.53,17.256286307053944,0.985902854988941,17.503029045643153
lonestar,Web,2026-04-11,115,482,1,8367.52,17.36,0.9918283260988614,17.503029045643153
lonestar,Web,2026-04-11,116,482,1,8427.49,17.484419087136928,0.9989367578344472,17.503029045643153
lonestar,Web,2026-04-11,117,482,1,8427.49,17.484419087136928,0.9989367578344472,17.503029045643153
lonestar,Web,2026-04-11,118,482,1,8427.49,17.484419087136928,0.9989367578344472,17.503029045643153
lonestar,Web,2026-04-11,119,482,1,8433.47,17.49682572614108,0.9996455859448158,17.503029045643153
lonestar,Web,2026-04-11,120,482,1,8436.46,17.503029045643153,1.0,17.503029045643153
lonestar,Web,2026-04-12,1,547,1,846.72,1.5479341864716636,0.0948722890270301,16.31597806215722
lonestar,Web,2026-04-12,2,547,1,939.66,1.7178427787934183,0.1052859210921428,16.31597806215722
lonestar,Web,2026-04-12,3,547,1,1319.53,2.412303473491773,0.1478491491163987,16.31597806215722
lonestar,Web,2026-04-12,4,547,1,1647.43,3.0117550274223035,0.1845893035617445,16.31597806215722
lonestar,Web,2026-04-12,5,547,1,1799.97,3.290621572212066,0.2016809264927999,16.31597806215722
lonestar,Web,2026-04-12,6,547,1,1909.92,3.4916270566727605,0.2140004750785448,16.31597806215722
lonestar,Web,2026-04-12,7,547,1,1949.89,3.5646983546617914,0.2184789867381376,16.31597806215722
lonestar,Web,2026-04-12,8,547,1,1989.87,3.637787934186472,0.2229586188659964,16.31597806215722
lonestar,Web,2026-04-12,9,547,1,1989.87,3.637787934186472,0.2229586188659964,16.31597806215722
lonestar,Web,2026-04-12,10,547,1,2099.84,3.838829981718465,0.2352804083882736,16.31597806215722
lonestar,Web,2026-04-12,11,547,1,2273.73,4.15672760511883,0.2547642310674477,16.31597806215722
lonestar,Web,2026-04-12,12,547,1,2373.69,4.339469835466179,0.265964431855361,16.31597806215722
lonestar,Web,2026-04-12,13,547,1,2622.81,4.79489945155393,0.2938775373003885,16.31597806215722
lonestar,Web,2026-04-12,14,547,1,2698.75,4.933729433272394,0.302386373313135,16.31597806215722
lonestar,Web,2026-04-12,15,547,1,2777.23,5.077202925045704,0.3111798082654703,16.31597806215722
lonestar,Web,2026-04-12,16,547,1,2893.1600000000003,5.289140767824498,0.3241693968743417,16.31597806215722
lonestar,Web,2026-04-12,17,547,1,2914.1400000000003,5.327495429616088,0.3265201392966149,16.31597806215722
lonestar,Web,2026-04-12,18,547,1,2980.1,5.448080438756856,0.3339107479797957,16.31597806215722
lonestar,Web,2026-04-12,19,547,1,3010.08,5.502888482632541,0.3372699118415568,16.31597806215722
lonestar,Web,2026-04-12,20,547,1,3171.98,5.798866544789762,0.3554102930696796,16.31597806215722
lonestar,Web,2026-04-12,21,547,1,3311.9,6.054661791590494,0.3710878850489196,16.31597806215722
lonestar,Web,2026-04-12,22,547,1,3423.84,6.259305301645338,0.3836304068196181,16.31597806215722
lonestar,Web,2026-04-12,23,547,1,3423.84,6.259305301645338,0.3836304068196181,16.31597806215722
lonestar,Web,2026-04-12,24,547,1,3513.8,6.423765996343693,0.3937101393414336,16.31597806215722
lonestar,Web,2026-04-12,25,547,1,3930.71,7.185941499085923,0.4404235818233156,16.31597806215722
lonestar,Web,2026-04-12,26,547,1,3986.66,7.288226691042047,0.4466926017721326,16.31597806215722
lonestar,Web,2026-04-12,27,547,1,4506.58,8.23872029250457,0.5049479878630878,16.31597806215722
lonestar,Web,2026-04-12,28,547,1,4706.48,8.60416819012797,0.527346148502382,16.31597806215722
lonestar,Web,2026-04-12,29,547,1,4759.46,8.701023765996343,0.533282389376168,16.31597806215722
lonestar,Web,2026-04-12,30,547,1,4775.44,8.730237659963436,0.5350728976653922,16.31597806215722
lonestar,Web,2026-04-12,31,547,1,5231.29,9.563601462522852,0.5861494435754591,16.31597806215722
lonestar,Web,2026-04-12,32,547,1,5231.29,9.563601462522852,0.5861494435754591,16.31597806215722
lonestar,Web,2026-04-12,33,547,1,5303.24,9.695137111517369,0.5942112127500324,16.31597806215722
lonestar,Web,2026-04-12,34,547,1,5399.18,9.870530164533822,0.6049609852949746,16.31597806215722
lonestar,Web,2026-04-12,35,547,1,5475.14,10.009396709323584,0.6134720622442531,16.31597806215722
lonestar,Web,2026-04-12,36,547,1,5515.12,10.082486288848264,0.6179516943721121,16.31597806215722
lonestar,Web,2026-04-12,37,547,1,5590.09,10.219542961608775,0.626351844963047,16.31597806215722
lonestar,Web,2026-04-12,38,547,1,6055.9400000000005,11.071188299817186,0.6785488591392115,16.31597806215722
lonestar,Web,2026-04-12,39,547,1,6105.93,11.162577696526508,0.6841500800014342,16.31597806215722
lonestar,Web,2026-04-12,40,547,1,6187.88,11.312394881170018,0.6933323174421054,16.31597806215722
lonestar,Web,2026-04-12,41,547,1,6227.849999999999,11.385466179159048,0.6978108291016981,16.31597806215722
lonestar,Web,2026-04-12,42,547,1,6282.83,11.48597806215722,0.7039711636287037,16.31597806215722
lonestar,Web,2026-04-12,43,547,1,6312.81,11.540786106032906,0.7073303274904648,16.31597806215722
lonestar,Web,2026-04-12,44,547,1,6312.81,11.540786106032906,0.7073303274904648,16.31597806215722
lonestar,Web,2026-04-12,45,547,1,6342.79,11.595594149908592,0.7106894913522259,16.31597806215722
lonestar,Web,2026-04-12,46,547,1,6342.79,11.595594149908592,0.7106894913522259,16.31597806215722
lonestar,Web,2026-04-12,47,547,1,6417.76,11.732650822669104,0.7190896419431608,16.31597806215722
lonestar,Web,2026-04-12,48,547,1,6437.75,11.769195612431444,0.7213294580070904,16.31597806215722
lonestar,Web,2026-04-12,49,547,1,6545.02,11.965301645338208,0.733348721097521,16.31597806215722
lonestar,Web,2026-04-12,50,547,1,6575.0,12.020109689213896,0.7367078849592822,16.31597806215722
lonestar,Web,2026-04-12,51,547,1,6580.99,12.03106032906764,0.7373790454506747,16.31597806215722
lonestar,Web,2026-04-12,52,547,1,6626.55,12.114351005484462,0.7424838988710163,16.31597806215722
lonestar,Web,2026-04-12,53,547,1,6642.53,12.143564899451553,0.7442744071602404,16.31597806215722
lonestar,Web,2026-04-12,54,547,1,6642.53,12.143564899451553,0.7442744071602404,16.31597806215722
lonestar,Web,2026-04-12,55,547,1,6802.46,12.435941499085924,0.762194056139942,16.31597806215722
lonestar,Web,2026-04-12,56,547,1,6808.45,12.44689213893967,0.7628652166313346,16.31597806215722
lonestar,Web,2026-04-12,57,547,1,6808.45,12.44689213893967,0.7628652166313346,16.31597806215722
lonestar,Web,2026-04-12,58,547,1,6818.44,12.465155393053015,0.7639845644291662,16.31597806215722
lonestar,Web,2026-04-12,59,547,1,6864.42,12.549213893967094,0.7691364775166838,16.31597806215722
lonestar,Web,2026-04-12,60,547,1,6864.42,12.549213893967094,0.7691364775166838,16.31597806215722
lonestar,Web,2026-04-12,61,547,1,6873.41,12.56564899451554,0.7701437784879057,16.31597806215722
lonestar,Web,2026-04-12,62,547,1,6913.4,12.638756855575869,0.7746245310840305,16.31597806215722
lonestar,Web,2026-04-12,63,547,1,6920.59,12.651901279707497,0.775430147767355,16.31597806215722
lonestar,Web,2026-04-12,64,547,1,7000.55,12.798080438756855,0.7843894120230727,16.31597806215722
lonestar,Web,2026-04-12,65,547,1,7000.55,12.798080438756855,0.7843894120230727,16.31597806215722
lonestar,Web,2026-04-12,66,547,1,7080.52,12.944277879341865,0.7933497967470565,16.31597806215722
lonestar,Web,2026-04-12,67,547,1,7090.51,12.962541133455211,0.7944691445448883,16.31597806215722
lonestar,Web,2026-04-12,68,547,1,7190.47,13.14528336380256,0.8056693453328015,16.31597806215722
lonestar,Web,2026-04-12,69,547,1,7190.47,13.14528336380256,0.8056693453328015,16.31597806215722
lonestar,Web,2026-04-12,70,547,1,7190.47,13.14528336380256,0.8056693453328015,16.31597806215722
lonestar,Web,2026-04-12,71,547,1,7190.47,13.14528336380256,0.8056693453328015,16.31597806215722
lonestar,Web,2026-04-12,72,547,1,7210.74,13.18234003656307,0.8079405345081816,16.31597806215722
lonestar,Web,2026-04-12,73,547,1,7220.73,13.200603290676415,0.8090598823060132,16.31597806215722
lonestar,Web,2026-04-12,74,547,1,7226.89,13.211864716636198,0.8097500907579296,16.31597806215722
lonestar,Web,2026-04-12,75,547,1,7239.88,13.235612431444242,0.8112055790355905,16.31597806215722
lonestar,Web,2026-04-12,76,547,1,7245.87,13.246563071297988,0.811876739526983,16.31597806215722
lonestar,Web,2026-04-12,77,547,1,7265.86,13.283107861060328,0.8141165555909126,16.31597806215722
lonestar,Web,2026-04-12,78,547,1,7315.85,13.374497257769653,0.8197177764531353,16.31597806215722
lonestar,Web,2026-04-12,79,547,1,7315.85,13.374497257769653,0.8197177764531353,16.31597806215722
lonestar,Web,2026-04-12,80,547,1,7332.12,13.404241316270566,0.8215407783220763,16.31597806215722
lonestar,Web,2026-04-12,81,547,1,7332.12,13.404241316270566,0.8215407783220763,16.31597806215722
lonestar,Web,2026-04-12,82,547,1,7338.11,13.415191956124314,0.8222119388134689,16.31597806215722
lonestar,Web,2026-04-12,83,547,1,7428.07,13.579652650822668,0.8322916713352844,16.31597806215722
lonestar,Web,2026-04-12,84,547,1,7478.06,13.671042047531994,0.8378928921975073,16.31597806215722
lonestar,Web,2026-04-12,85,547,1,7508.04,13.725850091407676,0.8412520560592682,16.31597806215722
lonestar,Web,2026-04-12,86,547,1,7538.019999999999,13.780658135283362,0.8446112199210293,16.31597806215722
lonestar,Web,2026-04-12,87,547,1,7538.019999999999,13.780658135283362,0.8446112199210293,16.31597806215722
lonestar,Web,2026-04-12,88,547,1,7548.01,13.79892138939671,0.8457305677188611,16.31597806215722
lonestar,Web,2026-04-12,89,547,1,7548.01,13.79892138939671,0.8457305677188611,16.31597806215722
lonestar,Web,2026-04-12,90,547,1,7548.01,13.79892138939671,0.8457305677188611,16.31597806215722
lonestar,Web,2026-04-12,91,547,1,7593.0,13.881170018281535,0.8507715544480349,16.31597806215722
lonestar,Web,2026-04-12,92,547,1,7632.99,13.954277879341864,0.8552523070441599,16.31597806215722
lonestar,Web,2026-04-12,93,547,1,7638.97,13.965210237659964,0.8559223470672864,16.31597806215722
lonestar,Web,2026-04-12,94,547,1,7689.95,14.058409506398537,0.8616344942878528,16.31597806215722
lonestar,Web,2026-04-12,95,547,1,7735.91,14.142431444241316,0.8667841664388382,16.31597806215722
lonestar,Web,2026-04-12,96,547,1,7758.89,14.184442413162706,0.8693590025143308,16.31597806215722
lonestar,Web,2026-04-12,97,547,1,7776.86,14.217294332723949,0.8713724839885085,16.31597806215722
lonestar,Web,2026-04-12,98,547,1,7796.22,14.252687385740405,0.8735417105516738,16.31597806215722
lonestar,Web,2026-04-12,99,547,1,7806.21,14.270950639853748,0.8746610583495055,16.31597806215722
lonestar,Web,2026-04-12,100,547,1,7846.19,14.344040219378426,0.8791406904773642,16.31597806215722
lonestar,Web,2026-04-12,101,547,1,7856.18,14.362303473491774,0.880260038275196,16.31597806215722
lonestar,Web,2026-04-12,102,547,1,7886.16,14.41711151736746,0.8836192021369571,16.31597806215722
lonestar,Web,2026-04-12,103,547,1,8021.07,14.663747714808045,0.898735439514882,16.31597806215722
lonestar,Web,2026-04-12,104,547,1,8201.97,14.994460694698354,0.9190047104485908,16.31597806215722
lonestar,Web,2026-04-12,105,547,1,8301.93,15.177202925045703,0.930204911236504,16.31597806215722
lonestar,Web,2026-04-12,106,547,1,8331.91,15.232010968921388,0.933564075098265,16.31597806215722
lonestar,Web,2026-04-12,107,547,1,8351.89,15.26853747714808,0.9358027706939284,16.31597806215722
lonestar,Web,2026-04-12,108,547,1,8391.85,15.341590493601464,0.9402801618852552,16.31597806215722
lonestar,Web,2026-04-12,109,547,1,8470.77,15.485868372943328,0.9491228974412989,16.31597806215722
lonestar,Web,2026-04-12,110,547,1,8583.69,15.692303473491776,0.9617752251020748,16.31597806215722
lonestar,Web,2026-04-12,111,547,1,8583.69,15.692303473491776,0.9617752251020748,16.31597806215722
lonestar,Web,2026-04-12,112,547,1,8643.67,15.801956124314442,0.968495793762129,16.31597806215722
lonestar,Web,2026-04-12,113,547,1,8671.63,15.853071297989027,0.9716286230341384,16.31597806215722
lonestar,Web,2026-04-12,114,547,1,8701.61,15.907879341864716,0.9749877868958996,16.31597806215722
lonestar,Web,2026-04-12,115,547,1,8741.59,15.980968921389398,0.9794674190237584,16.31597806215722
lonestar,Web,2026-04-12,116,547,1,8761.58,16.017513711151736,0.9817072350876878,16.31597806215722
lonestar,Web,2026-04-12,117,547,1,8791.56,16.07232175502742,0.9850663989494488,16.31597806215722
lonestar,Web,2026-04-12,118,547,1,8886.89,16.246599634369286,0.995747822930159,16.31597806215722
lonestar,Web,2026-04-12,119,547,1,8886.89,16.246599634369286,0.995747822930159,16.31597806215722
lonestar,Web,2026-04-12,120,547,1,8924.84,16.31597806215722,1.0,16.31597806215722
lonestar,Web,2026-04-13,1,474,1,1141.57,2.40837552742616,0.1639129354769695,14.693016877637133
lonestar,Web,2026-04-13,2,474,1,1401.4,2.9565400843881853,0.201220764190917,14.693016877637133
lonestar,Web,2026-04-13,3,474,1,1524.31,3.21584388185654,0.2188688618979997,14.693016877637133
lonestar,Web,2026-04-13,4,474,1,1630.24,3.439324894514768,0.2340788772760101,14.693016877637133
lonestar,Web,2026-04-13,5,474,1,1718.18,3.6248523206751058,0.2467057889378834,14.693016877637133
lonestar,Web,2026-04-13,6,474,1,1789.86,3.776075949367089,0.2569979998535427,14.693016877637133
lonestar,Web,2026-04-13,7,474,1,1887.77,3.982637130801688,0.2710564592669384,14.693016877637133
lonestar,Web,2026-04-13,8,474,1,2014.66,4.250337552742616,0.289276027390376,14.693016877637133
lonestar,Web,2026-04-13,9,474,1,2166.6,4.570886075949367,0.3110924130840879,14.693016877637133
lonestar,Web,2026-04-13,10,474,1,2198.56,4.63831223628692,0.3156814066787374,14.693016877637133
lonestar,Web,2026-04-13,11,474,1,2503.42,5.281476793248945,0.3594548918872738,14.693016877637133
lonestar,Web,2026-04-13,12,474,1,2509.41,5.294113924050633,0.3603149692224413,14.693016877637133
lonestar,Web,2026-04-13,13,474,1,2541.38,5.3615611814346,0.3649053986724082,14.693016877637133
lonestar,Web,2026-04-13,14,474,1,2682.3,5.658860759493671,0.3851394718062629,14.693016877637133
lonestar,Web,2026-04-13,15,474,1,2793.24,5.892911392405063,0.4010688506983282,14.693016877637133
lonestar,Web,2026-04-13,16,474,1,2845.19,6.002510548523206,0.4085281190726097,14.693016877637133
lonestar,Web,2026-04-13,17,474,1,2851.18,6.015147679324894,0.4093881964077771,14.693016877637133
lonestar,Web,2026-04-13,18,474,1,2976.14,6.278776371308017,0.4273306444549421,14.693016877637133
lonestar,Web,2026-04-13,19,474,1,3096.09,6.531835443037975,0.4445537289880523,14.693016877637133
lonestar,Web,2026-04-13,20,474,1,3204.03,6.759556962025316,0.4600523512848751,14.693016877637133
lonestar,Web,2026-04-13,21,474,1,3303.96,6.970379746835443,0.4744008534724007,14.693016877637133
lonestar,Web,2026-04-13,22,474,1,3353.95,7.07584388185654,0.4815786942044571,14.693016877637133
lonestar,Web,2026-04-13,23,474,1,3398.93,7.170738396624472,0.4880371714224587,14.693016877637133
lonestar,Web,2026-04-13,24,474,1,3448.91,7.276181434599156,0.4952135762991977,14.693016877637133
lonestar,Web,2026-04-13,25,474,1,3593.88,7.582025316455695,0.5160291708366297,14.693016877637133
lonestar,Web,2026-04-13,26,474,1,3619.86,7.636835443037974,0.5197595229514292,14.693016877637133
lonestar,Web,2026-04-13,27,474,1,3639.85,7.679008438818565,0.5226297977310614,14.693016877637133
lonestar,Web,2026-04-13,28,474,1,3659.84,7.721181434599155,0.5255000725106935,14.693016877637133
lonestar,Web,2026-04-13,29,474,1,3679.83,7.763354430379747,0.5283703472903256,14.693016877637133
lonestar,Web,2026-04-13,30,474,1,3719.81,7.847700421940928,0.5341108968495898,14.693016877637133
lonestar,Web,2026-04-13,31,474,1,3745.78,7.902489451476793,0.5378398131090718,14.693016877637133
lonestar,Web,2026-04-13,32,474,1,3785.77,7.986856540084388,0.5435817985236535,14.693016877637133
lonestar,Web,2026-04-13,33,474,1,3785.77,7.986856540084388,0.5435817985236535,14.693016877637133
lonestar,Web,2026-04-13,34,474,1,3825.74,8.071181434599156,0.5493209122276003,14.693016877637133
lonestar,Web,2026-04-13,35,474,1,3891.69,8.210316455696203,0.5587903780463466,14.693016877637133
lonestar,Web,2026-04-13,36,474,1,3987.65,8.412763713080167,0.5725688456728345,14.693016877637133
lonestar,Web,2026-04-13,37,474,1,4023.61,8.488628691983122,0.5777321813944739,14.693016877637133
lonestar,Web,2026-04-13,38,474,1,4035.59,8.513902953586497,0.5794523360648087,14.693016877637133
lonestar,Web,2026-04-13,39,474,1,4055.58,8.556075949367088,0.5823226108444408,14.693016877637133
lonestar,Web,2026-04-13,40,474,1,4151.53,8.75850210970464,0.5960996426156114,14.693016877637133
lonestar,Web,2026-04-13,41,474,1,4157.52,8.771139240506328,0.5969597199507788,14.693016877637133
lonestar,Web,2026-04-13,42,474,1,4167.51,8.792215189873419,0.5983941394129363,14.693016877637133
lonestar,Web,2026-04-13,43,474,1,4172.64,8.803037974683544,0.5991307331908008,14.693016877637133
lonestar,Web,2026-04-13,44,474,1,4224.59,8.912637130801688,0.6065900015650822,14.693016877637133
lonestar,Web,2026-04-13,45,474,1,4244.58,8.954810126582279,0.6094602763447144,14.693016877637133
lonestar,Web,2026-04-13,46,474,1,4280.58,9.030759493670883,0.6146293554876235,14.693016877637133
lonestar,Web,2026-04-13,47,474,1,4292.56,9.05603375527426,0.6163495101579584,14.693016877637133
lonestar,Web,2026-04-13,48,474,1,4440.48,9.368101265822784,0.6375886820140454,14.693016877637133
lonestar,Web,2026-04-13,49,474,1,4485.46,9.462995780590717,0.6440471592320471,14.693016877637133
lonestar,Web,2026-04-13,50,474,1,4505.45,9.505168776371308,0.6469174340116792,14.693016877637133
lonestar,Web,2026-04-13,51,474,1,4521.429999999999,9.538881856540083,0.6492119308090039,14.693016877637133
lonestar,Web,2026-04-13,52,474,1,4527.42,9.551518987341773,0.6500720081441713,14.693016877637133
lonestar,Web,2026-04-13,53,474,1,4597.38,9.699113924050634,0.6601172519452251,14.693016877637133
lonestar,Web,2026-04-13,54,474,1,4597.38,9.699113924050634,0.6601172519452251,14.693016877637133
lonestar,Web,2026-04-13,55,474,1,4633.349999999999,9.775,0.6652820235221817,14.693016877637133
lonestar,Web,2026-04-13,56,474,1,4633.349999999999,9.775,0.6652820235221817,14.693016877637133
lonestar,Web,2026-04-13,57,474,1,4658.34,9.827721518987342,0.6688702259605513,14.693016877637133
lonestar,Web,2026-04-13,58,474,1,4773.31,10.070274261603377,0.6853782545455589,14.693016877637133
lonestar,Web,2026-04-13,59,474,1,4905.24,10.34860759493671,0.7043214937490039,14.693016877637133
lonestar,Web,2026-04-13,60,474,1,4980.21,10.506772151898732,0.7150861010641123,14.693016877637133
lonestar,Web,2026-04-13,61,474,1,5010.18,10.57,0.7193893594505844,14.693016877637133
lonestar,Web,2026-04-13,62,474,1,5023.16,10.597383966244726,0.7212530996526666,14.693016877637133
lonestar,Web,2026-04-13,63,474,1,5043.15,10.639556962025315,0.7241233744322986,14.693016877637133
lonestar,Web,2026-04-13,64,474,1,5136.08,10.835611814345992,0.737466777897592,14.693016877637133
lonestar,Web,2026-04-13,65,474,1,5161.04,10.888270042194092,0.7410506727700089,14.693016877637133
lonestar,Web,2026-04-13,66,474,1,5167.03,10.90090717299578,0.7419107501051764,14.693016877637133
lonestar,Web,2026-04-13,67,474,1,5251.99,11.080147679324892,0.7541097768824422,14.693016877637133
lonestar,Web,2026-04-13,68,474,1,5287.97,11.156054852320676,0.7592759843147165,14.693016877637133
lonestar,Web,2026-04-13,69,474,1,5297.96,11.177130801687763,0.7607104037768738,14.693016877637133
lonestar,Web,2026-04-13,70,474,1,5320.94,11.22561181434599,0.7640099992964308,14.693016877637133
lonestar,Web,2026-04-13,71,474,1,5421.889999999999,11.438586497890292,0.7785049587263387,14.693016877637133
lonestar,Web,2026-04-13,72,474,1,5471.88,11.544050632911391,0.7856827994583954,14.693016877637133
lonestar,Web,2026-04-13,73,474,1,5471.88,11.544050632911391,0.7856827994583954,14.693016877637133
lonestar,Web,2026-04-13,74,474,1,5494.86,11.59253164556962,0.7889823949779524,14.693016877637133
lonestar,Web,2026-04-13,75,474,1,5494.86,11.59253164556962,0.7889823949779524,14.693016877637133
lonestar,Web,2026-04-13,76,474,1,5517.929999999999,11.641202531645568,0.7922949131953667,14.693016877637133
lonestar,Web,2026-04-13,77,474,1,5542.03,11.692046413502108,0.7957553245104809,14.693016877637133
lonestar,Web,2026-04-13,78,474,1,5542.03,11.692046413502108,0.7957553245104809,14.693016877637133
lonestar,Web,2026-04-13,79,474,1,5604.78,11.824430379746834,0.8047653166276353,14.693016877637133
lonestar,Web,2026-04-13,80,474,1,5687.52,11.998987341772152,0.8166455835244217,14.693016877637133
lonestar,Web,2026-04-13,81,474,1,5736.46,12.102236286919831,0.8236726594481434,14.693016877637133
lonestar,Web,2026-04-13,82,474,1,5849.42,12.34054852320675,0.8398920811143386,14.693016877637133
lonestar,Web,2026-04-13,83,474,1,5920.38,12.490253164556965,0.8500809104471397,14.693016877637133
lonestar,Web,2026-04-13,84,474,1,5974.34,12.60409282700422,0.8578287857402337,14.693016877637133
lonestar,Web,2026-04-13,85,474,1,5974.34,12.60409282700422,0.8578287857402337,14.693016877637133
lonestar,Web,2026-04-13,86,474,1,5984.33,12.625168776371307,0.859263205202391,14.693016877637133
lonestar,Web,2026-04-13,87,474,1,6016.02,12.692025316455696,0.8638134307034685,14.693016877637133
lonestar,Web,2026-04-13,88,474,1,6028.0,12.717299578059071,0.8655335853738033,14.693016877637133
lonestar,Web,2026-04-13,89,474,1,6074.55,12.815506329113925,0.8722174918766485,14.693016877637133
lonestar,Web,2026-04-13,90,474,1,6093.53,12.85554852320675,0.8749427452692156,14.693016877637133
lonestar,Web,2026-04-13,91,474,1,6103.52,12.87662447257384,0.876377164731373,14.693016877637133
lonestar,Web,2026-04-13,92,474,1,6115.5,12.901898734177216,0.8780973194017079,14.693016877637133
lonestar,Web,2026-04-13,93,474,1,6127.48,12.92717299578059,0.8798174740720425,14.693016877637133
lonestar,Web,2026-04-13,94,474,1,6142.45,12.958755274261604,0.8819669494823024,14.693016877637133
lonestar,Web,2026-04-13,95,474,1,6209.57,13.10035864978903,0.8916044103731932,14.693016877637133
lonestar,Web,2026-04-13,96,474,1,6229.56,13.14253164556962,0.8944746851528251,14.693016877637133
lonestar,Web,2026-04-13,97,474,1,6294.719999999999,13.28,0.903830718401491,14.693016877637133
lonestar,Web,2026-04-13,98,474,1,6303.7,13.298945147679325,0.9051201164765832,14.693016877637133
lonestar,Web,2026-04-13,99,474,1,6322.179999999999,13.337932489451475,0.9077735771032768,14.693016877637133
lonestar,Web,2026-04-13,100,474,1,6336.15,13.36740506329114,0.909779466981789,14.693016877637133
lonestar,Web,2026-04-13,101,474,1,6348.3,13.393037974683544,0.9115240311925208,14.693016877637133
lonestar,Web,2026-04-13,102,474,1,6358.29,13.414113924050632,0.9129584506546782,14.693016877637133
lonestar,Web,2026-04-13,103,474,1,6380.27,13.46048523206751,0.9161144606424878,14.693016877637133
lonestar,Web,2026-04-13,104,474,1,6386.26,13.4731223628692,0.9169745379776552,14.693016877637133
lonestar,Web,2026-04-13,105,474,1,6412.24,13.527932489451477,0.9207048900924548,14.693016877637133
lonestar,Web,2026-04-13,106,474,1,6412.24,13.527932489451477,0.9207048900924548,14.693016877637133
lonestar,Web,2026-04-13,107,474,1,6435.22,13.576413502109704,0.924004485612012,14.693016877637133
lonestar,Web,2026-04-13,108,474,1,6455.21,13.618586497890297,0.9268747603916438,14.693016877637133
lonestar,Web,2026-04-13,109,474,1,6500.19,13.713481012658226,0.9333332376096454,14.693016877637133
lonestar,Web,2026-04-13,110,474,1,6658.33,14.04710970464135,0.9560398536001918,14.693016877637133
lonestar,Web,2026-04-13,111,474,1,6658.33,14.04710970464135,0.9560398536001918,14.693016877637133
lonestar,Web,2026-04-13,112,474,1,6703.299999999999,14.141983122362868,0.9624968949628758,14.693016877637133
lonestar,Web,2026-04-13,113,474,1,6703.299999999999,14.141983122362868,0.9624968949628758,14.693016877637133
lonestar,Web,2026-04-13,114,474,1,6753.27,14.247405063291138,0.9696718639842974,14.693016877637133
lonestar,Web,2026-04-13,115,474,1,6845.56,14.44210970464135,0.9829233727092724,14.693016877637133
lonestar,Web,2026-04-13,116,474,1,6918.52,14.59603375527426,0.9933993731055684,14.693016877637133
lonestar,Web,2026-04-13,117,474,1,6924.509999999999,14.608670886075949,0.9942594504407356,14.693016877637133
lonestar,Web,2026-04-13,118,474,1,6944.5,14.65084388185654,0.997129725220368,14.693016877637133
lonestar,Web,2026-04-13,119,474,1,6964.49,14.693016877637133,1.0,14.693016877637133
lonestar,Web,2026-04-13,120,474,1,6964.49,14.693016877637133,1.0,14.693016877637133
lonestar,Affiliate,overall,1,5415,5,33772.65,6.236869806094183,0.0509612465377138,122.38456140350876
lonestar,Affiliate,overall,2,5415,5,46804.72,8.643530932594645,0.0706259910030354,122.38456140350876
lonestar,Affiliate,overall,3,5415,5,57553.94,10.628613111726684,0.0868460285336444,122.38456140350876
lonestar,Affiliate,overall,4,5415,5,66274.77,12.239108033240996,0.1000053265941606,122.38456140350876
lonestar,Affiliate,overall,5,5415,5,75738.51000000001,13.98679778393352,0.1142856388382049,122.38456140350876
lonestar,Affiliate,overall,6,5415,5,83187.52,15.362422899353648,0.1255258238717126,122.38456140350876
lonestar,Affiliate,overall,7,5415,5,92417.41,17.066927054478302,0.1394532681144943,122.38456140350876
lonestar,Affiliate,overall,8,5415,5,111061.85,20.510036934441366,0.1675867993416148,122.38456140350876
lonestar,Affiliate,overall,9,5415,5,129948.71,23.997915050784854,0.1960861302731019,122.38456140350876
lonestar,Affiliate,overall,10,5415,5,136640.5,25.233702677747,0.2061837080459035,122.38456140350876
lonestar,Affiliate,overall,11,5415,5,141811.41,26.18862603878116,0.2139863536580875,122.38456140350876
lonestar,Affiliate,overall,12,5415,5,147694.64,27.275095106186523,0.2228638546675753,122.38456140350876
lonestar,Affiliate,overall,13,5415,5,159016.82,29.36598707294552,0.239948460297408,122.38456140350876
lonestar,Affiliate,overall,14,5415,5,164358.36000000002,30.35242105263158,0.2480085780800238,122.38456140350876
lonestar,Affiliate,overall,15,5415,5,176996.49,32.686332409972294,0.2670788867086235,122.38456140350876
lonestar,Affiliate,overall,16,5415,5,191125.62,35.29559002770083,0.2883990400662489,122.38456140350876
lonestar,Affiliate,overall,17,5415,5,199800.0,36.89750692520776,0.3014882473905724,122.38456140350876
lonestar,Affiliate,overall,18,5415,5,203988.51,37.671008310249306,0.3078085003389102,122.38456140350876
lonestar,Affiliate,overall,19,5415,5,232474.7,42.93161588180979,0.3507927420703159,122.38456140350876
lonestar,Affiliate,overall,20,5415,5,262429.67000000004,48.46346629732226,0.3959932996575891,122.38456140350876
lonestar,Affiliate,overall,21,5415,5,264420.26,48.8310729455217,0.398997000810608,122.38456140350876
lonestar,Affiliate,overall,22,5415,5,273005.21,50.41647460757155,0.4119512627196955,122.38456140350876
lonestar,Affiliate,overall,23,5415,5,275363.3,50.85194829178209,0.4155095030664886,122.38456140350876
lonestar,Affiliate,overall,24,5415,5,278225.36,51.38049122807017,0.4198282090390944,122.38456140350876
lonestar,Affiliate,overall,25,5415,5,282581.9,52.18502308402585,0.4264020108873774,122.38456140350876
lonestar,Affiliate,overall,26,5415,5,287893.65,53.165955678670365,0.4344171770439183,122.38456140350876
lonestar,Affiliate,overall,27,5415,5,292112.86999999994,53.94512834718374,0.440783769852503,122.38456140350876
lonestar,Affiliate,overall,28,5415,5,295420.44999999995,54.55594644506001,0.4457747433124836,122.38456140350876
lonestar,Affiliate,overall,29,5415,5,296961.69,54.84057063711912,0.4481003976989113,122.38456140350876
lonestar,Affiliate,overall,30,5415,5,298374.41000000003,55.101460757156055,0.4502321218072878,122.38456140350876
lonestar,Affiliate,overall,31,5415,5,301076.03,55.60037488457988,0.454308731811869,122.38456140350876
lonestar,Affiliate,overall,32,5415,5,305764.09,56.46612927054479,0.4613827808261925,122.38456140350876
lonestar,Affiliate,overall,33,5415,5,308839.37,57.034048014773774,0.4660232251577004,122.38456140350876
lonestar,Affiliate,overall,34,5415,5,310944.7700000001,57.42285687903972,0.469200168881705,122.38456140350876
lonestar,Affiliate,overall,35,5415,5,314100.48999999993,58.00563065558632,0.4739619931662663,122.38456140350876
lonestar,Affiliate,overall,36,5415,5,315933.11000000004,58.3440646352724,0.476727325458223,122.38456140350876
lonestar,Affiliate,overall,37,5415,5,317772.43,58.68373591874423,0.4795027677164332,122.38456140350876
lonestar,Affiliate,overall,38,5415,5,320528.02,59.192616805170815,0.4836608157626143,122.38456140350876
lonestar,Affiliate,overall,39,5415,5,322746.58,59.60232317636195,0.4870085122897956,122.38456140350876
lonestar,Affiliate,overall,40,5415,5,326054.88,60.21327423822715,0.492000572193911,122.38456140350876
lonestar,Affiliate,overall,41,5415,5,329655.62,60.87823084025854,0.4974339094907534,122.38456140350876
lonestar,Affiliate,overall,42,5415,5,333269.91,61.54568975069252,0.5028876930626317,122.38456140350876
lonestar,Affiliate,overall,43,5415,5,337241.17,62.279071098799626,0.5088801265828132,122.38456140350876
lonestar,Affiliate,overall,44,5415,5,338860.19,62.57805909510618,0.5113231471147967,122.38456140350876
lonestar,Affiliate,overall,45,5415,5,340293.38,62.84272945521699,0.5134857594335039,122.38456140350876
lonestar,Affiliate,overall,46,5415,5,341752.09,63.11211265004616,0.5156868801609868,122.38456140350876
lonestar,Affiliate,overall,47,5415,5,343767.23,63.48425300092336,0.5187276260411002,122.38456140350876
lonestar,Affiliate,overall,48,5415,5,345663.73,63.8344838411819,0.5215893500710111,122.38456140350876
lonestar,Affiliate,overall,49,5415,5,357786.57,66.07323545706372,0.5398821117576795,122.38456140350876
lonestar,Affiliate,overall,50,5415,5,359962.01,66.47497876269621,0.5431647423527913,122.38456140350876
lonestar,Affiliate,overall,51,5415,5,368831.84,68.11298984302861,0.5565488739911912,122.38456140350876
lonestar,Affiliate,overall,52,5415,5,372195.08,68.73408679593722,0.5616238356185882,122.38456140350876
lonestar,Affiliate,overall,53,5415,5,373539.73,68.98240627885502,0.5636528454877259,122.38456140350876
lonestar,Affiliate,overall,54,5415,5,400420.78,73.94658910433981,0.6042150109157457,122.38456140350876
lonestar,Affiliate,overall,55,5415,5,404853.74,74.76523361034164,0.6109041267373297,122.38456140350876
lonestar,Affiliate,overall,56,5415,5,414408.92,76.52980978762696,0.6253224173864862,122.38456140350876
lonestar,Affiliate,overall,57,5415,5,419919.7400000001,77.5475050784857,0.6336379702567811,122.38456140350876
lonestar,Affiliate,overall,58,5415,5,422403.61,78.00620683287165,0.6373860063581125,122.38456140350876
lonestar,Affiliate,overall,59,5415,5,432684.26,79.90475715604802,0.6528989950995334,122.38456140350876
lonestar,Affiliate,overall,60,5415,5,436556.49,80.61985041551246,0.6587419972826825,122.38456140350876
lonestar,Affiliate,overall,61,5415,5,439229.56,81.1134921514312,0.6627755267594208,122.38456140350876
lonestar,Affiliate,overall,62,5415,5,439820.64,81.22264819944598,0.6636674370360356,122.38456140350876
lonestar,Affiliate,overall,63,5415,5,441900.61,81.60676084949216,0.6668060081567813,122.38456140350876
lonestar,Affiliate,overall,64,5415,5,445798.91,82.32666851338874,0.672688348671309,122.38456140350876
lonestar,Affiliate,overall,65,5415,5,454316.32,83.89959741458911,0.6855406960847572,122.38456140350876
lonestar,Affiliate,overall,66,5415,5,469261.86,86.65962326869807,0.7080927714646656,122.38456140350876
lonestar,Affiliate,overall,67,5415,5,471542.58,87.08080886426592,0.7115342643354794,122.38456140350876
lonestar,Affiliate,overall,68,5415,5,474252.43000000005,87.581242843952,0.715623293000101,122.38456140350876
lonestar,Affiliate,overall,69,5415,5,478247.22,88.31896952908586,0.7216512321181857,122.38456140350876
lonestar,Affiliate,overall,70,5415,5,479976.18000000005,88.63826038781164,0.7242601466337435,122.38456140350876
lonestar,Affiliate,overall,71,5415,5,486692.52,89.87858171745151,0.7343947691336392,122.38456140350876
lonestar,Affiliate,overall,72,5415,5,490214.32,90.52896029547551,0.739708989902709,122.38456140350876
lonestar,Affiliate,overall,73,5415,5,496380.99,91.6677728531856,0.7490141877532396,122.38456140350876
lonestar,Affiliate,overall,74,5415,5,497219.9900000001,91.8227128347184,0.7502801969602502,122.38456140350876
lonestar,Affiliate,overall,75,5415,5,499079.64,92.16613850415511,0.7530863161757649,122.38456140350876
lonestar,Affiliate,overall,76,5415,5,508627.28,93.92932225300092,0.7674932293405105,122.38456140350876
lonestar,Affiliate,overall,77,5415,5,509141.28,94.02424376731302,0.7682688297367003,122.38456140350876
lonestar,Affiliate,overall,78,5415,5,512525.02,94.64912650046168,0.7733747248429333,122.38456140350876
lonestar,Affiliate,overall,79,5415,5,514293.45,94.97570637119112,0.7760431976223773,122.38456140350876
lonestar,Affiliate,overall,80,5415,5,516837.28,95.4454810710988,0.7798817103769299,122.38456140350876
lonestar,Affiliate,overall,81,5415,5,526672.9700000001,97.26185964912284,0.794723276643081,122.38456140350876
lonestar,Affiliate,overall,82,5415,5,528568.48,97.61190766389656,0.7975835068123065,122.38456140350876
lonestar,Affiliate,overall,83,5415,5,531170.13,98.09236011080333,0.8015092670666794,122.38456140350876
lonestar,Affiliate,overall,84,5415,5,534137.96,98.64043582640812,0.805987574700579,122.38456140350876
lonestar,Affiliate,overall,85,5415,5,536703.72,99.11426038781164,0.8098591787327353,122.38456140350876
lonestar,Affiliate,overall,86,5415,5,540585.52,99.83112096029548,0.8157166215691755,122.38456140350876
lonestar,Affiliate,overall,87,5415,5,543077.96,100.291405355494,0.8194775893736106,122.38456140350876
lonestar,Affiliate,overall,88,5415,5,546889.91,100.99536657433056,0.8252296320394791,122.38456140350876
lonestar,Affiliate,overall,89,5415,5,553456.52,102.20803693444137,0.8351383194278544,122.38456140350876
lonestar,Affiliate,overall,90,5415,5,555854.41,102.65086057248384,0.8387566159920956,122.38456140350876
lonestar,Affiliate,overall,91,5415,5,566077.16,104.53871837488458,0.854182236517681,122.38456140350876
lonestar,Affiliate,overall,92,5415,5,570408.73,105.33863896583564,0.8607183598797911,122.38456140350876
lonestar,Affiliate,overall,93,5415,5,572307.6,105.68930747922435,0.8635836601216454,122.38456140350876
lonestar,Affiliate,overall,94,5415,5,577590.1,106.66483841181902,0.8715546894852126,122.38456140350876
lonestar,Affiliate,overall,95,5415,5,581087.96,107.31079593721144,0.876832785986802,122.38456140350876
lonestar,Affiliate,overall,96,5415,5,582460.91,107.56434164358264,0.8789044991462361,122.38456140350876
lonestar,Affiliate,overall,97,5415,5,593147.75,109.53790397045243,0.8950304083641712,122.38456140350876
lonestar,Affiliate,overall,98,5415,5,598987.9900000001,110.61643397968608,0.903843039605114,122.38456140350876
lonestar,Affiliate,overall,99,5415,5,602226.76,111.21454478301015,0.9087301822027172,122.38456140350876
lonestar,Affiliate,overall,100,5415,5,602964.78,111.35083656509696,0.9098438176198304,122.38456140350876
lonestar,Affiliate,overall,101,5415,5,605177.1799999999,111.75940535549398,0.9131822190138588,122.38456140350876
lonestar,Affiliate,overall,102,5415,5,610164.69,112.680459833795,0.9207081231617212,122.38456140350876
lonestar,Affiliate,overall,103,5415,5,612783.26,113.16403693444136,0.9246594148532606,122.38456140350876
lonestar,Affiliate,overall,104,5415,5,619749.8600000001,114.45057433056328,0.9351716672269904,122.38456140350876
lonestar,Affiliate,overall,105,5415,5,622172.13,114.8979002770083,0.9388267519967938,122.38456140350876
lonestar,Affiliate,overall,106,5415,5,624961.7300000001,115.4130618651893,0.9430361194388396,122.38456140350876
lonestar,Affiliate,overall,107,5415,5,625502.03,115.51284025854108,0.9438514052249511,122.38456140350876
lonestar,Affiliate,overall,108,5415,5,626351.65,115.66974145891044,0.9451334394829491,122.38456140350876
lonestar,Affiliate,overall,109,5415,5,627911.7800000001,115.95785410895662,0.947487597938412,122.38456140350876
lonestar,Affiliate,overall,110,5415,5,629621.5499999999,116.27360110803323,0.9500675556998782,122.38456140350876
lonestar,Affiliate,overall,111,5415,5,634154.1100000001,117.11063896583566,0.9569069629601016,122.38456140350876
lonestar,Affiliate,overall,112,5415,5,637576.01,117.74256879039704,0.962070439605476,122.38456140350876
lonestar,Affiliate,overall,113,5415,5,641017.4,118.37809787626962,0.9672633256899976,122.38456140350876
lonestar,Affiliate,overall,114,5415,5,643534.97,118.84302308402584,0.9710622134126357,122.38456140350876
lonestar,Affiliate,overall,115,5415,5,648561.12,119.7712132963989,0.9786464233957296,122.38456140350876
lonestar,Affiliate,overall,116,5415,5,653913.1400000001,120.75958264081258,0.9867223549763068,122.38456140350876
lonestar,Affiliate,overall,117,5415,5,654651.2,120.89588180978762,0.987836050751427,122.38456140350876
lonestar,Affiliate,overall,118,5415,5,659075.89,121.71299907663897,0.9945126875549636,122.38456140350876
lonestar,Affiliate,overall,119,5415,5,660344.58,121.94729085872576,0.996427077567886,122.38456140350876
lonestar,Affiliate,overall,120,5415,5,662712.4,122.38456140350876,1.0,122.38456140350876
lonestar,Affiliate,2026-04-10,1,1018,1,6259.52,6.148840864440079,0.0576745248857938,106.61277013752456
lonestar,Affiliate,2026-04-10,2,1018,1,9907.7,9.732514734774067,0.0912884518638776,106.61277013752456
lonestar,Affiliate,2026-04-10,3,1018,1,13087.89,12.85647347740668,0.1205903707484811,106.61277013752456
lonestar,Affiliate,2026-04-10,4,1018,1,15333.48,15.062357563850687,0.1412809886134755,106.61277013752456
lonestar,Affiliate,2026-04-10,5,1018,1,18016.460000000003,17.697897838899806,0.1660016695567566,106.61277013752456
lonestar,Affiliate,2026-04-10,6,1018,1,18532.26,18.20457760314342,0.1707541937017537,106.61277013752456
lonestar,Affiliate,2026-04-10,7,1018,1,18857.120000000003,18.523693516699414,0.1737474178074997,106.61277013752456
lonestar,Affiliate,2026-04-10,8,1018,1,19288.96,18.9478978388998,0.1777263437996974,106.61277013752456
lonestar,Affiliate,2026-04-10,9,1018,1,23352.94,22.940019646365425,0.2151714059842369,106.61277013752456
lonestar,Affiliate,2026-04-10,10,1018,1,24494.69,24.0615815324165,0.2256913641900346,106.61277013752456
lonestar,Affiliate,2026-04-10,11,1018,1,25373.16,24.924518664047152,0.2337854895984402,106.61277013752456
lonestar,Affiliate,2026-04-10,12,1018,1,26644.01,26.172897838899807,0.2454949609238951,106.61277013752456
lonestar,Affiliate,2026-04-10,13,1018,1,27443.82,26.958565815324164,0.252864321793244,106.61277013752456
lonestar,Affiliate,2026-04-10,14,1018,1,27974.76,27.480117878192537,0.2577563442235363,106.61277013752456
lonestar,Affiliate,2026-04-10,15,1018,1,28514.53,28.01034381139489,0.2627297252971018,106.61277013752456
lonestar,Affiliate,2026-04-10,16,1018,1,32857.47,32.276493123772106,0.3027450940645967,106.61277013752456
lonestar,Affiliate,2026-04-10,17,1018,1,33017.41,32.43360510805501,0.3042187635329,106.61277013752456
lonestar,Affiliate,2026-04-10,18,1018,1,33218.35,32.63099214145383,0.3060702024660053,106.61277013752456
lonestar,Affiliate,2026-04-10,19,1018,1,33489.270000000004,32.89712180746562,0.308566429378302,106.61277013752456
lonestar,Affiliate,2026-04-10,20,1018,1,34735.020000000004,34.12084479371317,0.3200446320801829,106.61277013752456
lonestar,Affiliate,2026-04-10,21,1018,1,34999.92,34.38106090373281,0.3224853913783794,106.61277013752456
lonestar,Affiliate,2026-04-10,22,1018,1,36115.74,35.47715127701375,0.3327664334324133,106.61277013752456
lonestar,Affiliate,2026-04-10,23,1018,1,36957.1,36.30363457760314,0.3405186314057262,106.61277013752456
lonestar,Affiliate,2026-04-10,24,1018,1,37417.03,36.75543222003929,0.3447563755507601,106.61277013752456
lonestar,Affiliate,2026-04-10,25,1018,1,38016.96,37.34475442043222,0.3502840642097523,106.61277013752456
lonestar,Affiliate,2026-04-10,26,1018,1,40859.09,40.136630648330055,0.3764711356487222,106.61277013752456
lonestar,Affiliate,2026-04-10,27,1018,1,41661.88,40.92522593320236,0.3838679539084397,106.61277013752456
lonestar,Affiliate,2026-04-10,28,1018,1,42317.740000000005,41.56948919449902,0.3899109754007581,106.61277013752456
lonestar,Affiliate,2026-04-10,29,1018,1,43039.58,42.27856581532416,0.3965619293147261,106.61277013752456
lonestar,Affiliate,2026-04-10,30,1018,1,43239.54,42.474990176817286,0.3984043386362337,106.61277013752456
lonestar,Affiliate,2026-04-10,31,1018,1,43364.51,42.59775049115914,0.3995557983927291,106.61277013752456
lonestar,Affiliate,2026-04-10,32,1018,1,46152.41,45.33635559921415,0.425243200610328,106.61277013752456
lonestar,Affiliate,2026-04-10,33,1018,1,46242.39,45.42474459724951,0.4260722663772276,106.61277013752456
lonestar,Affiliate,2026-04-10,34,1018,1,46418.33,45.597573673870336,0.4276933580756976,106.61277013752456
lonestar,Affiliate,2026-04-10,35,1018,1,46828.19,46.00018664047151,0.4314697627792038,106.61277013752456
lonestar,Affiliate,2026-04-10,36,1018,1,47091.130000000005,46.258477406679766,0.4338924628542049,106.61277013752456
lonestar,Affiliate,2026-04-10,37,1018,1,47655.78,46.81314341846758,0.4390950854956795,106.61277013752456
lonestar,Affiliate,2026-04-10,38,1018,1,47810.74,46.96536345776031,0.4405228697948435,106.61277013752456
lonestar,Affiliate,2026-04-10,39,1018,1,48097.64,47.2471905697446,0.4431663346595191,106.61277013752456
lonestar,Affiliate,2026-04-10,40,1018,1,49627.380000000005,48.74988212180747,0.4572611898079641,106.61277013752456
lonestar,Affiliate,2026-04-10,41,1018,1,50324.25,49.43443025540275,0.4636820729039783,106.61277013752456
lonestar,Affiliate,2026-04-10,42,1018,1,52178.9,51.25628683693517,0.4807706128526385,106.61277013752456
lonestar,Affiliate,2026-04-10,43,1018,1,54240.57,53.28150294695482,0.4997666121818674,106.61277013752456
lonestar,Affiliate,2026-04-10,44,1018,1,54653.38,53.68701375245579,0.5035701978590605,106.61277013752456
lonestar,Affiliate,2026-04-10,45,1018,1,55283.28,54.305776031434185,0.5093740267829336,106.61277013752456
lonestar,Affiliate,2026-04-10,46,1018,1,55548.21,54.566021611001965,0.5118150624978117,106.61277013752456
lonestar,Affiliate,2026-04-10,47,1018,1,56187.05,55.19356581532416,0.5177012635927902,106.61277013752456
lonestar,Affiliate,2026-04-10,48,1018,1,56456.98,55.45872298624754,0.5201883687545953,106.61277013752456
lonestar,Affiliate,2026-04-10,49,1018,1,57126.84,56.11673870333989,0.5263603846983096,106.61277013752456
lonestar,Affiliate,2026-04-10,50,1018,1,58444.53,57.41112966601179,0.5385014346025773,106.61277013752456
lonestar,Affiliate,2026-04-10,51,1018,1,58756.42,57.71750491159136,0.5413751545629945,106.61277013752456
lonestar,Affiliate,2026-04-10,52,1018,1,59225.22,58.178015717092336,0.545694625906877,106.61277013752456
lonestar,Affiliate,2026-04-10,53,1018,1,59876.03,58.817318271119845,0.5516911172577991,106.61277013752456
lonestar,Affiliate,2026-04-10,54,1018,1,60571.88,59.50086444007858,0.5581026021866401,106.61277013752456
lonestar,Affiliate,2026-04-10,55,1018,1,61241.74,60.15888015717092,0.5642746181303544,106.61277013752456
lonestar,Affiliate,2026-04-10,56,1018,1,61771.62,60.67939096267191,0.5691568738378983,106.61277013752456
lonestar,Affiliate,2026-04-10,57,1018,1,62536.41,61.43065815324165,0.5762035643009699,106.61277013752456
lonestar,Affiliate,2026-04-10,58,1018,1,63262.23,62.14364440078586,0.5828911894946919,106.61277013752456
lonestar,Affiliate,2026-04-10,59,1018,1,63358.170000000006,62.2378880157171,0.5837751700423286,106.61277013752456
lonestar,Affiliate,2026-04-10,60,1018,1,64248.06,63.112043222003926,0.5919745180675157,106.61277013752456
lonestar,Affiliate,2026-04-10,61,1018,1,65314.02,64.15915520628684,0.6017961555967928,106.61277013752456
lonestar,Affiliate,2026-04-10,62,1018,1,65433.98,64.27699410609037,0.6029014537674672,106.61277013752456
lonestar,Affiliate,2026-04-10,63,1018,1,66212.89,65.04213163064833,0.6100782443486609,106.61277013752456
lonestar,Affiliate,2026-04-10,64,1018,1,67035.04,65.8497445972495,0.6176534435068799,106.61277013752456
lonestar,Affiliate,2026-04-10,65,1018,1,67604.94,66.40956777996071,0.622904439067628,106.61277013752456
lonestar,Affiliate,2026-04-10,66,1018,1,68094.86,66.89082514734774,0.6274185077553307,106.61277013752456
lonestar,Affiliate,2026-04-10,67,1018,1,68450.78,67.24045186640471,0.6306979152653875,106.61277013752456
lonestar,Affiliate,2026-04-10,68,1018,1,69520.61,68.29136542239685,0.6405552105465863,106.61277013752456
lonestar,Affiliate,2026-04-10,69,1018,1,71395.47,70.13307465618861,0.6578299631997259,106.61277013752456
lonestar,Affiliate,2026-04-10,70,1018,1,72146.38,70.8707072691552,0.6647487648781278,106.61277013752456
lonestar,Affiliate,2026-04-10,71,1018,1,75319.88,73.98809430255403,0.6939890428427429,106.61277013752456
lonestar,Affiliate,2026-04-10,72,1018,1,77333.67,75.96627701375246,0.712543881148198,106.61277013752456
lonestar,Affiliate,2026-04-10,73,1018,1,78739.56,77.34730844793712,0.7254975960962592,106.61277013752456
lonestar,Affiliate,2026-04-10,74,1018,1,79032.48,77.63504911591355,0.728196528575035,106.61277013752456
lonestar,Affiliate,2026-04-10,75,1018,1,79412.40000000001,78.00825147347742,0.7316970694303421,106.61277013752456
lonestar,Affiliate,2026-04-10,76,1018,1,80323.16,78.90290766208251,0.7400887113270027,106.61277013752456
lonestar,Affiliate,2026-04-10,77,1018,1,80689.02,79.26229862475442,0.7434597048975508,106.61277013752456
lonestar,Affiliate,2026-04-10,78,1018,1,82673.75,81.21193516699411,0.7617467875774657,106.61277013752456
lonestar,Affiliate,2026-04-10,79,1018,1,83520.14,82.04335952848723,0.7695453314143873,106.61277013752456
lonestar,Affiliate,2026-04-10,80,1018,1,84252.78,82.76304518664047,0.7762957953337178,106.61277013752456
lonestar,Affiliate,2026-04-10,81,1018,1,84922.63,83.4210510805501,0.7824677191385382,106.61277013752456
lonestar,Affiliate,2026-04-10,82,1018,1,85398.45999999999,83.88846758349705,0.7868519641248002,106.61277013752456
lonestar,Affiliate,2026-04-10,83,1018,1,86403.25,84.87549115913556,0.7961099880403716,106.61277013752456
lonestar,Affiliate,2026-04-10,84,1018,1,87269.06999999999,85.72600196463654,0.8040875577480516,106.61277013752456
lonestar,Affiliate,2026-04-10,85,1018,1,88048.96,86.4921021611002,0.8112733779408432,106.61277013752456
lonestar,Affiliate,2026-04-10,86,1018,1,88058.95,86.50191552062869,0.8113654246958034,106.61277013752456
lonestar,Affiliate,2026-04-10,87,1018,1,88538.83,86.97331041257368,0.8157869859340765,106.61277013752456
lonestar,Affiliate,2026-04-10,88,1018,1,89141.69,87.56551080550098,0.8213416712889677,106.61277013752456
lonestar,Affiliate,2026-04-10,89,1018,1,89301.61,87.72260314341847,0.8228151564794834,106.61277013752456
lonestar,Affiliate,2026-04-10,90,1018,1,89741.49,88.15470530451867,0.8268681621423398,106.61277013752456
lonestar,Affiliate,2026-04-10,91,1018,1,90281.35,88.68501964636543,0.8318423724659502,106.61277013752456
lonestar,Affiliate,2026-04-10,92,1018,1,91249.9,89.63644400785854,0.8407664850301938,106.61277013752456
lonestar,Affiliate,2026-04-10,93,1018,1,91589.82,89.97035363457759,0.843898470310084,106.61277013752456
lonestar,Affiliate,2026-04-10,94,1018,1,92039.73,90.41230844793712,0.8480438912834762,106.61277013752456
lonestar,Affiliate,2026-04-10,95,1018,1,92399.62,90.76583497053043,0.8513598779343934,106.61277013752456
lonestar,Affiliate,2026-04-10,96,1018,1,92729.55,91.08993123772102,0.8543998164593234,106.61277013752456
lonestar,Affiliate,2026-04-10,97,1018,1,93148.44,91.5014145383104,0.8582594225839799,106.61277013752456
lonestar,Affiliate,2026-04-10,98,1018,1,94348.23,92.67999017681728,0.8693141549297072,106.61277013752456
lonestar,Affiliate,2026-04-10,99,1018,1,94819.11,93.1425442043222,0.8736527911635116,106.61277013752456
lonestar,Affiliate,2026-04-10,100,1018,1,94987.04,93.30750491159137,0.8752000796080044,106.61277013752456
lonestar,Affiliate,2026-04-10,101,1018,1,95383.9,93.69734774066796,0.8788567037495,106.61277013752456
lonestar,Affiliate,2026-04-10,102,1018,1,95538.85,93.849557956778,0.88028439590977,106.61277013752456
lonestar,Affiliate,2026-04-10,103,1018,1,95746.75,94.0537819253438,0.882199963512998,106.61277013752456
lonestar,Affiliate,2026-04-10,104,1018,1,96247.65,94.54582514734774,0.8868152007061525,106.61277013752456
lonestar,Affiliate,2026-04-10,105,1018,1,97398.43,95.67625736738704,0.8974183603331005,106.61277013752456
lonestar,Affiliate,2026-04-10,106,1018,1,97978.3,96.2458742632613,0.9027612183710212,106.61277013752456
lonestar,Affiliate,2026-04-10,107,1018,1,98124.81,96.38979371316306,0.9041111453048782,106.61277013752456
lonestar,Affiliate,2026-04-10,108,1018,1,98199.76,96.4634184675835,0.9048017263143152,106.61277013752456
lonestar,Affiliate,2026-04-10,109,1018,1,98479.71,96.7384184675835,0.9073811546477624,106.61277013752456
lonestar,Affiliate,2026-04-10,110,1018,1,98789.63,97.04285854616894,0.91023672324609,106.61277013752456
lonestar,Affiliate,2026-04-10,111,1018,1,98789.63,97.04285854616894,0.91023672324609,106.61277013752456
lonestar,Affiliate,2026-04-10,112,1018,1,99019.59,97.26875245579568,0.91235554924916,106.61277013752456
lonestar,Affiliate,2026-04-10,113,1018,1,100596.35,98.8176326129666,0.9268836414765074,106.61277013752456
lonestar,Affiliate,2026-04-10,114,1018,1,101909.17,100.10723968565816,0.938979819739468,106.61277013752456
lonestar,Affiliate,2026-04-10,115,1018,1,103750.49,101.91600196463656,0.9559455385426208,106.61277013752456
lonestar,Affiliate,2026-04-10,116,1018,1,104639.24,102.78903732809432,0.9641343827339084,106.61277013752456
lonestar,Affiliate,2026-04-10,117,1018,1,104860.2,103.00609037328094,0.9661702837325096,106.61277013752456
lonestar,Affiliate,2026-04-10,118,1018,1,107735.96,105.83100196463654,0.9926672182715112,106.61277013752456
lonestar,Affiliate,2026-04-10,119,1018,1,108275.89,106.36138506876227,0.9976420735673784,106.61277013752456
lonestar,Affiliate,2026-04-10,120,1018,1,108531.8,106.61277013752456,1.0,106.61277013752456
lonestar,Affiliate,2026-04-14,1,983,1,3709.4,3.7735503560528993,0.0885217202051172,42.62852492370296
lonestar,Affiliate,2026-04-14,2,983,1,4213.41,4.286276703967446,0.100549496179825,42.62852492370296
lonestar,Affiliate,2026-04-14,3,983,1,4891.18,4.975768056968464,0.1167239088350852,42.62852492370296
lonestar,Affiliate,2026-04-14,4,983,1,5483.97,5.57880976602238,0.1308703450566821,42.62852492370296
lonestar,Affiliate,2026-04-14,5,983,1,6344.69,6.454415055951169,0.1514107060355327,42.62852492370296
lonestar,Affiliate,2026-04-14,6,983,1,6528.6,6.641505595116989,0.1557995639540433,42.62852492370296
lonestar,Affiliate,2026-04-14,7,983,1,7036.45,7.158138351983723,0.1679189783084318,42.62852492370296
lonestar,Affiliate,2026-04-14,8,983,1,7399.21,7.527171922685656,0.1765759414888945,42.62852492370296
lonestar,Affiliate,2026-04-14,9,983,1,8127.94,8.268504577822991,0.1939664718078343,42.62852492370296
lonestar,Affiliate,2026-04-14,10,983,1,8768.7,8.920345879959308,0.2092576718505988,42.62852492370296
lonestar,Affiliate,2026-04-14,11,983,1,9104.59,9.262044760935911,0.2172734050149103,42.62852492370296
lonestar,Affiliate,2026-04-14,12,983,1,9592.36,9.7582502543235,0.228913627008885,42.62852492370296
lonestar,Affiliate,2026-04-14,13,983,1,10171.18,10.34708036622584,0.2427266808960705,42.62852492370296
lonestar,Affiliate,2026-04-14,14,983,1,10758.07,10.94412004069176,0.2567323185655538,42.62852492370296
lonestar,Affiliate,2026-04-14,15,983,1,11128.87,11.321332655137336,0.2655811496034731,42.62852492370296
lonestar,Affiliate,2026-04-14,16,983,1,11947.68,12.154303153611394,0.2851213635790896,42.62852492370296
lonestar,Affiliate,2026-04-14,17,983,1,12333.54,12.546836215666328,0.2943295888873191,42.62852492370296
lonestar,Affiliate,2026-04-14,18,983,1,12515.48,12.731922685656157,0.2986714344079206,42.62852492370296
lonestar,Affiliate,2026-04-14,19,983,1,12645.46,12.8641505595117,0.3017732981034673,42.62852492370296
lonestar,Affiliate,2026-04-14,20,983,1,12737.4,12.95768056968464,0.303967369100302,42.62852492370296
lonestar,Affiliate,2026-04-14,21,983,1,12979.32,13.20378433367243,0.3097405870201871,42.62852492370296
lonestar,Affiliate,2026-04-14,22,983,1,13379.22,13.610600203458798,0.3192838651541242,42.62852492370296
lonestar,Affiliate,2026-04-14,23,983,1,13719.15,13.956408952187182,0.3273960095303914,42.62852492370296
lonestar,Affiliate,2026-04-14,24,983,1,13885.12,14.1252492370295,0.3313567443938311,42.62852492370296
lonestar,Affiliate,2026-04-14,25,983,1,14121.05,14.36525940996948,0.3369870159870789,42.62852492370296
lonestar,Affiliate,2026-04-14,26,983,1,14316.0,14.56358087487284,0.3416393342471716,42.62852492370296
lonestar,Affiliate,2026-04-14,27,983,1,14382.91,14.631648016276705,0.3432360852847853,42.62852492370296
lonestar,Affiliate,2026-04-14,28,983,1,14762.85,15.018158697863685,0.3523030347576737,42.62852492370296
lonestar,Affiliate,2026-04-14,29,983,1,15274.8,15.538962360122074,0.3645202921737004,42.62852492370296
lonestar,Affiliate,2026-04-14,30,983,1,15350.77,15.616246185147508,0.3663332525133734,42.62852492370296
lonestar,Affiliate,2026-04-14,31,983,1,16036.64,16.313977619532043,0.3827009648757726,42.62852492370296
lonestar,Affiliate,2026-04-14,32,983,1,16380.51,16.663794506612412,0.3909071340478581,42.62852492370296
lonestar,Affiliate,2026-04-14,33,983,1,16450.49,16.734984740590033,0.3925771480608937,42.62852492370296
lonestar,Affiliate,2026-04-14,34,983,1,16472.46,16.75733468972533,0.3931014436863065,42.62852492370296
lonestar,Affiliate,2026-04-14,35,983,1,16592.41,16.879359104781283,0.3959639498432601,42.62852492370296
lonestar,Affiliate,2026-04-14,36,983,1,16972.31,17.265829094608343,0.4050299447496935,42.62852492370296
lonestar,Affiliate,2026-04-14,37,983,1,17052.29,17.347192268565617,0.406938600376481,42.62852492370296
lonestar,Affiliate,2026-04-14,38,983,1,17608.2,17.91271617497457,0.420204926326561,42.62852492370296
lonestar,Affiliate,2026-04-14,39,983,1,18298.12,18.614567650050866,0.4366692885425296,42.62852492370296
lonestar,Affiliate,2026-04-14,40,983,1,18836.02,19.16177009155646,0.4495058209462426,42.62852492370296
lonestar,Affiliate,2026-04-14,41,983,1,18954.93,19.282736520854527,0.452343508375366,42.62852492370296
lonestar,Affiliate,2026-04-14,42,983,1,18974.91,19.303062054933875,0.4528203143196422,42.62852492370296
lonestar,Affiliate,2026-04-14,43,983,1,19412.86,19.74858596134283,0.4632716237939053,42.62852492370296
lonestar,Affiliate,2026-04-14,44,983,1,19540.8,19.87873855544252,0.4663248046002465,42.62852492370296
lonestar,Affiliate,2026-04-14,45,983,1,19590.77,19.929572736520853,0.4675172967441646,42.62852492370296
lonestar,Affiliate,2026-04-14,46,983,1,19656.74,19.996683621566635,0.4690916154700858,42.62852492370296
lonestar,Affiliate,2026-04-14,47,983,1,19896.66,20.240752797558493,0.4748171050672204,42.62852492370296
lonestar,Affiliate,2026-04-14,48,983,1,19992.6,20.3383519837233,0.477106632709556,42.62852492370296
lonestar,Affiliate,2026-04-14,49,983,1,20062.56,20.40952187182096,0.4787761694393639,42.62852492370296
lonestar,Affiliate,2026-04-14,50,983,1,20065.55,20.41256358087487,0.4788475232818757,42.62852492370296
lonestar,Affiliate,2026-04-14,51,983,1,20327.49,20.679033570701936,0.4850985017124922,42.62852492370296
lonestar,Affiliate,2026-04-14,52,983,1,20417.46,20.77055951169888,0.4872455603114177,42.62852492370296
lonestar,Affiliate,2026-04-14,53,983,1,20709.42,21.06756866734486,0.4942129408665172,42.62852492370296
lonestar,Affiliate,2026-04-14,54,983,1,21439.38,21.81015259409969,0.5116328241039484,42.62852492370296
lonestar,Affiliate,2026-04-14,55,983,1,21489.37,21.861007121057984,0.5128257935310939,42.62852492370296
lonestar,Affiliate,2026-04-14,56,983,1,21507.34,21.879287894201426,0.5132546325110061,42.62852492370296
lonestar,Affiliate,2026-04-14,57,983,1,21507.34,21.879287894201426,0.5132546325110061,42.62852492370296
lonestar,Affiliate,2026-04-14,58,983,1,21993.3,22.373652085452694,0.5248516603728918,42.62852492370296
lonestar,Affiliate,2026-04-14,59,983,1,21999.29,22.37974567650051,0.5249946066995291,42.62852492370296
lonestar,Affiliate,2026-04-14,60,983,1,22060.22,22.44172939979654,0.5264486500521193,42.62852492370296
lonestar,Affiliate,2026-04-14,61,983,1,22097.16,22.479308240081384,0.5273301921733187,42.62852492370296
lonestar,Affiliate,2026-04-14,62,983,1,22107.15,22.489471007121058,0.5275685951454567,42.62852492370296
lonestar,Affiliate,2026-04-14,63,983,1,23077.09,23.47618514750763,0.5507153998297053,42.62852492370296
lonestar,Affiliate,2026-04-14,64,983,1,23142.07,23.542288911495422,0.5522660930358649,42.62852492370296
lonestar,Affiliate,2026-04-14,65,983,1,23174.04,23.574811800610377,0.5530290302750296,42.62852492370296
lonestar,Affiliate,2026-04-14,66,983,1,23186.02,23.586998982706003,0.5533149229283044,42.62852492370296
lonestar,Affiliate,2026-04-14,67,983,1,23236.01,23.637853509664296,0.5545078923554501,42.62852492370296
lonestar,Affiliate,2026-04-14,68,983,1,23236.01,23.637853509664296,0.5545078923554501,42.62852492370296
lonestar,Affiliate,2026-04-14,69,983,1,23247.99,23.65004069175992,0.5547937850087247,42.62852492370296
lonestar,Affiliate,2026-04-14,70,983,1,23395.89,23.800498474059,0.5583232944761147,42.62852492370296
lonestar,Affiliate,2026-04-14,71,983,1,24213.8,24.632553407934893,0.5778420307064936,42.62852492370296
lonestar,Affiliate,2026-04-14,72,983,1,24713.78,25.14118006103764,0.5897736341108594,42.62852492370296
lonestar,Affiliate,2026-04-14,73,983,1,25479.74,25.920386571719227,0.6080526271577974,42.62852492370296
lonestar,Affiliate,2026-04-14,74,983,1,25595.71,26.038362156663275,0.6108201539524778,42.62852492370296
lonestar,Affiliate,2026-04-14,75,983,1,25759.65,26.205137334689727,0.614732444568326,42.62852492370296
lonestar,Affiliate,2026-04-14,76,983,1,25785.62,26.23155645981689,0.6153521968392395,42.62852492370296
lonestar,Affiliate,2026-04-14,77,983,1,25813.58,26.26,0.6160194387912897,42.62852492370296
lonestar,Affiliate,2026-04-14,78,983,1,25861.54,26.30878942014242,0.6171639639708436,42.62852492370296
lonestar,Affiliate,2026-04-14,79,983,1,25913.5,26.361648016276703,0.6184039457958983,42.62852492370296
lonestar,Affiliate,2026-04-14,80,983,1,26228.47,26.68206510681587,0.6259204407042409,42.62852492370296
lonestar,Affiliate,2026-04-14,81,983,1,26328.45,26.78377416073245,0.6283063795585321,42.62852492370296
lonestar,Affiliate,2026-04-14,82,983,1,26392.4,26.84883011190234,0.6298324926784753,42.62852492370296
lonestar,Affiliate,2026-04-14,83,983,1,26487.35,26.94542217700916,0.6320983948010492,42.62852492370296
lonestar,Affiliate,2026-04-14,84,983,1,26549.32,27.008463886063076,0.6335772568814695,42.62852492370296
lonestar,Affiliate,2026-04-14,85,983,1,26549.32,27.008463886063076,0.6335772568814695,42.62852492370296
lonestar,Affiliate,2026-04-14,86,983,1,26639.25,27.0999491353001,0.63572336091394,42.62852492370296
lonestar,Affiliate,2026-04-14,87,983,1,26853.05,27.317446592065107,0.6408255186159549,42.62852492370296
lonestar,Affiliate,2026-04-14,88,983,1,26972.91,27.43937945066124,0.6436858769983849,42.62852492370296
lonestar,Affiliate,2026-04-14,89,983,1,27046.86,27.514608341810785,0.64545063173208,42.62852492370296
lonestar,Affiliate,2026-04-14,90,983,1,27406.85,27.88082400813835,0.6540414911855332,42.62852492370296
lonestar,Affiliate,2026-04-14,91,983,1,27432.83,27.907253306205494,0.6546614820980606,42.62852492370296
lonestar,Affiliate,2026-04-14,92,983,1,27558.77,28.03537131230926,0.6576669345816517,42.62852492370296
lonestar,Affiliate,2026-04-14,93,983,1,27625.73,28.103489318413025,0.6592648788273341,42.62852492370296
lonestar,Affiliate,2026-04-14,94,983,1,28078.63,28.56422177009156,0.6700729575141562,42.62852492370296
lonestar,Affiliate,2026-04-14,95,983,1,28606.58,29.1013021363174,0.682672041512186,42.62852492370296
lonestar,Affiliate,2026-04-14,96,983,1,28624.55,29.119582909460835,0.683100880492098,42.62852492370296
lonestar,Affiliate,2026-04-14,97,983,1,30040.5,30.56002034587996,0.7168913397912935,42.62852492370296
lonestar,Affiliate,2026-04-14,98,983,1,30226.41,30.749145473041708,0.7213279260325545,42.62852492370296
lonestar,Affiliate,2026-04-14,99,983,1,30838.38,31.3716988809766,0.7359320768693274,42.62852492370296
lonestar,Affiliate,2026-04-14,100,983,1,30838.38,31.3716988809766,0.7359320768693274,42.62852492370296
lonestar,Affiliate,2026-04-14,101,983,1,30968.34,31.503906408952187,0.7390334632816467,42.62852492370296
lonestar,Affiliate,2026-04-14,102,983,1,32745.210000000003,33.31150559511699,0.7814369757043745,42.62852492370296
lonestar,Affiliate,2026-04-14,103,983,1,33465.130000000005,34.043875890132256,0.7986172627615991,42.62852492370296
lonestar,Affiliate,2026-04-14,104,983,1,33645.04,34.226897253306205,0.8029106640346086,42.62852492370296
lonestar,Affiliate,2026-04-14,105,983,1,33730.98,34.31432349949136,0.8049615500631924,42.62852492370296
lonestar,Affiliate,2026-04-14,106,983,1,33846.93,34.432278738555446,0.8077285995746452,42.62852492370296
lonestar,Affiliate,2026-04-14,107,983,1,33884.89,34.47089521871821,0.8086344831404473,42.62852492370296
lonestar,Affiliate,2026-04-14,108,983,1,34169.8,34.760732451678535,0.8154336213578516,42.62852492370296
lonestar,Affiliate,2026-04-14,109,983,1,34395.68,34.99051881993896,0.8208240581292787,42.62852492370296
lonestar,Affiliate,2026-04-14,110,983,1,34825.590000000004,35.42786368260428,0.8310834997460853,42.62852492370296
lonestar,Affiliate,2026-04-14,111,983,1,36395.55,37.024974567650055,0.8685492785386734,42.62852492370296
lonestar,Affiliate,2026-04-14,112,983,1,36461.5,37.09206510681587,0.8701231199813668,42.62852492370296
lonestar,Affiliate,2026-04-14,113,983,1,37071.380000000005,37.71249237029502,0.8846773947208656,42.62852492370296
lonestar,Affiliate,2026-04-14,114,983,1,37343.27,37.98908443540184,0.8911658215571652,42.62852492370296
lonestar,Affiliate,2026-04-14,115,983,1,38815.14,39.48640895218718,0.926290764760461,42.62852492370296
lonestar,Affiliate,2026-04-14,116,983,1,41555.04,42.27369277721262,0.9916761805123347,42.62852492370296
lonestar,Affiliate,2026-04-14,117,983,1,41651.98,42.372309257375385,0.9939895723160456,42.62852492370296
lonestar,Affiliate,2026-04-14,118,983,1,41827.87,42.55124109867752,0.9981870396603272,42.62852492370296
lonestar,Affiliate,2026-04-14,119,983,1,41903.84,42.62852492370296,1.0,42.62852492370296
lonestar,Affiliate,2026-04-14,120,983,1,41903.84,42.62852492370296,1.0,42.62852492370296
lonestar,Affiliate,2026-04-11,1,1374,1,5619.01,4.089526928675401,0.1885610525305526,21.688078602620084
lonestar,Affiliate,2026-04-11,2,1374,1,6034.79,4.392132459970888,0.2025136730849124,21.688078602620084
lonestar,Affiliate,2026-04-11,3,1374,1,6298.7,4.584206695778748,0.211369885722608,21.688078602620084
lonestar,Affiliate,2026-04-11,4,1374,1,7016.82,5.106855895196507,0.2354683413301333,21.688078602620084
lonestar,Affiliate,2026-04-11,5,1374,1,7563.71,5.504883551673944,0.2538207119467426,21.688078602620084
lonestar,Affiliate,2026-04-11,6,1374,1,7976.6,5.805385735080058,0.2676763507477663,21.688078602620084
lonestar,Affiliate,2026-04-11,7,1374,1,8681.45,6.318377001455604,0.2913294956747481,21.688078602620084
lonestar,Affiliate,2026-04-11,8,1374,1,9942.27,7.236004366812227,0.3336397151353953,21.688078602620084
lonestar,Affiliate,2026-04-11,9,1374,1,10214.13,7.43386462882096,0.3427627114890156,21.688078602620084
lonestar,Affiliate,2026-04-11,10,1374,1,10426.07,7.588114992721979,0.3498749304516665,21.688078602620084
lonestar,Affiliate,2026-04-11,11,1374,1,10527.02,7.661586608442504,0.3532625802784082,21.688078602620084
lonestar,Affiliate,2026-04-11,12,1374,1,10527.02,7.661586608442504,0.3532625802784082,21.688078602620084
lonestar,Affiliate,2026-04-11,13,1374,1,10646.98,7.748893740902474,0.3572881619843608,21.688078602620084
lonestar,Affiliate,2026-04-11,14,1374,1,11008.91,8.01230713245997,0.3694337003874572,21.688078602620084
lonestar,Affiliate,2026-04-11,15,1374,1,11508.82,8.376142649199418,0.3862095302526023,21.688078602620084
lonestar,Affiliate,2026-04-11,16,1374,1,11924.75,8.678857350800582,0.4001671844619795,21.688078602620084
lonestar,Affiliate,2026-04-11,17,1374,1,12494.65,9.09363173216885,0.4192917177582652,21.688078602620084
lonestar,Affiliate,2026-04-11,18,1374,1,12869.54,9.366477438136826,0.4318721639548689,21.688078602620084
lonestar,Affiliate,2026-04-11,19,1374,1,12990.49,9.454505094614264,0.4359309677839367,21.688078602620084
lonestar,Affiliate,2026-04-11,20,1374,1,13320.429999999998,9.694636098981077,0.4470029953603124,21.688078602620084
lonestar,Affiliate,2026-04-11,21,1374,1,13767.34,10.019898107714702,0.462000267119293,21.688078602620084
lonestar,Affiliate,2026-04-11,22,1374,1,14167.88,10.31141193595342,0.4754414683238801,21.688078602620084
lonestar,Affiliate,2026-04-11,23,1374,1,14384.8,10.46928675400291,0.4827208046331103,21.688078602620084
lonestar,Affiliate,2026-04-11,24,1374,1,14455.36,10.520640465793305,0.4850886359533172,21.688078602620084
lonestar,Affiliate,2026-04-11,25,1374,1,14605.32,10.629781659388646,0.4901209486627593,21.688078602620084
lonestar,Affiliate,2026-04-11,26,1374,1,14791.26,10.765109170305678,0.4963606674223861,21.688078602620084
lonestar,Affiliate,2026-04-11,27,1374,1,15129.09,11.010982532751092,0.5076974652526794,21.688078602620084
lonestar,Affiliate,2026-04-11,28,1374,1,15241.06,11.092474526928674,0.5114549209347028,21.688078602620084
lonestar,Affiliate,2026-04-11,29,1374,1,15421.59,11.22386462882096,0.5175130925367004,21.688078602620084
lonestar,Affiliate,2026-04-11,30,1374,1,15706.56,11.431266375545851,0.5270760303388455,21.688078602620084
lonestar,Affiliate,2026-04-11,31,1374,1,15726.55,11.445815138282386,0.5277468487641706,21.688078602620084
lonestar,Affiliate,2026-04-11,32,1374,1,15803.1,11.501528384279476,0.5303156907080743,21.688078602620084
lonestar,Affiliate,2026-04-11,33,1374,1,15879.65,11.557241630276565,0.5328845326519779,21.688078602620084
lonestar,Affiliate,2026-04-11,34,1374,1,16102.42,11.719374090247452,0.5403601815068885,21.688078602620084
lonestar,Affiliate,2026-04-11,35,1374,1,17312.48,12.600058224163028,0.5809670121096316,21.688078602620084
lonestar,Affiliate,2026-04-11,36,1374,1,17498.46,12.735414847161572,0.5872080731772632,21.688078602620084
lonestar,Affiliate,2026-04-11,37,1374,1,17573.41,12.789963609898107,0.5897232228009808,21.688078602620084
lonestar,Affiliate,2026-04-11,38,1374,1,17723.329999999998,12.899075691411934,0.594754193202418,21.688078602620084
lonestar,Affiliate,2026-04-11,39,1374,1,17733.32,12.906346433770016,0.59508943462658,21.688078602620084
lonestar,Affiliate,2026-04-11,40,1374,1,17843.13,12.986266375545853,0.5987744056763522,21.688078602620084
lonestar,Affiliate,2026-04-11,41,1374,1,18049.37,13.136368267831148,0.60569534574834,21.688078602620084
lonestar,Affiliate,2026-04-11,42,1374,1,18751.22,13.64717612809316,0.6292478175749731,21.688078602620084
lonestar,Affiliate,2026-04-11,43,1374,1,18851.17,13.719919941775837,0.6326019097015982,21.688078602620084
lonestar,Affiliate,2026-04-11,44,1374,1,19055.66,13.868748180494904,0.6394641237983827,21.688078602620084
lonestar,Affiliate,2026-04-11,45,1374,1,19278.17,14.030691411935951,0.6469310476512631,21.688078602620084
lonestar,Affiliate,2026-04-11,46,1374,1,19581.13,14.25118631732169,0.6570976884785007,21.688078602620084
lonestar,Affiliate,2026-04-11,47,1374,1,19686.67,14.327998544395928,0.6606393681487762,21.688078602620084
lonestar,Affiliate,2026-04-11,48,1374,1,19686.67,14.327998544395928,0.6606393681487762,21.688078602620084
lonestar,Affiliate,2026-04-11,49,1374,1,20174.86,14.68330422125182,0.677021901768558,21.688078602620084
lonestar,Affiliate,2026-04-11,50,1374,1,20367.8,14.82372634643377,0.683496524428999,21.688078602620084
lonestar,Affiliate,2026-04-11,51,1374,1,20468.04,14.896681222707423,0.6868603482886582,21.688078602620084
lonestar,Affiliate,2026-04-11,52,1374,1,20633.85,15.01735807860262,0.6924245505449436,21.688078602620084
lonestar,Affiliate,2026-04-11,53,1374,1,20646.84,15.026812227074236,0.6928604650694545,21.688078602620084
lonestar,Affiliate,2026-04-11,54,1374,1,20673.4,15.04614264919942,0.6937517575845438,21.688078602620084
lonestar,Affiliate,2026-04-11,55,1374,1,20933.66,15.23556040756914,0.7024854846168147,21.688078602620084
lonestar,Affiliate,2026-04-11,56,1374,1,20964.22,15.257802037845709,0.7035110079323693,21.688078602620084
lonestar,Affiliate,2026-04-11,57,1374,1,20984.49,15.27255458515284,0.7041912225137269,21.688078602620084
lonestar,Affiliate,2026-04-11,58,1374,1,21284.69,15.49104075691412,0.7142652440886434,21.688078602620084
lonestar,Affiliate,2026-04-11,59,1374,1,21464.62,15.621994177583696,0.7203032810705712,21.688078602620084
lonestar,Affiliate,2026-04-11,60,1374,1,21511.16,15.655866084425035,0.7218650564339844,21.688078602620084
lonestar,Affiliate,2026-04-11,61,1374,1,21611.42,15.728835516739448,0.7252295514476458,21.688078602620084
lonestar,Affiliate,2026-04-11,62,1374,1,21627.69,15.740676855895195,0.725775535228538,21.688078602620084
lonestar,Affiliate,2026-04-11,63,1374,1,21797.93,15.86457787481805,0.7314883980963389,21.688078602620084
lonestar,Affiliate,2026-04-11,64,1374,1,21908.19,15.944825327510916,0.7351884701111633,21.688078602620084
lonestar,Affiliate,2026-04-11,65,1374,1,23454.02,17.069883551673946,0.7870629696819604,21.688078602620084
lonestar,Affiliate,2026-04-11,66,1374,1,23823.9,17.339082969432315,0.7994752918009815,21.688078602620084
lonestar,Affiliate,2026-04-11,67,1374,1,23918.87,17.40820232896652,0.8026622665810275,21.688078602620084
lonestar,Affiliate,2026-04-11,68,1374,1,23969.13,17.444781659388646,0.8043488765888733,21.688078602620084
lonestar,Affiliate,2026-04-11,69,1374,1,24155.34,17.580305676855897,0.8105976559275316,21.688078602620084
lonestar,Affiliate,2026-04-11,70,1374,1,24195.59,17.609599708879184,0.811948353357213,21.688078602620084
lonestar,Affiliate,2026-04-11,71,1374,1,24266.8,17.661426491994177,0.8143379971824956,21.688078602620084
lonestar,Affiliate,2026-04-11,72,1374,1,24309.05,17.69217612809316,0.8157558100124097,21.688078602620084
lonestar,Affiliate,2026-04-11,73,1374,1,24399.02,17.757656477438136,0.8187749962918742,21.688078602620084
lonestar,Affiliate,2026-04-11,74,1374,1,24439.28,17.786957787481803,0.8201260292985568,21.688078602620084
lonestar,Affiliate,2026-04-11,75,1374,1,24565.22,17.878617176128095,0.8243522860512053,21.688078602620084
lonestar,Affiliate,2026-04-11,76,1374,1,24695.47,17.973413391557497,0.8287231764913546,21.688078602620084
lonestar,Affiliate,2026-04-11,77,1374,1,24729.71,17.99833333333333,0.8298721921433371,21.688078602620084
lonestar,Affiliate,2026-04-11,78,1374,1,24794.96,18.04582241630277,0.8320618320759264,21.688078602620084
lonestar,Affiliate,2026-04-11,79,1374,1,24805.24,18.05330422125182,0.8324068052331222,21.688078602620084
lonestar,Affiliate,2026-04-11,80,1374,1,24885.75,18.111899563318776,0.8351085356694862,21.688078602620084
lonestar,Affiliate,2026-04-11,81,1374,1,25015.99,18.206688500727804,0.8394790905326347,21.688078602620084
lonestar,Affiliate,2026-04-11,82,1374,1,25091.95,18.26197234352256,0.8420281334334696,21.688078602620084
lonestar,Affiliate,2026-04-11,83,1374,1,25126.19,18.2868922852984,0.8431771490854522,21.688078602620084
lonestar,Affiliate,2026-04-11,84,1374,1,25254.42,18.380218340611357,0.8474802529713666,21.688078602620084
lonestar,Affiliate,2026-04-11,85,1374,1,25400.62,18.486622998544394,0.8523863887283712,21.688078602620084
lonestar,Affiliate,2026-04-11,86,1374,1,25466.88,18.534847161572053,0.8546099219380782,21.688078602620084
lonestar,Affiliate,2026-04-11,87,1374,1,25496.83,18.55664483260553,0.8556149750565616,21.688078602620084
lonestar,Affiliate,2026-04-11,88,1374,1,25566.34,18.607234352256185,0.8579475707916463,21.688078602620084
lonestar,Affiliate,2026-04-11,89,1374,1,25576.33,18.614505094614263,0.8582828122158084,21.688078602620084
lonestar,Affiliate,2026-04-11,90,1374,1,25606.6,18.636535662299856,0.8592986037983291,21.688078602620084
lonestar,Affiliate,2026-04-11,91,1374,1,25646.83,18.665815138282387,0.8606486300740083,21.688078602620084
lonestar,Affiliate,2026-04-11,92,1374,1,25703.08,18.70675400291121,0.8625362507055508,21.688078602620084
lonestar,Affiliate,2026-04-11,93,1374,1,25999.26,18.92231441048035,0.8724753703259998,21.688078602620084
lonestar,Affiliate,2026-04-11,94,1374,1,26149.24,19.03147016011645,0.8775083541894441,21.688078602620084
lonestar,Affiliate,2026-04-11,95,1374,1,26219.5,19.08260553129549,0.8798661181996161,21.688078602620084
lonestar,Affiliate,2026-04-11,96,1374,1,26329.76,19.162852983988355,0.8835661902144405,21.688078602620084
lonestar,Affiliate,2026-04-11,97,1374,1,26500.27,19.286950509461427,0.8892881136612727,21.688078602620084
lonestar,Affiliate,2026-04-11,98,1374,1,26560.25,19.33060407569141,0.891300904514249,21.688078602620084
lonestar,Affiliate,2026-04-11,99,1374,1,26650.49,19.39628093158661,0.894329151372745,21.688078602620084
lonestar,Affiliate,2026-04-11,100,1374,1,26665.76,19.407394468704517,0.8948415774535211,21.688078602620084
lonestar,Affiliate,2026-04-11,101,1374,1,26841.66,19.53541484716157,0.90074437690398,21.688078602620084
lonestar,Affiliate,2026-04-11,102,1374,1,26968.6,19.627802037845704,0.9050041913567446,21.688078602620084
lonestar,Affiliate,2026-04-11,103,1374,1,26979.58,19.63579330422125,0.9053726549040216,21.688078602620084
lonestar,Affiliate,2026-04-11,104,1374,1,27049.84,19.68692867540029,0.9077304189141938,21.688078602620084
lonestar,Affiliate,2026-04-11,105,1374,1,27244.79,19.828813682678312,0.9142724925518686,21.688078602620084
lonestar,Affiliate,2026-04-11,106,1374,1,27244.79,19.828813682678312,0.9142724925518686,21.688078602620084
lonestar,Affiliate,2026-04-11,107,1374,1,27344.75,19.901564774381367,0.917626920255495,21.688078602620084
lonestar,Affiliate,2026-04-11,108,1374,1,27404.73,19.945218340611355,0.9196397111084714,21.688078602620084
lonestar,Affiliate,2026-04-11,109,1374,1,27475.28,19.99656477438137,0.9220072068516773,21.688078602620084
lonestar,Affiliate,2026-04-11,110,1374,1,27585.54,20.076812227074235,0.9257072788665016,21.688078602620084
lonestar,Affiliate,2026-04-11,111,1374,1,27975.77,20.360822416302767,0.9388025001828896,21.688078602620084
lonestar,Affiliate,2026-04-11,112,1374,1,28012.03,20.38721251819505,0.9400193023891068,21.688078602620084
lonestar,Affiliate,2026-04-11,113,1374,1,28151.98,20.48906841339156,0.9447157025203848,21.688078602620084
lonestar,Affiliate,2026-04-11,114,1374,1,28566.92,20.79106259097525,0.9586401346066468,21.688078602620084
lonestar,Affiliate,2026-04-11,115,1374,1,28762.14,20.933144104803493,0.965191268823353,21.688078602620084
lonestar,Affiliate,2026-04-11,116,1374,1,29048.06,21.14123726346434,0.9747860864406088,21.688078602620084
lonestar,Affiliate,2026-04-11,117,1374,1,29073.32,21.15962154294032,0.9756337539455469,21.688078602620084
lonestar,Affiliate,2026-04-11,118,1374,1,29208.56,21.25804949053857,0.9801720973092768,21.688078602620084
lonestar,Affiliate,2026-04-11,119,1374,1,29723.47,21.632802037845707,0.9974512926761664,21.688078602620084
lonestar,Affiliate,2026-04-11,120,1374,1,29799.42,21.688078602620084,1.0,21.688078602620084
lonestar,Affiliate,2026-04-12,1,1021,1,10770.14,10.548619000979432,0.0711277941153841,148.30516160626837
lonestar,Affiliate,2026-04-12,2,1021,1,15409.61,15.09266405484819,0.1017676248849471,148.30516160626837
lonestar,Affiliate,2026-04-12,3,1021,1,20387.12,19.967796278158666,0.1346399279828888,148.30516160626837
lonestar,Affiliate,2026-04-12,4,1021,1,23838.66,23.348344760039176,0.1574344716472249,148.30516160626837
lonestar,Affiliate,2026-04-12,5,1021,1,27887.99,27.314387855044075,0.1841769197997326,148.30516160626837
lonestar,Affiliate,2026-04-12,6,1021,1,30817.61,30.183751224289917,0.2035246170623784,148.30516160626837
lonestar,Affiliate,2026-04-12,7,1021,1,32402.3,31.735847208619,0.2139901731328387,148.30516160626837
lonestar,Affiliate,2026-04-12,8,1021,1,36437.61,35.68815866797258,0.2406400308757976,148.30516160626837
lonestar,Affiliate,2026-04-12,9,1021,1,39100.06,38.295847208619,0.258223293065751,148.30516160626837
lonestar,Affiliate,2026-04-12,10,1021,1,43591.45,42.69485798237022,0.2878851789104935,148.30516160626837
lonestar,Affiliate,2026-04-12,11,1021,1,47241.16,46.26950048971596,0.311988470182553,148.30516160626837
lonestar,Affiliate,2026-04-12,12,1021,1,48333.98,47.33984329089129,0.3192056350444001,148.30516160626837
lonestar,Affiliate,2026-04-12,13,1021,1,49449.84,48.43275220372184,0.3265749598945499,148.30516160626837
lonestar,Affiliate,2026-04-12,14,1021,1,49875.75,48.84990205680705,0.3293877403033174,148.30516160626837
lonestar,Affiliate,2026-04-12,15,1021,1,50332.66,49.29741429970617,0.332405249863013,148.30516160626837
lonestar,Affiliate,2026-04-12,16,1021,1,57302.24,56.12364348677767,0.3784335142412569,148.30516160626837
lonestar,Affiliate,2026-04-12,17,1021,1,64593.0,63.264446620959845,0.4265829047064391,148.30516160626837
lonestar,Affiliate,2026-04-12,18,1021,1,65182.86,63.842174338883446,0.43047843815697,148.30516160626837
lonestar,Affiliate,2026-04-12,19,1021,1,66227.6,64.86542605288933,0.4373780747098938,148.30516160626837
lonestar,Affiliate,2026-04-12,20,1021,1,67448.43000000001,66.0611459353575,0.4454406388817509,148.30516160626837
lonestar,Affiliate,2026-04-12,21,1021,1,68429.33,67.02187071498531,0.4519186654670859,148.30516160626837
lonestar,Affiliate,2026-04-12,22,1021,1,69332.15,67.90612144955925,0.4578810387587284,148.30516160626837
lonestar,Affiliate,2026-04-12,23,1021,1,70182.05,68.73854064642508,0.4634939195772383,148.30516160626837
lonestar,Affiliate,2026-04-12,24,1021,1,71744.81,70.26915768854064,0.4738146462838323,148.30516160626837
lonestar,Affiliate,2026-04-12,25,1021,1,72346.66,70.85862879529873,0.4777893636866093,148.30516160626837
lonestar,Affiliate,2026-04-12,26,1021,1,73596.5,72.08276199804114,0.4860435147187381,148.30516160626837
lonestar,Affiliate,2026-04-12,27,1021,1,75408.31,73.85730656219393,0.498009009007224,148.30516160626837
lonestar,Affiliate,2026-04-12,28,1021,1,76108.26,74.54285994123408,0.5026315951101961,148.30516160626837
lonestar,Affiliate,2026-04-12,29,1021,1,76154.23,74.58788442703232,0.502935188628524,148.30516160626837
lonestar,Affiliate,2026-04-12,30,1021,1,76294.19,74.72496571988248,0.5038595077241337,148.30516160626837
lonestar,Affiliate,2026-04-12,31,1021,1,77965.09999999999,76.36150832517139,0.5148944750008204,148.30516160626837
lonestar,Affiliate,2026-04-12,32,1021,1,78215.04,76.60630754162585,0.5165451202905939,148.30516160626837
lonestar,Affiliate,2026-04-12,33,1021,1,80027.97,78.38194906953967,0.5285180112451779,148.30516160626837
lonestar,Affiliate,2026-04-12,34,1021,1,80777.83,79.11638589618022,0.5334702112811441,148.30516160626837
lonestar,Affiliate,2026-04-12,35,1021,1,81997.75,80.31121449559255,0.5415267656617965,148.30516160626837
lonestar,Affiliate,2026-04-12,36,1021,1,82406.66,80.7117140058766,0.5442272752458616,148.30516160626837
lonestar,Affiliate,2026-04-12,37,1021,1,83026.44,81.31874632713027,0.5483204053478689,148.30516160626837
lonestar,Affiliate,2026-04-12,38,1021,1,83476.35,81.75940254652302,0.5512916857444516,148.30516160626837
lonestar,Affiliate,2026-04-12,39,1021,1,84186.21,82.45466209598433,0.5559797191340591,148.30516160626837
lonestar,Affiliate,2026-04-12,40,1021,1,84606.18,82.86599412340841,0.5587532707958422,148.30516160626837
lonestar,Affiliate,2026-04-12,41,1021,1,85576.08,83.81594515181195,0.5651586515534286,148.30516160626837
lonestar,Affiliate,2026-04-12,42,1021,1,86383.95,84.60719882468169,0.5704939592682768,148.30516160626837
lonestar,Affiliate,2026-04-12,43,1021,1,86912.81,85.12518119490696,0.5739866385831105,148.30516160626837
lonestar,Affiliate,2026-04-12,44,1021,1,87105.73,85.31413320274241,0.5752607143184992,148.30516160626837
lonestar,Affiliate,2026-04-12,45,1021,1,87501.59999999999,85.70186092066601,0.5778751055758512,148.30516160626837
lonestar,Affiliate,2026-04-12,46,1021,1,87641.54,85.83892262487757,0.5787992925881377,148.30516160626837
lonestar,Affiliate,2026-04-12,47,1021,1,88412.41,86.59393731635652,0.583890246155104,148.30516160626837
lonestar,Affiliate,2026-04-12,48,1021,1,89723.11,87.87767874632713,0.5925463267396678,148.30516160626837
lonestar,Affiliate,2026-04-12,49,1021,1,90013.04,88.16164544564153,0.5944610726341384,148.30516160626837
lonestar,Affiliate,2026-04-12,50,1021,1,90644.88,88.78048971596475,0.5986338489800229,148.30516160626837
lonestar,Affiliate,2026-04-12,51,1021,1,90770.82,88.90383937316356,0.5994655776660837,148.30516160626837
lonestar,Affiliate,2026-04-12,52,1021,1,92777.57,90.86931439764936,0.6127184881055995,148.30516160626837
lonestar,Affiliate,2026-04-12,53,1021,1,92777.57,90.86931439764936,0.6127184881055995,148.30516160626837
lonestar,Affiliate,2026-04-12,54,1021,1,95357.49,93.39617042115572,0.629756708462453,148.30516160626837
lonestar,Affiliate,2026-04-12,55,1021,1,95740.42,93.77122428991186,0.6322856418097079,148.30516160626837
lonestar,Affiliate,2026-04-12,56,1021,1,95900.37,93.92788442703232,0.6333419781868354,148.30516160626837
lonestar,Affiliate,2026-04-12,57,1021,1,96298.25,94.31758080313418,0.6359696438181669,148.30516160626837
lonestar,Affiliate,2026-04-12,58,1021,1,96718.22,94.72891283055829,0.6387431954799502,148.30516160626837
lonestar,Affiliate,2026-04-12,59,1021,1,96928.17,94.9345445641528,0.6401297401650262,148.30516160626837
lonestar,Affiliate,2026-04-12,60,1021,1,98193.08,96.17343780607249,0.6484834159811708,148.30516160626837
lonestar,Affiliate,2026-04-12,61,1021,1,99363.01,97.31930460333008,0.6562098280955361,148.30516160626837
lonestar,Affiliate,2026-04-12,62,1021,1,99757.88,97.70605288932418,0.6588176151867291,148.30516160626837
lonestar,Affiliate,2026-04-12,63,1021,1,99822.84,97.76967678746328,0.6592466218204159,148.30516160626837
lonestar,Affiliate,2026-04-12,64,1021,1,101332.81,99.24858961802154,0.6692187145954779,148.30516160626837
lonestar,Affiliate,2026-04-12,65,1021,1,105041.66,102.8811557296768,0.693712576254179,148.30516160626837
lonestar,Affiliate,2026-04-12,66,1021,1,105681.62,103.5079529872674,0.6979389784292744,148.30516160626837
lonestar,Affiliate,2026-04-12,67,1021,1,106721.52,104.52646425073456,0.7048066508179887,148.30516160626837
lonestar,Affiliate,2026-04-12,68,1021,1,108131.33,105.90727717923605,0.7141172703105682,148.30516160626837
lonestar,Affiliate,2026-04-12,69,1021,1,109003.23,106.76124387855045,0.7198754427845753,148.30516160626837
lonestar,Affiliate,2026-04-12,70,1021,1,109743.16,107.48595494613124,0.724762063450583,148.30516160626837
lonestar,Affiliate,2026-04-12,71,1021,1,112080.94,109.7756513222331,0.7402011510137031,148.30516160626837
lonestar,Affiliate,2026-04-12,72,1021,1,112806.78,110.48656219392753,0.744994718978531,148.30516160626837
lonestar,Affiliate,2026-04-12,73,1021,1,112868.75,110.54725759059744,0.7454039791554024,148.30516160626837
lonestar,Affiliate,2026-04-12,74,1021,1,113228.62,110.89972575905972,0.7477806204310313,148.30516160626837
lonestar,Affiliate,2026-04-12,75,1021,1,114098.56,111.75177277179236,0.753525848739367,148.30516160626837
lonestar,Affiliate,2026-04-12,76,1021,1,115013.35,112.6477473065622,0.7595672738999325,148.30516160626837
lonestar,Affiliate,2026-04-12,77,1021,1,115043.33,112.67711067580804,0.7597652668013785,148.30516160626837
lonestar,Affiliate,2026-04-12,78,1021,1,115979.19,113.59372184133204,0.7659458417429134,148.30516160626837
lonestar,Affiliate,2026-04-12,79,1021,1,116129.1,113.74054848188052,0.7669358722918048,148.30516160626837
lonestar,Affiliate,2026-04-12,80,1021,1,116907.96,114.503388834476,0.7720795931463812,148.30516160626837
lonestar,Affiliate,2026-04-12,81,1021,1,119533.73,117.07515181194908,0.7894206145216237,148.30516160626837
lonestar,Affiliate,2026-04-12,82,1021,1,120593.59,118.1132125367287,0.796420106066871,148.30516160626837
lonestar,Affiliate,2026-04-12,83,1021,1,121373.47,118.87705190989226,0.8015705631709296,148.30516160626837
lonestar,Affiliate,2026-04-12,84,1021,1,123163.38,120.63014691478942,0.8133914262205341,148.30516160626837
lonestar,Affiliate,2026-04-12,85,1021,1,123473.29,120.93368266405484,0.8154381233548609,148.30516160626837
lonestar,Affiliate,2026-04-12,86,1021,1,126409.03,123.8090401567091,0.8348262381143995,148.30516160626837
lonestar,Affiliate,2026-04-12,87,1021,1,127566.9,124.94309500489716,0.8424730039848878,148.30516160626837
lonestar,Affiliate,2026-04-12,88,1021,1,128498.8,125.85582761998042,0.8486274264284333,148.30516160626837
lonestar,Affiliate,2026-04-12,89,1021,1,128829.72,126.17994123408424,0.85081287709376,148.30516160626837
lonestar,Affiliate,2026-04-12,90,1021,1,129855.61,127.1847306562194,0.8575880251145872,148.30516160626837
lonestar,Affiliate,2026-04-12,91,1021,1,129891.58,127.21996082272284,0.8578255769713254,148.30516160626837
lonestar,Affiliate,2026-04-12,92,1021,1,131342.5,128.64103819784526,0.8674076937347003,148.30516160626837
lonestar,Affiliate,2026-04-12,93,1021,1,131342.5,128.64103819784526,0.8674076937347003,148.30516160626837
lonestar,Affiliate,2026-04-12,94,1021,1,133192.42,130.45290891283057,0.8796248727955046,148.30516160626837
lonestar,Affiliate,2026-04-12,95,1021,1,134322.33,131.5595788442703,0.8870869861801878,148.30516160626837
lonestar,Affiliate,2026-04-12,96,1021,1,134392.28,131.6280901077375,0.887548947603008,148.30516160626837
lonestar,Affiliate,2026-04-12,97,1021,1,136907.08,134.09116552399607,0.9041571046595892,148.30516160626837
lonestar,Affiliate,2026-04-12,98,1021,1,138571.92,135.72176297747308,0.9151519846476912,148.30516160626837
lonestar,Affiliate,2026-04-12,99,1021,1,139721.74,136.84793339862878,0.9227455869805996,148.30516160626837
lonestar,Affiliate,2026-04-12,100,1021,1,139847.66999999998,136.97127326150832,0.9235772496249988,148.30516160626837
lonestar,Affiliate,2026-04-12,101,1021,1,140213.52,137.3295984329089,0.9259933838142586,148.30516160626837
lonestar,Affiliate,2026-04-12,102,1021,1,142198.43,139.27368266405483,0.9391020592648625,148.30516160626837
lonestar,Affiliate,2026-04-12,103,1021,1,143048.31,140.10608227228207,0.944714808000049,148.30516160626837
lonestar,Affiliate,2026-04-12,104,1021,1,145528.1,142.53486777668954,0.9610917531994048,148.30516160626837
lonestar,Affiliate,2026-04-12,105,1021,1,145899.91999999998,142.8990401567091,0.9635473142606334,148.30516160626837
lonestar,Affiliate,2026-04-12,106,1021,1,147833.8,144.7931439764936,0.9763189791121448,148.30516160626837
lonestar,Affiliate,2026-04-12,107,1021,1,147863.78,144.82250734573947,0.976516972013591,148.30516160626837
lonestar,Affiliate,2026-04-12,108,1021,1,147915.73,144.873388834476,0.9768600584455496,148.30516160626837
lonestar,Affiliate,2026-04-12,109,1021,1,147935.71,144.89295788442703,0.976992009685406,148.30516160626837
lonestar,Affiliate,2026-04-12,110,1021,1,148203.55,145.15528893241918,0.9787608695494248,148.30516160626837
lonestar,Affiliate,2026-04-12,111,1021,1,148423.45,145.37066601371205,0.9802131256877826,148.30516160626837
lonestar,Affiliate,2026-04-12,112,1021,1,149909.33,146.82598432908912,0.990026124100075,148.30516160626837
lonestar,Affiliate,2026-04-12,113,1021,1,150022.24,146.9365719882468,0.9907718005010844,148.30516160626837
lonestar,Affiliate,2026-04-12,114,1021,1,150028.23,146.9424387855044,0.9908113594563768,148.30516160626837
lonestar,Affiliate,2026-04-12,115,1021,1,150159.15,147.07066601371204,0.9916759768899092,148.30516160626837
lonestar,Affiliate,2026-04-12,116,1021,1,150800.91,147.69922624877572,0.9959142665640908,148.30516160626837
lonestar,Affiliate,2026-04-12,117,1021,1,151040.83000000002,147.93421155729678,0.9974987381089512,148.30516160626837
lonestar,Affiliate,2026-04-12,118,1021,1,151310.67,148.1985014691479,0.999280806305288,148.30516160626837
lonestar,Affiliate,2026-04-12,119,1021,1,151413.58000000002,148.2992948090108,0.999960441044708,148.30516160626837
lonestar,Affiliate,2026-04-12,120,1021,1,151419.57,148.30516160626837,1.0,148.30516160626837
lonestar,Affiliate,2026-04-13,1,1019,1,7414.58,7.276329735034348,0.0223966348833921,324.8849558390579
lonestar,Affiliate,2026-04-13,2,1019,1,11239.21,11.0296467124632,0.0339493919746997,324.8849558390579
lonestar,Affiliate,2026-04-13,3,1019,1,12889.05,12.64872423945044,0.0389329330648243,324.8849558390579
lonestar,Affiliate,2026-04-13,4,1019,1,14601.84,14.329578017664376,0.0441066222369588,324.8849558390579
lonestar,Affiliate,2026-04-13,5,1019,1,15925.660000000002,15.628714425907754,0.048105380520143,324.8849558390579
lonestar,Affiliate,2026-04-13,6,1019,1,19332.45,18.97198233562316,0.058396001398789,324.8849558390579
lonestar,Affiliate,2026-04-13,7,1019,1,25440.09,24.96574092247301,0.0768448660788115,324.8849558390579
lonestar,Affiliate,2026-04-13,8,1019,1,37993.8,37.28537782139352,0.1147648641504471,324.8849558390579
lonestar,Affiliate,2026-04-13,9,1019,1,49153.64,48.23713444553484,0.1484745094489097,324.8849558390579
lonestar,Affiliate,2026-04-13,10,1019,1,49359.59,48.43924435721295,0.1490966063113395,324.8849558390579
lonestar,Affiliate,2026-04-13,11,1019,1,49565.48,48.64129538763493,0.1497185219365188,324.8849558390579
lonestar,Affiliate,2026-04-13,12,1019,1,52597.27,51.61655544651619,0.1588764099993786,324.8849558390579
lonestar,Affiliate,2026-04-13,13,1019,1,61305.0,60.16192345436703,0.1851791607247279,324.8849558390579
lonestar,Affiliate,2026-04-13,14,1019,1,64740.87,63.53372914622179,0.1955576212574621,324.8849558390579
lonestar,Affiliate,2026-04-13,15,1019,1,75511.61,74.10364082433759,0.2280919429862649,324.8849558390579
lonestar,Affiliate,2026-04-13,16,1019,1,77093.48,75.6560157016683,0.2328701724777521,324.8849558390579
lonestar,Affiliate,2026-04-13,17,1019,1,77361.4,75.9189401373896,0.2336794572137666,324.8849558390579
lonestar,Affiliate,2026-04-13,18,1019,1,80202.28,78.70684985279686,0.2422606785516618,324.8849558390579
lonestar,Affiliate,2026-04-13,19,1019,1,107121.88,105.1245142296369,0.3235745833725636,324.8849558390579
lonestar,Affiliate,2026-04-13,20,1019,1,134188.39,131.68634936211973,0.4053322476013778,324.8849558390579
lonestar,Affiliate,2026-04-13,21,1019,1,134244.35,131.74126594700687,0.4055012815437016,324.8849558390579
lonestar,Affiliate,2026-04-13,22,1019,1,140010.22,137.39962708537783,0.4229177886385207,324.8849558390579
lonestar,Affiliate,2026-04-13,23,1019,1,140120.19999999998,137.50755642787044,0.4232499965187344,324.8849558390579
lonestar,Affiliate,2026-04-13,24,1019,1,140723.04,138.09915603532878,0.425070947587184,324.8849558390579
lonestar,Affiliate,2026-04-13,25,1019,1,143491.91,140.8163984298332,0.4334346540182398,324.8849558390579
lonestar,Affiliate,2026-04-13,26,1019,1,144330.80000000002,141.63964671246322,0.4359686226364662,324.8849558390579
lonestar,Affiliate,2026-04-13,27,1019,1,145530.68,142.8171540726202,0.4395930051724809,324.8849558390579
lonestar,Affiliate,2026-04-13,28,1019,1,146990.54,144.24979391560353,0.4440026887150239,324.8849558390579
lonestar,Affiliate,2026-04-13,29,1019,1,147071.49,144.32923454367025,0.4442472079721916,324.8849558390579
lonestar,Affiliate,2026-04-13,30,1019,1,147783.35,145.02782139352306,0.4463974671248464,324.8849558390579
lonestar,Affiliate,2026-04-13,31,1019,1,147983.23,145.223974484789,0.4470012288187647,324.8849558390579
lonestar,Affiliate,2026-04-13,32,1019,1,149213.03000000003,146.43084396467128,0.4507159883303752,324.8849558390579
lonestar,Affiliate,2026-04-13,33,1019,1,150238.87,147.43755642787045,0.4538146620150313,324.8849558390579
lonestar,Affiliate,2026-04-13,34,1019,1,151173.73,148.354985279686,0.4566385196154738,324.8849558390579
lonestar,Affiliate,2026-04-13,35,1019,1,151369.66,148.5472620215898,0.4572303498570657,324.8849558390579
lonestar,Affiliate,2026-04-13,36,1019,1,151964.55000000002,149.1310598626104,0.4590272869898205,324.8849558390579
lonestar,Affiliate,2026-04-13,37,1019,1,152464.51,149.6216977428852,0.4605374765860351,324.8849558390579
lonestar,Affiliate,2026-04-13,38,1019,1,153909.4,151.0396467124632,0.464901941434572,324.8849558390579
lonestar,Affiliate,2026-04-13,39,1019,1,154431.29,151.55180569185478,0.4664783732458538,324.8849558390579
lonestar,Affiliate,2026-04-13,40,1019,1,155142.17,152.24943081452406,0.4686256721900834,324.8849558390579
lonestar,Affiliate,2026-04-13,41,1019,1,156750.99,153.82825318940135,0.473485307413265,324.8849558390579
lonestar,Affiliate,2026-04-13,42,1019,1,156980.93,154.05390578999018,0.4741798689696967,324.8849558390579
lonestar,Affiliate,2026-04-13,43,1019,1,157823.76,154.88102060843966,0.4767257388340409,324.8849558390579
lonestar,Affiliate,2026-04-13,44,1019,1,158504.62,155.54918547595682,0.4787823587405908,324.8849558390579
lonestar,Affiliate,2026-04-13,45,1019,1,158639.56,155.681609421001,0.4791899613170233,324.8849558390579
lonestar,Affiliate,2026-04-13,46,1019,1,159324.47,156.35374877330716,0.4812588147379836,324.8849558390579
lonestar,Affiliate,2026-04-13,47,1019,1,159584.44,156.60887144259078,0.4820440855383034,324.8849558390579
lonestar,Affiliate,2026-04-13,48,1019,1,159804.37,156.82470068694798,0.4827084106801057,324.8849558390579
lonestar,Affiliate,2026-04-13,49,1019,1,170409.27000000002,167.2318645731109,0.5147417926484553,324.8849558390579
lonestar,Affiliate,2026-04-13,50,1019,1,170439.25,167.26128557409226,0.5148323508613013,324.8849558390579
lonestar,Affiliate,2026-04-13,51,1019,1,178509.07,175.1806378802748,0.5392082173452688,324.8849558390579
lonestar,Affiliate,2026-04-13,52,1019,1,179140.98,175.80076545632974,0.541116977861598,324.8849558390579
lonestar,Affiliate,2026-04-13,53,1019,1,179529.87,176.18240431795877,0.5422916671008808,324.8849558390579
lonestar,Affiliate,2026-04-13,54,1019,1,202378.63,198.6051324828263,0.6113091077729425,324.8849558390579
lonestar,Affiliate,2026-04-13,55,1019,1,205448.55,201.6178115799804,0.6205821721085115,324.8849558390579
lonestar,Affiliate,2026-04-13,56,1019,1,214265.37,210.27023552502453,0.6472144423615249,324.8849558390579
lonestar,Affiliate,2026-04-13,57,1019,1,218593.25,214.5174190382728,0.6602873268916177,324.8849558390579
lonestar,Affiliate,2026-04-13,58,1019,1,219145.17,215.0590480863592,0.6619544679467877,324.8849558390579
lonestar,Affiliate,2026-04-13,59,1019,1,228934.01,224.66536800785084,0.6915228420707359,324.8849558390579
lonestar,Affiliate,2026-04-13,60,1019,1,230543.97000000003,226.24530912659472,0.6963859208016776,324.8849558390579
lonestar,Affiliate,2026-04-13,61,1019,1,230843.95,226.53969578017663,0.6972920466418897,324.8849558390579
lonestar,Affiliate,2026-04-13,62,1019,1,230893.94000000003,226.58875368007853,0.6974430474777862,324.8849558390579
lonestar,Affiliate,2026-04-13,63,1019,1,230989.86000000004,226.68288518155055,0.6977327854289601,324.8849558390579
lonestar,Affiliate,2026-04-13,64,1019,1,232380.80000000005,228.04789008832196,0.7019342877830659,324.8849558390579
lonestar,Affiliate,2026-04-13,65,1019,1,235041.66,230.65913640824337,0.7099717369569667,324.8849558390579
lonestar,Affiliate,2026-04-13,66,1019,1,248475.46,243.84245338567223,0.7505501532255232,324.8849558390579
lonestar,Affiliate,2026-04-13,67,1019,1,249215.4,244.56859666339548,0.7527852314114241,324.8849558390579
lonestar,Affiliate,2026-04-13,68,1019,1,249395.35,244.74519136408244,0.7533287921319594,324.8849558390579
lonestar,Affiliate,2026-04-13,69,1019,1,250445.19,245.77545632973505,0.756499960716826,324.8849558390579
lonestar,Affiliate,2026-04-13,70,1019,1,250495.16,245.8244946025515,0.7566509011403054,324.8849558390579
lonestar,Affiliate,2026-04-13,71,1019,1,250811.1,246.13454367026495,0.7576052360891575,324.8849558390579
lonestar,Affiliate,2026-04-13,72,1019,1,251051.04,246.37000981354268,0.7583300038540101,324.8849558390579
lonestar,Affiliate,2026-04-13,73,1019,1,254893.92,250.1412365063788,0.7699378872756861,324.8849558390579
lonestar,Affiliate,2026-04-13,74,1019,1,254923.9,250.17065750736012,0.7700284454885321,324.8849558390579
lonestar,Affiliate,2026-04-13,75,1019,1,255243.81,250.4846025515211,0.7709947723021272,324.8849558390579
lonestar,Affiliate,2026-04-13,76,1019,1,262809.68,257.90940137389595,0.79384839691272,324.8849558390579
lonestar,Affiliate,2026-04-13,77,1019,1,262865.64,257.9643179587831,0.7940174308550437,324.8849558390579
lonestar,Affiliate,2026-04-13,78,1019,1,263215.58,258.3077330716389,0.7950744669125271,324.8849558390579
lonestar,Affiliate,2026-04-13,79,1019,1,263925.47,259.0043866535819,0.7972187754421228,324.8849558390579
lonestar,Affiliate,2026-04-13,80,1019,1,264562.32,259.6293621197252,0.7991424578254122,324.8849558390579
lonestar,Affiliate,2026-04-13,81,1019,1,270872.17000000004,265.8215603532876,0.818202122245915,324.8849558390579
lonestar,Affiliate,2026-04-13,82,1019,1,271092.08,266.0373699705594,0.8188663869753005,324.8849558390579
lonestar,Affiliate,2026-04-13,83,1019,1,271779.87,266.71233562316,0.8209439397842859,324.8849558390579
lonestar,Affiliate,2026-04-13,84,1019,1,271901.77,266.8319627085378,0.8213121534649376,324.8849558390579
lonestar,Affiliate,2026-04-13,85,1019,1,273231.53,268.1369283611384,0.825328854235924,324.8849558390579
lonestar,Affiliate,2026-04-13,86,1019,1,274011.41000000003,268.90226692836114,0.8276845760182581,324.8849558390579
lonestar,Affiliate,2026-04-13,87,1019,1,274622.35,269.5018155053974,0.8295299941155284,324.8849558390579
lonestar,Affiliate,2026-04-13,88,1019,1,276710.17,271.5507065750736,0.8358365067220745,324.8849558390579
lonestar,Affiliate,2026-04-13,89,1019,1,282702.0,277.4308145240432,0.8539355533023737,324.8849558390579
lonestar,Affiliate,2026-04-13,90,1019,1,283243.86,277.9625711481845,0.8555723069118722,324.8849558390579
lonestar,Affiliate,2026-04-13,91,1019,1,292824.57,287.36464180569186,0.8845119992199548,324.8849558390579
lonestar,Affiliate,2026-04-13,92,1019,1,294554.48000000004,289.0622963689892,0.8897374014209061,324.8849558390579
lonestar,Affiliate,2026-04-13,93,1019,1,295750.29000000004,290.23580961727185,0.8933494900300936,324.8849558390579
lonestar,Affiliate,2026-04-13,94,1019,1,298130.08,292.5712266928361,0.9005379333039065,324.8849558390579
lonestar,Affiliate,2026-04-13,95,1019,1,299539.93,293.95478900883217,0.904796555598136,324.8849558390579
lonestar,Affiliate,2026-04-13,96,1019,1,300384.77,294.7838763493621,0.907348496910373,324.8849558390579
lonestar,Affiliate,2026-04-13,97,1019,1,306551.46,300.83558390579003,0.9259757292511216,324.8849558390579
lonestar,Affiliate,2026-04-13,98,1019,1,309281.18,303.5144062806673,0.934221178376209,324.8849558390579
lonestar,Affiliate,2026-04-13,99,1019,1,310197.04000000004,304.4131894013739,0.9369876441806516,324.8849558390579
lonestar,Affiliate,2026-04-13,100,1019,1,310625.93,304.83408243375857,0.9382831582536184,324.8849558390579
lonestar,Affiliate,2026-04-13,101,1019,1,311769.76,305.9565848871443,0.9417382349914336,324.8849558390579
lonestar,Affiliate,2026-04-13,102,1019,1,312713.60000000003,306.8828263002944,0.944589217767038,324.8849558390579
lonestar,Affiliate,2026-04-13,103,1019,1,313543.49,307.6972423945044,0.9470960007976856,324.8849558390579
lonestar,Affiliate,2026-04-13,104,1019,1,317279.23000000004,311.3633267909716,0.9583802549023394,324.8849558390579
lonestar,Affiliate,2026-04-13,105,1019,1,317898.01,311.97056918547594,0.9602493546670116,324.8849558390579
lonestar,Affiliate,2026-04-13,106,1019,1,318057.91000000003,312.1274877330717,0.9607323519396632,324.8849558390579
lonestar,Affiliate,2026-04-13,107,1019,1,318283.80000000005,312.3491658488715,0.9614146799816844,324.8849558390579
lonestar,Affiliate,2026-04-13,108,1019,1,318661.63,312.71995093228657,0.9625559611544536,324.8849558390579
lonestar,Affiliate,2026-04-13,109,1019,1,319625.4,313.6657507360157,0.965467144903441,324.8849558390579
lonestar,Affiliate,2026-04-13,110,1019,1,320217.24,314.2465554465162,0.9672548691426271,324.8849558390579
lonestar,Affiliate,2026-04-13,111,1019,1,322569.71,316.5551619234544,0.974360789055034,324.8849558390579
lonestar,Affiliate,2026-04-13,112,1019,1,324173.56,318.1291069676153,0.9792054117926308,324.8849558390579
lonestar,Affiliate,2026-04-13,113,1019,1,325175.45,319.1123159960746,0.9822317416081188,324.8849558390579
lonestar,Affiliate,2026-04-13,114,1019,1,325687.38,319.614700686948,0.9837780880358132,324.8849558390579
lonestar,Affiliate,2026-04-13,115,1019,1,327074.2,320.97566241413153,0.9879671454320496,324.8849558390579
lonestar,Affiliate,2026-04-13,116,1019,1,327869.89,321.75651619234543,0.9903706232298972,324.8849558390579
lonestar,Affiliate,2026-04-13,117,1019,1,328024.87,321.9086064769382,0.9908387590480054,324.8849558390579
lonestar,Affiliate,2026-04-13,118,1019,1,328992.83,322.858518155054,0.9937625991983212,324.8849558390579
lonestar,Affiliate,2026-04-13,119,1019,1,329027.80000000005,322.8928361138371,0.9938682303091694,324.8849558390579
lonestar,Affiliate,2026-04-13,120,1019,1,331057.77,324.8849558390579,1.0,324.8849558390579
lonestar,Blended,overall,1,11280,5,59254.83,5.253087765957447,0.0634614686410767,82.7760195035461
lonestar,Blended,overall,2,11280,5,82025.78,7.271789007092199,0.0878489815130658,82.7760195035461
lonestar,Blended,overall,3,11280,5,98435.23,8.726527482269503,0.1054233766567582,82.7760195035461
lonestar,Blended,overall,4,11280,5,112731.99,9.993970744680851,0.120735097007808,82.7760195035461
lonestar,Blended,overall,5,11280,5,124362.27,11.025023936170212,0.1331910377219564,82.7760195035461
lonestar,Blended,overall,6,11280,5,136872.85,12.13411790780142,0.1465897729871101,82.7760195035461
lonestar,Blended,overall,7,11280,5,149564.85,13.259295212765958,0.1601828076813712,82.7760195035461
lonestar,Blended,overall,8,11280,5,179672.56,15.928418439716312,0.1924279342646326,82.7760195035461
lonestar,Blended,overall,9,11280,5,207114.44,18.361209219858157,0.221817977356009,82.7760195035461
lonestar,Blended,overall,10,11280,5,218360.3,19.358182624113475,0.2338622071973898,82.7760195035461
lonestar,Blended,overall,11,11280,5,226328.07,20.06454521276596,0.2423956277808985,82.7760195035461
lonestar,Blended,overall,12,11280,5,234877.57,20.82247960992908,0.2515520767344587,82.7760195035461
lonestar,Blended,overall,13,11280,5,248307.31,22.01305939716312,0.2659352253126896,82.7760195035461
lonestar,Blended,overall,14,11280,5,256653.17,22.75294060283688,0.2748735773874963,82.7760195035461
lonestar,Blended,overall,15,11280,5,272182.65,24.12966755319149,0.2915055314076534,82.7760195035461
lonestar,Blended,overall,16,11280,5,289774.05,25.689188829787238,0.3103457859396913,82.7760195035461
lonestar,Blended,overall,17,11280,5,299600.98,26.560370567375884,0.3208703526295807,82.7760195035461
lonestar,Blended,overall,18,11280,5,304871.68,27.02763120567376,0.3265152319207123,82.7760195035461
lonestar,Blended,overall,19,11280,5,335039.47000000003,29.702080673758868,0.3588247037233584,82.7760195035461
lonestar,Blended,overall,20,11280,5,369557.05,32.76214982269504,0.3957927672674755,82.7760195035461
lonestar,Blended,overall,21,11280,5,374164.07,33.170573581560284,0.4007268503668417,82.7760195035461
lonestar,Blended,overall,22,11280,5,384321.57000000007,34.07106117021277,0.4116054549923505,82.7760195035461
lonestar,Blended,overall,23,11280,5,388093.3000000001,34.40543439716313,0.4156449489056333,82.7760195035461
lonestar,Blended,overall,24,11280,5,392125.05,34.76285904255319,0.4199629222454211,82.7760195035461
lonestar,Blended,overall,25,11280,5,398580.18,35.33512234042553,0.4268763169858848,82.7760195035461
lonestar,Blended,overall,26,11280,5,407559.55,36.13116578014184,0.4364931534137612,82.7760195035461
lonestar,Blended,overall,27,11280,5,413320.42,36.64188120567376,0.4426630010169072,82.7760195035461
lonestar,Blended,overall,28,11280,5,417870.5,37.04525709219858,0.4475361018128152,82.7760195035461
lonestar,Blended,overall,29,11280,5,421295.5,37.34889184397163,0.4512042505543724,82.7760195035461
lonestar,Blended,overall,30,11280,5,424017.85,37.590234929078015,0.4541198665329354,82.7760195035461
lonestar,Blended,overall,31,11280,5,428578.04,37.99450709219858,0.4590037950613331,82.7760195035461
lonestar,Blended,overall,32,11280,5,435115.67,38.57408421985816,0.4660055466692942,82.7760195035461
lonestar,Blended,overall,33,11280,5,439962.66,39.003781914893615,0.4711966357988826,82.7760195035461
lonestar,Blended,overall,34,11280,5,443120.56,39.283737588652485,0.4745787224882151,82.7760195035461
lonestar,Blended,overall,35,11280,5,447338.05,39.65762854609929,0.4790956219439903,82.7760195035461
lonestar,Blended,overall,36,11280,5,450707.16,39.9563085106383,0.4827039129240394,82.7760195035461
lonestar,Blended,overall,37,11280,5,453894.95,40.2389140070922,0.4861180115742142,82.7760195035461
lonestar,Blended,overall,38,11280,5,459158.93,40.70557890070922,0.4917556937968659,82.7760195035461
lonestar,Blended,overall,39,11280,5,463181.9900000001,41.06223315602837,0.4960643602132774,82.7760195035461
lonestar,Blended,overall,40,11280,5,467726.83,41.4651445035461,0.5009318490093589,82.7760195035461
lonestar,Blended,overall,41,11280,5,472758.17,41.91118528368794,0.5063203755755915,82.7760195035461
lonestar,Blended,overall,42,11280,5,478388.03,42.41028634751773,0.5123499124731516,82.7760195035461
lonestar,Blended,overall,43,11280,5,483991.06000000006,42.90700886524823,0.5183507146464092,82.7760195035461
lonestar,Blended,overall,44,11280,5,486264.87,43.108587765957445,0.5207859477237933,82.7760195035461
lonestar,Blended,overall,45,11280,5,488609.63,43.31645656028369,0.523297167707225,82.7760195035461
lonestar,Blended,overall,46,11280,5,490821.24,43.51252127659574,0.5256657850614777,82.7760195035461
lonestar,Blended,overall,47,11280,5,493283.26,43.730785460992905,0.5283025896059123,82.7760195035461
lonestar,Blended,overall,48,11280,5,496343.4,44.00207446808511,0.5315799760847412,82.7760195035461
lonestar,Blended,overall,49,11280,5,509582.14,45.17572163120568,0.5457585651273116,82.7760195035461
lonestar,Blended,overall,50,11280,5,512794.74,45.46052659574468,0.5491992350972756,82.7760195035461
lonestar,Blended,overall,51,11280,5,522248.26,46.29860460992908,0.5593238825399869,82.7760195035461
lonestar,Blended,overall,52,11280,5,526124.87,46.64227570921986,0.5634757021291863,82.7760195035461
lonestar,Blended,overall,53,11280,5,528803.24,46.87971985815603,0.5663442158649308,82.7760195035461
lonestar,Blended,overall,54,11280,5,558054.05,49.47287677304965,0.5976716091177862,82.7760195035461
lonestar,Blended,overall,55,11280,5,563402.6,49.947039007092194,0.6033998651620652,82.7760195035461
lonestar,Blended,overall,56,11280,5,574482.2699999999,50.92927925531914,0.6152661067875744,82.7760195035461
lonestar,Blended,overall,57,11280,5,582422.54,51.633203900709226,0.6237700750819176,82.7760195035461
lonestar,Blended,overall,58,11280,5,586200.02,51.96808687943263,0.6278157272011169,82.7760195035461
lonestar,Blended,overall,59,11280,5,597647.21,52.98290868794326,0.640075579928961,82.7760195035461
lonestar,Blended,overall,60,11280,5,603106.55,53.46689273049646,0.6459224912138468,82.7760195035461
lonestar,Blended,overall,61,11280,5,606394.43,53.75837145390072,0.6494437854866617,82.7760195035461
lonestar,Blended,overall,62,11280,5,608431.2999999999,53.93894503546099,0.6516252576405932,82.7760195035461
lonestar,Blended,overall,63,11280,5,612372.9400000001,54.288381205673765,0.6558467238612273,82.7760195035461
lonestar,Blended,overall,64,11280,5,617790.6799999999,54.76867730496453,0.6616490818650475,82.7760195035461
lonestar,Blended,overall,65,11280,5,627437.7300000001,55.62391223404256,0.6719809984540227,82.7760195035461
lonestar,Blended,overall,66,11280,5,643480.8700000001,57.04617641843973,0.6891630783961035,82.7760195035461
lonestar,Blended,overall,67,11280,5,646713.15,57.33272606382979,0.6926248254951868,82.7760195035461
lonestar,Blended,overall,68,11280,5,651467.54,57.75421453900709,0.6977167407347115,82.7760195035461
lonestar,Blended,overall,69,11280,5,656443.0000000001,58.195301418439726,0.7030454202493593,82.7760195035461
lonestar,Blended,overall,70,11280,5,664061.12,58.870666666666665,0.7112043683635291,82.7760195035461
lonestar,Blended,overall,71,11280,5,672463.3600000001,59.61554609929079,0.7202031029860874,82.7760195035461
lonestar,Blended,overall,72,11280,5,677208.03,60.03617287234043,0.7252846081801324,82.7760195035461
lonestar,Blended,overall,73,11280,5,684784.2400000001,60.70782269503547,0.7333986710056137,82.7760195035461
lonestar,Blended,overall,74,11280,5,687081.03,60.91143882978724,0.7358585154868169,82.7760195035461
lonestar,Blended,overall,75,11280,5,689559.45,61.131156914893616,0.7385128843055178,82.7760195035461
lonestar,Blended,overall,76,11280,5,700797.8200000001,62.12746631205675,0.7505490924143221,82.7760195035461
lonestar,Blended,overall,77,11280,5,702251.37,62.25632712765957,0.7521058333203922,82.7760195035461
lonestar,Blended,overall,78,11280,5,706466.86,62.63004078014184,0.7566205907915008,82.7760195035461
lonestar,Blended,overall,79,11280,5,709285.8799999999,62.87995390070921,0.7596397395989241,82.7760195035461
lonestar,Blended,overall,80,11280,5,714171.39,63.3130664893617,0.7648720833531913,82.7760195035461
lonestar,Blended,overall,81,11280,5,725937.63,64.35617287234042,0.7774736361849753,82.7760195035461
lonestar,Blended,overall,82,11280,5,731868.46,64.88195567375887,0.7838255096450892,82.7760195035461
lonestar,Blended,overall,83,11280,5,737357.2,65.36854609929078,0.7897039081045739,82.7760195035461
lonestar,Blended,overall,84,11280,5,742312.7200000001,65.80786524822696,0.7950112320320957,82.7760195035461
lonestar,Blended,overall,85,11280,5,747326.8,66.25237588652483,0.8003812732706554,82.7760195035461
lonestar,Blended,overall,86,11280,5,752394.28,66.70162056737588,0.8058085054998134,82.7760195035461
lonestar,Blended,overall,87,11280,5,757642.91,67.16692464539007,0.811429747990149,82.7760195035461
lonestar,Blended,overall,88,11280,5,766261.38,67.93097340425533,0.8206600632849371,82.7760195035461
lonestar,Blended,overall,89,11280,5,774400.3599999999,68.65251418439715,0.8293768484658302,82.7760195035461
lonestar,Blended,overall,90,11280,5,778273.94,68.99591666666666,0.8335254229482598,82.7760195035461
lonestar,Blended,overall,91,11280,5,789392.46,69.98160106382979,0.8454332726259179,82.7760195035461
lonestar,Blended,overall,92,11280,5,795589.65,70.53099734042553,0.8520704156039299,82.7760195035461
lonestar,Blended,overall,93,11280,5,799216.0599999999,70.85248758865248,0.8559542729113374,82.7760195035461
lonestar,Blended,overall,94,11280,5,806964.03,71.53936436170213,0.8642522893799865,82.7760195035461
lonestar,Blended,overall,95,11280,5,811941.63,71.98064095744681,0.8695832608182275,82.7760195035461
lonestar,Blended,overall,96,11280,5,814822.1200000001,72.2360035460993,0.8726682435243789,82.7760195035461
lonestar,Blended,overall,97,11280,5,827009.9,73.3164804964539,0.8857212624643428,82.7760195035461
lonestar,Blended,overall,98,11280,5,834436.95,73.97490691489361,0.8936755760733887,82.7760195035461
lonestar,Blended,overall,99,11280,5,839279.68,74.40422695035461,0.8988621027756374,82.7760195035461
lonestar,Blended,overall,100,11280,5,841713.28,74.61997163120567,0.9014684697179596,82.7760195035461
lonestar,Blended,overall,101,11280,5,846291.35,75.02582890070921,0.9063715475892764,82.7760195035461
lonestar,Blended,overall,102,11280,5,852708.37,75.59471365248227,0.9132441268119182,82.7760195035461
lonestar,Blended,overall,103,11280,5,856404.43,75.9223785460993,0.9172025787353404,82.7760195035461
lonestar,Blended,overall,104,11280,5,865587.59,76.7364884751773,0.92703767269082,82.7760195035461
lonestar,Blended,overall,105,11280,5,869529.37,77.08593705673759,0.9312592888503808,82.7760195035461
lonestar,Blended,overall,106,11280,5,874340.5599999999,77.51246099290779,0.9364120364544368,82.7760195035461
lonestar,Blended,overall,107,11280,5,875599.47,77.6240664893617,0.9377603194127534,82.7760195035461
lonestar,Blended,overall,108,11280,5,878126.45,77.84808953900709,0.9404666956191594,82.7760195035461
lonestar,Blended,overall,109,11280,5,882060.0499999999,78.1968129432624,0.9446795510614336,82.7760195035461
lonestar,Blended,overall,110,11280,5,885282.58,78.48249822695036,0.9481308559852676,82.7760195035461
lonestar,Blended,overall,111,11280,5,890833.55,78.9746054964539,0.9540759022976536,82.7760195035461
lonestar,Blended,overall,112,11280,5,895534.95,79.39139627659574,0.9591110656534364,82.7760195035461
lonestar,Blended,overall,113,11280,5,899929.03,79.78094237588653,0.9638170916453496,82.7760195035461
lonestar,Blended,overall,114,11280,5,905711.13,80.29353989361704,0.9700096764157315,82.7760195035461
lonestar,Blended,overall,115,11280,5,912950.02,80.93528546099292,0.9777624721073436,82.7760195035461
lonestar,Blended,overall,116,11280,5,920293.47,81.5863005319149,0.9856272507573256,82.7760195035461
lonestar,Blended,overall,117,11280,5,922366.09,81.7700434397163,0.9878470108871724,82.7760195035461
lonestar,Blended,overall,118,11280,5,928235.6,82.29039007092199,0.9941332110974084,82.7760195035461
lonestar,Blended,overall,119,11280,5,930886.86,82.52543085106383,0.996972690230997,82.7760195035461
lonestar,Blended,overall,120,11280,5,933713.5,82.7760195035461,1.0,82.7760195035461
lonestar,Blended,2026-04-10,1,2204,1,10147.66,4.6042014519056265,0.0683300993061919,67.38174682395645
lonestar,Blended,2026-04-10,2,2204,1,14658.08,6.650671506352087,0.0987013816030597,67.38174682395645
lonestar,Blended,2026-04-10,3,2204,1,18114.17,8.218770417422869,0.1219732465365653,67.38174682395645
lonestar,Blended,2026-04-10,4,2204,1,20727.05,9.404287658802176,0.1395672879091736,67.38174682395645
lonestar,Blended,2026-04-10,5,2204,1,23706.9,10.756306715063522,0.1596323518172624,67.38174682395645
lonestar,Blended,2026-04-10,6,2204,1,24411.570000000003,11.07602994555354,0.1643773049471558,67.38174682395645
lonestar,Blended,2026-04-10,7,2204,1,25310.27,11.483788566243197,0.1704287749655123,67.38174682395645
lonestar,Blended,2026-04-10,8,2204,1,26014.98,11.80352994555354,0.1751739974386801,67.38174682395645
lonestar,Blended,2026-04-10,9,2204,1,30583.81,13.876501814882031,0.2059385882520409,67.38174682395645
lonestar,Blended,2026-04-10,10,2204,1,31987.47,14.51337114337568,0.215390247766858,67.38174682395645
lonestar,Blended,2026-04-10,11,2204,1,33081.86,15.00991833030853,0.2227594124195665,67.38174682395645
lonestar,Blended,2026-04-10,12,2204,1,34583.62,15.691297640653358,0.2328716363149342,67.38174682395645
lonestar,Blended,2026-04-10,13,2204,1,35695.29,16.195685117967333,0.2403571572621983,67.38174682395645
lonestar,Blended,2026-04-10,14,2204,1,36683.08,16.643865698729584,0.2470085220885389,67.38174682395645
lonestar,Blended,2026-04-10,15,2204,1,37389.15,16.964224137931033,0.2517629022330375,67.38174682395645
lonestar,Blended,2026-04-10,16,2204,1,42091.96,19.097985480943738,0.2834296583441165,67.38174682395645
lonestar,Blended,2026-04-10,17,2204,1,42798.77,19.41867967332124,0.2881890213391923,67.38174682395645
lonestar,Blended,2026-04-10,18,2204,1,43064.67,19.539323956442832,0.2899794807559954,67.38174682395645
lonestar,Blended,2026-04-10,19,2204,1,44060.54,19.991170598911072,0.2966852529237717,67.38174682395645
lonestar,Blended,2026-04-10,20,2204,1,45356.27,20.57906987295826,0.3054101569483461,67.38174682395645
lonestar,Blended,2026-04-10,21,2204,1,45782.09,20.77227313974592,0.3082774507763381,67.38174682395645
lonestar,Blended,2026-04-10,22,2204,1,47023.85,21.33568511796733,0.3166389433878818,67.38174682395645
lonestar,Blended,2026-04-10,23,2204,1,48060.14,21.80587114337568,0.3236168869344742,67.38174682395645
lonestar,Blended,2026-04-10,24,2204,1,48575.05,22.039496370235938,0.3270840755704505,67.38174682395645
lonestar,Blended,2026-04-10,25,2204,1,49300.92,22.368838475499093,0.3319717806357942,67.38174682395645
lonestar,Blended,2026-04-10,26,2204,1,54649.0,24.79537205081669,0.3679835151142314,67.38174682395645
lonestar,Blended,2026-04-10,27,2204,1,55557.76,25.207695099818512,0.3741027249661082,67.38174682395645
lonestar,Blended,2026-04-10,28,2204,1,56345.55,25.56513157894737,0.3794073734202764,67.38174682395645
lonestar,Blended,2026-04-10,29,2204,1,58134.26,26.376705989110707,0.3914517986306183,67.38174682395645
lonestar,Blended,2026-04-10,30,2204,1,58499.2,26.542286751361164,0.3939091519949212,67.38174682395645
lonestar,Blended,2026-04-10,31,2204,1,59554.08,27.02090744101633,0.401012272828307,67.38174682395645
lonestar,Blended,2026-04-10,32,2204,1,62751.92,28.471833030852995,0.422545190246245,67.38174682395645
lonestar,Blended,2026-04-10,33,2204,1,63473.810000000005,28.79936932849365,0.4274060956557825,67.38174682395645
lonestar,Blended,2026-04-10,34,2204,1,63784.69,28.9404219600726,0.4294994315846872,67.38174682395645
lonestar,Blended,2026-04-10,35,2204,1,64370.490000000005,29.20621143375681,0.43344396383878,67.38174682395645
lonestar,Blended,2026-04-10,36,2204,1,64772.37,29.38855263157895,0.4361500557170231,67.38174682395645
lonestar,Blended,2026-04-10,37,2204,1,65476.96,29.70823956442831,0.4408944701603676,67.38174682395645
lonestar,Blended,2026-04-10,38,2204,1,66536.78,30.18910163339383,0.4480308548881461,67.38174682395645
lonestar,Blended,2026-04-10,39,2204,1,67801.47,30.762917422867517,0.4565467485317592,67.38174682395645
lonestar,Blended,2026-04-10,40,2204,1,69403.14,31.4896279491833,0.4673317245908456,67.38174682395645
lonestar,Blended,2026-04-10,41,2204,1,70719.94,32.08708711433757,0.4761985051852284,67.38174682395645
lonestar,Blended,2026-04-10,42,2204,1,73650.49,33.41673774954628,0.4959316035075766,67.38174682395645
lonestar,Blended,2026-04-10,43,2204,1,76237.04000000001,34.59030852994556,0.5133483496697886,67.38174682395645
lonestar,Blended,2026-04-10,44,2204,1,76795.83,34.84384301270418,0.5171110078778194,67.38174682395645
lonestar,Blended,2026-04-10,45,2204,1,77607.64,35.212177858439205,0.5225773969682855,67.38174682395645
lonestar,Blended,2026-04-10,46,2204,1,77898.70999999999,35.34424228675136,0.5245373406405265,67.38174682395645
lonestar,Blended,2026-04-10,47,2204,1,78573.65999999999,35.65048094373865,0.529082171717515,67.38174682395645
lonestar,Blended,2026-04-10,48,2204,1,79253.55,35.9589609800363,0.5336602666888965,67.38174682395645
lonestar,Blended,2026-04-10,49,2204,1,79983.37,36.29009528130671,0.5385745694025905,67.38174682395645
lonestar,Blended,2026-04-10,50,2204,1,81541.04,36.99684210526316,0.549063267859799,67.38174682395645
lonestar,Blended,2026-04-10,51,2204,1,82118.85,37.25900635208712,0.5529539987948235,67.38174682395645
lonestar,Blended,2026-04-10,52,2204,1,82607.63,37.48077586206897,0.5562452389367755,67.38174682395645
lonestar,Blended,2026-04-10,53,2204,1,83809.37,38.02602994555354,0.5643372536022474,67.38174682395645
lonestar,Blended,2026-04-10,54,2204,1,85869.03,38.96053992740472,0.5782061428177898,67.38174682395645
lonestar,Blended,2026-04-10,55,2204,1,86630.84999999999,39.30619328493648,0.5833359201510314,67.38174682395645
lonestar,Blended,2026-04-10,56,2204,1,87526.56,39.71259528130671,0.5893672567596239,67.38174682395645
lonestar,Blended,2026-04-10,57,2204,1,89666.18000000001,40.68338475499093,0.603774563180761,67.38174682395645
lonestar,Blended,2026-04-10,58,2204,1,90631.91,41.12155626134302,0.6102773851912509,67.38174682395645
lonestar,Blended,2026-04-10,59,2204,1,90997.84,41.28758620689655,0.6127414048015959,67.38174682395645
lonestar,Blended,2026-04-10,60,2204,1,92077.99,41.77767241379311,0.6200146832486058,67.38174682395645
lonestar,Blended,2026-04-10,61,2204,1,93168.93,42.27265426497277,0.6273606170438941,67.38174682395645
lonestar,Blended,2026-04-10,62,2204,1,93388.86,42.37244101633394,0.6288415337025535,67.38174682395645
lonestar,Blended,2026-04-10,63,2204,1,94576.7,42.91138838475499,0.6368399515801595,67.38174682395645
lonestar,Blended,2026-04-10,64,2204,1,95581.79,43.36741833030853,0.643607807372693,67.38174682395645
lonestar,Blended,2026-04-10,65,2204,1,96265.61,43.67768148820327,0.6482123653207875,67.38174682395645
lonestar,Blended,2026-04-10,66,2204,1,96804.6,43.92223230490018,0.6518416986079734,67.38174682395645
lonestar,Blended,2026-04-10,67,2204,1,97279.48,44.13769509981851,0.6550393419620593,67.38174682395645
lonestar,Blended,2026-04-10,68,2204,1,98378.25,44.63622958257713,0.6624379997033183,67.38174682395645
lonestar,Blended,2026-04-10,69,2204,1,100278.07,45.49821687840291,0.6752305931942206,67.38174682395645
lonestar,Blended,2026-04-10,70,2204,1,101824.88,46.20003629764066,0.6856461649524201,67.38174682395645
lonestar,Blended,2026-04-10,71,2204,1,105270.31,47.763298548094376,0.7088462499032889,67.38174682395645
lonestar,Blended,2026-04-10,72,2204,1,107708.94,48.86975499092559,0.7252669646366421,67.38174682395645
lonestar,Blended,2026-04-10,73,2204,1,109204.79,49.54845281306716,0.7353393930632122,67.38174682395645
lonestar,Blended,2026-04-10,74,2204,1,109526.68,49.69450090744101,0.7375068657284047,67.38174682395645
lonestar,Blended,2026-04-10,75,2204,1,109938.57,49.88138384754991,0.7402803607610752,67.38174682395645
lonestar,Blended,2026-04-10,76,2204,1,111615.26,50.642132486388384,0.7515704901313633,67.38174682395645
lonestar,Blended,2026-04-10,77,2204,1,112171.1,50.89432849364792,0.7553132842729048,67.38174682395645
lonestar,Blended,2026-04-10,78,2204,1,114340.81,51.878770417422864,0.7699232041722349,67.38174682395645
lonestar,Blended,2026-04-10,79,2204,1,115398.15,52.35850725952813,0.7770428896169985,67.38174682395645
lonestar,Blended,2026-04-10,80,2204,1,116246.75,52.74353448275862,0.7827570071841258,67.38174682395645
lonestar,Blended,2026-04-10,81,2204,1,117562.29,53.34042196007259,0.7916153034653637,67.38174682395645
lonestar,Blended,2026-04-10,82,2204,1,118131.02,53.5984664246824,0.7954448934770917,67.38174682395645
lonestar,Blended,2026-04-10,83,2204,1,119355.73,54.15414246823956,0.8036915785179076,67.38174682395645
lonestar,Blended,2026-04-10,84,2204,1,120358.63,54.60917876588022,0.8104446877661658,67.38174682395645
lonestar,Blended,2026-04-10,85,2204,1,121263.49,55.01973230490018,0.8165376366487851,67.38174682395645
lonestar,Blended,2026-04-10,86,2204,1,121501.4,55.12767695099818,0.8181396231093027,67.38174682395645
lonestar,Blended,2026-04-10,87,2204,1,122447.12,55.55676950998185,0.8245077061467568,67.38174682395645
lonestar,Blended,2026-04-10,88,2204,1,123503.78,56.03619782214156,0.831622812755855,67.38174682395645
lonestar,Blended,2026-04-10,89,2204,1,123793.69,56.16773593466425,0.8335749454731375,67.38174682395645
lonestar,Blended,2026-04-10,90,2204,1,124452.49,56.46664700544465,0.8380110292030731,67.38174682395645
lonestar,Blended,2026-04-10,91,2204,1,125080.28,56.75148820326679,0.8422383045595035,67.38174682395645
lonestar,Blended,2026-04-10,92,2204,1,126224.69,57.27073049001815,0.8499442829768923,67.38174682395645
lonestar,Blended,2026-04-10,93,2204,1,126673.55,57.474387477313975,0.8529667185309586,67.38174682395645
lonestar,Blended,2026-04-10,94,2204,1,127358.34,57.78509074410163,0.8575778080534581,67.38174682395645
lonestar,Blended,2026-04-10,95,2204,1,127781.18,57.97694192377495,0.8604250358075048,67.38174682395645
lonestar,Blended,2026-04-10,96,2204,1,128246.06,58.187867513611614,0.8635553433429822,67.38174682395645
lonestar,Blended,2026-04-10,97,2204,1,128882.86,58.47679673321234,0.867843288271979,67.38174682395645
lonestar,Blended,2026-04-10,98,2204,1,130138.61,59.04655626134301,0.8762989836937561,67.38174682395645
lonestar,Blended,2026-04-10,99,2204,1,131299.29,59.573180580762255,0.8841145174880212,67.38174682395645
lonestar,Blended,2026-04-10,100,2204,1,131523.18,59.67476406533575,0.8856220991308493,67.38174682395645
lonestar,Blended,2026-04-10,101,2204,1,132092.97,59.93328947368421,0.8894588267393498,67.38174682395645
lonestar,Blended,2026-04-10,102,2204,1,132413.85,60.07887931034483,0.8916194984868632,67.38174682395645
lonestar,Blended,2026-04-10,103,2204,1,132925.66,60.311098003629766,0.8950658130190707,67.38174682395645
lonestar,Blended,2026-04-10,104,2204,1,133452.54,60.55015426497278,0.8986136026299216,67.38174682395645
lonestar,Blended,2026-04-10,105,2204,1,135048.17,61.27412431941924,0.9093579078545684,67.38174682395645
lonestar,Blended,2026-04-10,106,2204,1,136165.88,61.78125226860254,0.916884099636272,67.38174682395645
lonestar,Blended,2026-04-10,107,2204,1,136462.33,61.91575771324863,0.9188802699789244,67.38174682395645
lonestar,Blended,2026-04-10,108,2204,1,136731.15,62.03772686025408,0.9206903914547612,67.38174682395645
lonestar,Blended,2026-04-10,109,2204,1,137017.08,62.167459165154256,0.9226157245162374,67.38174682395645
lonestar,Blended,2026-04-10,110,2204,1,137492.91,62.38335299455535,0.9258197647730914,67.38174682395645
lonestar,Blended,2026-04-10,111,2204,1,137514.87,62.393316696914695,0.9259676342307558,67.38174682395645
lonestar,Blended,2026-04-10,112,2204,1,137865.77,62.55252722323048,0.9283304481057322,67.38174682395645
lonestar,Blended,2026-04-10,113,2204,1,139472.52,63.28154264972776,0.9391496307606716,67.38174682395645
lonestar,Blended,2026-04-10,114,2204,1,140921.26,63.93886569872959,0.9489048401457768,67.38174682395645
lonestar,Blended,2026-04-10,115,2204,1,142894.53,64.83417876588021,0.962192015224359,67.38174682395645
lonestar,Blended,2026-04-10,116,2204,1,143986.17,65.32947822141561,0.9695426625269504,67.38174682395645
lonestar,Blended,2026-04-10,117,2204,1,144403.04,65.51862068965518,0.9723496907972876,67.38174682395645
lonestar,Blended,2026-04-10,118,2204,1,147454.64,66.9031941923775,0.9928978892038932,67.38174682395645
lonestar,Blended,2026-04-10,119,2204,1,148130.52,67.20985480943739,0.9974489825120124,67.38174682395645
lonestar,Blended,2026-04-10,120,2204,1,148509.37,67.38174682395645,1.0,67.38174682395645
lonestar,Blended,2026-04-14,1,2184,1,13918.83,6.373090659340659,0.1071831532114833,59.45981684981685
lonestar,Blended,2026-04-14,2,2184,1,17582.05,8.050389194139195,0.1353920953788472,59.45981684981685
lonestar,Blended,2026-04-14,3,2184,1,20263.37,9.278099816849815,0.156039831745267,59.45981684981685
lonestar,Blended,2026-04-14,4,2184,1,22620.77,10.35749542124542,0.1741931941601216,59.45981684981685
lonestar,Blended,2026-04-14,5,2184,1,24201.22,11.08114468864469,0.186363585959798,59.45981684981685
lonestar,Blended,2026-04-14,6,2184,1,24718.98,11.318214285714284,0.1903506415820577,59.45981684981685
lonestar,Blended,2026-04-14,7,2184,1,25803.69,11.814876373626372,0.1987035446723338,59.45981684981685
lonestar,Blended,2026-04-14,8,2184,1,31825.06,14.57191391941392,0.2450716246943637,59.45981684981685
lonestar,Blended,2026-04-14,9,2184,1,36924.52,16.9068315018315,0.2843404570944886,59.45981684981685
lonestar,Blended,2026-04-14,10,2184,1,41182.84,18.85661172161172,0.3171320182374528,59.45981684981685
lonestar,Blended,2026-04-14,11,2184,1,42199.35,19.322046703296703,0.324959741334222,59.45981684981685
lonestar,Blended,2026-04-14,12,2184,1,43046.94,19.710137362637365,0.33148668137376,59.45981684981685
lonestar,Blended,2026-04-14,13,2184,1,43839.64,20.07309523809524,0.3375909362249754,59.45981684981685
lonestar,Blended,2026-04-14,14,2184,1,45138.31,20.66772435897436,0.347591456784617,59.45981684981685
lonestar,Blended,2026-04-14,15,2184,1,46025.88,21.07412087912088,0.3544262662690288,59.45981684981685
lonestar,Blended,2026-04-14,16,2184,1,47266.47,21.642156593406597,0.3639795367696841,59.45981684981685
lonestar,Blended,2026-04-14,17,2184,1,47930.19,21.94605769230769,0.3690905699850854,59.45981684981685
lonestar,Blended,2026-04-14,18,2184,1,48406.99,22.16437271062271,0.3727622095877845,59.45981684981685
lonestar,Blended,2026-04-14,19,2184,1,48792.82,22.3410347985348,0.3757333268443058,59.45981684981685
lonestar,Blended,2026-04-14,20,2184,1,52170.58,23.8876282051282,0.4017440596136276,59.45981684981685
lonestar,Blended,2026-04-14,21,2184,1,52813.33,24.18192765567765,0.4066936115319053,59.45981684981685
lonestar,Blended,2026-04-14,22,2184,1,53533.14,24.51151098901099,0.4122365706393273,59.45981684981685
lonestar,Blended,2026-04-14,23,2184,1,54033.02,24.74039377289377,0.4160859397764858,59.45981684981685
lonestar,Blended,2026-04-14,24,2184,1,54938.85,25.155151098901097,0.4230613619688366,59.45981684981685
lonestar,Blended,2026-04-14,25,2184,1,55408.66,25.370265567765568,0.4266791744724944,59.45981684981685
lonestar,Blended,2026-04-14,26,2184,1,55683.56,25.49613553113553,0.4287960656779934,59.45981684981685
lonestar,Blended,2026-04-14,27,2184,1,55940.42,25.61374542124542,0.4307740383045649,59.45981684981685
lonestar,Blended,2026-04-14,28,2184,1,56626.19,25.92774267399267,0.4360548694504183,59.45981684981685
lonestar,Blended,2026-04-14,29,2184,1,57388.01,26.276561355311355,0.4419213301931368,59.45981684981685
lonestar,Blended,2026-04-14,30,2184,1,58055.79,26.58232142857143,0.4470636277893834,59.45981684981685
lonestar,Blended,2026-04-14,31,2184,1,58761.64,26.905512820512826,0.4524990867104512,59.45981684981685
lonestar,Blended,2026-04-14,32,2184,1,59697.37,27.333960622710624,0.4597047564366121,59.45981684981685
lonestar,Blended,2026-04-14,33,2184,1,60257.23,27.590306776556776,0.4640160067469457,59.45981684981685
lonestar,Blended,2026-04-14,34,2184,1,60595.06,27.744990842490843,0.4666174958555443,59.45981684981685
lonestar,Blended,2026-04-14,35,2184,1,61164.91,28.00591117216117,0.4710056750241643,59.45981684981685
lonestar,Blended,2026-04-14,36,2184,1,61784.72,28.28970695970696,0.4757785754900807,59.45981684981685
lonestar,Blended,2026-04-14,37,2184,1,62187.55,28.474152930402933,0.478880602715658,59.45981684981685
lonestar,Blended,2026-04-14,38,2184,1,62969.34,28.832115384615385,0.4849008441690851,59.45981684981685
lonestar,Blended,2026-04-14,39,2184,1,63822.18,29.22260989010989,0.4914682122873021,59.45981684981685
lonestar,Blended,2026-04-14,40,2184,1,64666.93,29.609400183150186,0.4979732826614212,59.45981684981685
lonestar,Blended,2026-04-14,41,2184,1,65149.67,29.83043498168498,0.5016906637474257,59.45981684981685
lonestar,Blended,2026-04-14,42,2184,1,65751.45,30.105975274725274,0.5063247226402785,59.45981684981685
lonestar,Blended,2026-04-14,43,2184,1,66447.26,30.4245695970696,0.511682867673739,59.45981684981685
lonestar,Blended,2026-04-14,44,2184,1,66770.15,30.572413003663,0.5141693100212966,59.45981684981685
lonestar,Blended,2026-04-14,45,2184,1,67036.02,30.694148351648355,0.5162166649314679,59.45981684981685
lonestar,Blended,2026-04-14,46,2184,1,67464.86,30.890503663003663,0.5195189844097008,59.45981684981685
lonestar,Blended,2026-04-14,47,2184,1,67724.76,31.009505494505493,0.521520366818974,59.45981684981685
lonestar,Blended,2026-04-14,48,2184,1,68015.62,31.14268315018315,0.5237601593836574,59.45981684981685
lonestar,Blended,2026-04-14,49,2184,1,68236.5,31.24381868131868,0.5254610649110151,59.45981684981685
lonestar,Blended,2026-04-14,50,2184,1,68605.39,31.41272435897436,0.5283017342336653,59.45981684981685
lonestar,Blended,2026-04-14,51,2184,1,68953.22,31.57198717948718,0.5309802292064145,59.45981684981685
lonestar,Blended,2026-04-14,52,2184,1,69085.15,31.632394688644688,0.531996167572153,59.45981684981685
lonestar,Blended,2026-04-14,53,2184,1,69557.08,31.84847985347985,0.5356303053190107,59.45981684981685
lonestar,Blended,2026-04-14,54,2184,1,70317.02,32.19643772893773,0.5414822889592689,59.45981684981685
lonestar,Blended,2026-04-14,55,2184,1,70408.96,32.2385347985348,0.5421902808742691,59.45981684981685
lonestar,Blended,2026-04-14,56,2184,1,70538.86,32.298012820512824,0.543190587049585,59.45981684981685
lonestar,Blended,2026-04-14,57,2184,1,70747.73,32.39364926739927,0.5447990085340979,59.45981684981685
lonestar,Blended,2026-04-14,58,2184,1,71964.54,32.9507967032967,0.554169159089803,59.45981684981685
lonestar,Blended,2026-04-14,59,2184,1,72137.39,33.029940476190475,0.5555002054516455,59.45981684981685
lonestar,Blended,2026-04-14,60,2184,1,72579.23,33.23224816849817,0.5589026325532741,59.45981684981685
lonestar,Blended,2026-04-14,61,2184,1,72662.13,33.270206043956044,0.5595410111670823,59.45981684981685
lonestar,Blended,2026-04-14,62,2184,1,72675.11,33.27614926739927,0.5596409647787498,59.45981684981685
lonestar,Blended,2026-04-14,63,2184,1,73961.9,33.865338827838826,0.5695500023717806,59.45981684981685
lonestar,Blended,2026-04-14,64,2184,1,74236.81,33.99121336996337,0.5716669705831438,59.45981684981685
lonestar,Blended,2026-04-14,65,2184,1,74443.68000000001,34.08593406593407,0.5732599908948266,59.45981684981685
lonestar,Blended,2026-04-14,66,2184,1,74751.51,34.22688186813187,0.5756304624109735,59.45981684981685
lonestar,Blended,2026-04-14,67,2184,1,75175.36,34.42095238095238,0.5788943559629952,59.45981684981685
lonestar,Blended,2026-04-14,68,2184,1,75531.26,34.583910256410256,0.581634994668114,59.45981684981685
lonestar,Blended,2026-04-14,69,2184,1,75789.14,34.701987179487176,0.5836208218928287,59.45981684981685
lonestar,Blended,2026-04-14,70,2184,1,77911.72,35.67386446886447,0.5999659326056999,59.45981684981685
lonestar,Blended,2026-04-14,71,2184,1,79409.52,36.35967032967033,0.6114998709381716,59.45981684981685
lonestar,Blended,2026-04-14,72,2184,1,80144.44,36.69617216117216,0.6171591859063251,59.45981684981685
lonestar,Blended,2026-04-14,73,2184,1,81740.14,37.42680402930403,0.6294470116488311,59.45981684981685
lonestar,Blended,2026-04-14,74,2184,1,82329.98,37.69687728937729,0.6339891255398881,59.45981684981685
lonestar,Blended,2026-04-14,75,2184,1,82693.84,37.86347985347985,0.6367910609128705,59.45981684981685
lonestar,Blended,2026-04-14,76,2184,1,82929.75,37.971497252747255,0.6386077062540466,59.45981684981685
lonestar,Blended,2026-04-14,77,2184,1,83314.6,38.14771062271063,0.6415712769358812,59.45981684981685
lonestar,Blended,2026-04-14,78,2184,1,83508.49,38.236488095238094,0.6430643436358965,59.45981684981685
lonestar,Blended,2026-04-14,79,2184,1,83842.43,38.38939102564103,0.6456358774633405,59.45981684981685
lonestar,Blended,2026-04-14,80,2184,1,84661.34,38.764349816849816,0.6519419646844946,59.45981684981685
lonestar,Blended,2026-04-14,81,2184,1,85149.22,38.98773809523809,0.6556989267846725,59.45981684981685
lonestar,Blended,2026-04-14,82,2184,1,85981.0,39.36858974358975,0.6621041205529883,59.45981684981685
lonestar,Blended,2026-04-14,83,2184,1,86226.47,39.48098443223444,0.6639943835002924,59.45981684981685
lonestar,Blended,2026-04-14,84,2184,1,86458.37,39.58716575091575,0.6657801494899439,59.45981684981685
lonestar,Blended,2026-04-14,85,2184,1,87304.25,39.974473443223445,0.6722939215267121,59.45981684981685
lonestar,Blended,2026-04-14,86,2184,1,87579.13,40.10033424908425,0.6744106587204828,59.45981684981685
lonestar,Blended,2026-04-14,87,2184,1,89646.77,41.04705586080586,0.6903326992157106,59.45981684981685
lonestar,Blended,2026-04-14,88,2184,1,93234.54,42.689807692307696,0.7179606321380586,59.45981684981685
lonestar,Blended,2026-04-14,89,2184,1,93538.44,42.82895604395605,0.7203008403495943,59.45981684981685
lonestar,Blended,2026-04-14,90,2184,1,94644.36,43.33532967032967,0.7288170728777338,59.45981684981685
lonestar,Blended,2026-04-14,91,2184,1,95340.25,43.65396062271062,0.7341758339581075,59.45981684981685
lonestar,Blended,2026-04-14,92,2184,1,96642.11,44.25005036630037,0.7442009193884132,59.45981684981685
lonestar,Blended,2026-04-14,93,2184,1,97572.86,44.67621794871795,0.7513682401942272,59.45981684981685
lonestar,Blended,2026-04-14,94,2184,1,99048.63,45.35193681318682,0.7627325346079755,59.45981684981685
lonestar,Blended,2026-04-14,95,2184,1,100552.42,46.04048534798535,0.7743125994530735,59.45981684981685
lonestar,Blended,2026-04-14,96,2184,1,101282.3,46.37467948717949,0.7799331034656951,59.45981684981685
lonestar,Blended,2026-04-14,97,2184,1,103138.18,47.2244413919414,0.7942244677816706,59.45981684981685
lonestar,Blended,2026-04-14,98,2184,1,104430.71,47.81625915750916,0.8041777067407236,59.45981684981685
lonestar,Blended,2026-04-14,99,2184,1,105342.63,48.23380494505495,0.8112000255043422,59.45981684981685
lonestar,Blended,2026-04-14,100,2184,1,106297.49,48.67101190476191,0.8185530074486231,59.45981684981685
lonestar,Blended,2026-04-14,101,2184,1,107590.23,49.262925824175824,0.8285078635308235,59.45981684981685
lonestar,Blended,2026-04-14,102,2184,1,110119.89,50.42119505494505,0.8479877289615357,59.45981684981685
lonestar,Blended,2026-04-14,103,2184,1,111286.59,50.95539835164835,0.8569720031319824,59.45981684981685
lonestar,Blended,2026-04-14,104,2184,1,112000.35,51.28221153846154,0.8624683736915933,59.45981684981685
lonestar,Blended,2026-04-14,105,2184,1,112372.15,51.45244963369963,0.8653314517207114,59.45981684981685
lonestar,Blended,2026-04-14,106,2184,1,113194.96,51.82919413919414,0.8716675712288843,59.45981684981685
lonestar,Blended,2026-04-14,107,2184,1,113407.76,51.92663003663005,0.8733062560180084,59.45981684981685
lonestar,Blended,2026-04-14,108,2184,1,114120.47,52.25296245421246,0.8787945409618834,59.45981684981685
lonestar,Blended,2026-04-14,109,2184,1,115401.11,52.83933608058608,0.8886562199484614,59.45981684981685
lonestar,Blended,2026-04-14,110,2184,1,116485.83,53.33600274725275,0.8970092000446018,59.45981684981685
lonestar,Blended,2026-04-14,111,2184,1,118555.49,54.28364926739927,0.912946795724388,59.45981684981685
lonestar,Blended,2026-04-14,112,2184,1,119109.24,54.5371978021978,0.9172109954517256,59.45981684981685
lonestar,Blended,2026-04-14,113,2184,1,119960.97,54.927184065934064,0.9237698159190216,59.45981684981685
lonestar,Blended,2026-04-14,114,2184,1,122710.53,56.18614010989011,0.9449430403024052,59.45981684981685
lonestar,Blended,2026-04-14,115,2184,1,124526.29,57.017532051282046,0.9589254570914084,59.45981684981685
lonestar,Blended,2026-04-14,116,2184,1,127874.0,58.5503663003663,0.9847047872389576,59.45981684981685
lonestar,Blended,2026-04-14,117,2184,1,128431.75,58.805746336996336,0.9889997893119556,59.45981684981685
lonestar,Blended,2026-04-14,118,2184,1,128866.47,59.004793956043954,0.992347388238309,59.45981684981685
lonestar,Blended,2026-04-14,119,2184,1,129860.24,59.45981684981685,1.0,59.45981684981685
lonestar,Blended,2026-04-14,120,2184,1,129860.24,59.45981684981685,1.0,59.45981684981685
lonestar,Blended,2026-04-11,1,2527,1,7961.37,3.1505223585278985,0.1181247042753933,26.67115552037989
lonestar,Blended,2026-04-11,2,2527,1,10769.72,4.2618599129402455,0.1597928484832119,26.67115552037989
lonestar,Blended,2026-04-11,3,2527,1,11855.68,4.691602690937871,0.1759054903846567,26.67115552037989
lonestar,Blended,2026-04-11,4,2527,1,13208.43,5.226921250494658,0.1959765577648361,26.67115552037989
lonestar,Blended,2026-04-11,5,2527,1,14374.0,5.688167787890779,0.2132703918112715,26.67115552037989
lonestar,Blended,2026-04-11,6,2527,1,16489.43,6.525298773248912,0.244657520303641,26.67115552037989
lonestar,Blended,2026-04-11,7,2527,1,17657.06,6.987360506529482,0.2619819190507257,26.67115552037989
lonestar,Blended,2026-04-11,8,2527,1,19456.12,7.699295607439652,0.288674992036115,26.67115552037989
lonestar,Blended,2026-04-11,9,2527,1,22447.75,8.883161851998418,0.3330625043677106,26.67115552037989
lonestar,Blended,2026-04-11,10,2527,1,22926.48,9.072607835377918,0.3401655330773119,26.67115552037989
lonestar,Blended,2026-04-11,11,2527,1,23609.22,9.342785912148791,0.3502955057575142,26.67115552037989
lonestar,Blended,2026-04-11,12,2527,1,23962.06,9.482413929560744,0.3555306751638513,26.67115552037989
lonestar,Blended,2026-04-11,13,2527,1,24372.87,9.644982192322912,0.3616259589860294,26.67115552037989
lonestar,Blended,2026-04-11,14,2527,1,24871.73,9.84239414325287,0.3690276612024599,26.67115552037989
lonestar,Blended,2026-04-11,15,2527,1,25785.59,10.204032449544917,0.3825868152486995,26.67115552037989
lonestar,Blended,2026-04-11,16,2527,1,26844.4,10.623031262366442,0.3982966262653749,26.67115552037989
lonestar,Blended,2026-04-11,17,2527,1,27600.22,10.922129006727346,0.4095109039569566,26.67115552037989
lonestar,Blended,2026-04-11,18,2527,1,28311.67,11.203668381480016,0.4200668536059151,26.67115552037989
lonestar,Blended,2026-04-11,19,2527,1,28682.55,11.350435298773249,0.4255696867014323,26.67115552037989
lonestar,Blended,2026-04-11,20,2527,1,29646.57,11.731923229125446,0.439873076371246,26.67115552037989
lonestar,Blended,2026-04-11,21,2527,1,31233.43,12.359885239414323,0.463417688445104,26.67115552037989
lonestar,Blended,2026-04-11,22,2527,1,31826.89,12.594732884843689,0.4722229929340644,26.67115552037989
lonestar,Blended,2026-04-11,23,2527,1,32369.71,12.8095409576573,0.4802769399274549,26.67115552037989
lonestar,Blended,2026-04-11,24,2527,1,32558.25,12.884151167392163,0.4830743518985205,26.67115552037989
lonestar,Blended,2026-04-11,25,2527,1,33210.19,13.14214087851207,0.4927473377923176,26.67115552037989
lonestar,Blended,2026-04-11,26,2527,1,33617.04,13.303142065690542,0.4987838661705294,26.67115552037989
lonestar,Blended,2026-04-11,27,2527,1,34310.75,13.57766125840918,0.5090766033003052,26.67115552037989
lonestar,Blended,2026-04-11,28,2527,1,34547.64,13.67140482785912,0.5125913955026269,26.67115552037989
lonestar,Blended,2026-04-11,29,2527,1,34899.1,13.810486743173724,0.5178060895269757,26.67115552037989
lonestar,Blended,2026-04-11,30,2527,1,35214.05,13.93512069647804,0.5224790761626346,26.67115552037989
lonestar,Blended,2026-04-11,31,2527,1,35550.94,14.06843688167788,0.5274775916974404,26.67115552037989
lonestar,Blended,2026-04-11,32,2527,1,35879.37,14.19840522358528,0.532350584238318,26.67115552037989
lonestar,Blended,2026-04-11,33,2527,1,36245.82,14.343419074000792,0.5377876883902063,26.67115552037989
lonestar,Blended,2026-04-11,34,2527,1,36789.44,14.558543727740403,0.5458535051702567,26.67115552037989
lonestar,Blended,2026-04-11,35,2527,1,38147.58,15.09599525128611,0.5660045452380568,26.67115552037989
lonestar,Blended,2026-04-11,36,2527,1,39000.35,15.433458646616542,0.5786572927004818,26.67115552037989
lonestar,Blended,2026-04-11,37,2527,1,39275.2,15.542223981005144,0.5827353062798145,26.67115552037989
lonestar,Blended,2026-04-11,38,2527,1,39595.06,15.668800949742778,0.5874811437310984,26.67115552037989
lonestar,Blended,2026-04-11,39,2527,1,39852.94,15.770850811238624,0.5913073694609086,26.67115552037989
lonestar,Blended,2026-04-11,40,2527,1,40273.75,15.93737633557578,0.597551025616335,26.67115552037989
lonestar,Blended,2026-04-11,41,2527,1,40604.95,16.068440838939452,0.6024651172935225,26.67115552037989
lonestar,Blended,2026-04-11,42,2527,1,41389.76,16.379010684606254,0.6141095263791914,26.67115552037989
lonestar,Blended,2026-04-11,43,2527,1,41685.07,16.495872576177284,0.6184911097523502,26.67115552037989
lonestar,Blended,2026-04-11,44,2527,1,41995.51,16.618721804511278,0.623097180465714,26.67115552037989
lonestar,Blended,2026-04-11,45,2527,1,42309.97,16.74316185199842,0.6277628968570439,26.67115552037989
lonestar,Blended,2026-04-11,46,2527,1,42722.88,16.906561139691334,0.6338893388692041,26.67115552037989
lonestar,Blended,2026-04-11,47,2527,1,42957.36,16.9993510091017,0.6373683733392129,26.67115552037989
lonestar,Blended,2026-04-11,48,2527,1,43192.27,17.092311040759796,0.6408537878195515,26.67115552037989
lonestar,Blended,2026-04-11,49,2527,1,43743.4,17.310407597942223,0.6490310322218713,26.67115552037989
lonestar,Blended,2026-04-11,50,2527,1,44045.29,17.4298733676296,0.6535102445903077,26.67115552037989
lonestar,Blended,2026-04-11,51,2527,1,44195.52,17.489323308270677,0.6557392421526986,26.67115552037989
lonestar,Blended,2026-04-11,52,2527,1,44411.29,17.574709141274237,0.6589406719871996,26.67115552037989
lonestar,Blended,2026-04-11,53,2527,1,44911.18,17.77252869014642,0.6663576565539547,26.67115552037989
lonestar,Blended,2026-04-11,54,2527,1,45788.62,18.11975464978235,0.6793764385625036,26.67115552037989
lonestar,Blended,2026-04-11,55,2527,1,46274.75,18.312129006727343,0.6865892627987089,26.67115552037989
lonestar,Blended,2026-04-11,56,2527,1,46865.19,18.54578155916106,0.6953497588430282,26.67115552037989
lonestar,Blended,2026-04-11,57,2527,1,47436.27,18.771772853185595,0.7038230060501787,26.67115552037989
lonestar,Blended,2026-04-11,58,2527,1,47798.42,18.915085081123863,0.70919631009877,26.67115552037989
lonestar,Blended,2026-04-11,59,2527,1,48228.27,19.085187969924814,0.7155740948434532,26.67115552037989
lonestar,Blended,2026-04-11,60,2527,1,48462.68,19.177950138504155,0.7190520907071293,26.67115552037989
lonestar,Blended,2026-04-11,61,2527,1,48736.82,19.286434507320934,0.7231195698508013,26.67115552037989
lonestar,Blended,2026-04-11,62,2527,1,49581.93,19.620866640284923,0.7356586641059581,26.67115552037989
lonestar,Blended,2026-04-11,63,2527,1,49817.1,19.713929560743964,0.739147936266961,26.67115552037989
lonestar,Blended,2026-04-11,64,2527,1,50405.2,19.946656113969134,0.7478737131853004,26.67115552037989
lonestar,Blended,2026-04-11,65,2527,1,52068.95,20.605045508508116,0.7725591601295054,26.67115552037989
lonestar,Blended,2026-04-11,66,2527,1,52667.73,20.84199841709537,0.781443398699754,26.67115552037989
lonestar,Blended,2026-04-11,67,2527,1,52829.64,20.906070439256037,0.783845695147379,26.67115552037989
lonestar,Blended,2026-04-11,68,2527,1,53020.83,20.981729323308272,0.7866824257867555,26.67115552037989
lonestar,Blended,2026-04-11,69,2527,1,53305.98,21.09457063711912,0.7909132628693342,26.67115552037989
lonestar,Blended,2026-04-11,70,2527,1,53612.19,21.215745943806887,0.7954565720857338,26.67115552037989
lonestar,Blended,2026-04-11,71,2527,1,53749.37,21.2700316580926,0.7974919437532356,26.67115552037989
lonestar,Blended,2026-04-11,72,2527,1,53911.55,21.33421052631579,0.7998982462538583,26.67115552037989
lonestar,Blended,2026-04-11,73,2527,1,54116.49,21.415310645033635,0.8029389888514513,26.67115552037989
lonestar,Blended,2026-04-11,74,2527,1,54292.7,21.485041551246532,0.8055534577356216,26.67115552037989
lonestar,Blended,2026-04-11,75,2527,1,54486.6,21.561772853185595,0.8084303972773084,26.67115552037989
lonestar,Blended,2026-04-11,76,2527,1,54731.78,21.658796992481204,0.8120681901438931,26.67115552037989
lonestar,Blended,2026-04-11,77,2527,1,54911.67,21.7299841709537,0.8147372600466988,26.67115552037989
lonestar,Blended,2026-04-11,78,2527,1,55026.88,21.77557578155916,0.8164466576980537,26.67115552037989
lonestar,Blended,2026-04-11,79,2527,1,55040.15,21.78082706766917,0.8166435477842744,26.67115552037989
lonestar,Blended,2026-04-11,80,2527,1,55302.6,21.88468539770479,0.8205375796703791,26.67115552037989
lonestar,Blended,2026-04-11,81,2527,1,55567.77,21.989620102888804,0.8244719688311274,26.67115552037989
lonestar,Blended,2026-04-11,82,2527,1,56105.65,22.20247328848437,0.8324526198918931,26.67115552037989
lonestar,Blended,2026-04-11,83,2527,1,56657.79,22.420969529085877,0.8406448498998711,26.67115552037989
lonestar,Blended,2026-04-11,84,2527,1,56942.94,22.53381084289672,0.8448756869824496,26.67115552037989
lonestar,Blended,2026-04-11,85,2527,1,57318.07,22.68225959635932,0.8504415783195973,26.67115552037989
lonestar,Blended,2026-04-11,86,2527,1,57494.29,22.7519944598338,0.8530561955761009,26.67115552037989
lonestar,Blended,2026-04-11,87,2527,1,57557.2,22.77688959240206,0.8539896059245669,26.67115552037989
lonestar,Blended,2026-04-11,88,2527,1,57739.67,22.8490977443609,0.8566969558893505,26.67115552037989
lonestar,Blended,2026-04-11,89,2527,1,57755.65,22.85542144835774,0.8569340548778815,26.67115552037989
lonestar,Blended,2026-04-11,90,2527,1,57791.91,22.86977047882865,0.8574720529582404,26.67115552037989
lonestar,Blended,2026-04-11,91,2527,1,57842.13,22.88964384645825,0.8582171788158137,26.67115552037989
lonestar,Blended,2026-04-11,92,2527,1,58017.31,22.958967154728928,0.8608163653496596,26.67115552037989
lonestar,Blended,2026-04-11,93,2527,1,58461.42,23.13471309853581,0.8674057290415549,26.67115552037989
lonestar,Blended,2026-04-11,94,2527,1,59002.36,23.348777206173327,0.8754317820362946,26.67115552037989
lonestar,Blended,2026-04-11,95,2527,1,59124.57,23.39713889988128,0.8772450403209234,26.67115552037989
lonestar,Blended,2026-04-11,96,2527,1,59428.67,23.51747922437673,0.8817570429750078,26.67115552037989
lonestar,Blended,2026-04-11,97,2527,1,59816.130000000005,23.6708072813613,0.887505877399051,26.67115552037989
lonestar,Blended,2026-04-11,98,2527,1,59939.06,23.71945389790265,0.8893298184916736,26.67115552037989
lonestar,Blended,2026-04-11,99,2527,1,60099.25,23.782845271072414,0.89170659489798,26.67115552037989
lonestar,Blended,2026-04-11,100,2527,1,60275.43,23.852564305500596,0.8943206186651506,26.67115552037989
lonestar,Blended,2026-04-11,101,2527,1,60546.26,23.959738820736053,0.8983389865665175,26.67115552037989
lonestar,Blended,2026-04-11,102,2527,1,61121.05,24.18719825880491,0.9068672799093032,26.67115552037989
lonestar,Blended,2026-04-11,103,2527,1,61162.0,24.20340324495449,0.9074748646139552,26.67115552037989
lonestar,Blended,2026-04-11,104,2527,1,61247.24,24.237134942619708,0.9087395903825648,26.67115552037989
lonestar,Blended,2026-04-11,105,2527,1,61582.14,24.369663632766127,0.9137085798230542,26.67115552037989
lonestar,Blended,2026-04-11,106,2527,1,61670.09,24.404467748318165,0.915013514493974,26.67115552037989
lonestar,Blended,2026-04-11,107,2527,1,61830.02,24.467756232686984,0.917386433219616,26.67115552037989
lonestar,Blended,2026-04-11,108,2527,1,62036.91,24.54962801741195,0.9204561084221924,26.67115552037989
lonestar,Blended,2026-04-11,109,2527,1,62330.43,24.66578155916106,0.9248111331477,26.67115552037989
lonestar,Blended,2026-04-11,110,2527,1,62566.76,24.759303521962803,0.9283176164993596,26.67115552037989
lonestar,Blended,2026-04-11,111,2527,1,63256.86,25.03239414325287,0.9385567912168328,26.67115552037989
lonestar,Blended,2026-04-11,112,2527,1,63429.04,25.10053027305105,0.941111466050704,26.67115552037989
lonestar,Blended,2026-04-11,113,2527,1,63663.96,25.19349426197072,0.9445970289033756,26.67115552037989
lonestar,Blended,2026-04-11,114,2527,1,64485.97,25.51878512069648,0.9567933830687286,26.67115552037989
lonestar,Blended,2026-04-11,115,2527,1,64988.06,25.717475267115155,0.9642430095487984,26.67115552037989
lonestar,Blended,2026-04-11,116,2527,1,65701.88,25.999952512861103,0.9748341234407368,26.67115552037989
lonestar,Blended,2026-04-11,117,2527,1,66009.08,26.1215195884448,0.979392121518128,26.67115552037989
lonestar,Blended,2026-04-11,118,2527,1,66563.25,26.340819153146025,0.9876144711097554,26.67115552037989
lonestar,Blended,2026-04-11,119,2527,1,67194.08,26.590455085081125,0.9969742430080653,26.67115552037989
lonestar,Blended,2026-04-11,120,2527,1,67398.01,26.67115552037989,1.0,26.67115552037989
lonestar,Blended,2026-04-12,1,2216,1,14506.38,6.54620036101083,0.0634649428594228,103.14671480144403
lonestar,Blended,2026-04-12,2,2216,1,19874.52,8.968646209386282,0.0869503815671764,103.14671480144403
lonestar,Blended,2026-04-12,3,2216,1,26314.25,11.87466155234657,0.1151239918324604,103.14671480144403
lonestar,Blended,2026-04-12,4,2216,1,31856.43,14.375645306859203,0.1393708499057107,103.14671480144403
lonestar,Blended,2026-04-12,5,2216,1,36269.15,16.366944945848378,0.1586763570449579,103.14671480144403
lonestar,Blended,2026-04-12,6,2216,1,41771.51,18.84995938628159,0.1827490039073711,103.14671480144403
lonestar,Blended,2026-04-12,7,2216,1,44995.01,20.304607400722023,0.1968517120473308,103.14671480144403
lonestar,Blended,2026-04-12,8,2216,1,53750.07,24.25544675090253,0.2351548161043608,103.14671480144403
lonestar,Blended,2026-04-12,9,2216,1,57094.33,25.764589350180508,0.2497858453347445,103.14671480144403
lonestar,Blended,2026-04-12,10,2216,1,61915.61,27.94025722021661,0.2708787892469596,103.14671480144403
lonestar,Blended,2026-04-12,11,2216,1,66285.08,29.912039711191337,0.2899950790364151,103.14671480144403
lonestar,Blended,2026-04-12,12,2216,1,69094.61,31.179878158844765,0.3022866818285544,103.14671480144403
lonestar,Blended,2026-04-12,13,2216,1,71394.51,32.217739169675085,0.3123486698698429,103.14671480144403
lonestar,Blended,2026-04-12,14,2216,1,73328.27,33.09037454873646,0.3208088072648262,103.14671480144403
lonestar,Blended,2026-04-12,15,2216,1,75408.58,34.02914259927798,0.3299100961652884,103.14671480144403
lonestar,Blended,2026-04-12,16,2216,1,84249.0,38.01850180505415,0.3685866474588087,103.14671480144403
lonestar,Blended,2026-04-12,17,2216,1,91635.69,41.35184566787004,0.4009031770664897,103.14671480144403
lonestar,Blended,2026-04-12,18,2216,1,92434.44,41.71229241877256,0.4043976824571498,103.14671480144403
lonestar,Blended,2026-04-12,19,2216,1,93804.11,42.33037454873647,0.4103899443644117,103.14671480144403
lonestar,Blended,2026-04-12,20,2216,1,95499.74,43.095550541516246,0.4178082707187966,103.14671480144403
lonestar,Blended,2026-04-12,21,2216,1,97285.45,43.90137635379061,0.4256206941568632,103.14671480144403
lonestar,Blended,2026-04-12,22,2216,1,99044.1,44.69499097472925,0.4333147309709908,103.14671480144403
lonestar,Blended,2026-04-12,23,2216,1,100556.89,45.377657942238265,0.4399331382447769,103.14671480144403
lonestar,Blended,2026-04-12,24,2216,1,102241.57,46.137892599277976,0.4473035587036655,103.14671480144403
lonestar,Blended,2026-04-12,25,2216,1,103810.26,46.84578519855595,0.4541665266677026,103.14671480144403
lonestar,Blended,2026-04-12,26,2216,1,105794.95,47.74140342960289,0.4628494811638394,103.14671480144403
lonestar,Blended,2026-04-12,27,2216,1,108371.65,48.90417418772563,0.4741224602437942,103.14671480144403
lonestar,Blended,2026-04-12,28,2216,1,109561.47,49.44109657039712,0.4793278842236567,103.14671480144403
lonestar,Blended,2026-04-12,29,2216,1,109983.54,49.63156137184116,0.4811744268092416,103.14671480144403
lonestar,Blended,2026-04-12,30,2216,1,110580.41,49.90090703971119,0.4837857137357183,103.14671480144403
lonestar,Blended,2026-04-12,31,2216,1,112807.14,50.90574909747292,0.493527585395868,103.14671480144403
lonestar,Blended,2026-04-12,32,2216,1,113463.01,51.20171931407942,0.4963969954122339,103.14671480144403
lonestar,Blended,2026-04-12,33,2216,1,115625.97,52.17778429602888,0.5058598753869221,103.14671480144403
lonestar,Blended,2026-04-12,34,2216,1,116616.71,52.62486913357401,0.510194330811952,103.14671480144403
lonestar,Blended,2026-04-12,35,2216,1,118058.53,53.27550992779784,0.5165022466333749,103.14671480144403
lonestar,Blended,2026-04-12,36,2216,1,118812.34,53.615676895306855,0.5198001409789567,103.14671480144403
lonestar,Blended,2026-04-12,37,2216,1,119951.98,54.129954873646206,0.5247860290833847,103.14671480144403
lonestar,Blended,2026-04-12,38,2216,1,121497.64,54.82745487364621,0.5315482415430126,103.14671480144403
lonestar,Blended,2026-04-12,39,2216,1,122517.44,55.28765342960289,0.5360098335272319,103.14671480144403
lonestar,Blended,2026-04-12,40,2216,1,123268.25,55.6264666064982,0.539294602969938,103.14671480144403
lonestar,Blended,2026-04-12,41,2216,1,124478.08,56.17241877256318,0.5445875700519816,103.14671480144403
lonestar,Blended,2026-04-12,42,2216,1,125450.89,56.61141245487365,0.5488435823074909,103.14671480144403
lonestar,Blended,2026-04-12,43,2216,1,126310.65,56.99939079422382,0.5526050044729668,103.14671480144403
lonestar,Blended,2026-04-12,44,2216,1,126509.56,57.089151624548734,0.5534752292833033,103.14671480144403
lonestar,Blended,2026-04-12,45,2216,1,127047.33,57.33182761732852,0.5558279556231284,103.14671480144403
lonestar,Blended,2026-04-12,46,2216,1,127330.23,57.459490072202165,0.5570656339643086,103.14671480144403
lonestar,Blended,2026-04-12,47,2216,1,128236.05,57.868253610108304,0.5610285671386032,103.14671480144403
lonestar,Blended,2026-04-12,48,2216,1,129642.71,58.50302797833936,0.5671826590983227,103.14671480144403
lonestar,Blended,2026-04-12,49,2216,1,130459.82,58.87175992779784,0.5707574888945822,103.14671480144403
lonestar,Blended,2026-04-12,50,2216,1,131294.02,59.24820397111913,0.574407086887557,103.14671480144403
lonestar,Blended,2026-04-12,51,2216,1,131540.88999999998,59.35960740072201,0.5754871351451998,103.14671480144403
lonestar,Blended,2026-04-12,52,2216,1,133793.15,60.3759702166065,0.585340699728822,103.14671480144403
lonestar,Blended,2026-04-12,53,2216,1,133839.11,60.396710288808656,0.5855417732408779,103.14671480144403
lonestar,Blended,2026-04-12,54,2216,1,136494.13,61.59482400722022,0.5971573997852416,103.14671480144403
lonestar,Blended,2026-04-12,55,2216,1,137396.9,62.00221119133574,0.6011069893082791,103.14671480144403
lonestar,Blended,2026-04-12,56,2216,1,138002.73,62.27560018050542,0.603757475944678,103.14671480144403
lonestar,Blended,2026-04-12,57,2216,1,138650.58,62.5679512635379,0.6065917987206894,103.14671480144403
lonestar,Blended,2026-04-12,58,2216,1,139186.5,62.80979241877257,0.6089364313704079,103.14671480144403
lonestar,Blended,2026-04-12,59,2216,1,139668.34,63.02722924187726,0.6110444657709533,103.14671480144403
lonestar,Blended,2026-04-12,60,2216,1,141513.43,63.85985108303249,0.6191166747866065,103.14671480144403
lonestar,Blended,2026-04-12,61,2216,1,142817.47,64.4483167870036,0.6248218075686239,103.14671480144403
lonestar,Blended,2026-04-12,62,2216,1,143698.22999999998,64.84577166064982,0.62867510405423,103.14671480144403
lonestar,Blended,2026-04-12,63,2216,1,144814.16,65.34935018050541,0.6335572616762635,103.14671480144403
lonestar,Blended,2026-04-12,64,2216,1,146829.94,66.25899819494585,0.642376233915869,103.14671480144403
lonestar,Blended,2026-04-12,65,2216,1,151124.72,68.19707581227436,0.6611657573733953,103.14671480144403
lonestar,Blended,2026-04-12,66,2216,1,152209.51,68.68660198555958,0.6659116785035791,103.14671480144403
lonestar,Blended,2026-04-12,67,2216,1,153373.31,69.21178249097473,0.6710032658258328,103.14671480144403
lonestar,Blended,2026-04-12,68,2216,1,156202.93,70.48868682310469,0.6833827617175632,103.14671480144403
lonestar,Blended,2026-04-12,69,2216,1,157480.75,71.06532039711192,0.6889731828484469,103.14671480144403
lonestar,Blended,2026-04-12,70,2216,1,160970.35,72.64004963898917,0.7042400698734829,103.14671480144403
lonestar,Blended,2026-04-12,71,2216,1,163724.34,73.88282490974728,0.7162886869637164,103.14671480144403
lonestar,Blended,2026-04-12,72,2216,1,164833.36,74.38328519855595,0.7211406135594596,103.14671480144403
lonestar,Blended,2026-04-12,73,2216,1,165125.25,74.51500451263539,0.7224176228595909,103.14671480144403
lonestar,Blended,2026-04-12,74,2216,1,166131.19,74.96894855595669,0.7268185777925243,103.14671480144403
lonestar,Blended,2026-04-12,75,2216,1,167250.08,75.47386281588447,0.7317136853187286,103.14671480144403
lonestar,Blended,2026-04-12,76,2216,1,168663.76,76.11180505415163,0.7378984895511773,103.14671480144403
lonestar,Blended,2026-04-12,77,2216,1,168916.67,76.22593411552347,0.7390049626132766,103.14671480144403
lonestar,Blended,2026-04-12,78,2216,1,170176.46,76.79443140794224,0.7445165030778772,103.14671480144403
lonestar,Blended,2026-04-12,79,2216,1,170788.3,77.07053249097473,0.7471932832697038,103.14671480144403
lonestar,Blended,2026-04-12,80,2216,1,172373.37,77.78581678700361,0.7541279132034423,103.14671480144403
lonestar,Blended,2026-04-12,81,2216,1,175106.3,79.01908844765343,0.7660843934754883,103.14671480144403
lonestar,Blended,2026-04-12,82,2216,1,178608.91,80.59968862815884,0.7814081988293287,103.14671480144403
lonestar,Blended,2026-04-12,83,2216,1,181166.61,81.75388537906137,0.7925980535244039,103.14671480144403
lonestar,Blended,2026-04-12,84,2216,1,184426.32,83.22487364620939,0.8068591792420736,103.14671480144403
lonestar,Blended,2026-04-12,85,2216,1,185159.85,83.55588898916967,0.8100683492442156,103.14671480144403
lonestar,Blended,2026-04-12,86,2216,1,188525.5,85.07468411552347,0.8247929590321031,103.14671480144403
lonestar,Blended,2026-04-12,87,2216,1,190004.25,85.74199007220217,0.8312624424079262,103.14671480144403
lonestar,Blended,2026-04-12,88,2216,1,191646.03,86.4828655234657,0.838445176755692,103.14671480144403
lonestar,Blended,2026-04-12,89,2216,1,193136.84,87.15561371841154,0.8449674222410753,103.14671480144403
lonestar,Blended,2026-04-12,90,2216,1,194648.6,87.83781588447654,0.8515813232982076,103.14671480144403
lonestar,Blended,2026-04-12,91,2216,1,194762.54,87.88923285198557,0.8520798071094274,103.14671480144403
lonestar,Blended,2026-04-12,92,2216,1,196593.4,88.71543321299639,0.8600897603357734,103.14671480144403
lonestar,Blended,2026-04-12,93,2216,1,197178.31,88.97938176895306,0.8626487226494522,103.14671480144403
lonestar,Blended,2026-04-12,94,2216,1,199674.07,90.10562725631767,0.8735675918498202,103.14671480144403
lonestar,Blended,2026-04-12,95,2216,1,201100.88,90.74949458483756,0.8798098394071884,103.14671480144403
lonestar,Blended,2026-04-12,96,2216,1,201614.69,90.9813583032491,0.8820577415227127,103.14671480144403
lonestar,Blended,2026-04-12,97,2216,1,204637.41,92.34540162454874,0.8952820436628769,103.14671480144403
lonestar,Blended,2026-04-12,98,2216,1,206614.57,93.23762184115525,0.9039320546527956,103.14671480144403
lonestar,Blended,2026-04-12,99,2216,1,208270.2,93.98474729241876,0.911175382302171,103.14671480144403
lonestar,Blended,2026-04-12,100,2216,1,208906.01,94.27166516245488,0.9139570304679746,103.14671480144403
lonestar,Blended,2026-04-12,101,2216,1,210194.74,94.85322202166064,0.9195951824956494,103.14671480144403
lonestar,Blended,2026-04-12,102,2216,1,212232.6,95.77283393501806,0.9285107540204204,103.14671480144403
lonestar,Blended,2026-04-12,103,2216,1,213347.33,96.27587093862816,0.9333876616813036,103.14671480144403
lonestar,Blended,2026-04-12,104,2216,1,217387.9,98.09923285198556,0.9510650246188178,103.14671480144403
lonestar,Blended,2026-04-12,105,2216,1,218132.62,98.435297833935,0.954323150508686,103.14671480144403
lonestar,Blended,2026-04-12,106,2216,1,220497.36,99.50241877256316,0.9646688114507952,103.14671480144403
lonestar,Blended,2026-04-12,107,2216,1,220688.24,99.58855595667868,0.9655039052711007,103.14671480144403
lonestar,Blended,2026-04-12,108,2216,1,221104.06,99.77620036101082,0.967323104309028,103.14671480144403
lonestar,Blended,2026-04-12,109,2216,1,221592.91,99.99680054151624,0.9694618072326264,103.14671480144403
lonestar,Blended,2026-04-12,110,2216,1,222268.58,100.30170577617328,0.972417841607972,103.14671480144403
lonestar,Blended,2026-04-12,111,2216,1,222600.41,100.45144855595667,0.9738695871150552,103.14671480144403
lonestar,Blended,2026-04-12,112,2216,1,224546.18,101.3295036101083,0.9823822678712176,103.14671480144403
lonestar,Blended,2026-04-12,113,2216,1,225187.0,101.61868231046932,0.9851858346248236,103.14671480144403
lonestar,Blended,2026-04-12,114,2216,1,225301.92,101.67054151624548,0.9856886059043164,103.14671480144403
lonestar,Blended,2026-04-12,115,2216,1,226370.67,102.15282942238268,0.9903643525537912,103.14671480144403
lonestar,Blended,2026-04-12,116,2216,1,227152.39,102.50559115523468,0.9937843522457934,103.14671480144403
lonestar,Blended,2026-04-12,117,2216,1,227582.24,102.69956678700362,0.9956649320795028,103.14671480144403
lonestar,Blended,2026-04-12,118,2216,1,228323.33,103.03399368231048,0.9989071768368912,103.14671480144403
lonestar,Blended,2026-04-12,119,2216,1,228509.2,103.1178700361011,0.9997203520693948,103.14671480144403
lonestar,Blended,2026-04-12,120,2216,1,228573.12,103.14671480144403,1.0,103.14671480144403
lonestar,Blended,2026-04-13,1,2149,1,12720.59,5.919306654257794,0.0353966449766532,167.22790134946487
lonestar,Blended,2026-04-13,2,2149,1,19141.41,8.90712424383434,0.0532633859060436,167.22790134946487
lonestar,Blended,2026-04-13,3,2149,1,21887.76,10.185090739879012,0.0609054509306715,167.22790134946487
lonestar,Blended,2026-04-13,4,2149,1,24319.31,11.316570497906003,0.0676715452779448,167.22790134946487
lonestar,Blended,2026-04-13,5,2149,1,25811.0,12.010702652396464,0.0718223607153753,167.22790134946487
lonestar,Blended,2026-04-13,6,2149,1,29481.36,13.71864122847836,0.0820356000271139,167.22790134946487
lonestar,Blended,2026-04-13,7,2149,1,35798.82,16.65836202885063,0.0996147287290222,167.22790134946487
lonestar,Blended,2026-04-13,8,2149,1,48626.33,22.627422056770587,0.1353088920818594,167.22790134946487
lonestar,Blended,2026-04-13,9,2149,1,60064.03,27.949758026989297,0.1671357339382094,167.22790134946487
lonestar,Blended,2026-04-13,10,2149,1,60347.9,28.0818520241973,0.1679256379921505,167.22790134946487
lonestar,Blended,2026-04-13,11,2149,1,61152.56,28.45628664495114,0.1701647058614014,167.22790134946487
lonestar,Blended,2026-04-13,12,2149,1,64190.34,29.86986505351326,0.1786177115928318,167.22790134946487
lonestar,Blended,2026-04-13,13,2149,1,73005.0,33.971614704513726,0.2031456140415316,167.22790134946487
lonestar,Blended,2026-04-13,14,2149,1,76631.78,35.65927408096789,0.2132375865104522,167.22790134946487
lonestar,Blended,2026-04-13,15,2149,1,87573.45,40.75079106561192,0.2436841623722399,167.22790134946487
lonestar,Blended,2026-04-13,16,2149,1,89322.22,41.56455095393206,0.248550335312003,167.22790134946487
lonestar,Blended,2026-04-13,17,2149,1,89636.11,41.71061423918101,0.2494237737996613,167.22790134946487
lonestar,Blended,2026-04-13,18,2149,1,92653.91,43.1148953001396,0.257821182662815,167.22790134946487
lonestar,Blended,2026-04-13,19,2149,1,119699.45,55.700069799906935,0.3330788065294653,167.22790134946487
lonestar,Blended,2026-04-13,20,2149,1,146883.88999999998,68.34987901349464,0.4087229371530552,167.22790134946487
lonestar,Blended,2026-04-13,21,2149,1,147049.77000000002,68.4270684039088,0.4091845191605507,167.22790134946487
lonestar,Blended,2026-04-13,22,2149,1,152893.59000000003,71.14638901814799,0.4254456848649297,167.22790134946487
lonestar,Blended,2026-04-13,23,2149,1,153073.54,71.23012563983248,0.4259464184208062,167.22790134946487
lonestar,Blended,2026-04-13,24,2149,1,153811.33000000002,71.57344346207539,0.4279994120867703,167.22790134946487
lonestar,Blended,2026-04-13,25,2149,1,156850.15,72.98750581665891,0.4364553117492822,167.22790134946487
lonestar,Blended,2026-04-13,26,2149,1,157815.0,73.43648208469055,0.4391401284838617,167.22790134946487
lonestar,Blended,2026-04-13,27,2149,1,159139.84,74.05297347603536,0.442826662766538,167.22790134946487
lonestar,Blended,2026-04-13,28,2149,1,160789.65,74.82068403908795,0.4474174670333945,167.22790134946487
lonestar,Blended,2026-04-13,29,2149,1,160890.59,74.86765472312703,0.4476983453058601,167.22790134946487
lonestar,Blended,2026-04-13,30,2149,1,161668.40000000002,75.2295951605398,0.4498626996659403,167.22790134946487
lonestar,Blended,2026-04-13,31,2149,1,161904.24,75.3393392275477,0.4505189541911857,167.22790134946487
lonestar,Blended,2026-04-13,32,2149,1,163324.0,76.0,0.4544696153375676,167.22790134946487
lonestar,Blended,2026-04-13,33,2149,1,164359.83,76.48200558399255,0.4573519428684577,167.22790134946487
lonestar,Blended,2026-04-13,34,2149,1,165334.66,76.93562587249883,0.4600645302109152,167.22790134946487
lonestar,Blended,2026-04-13,35,2149,1,165596.54,77.0574872033504,0.4607932443182394,167.22790134946487
lonestar,Blended,2026-04-13,36,2149,1,166337.38,77.40222429036761,0.462854724993625,167.22790134946487
lonestar,Blended,2026-04-13,37,2149,1,167003.26,77.71208003722663,0.4647076200210612,167.22790134946487
lonestar,Blended,2026-04-13,38,2149,1,168560.11000000002,78.43653327128898,0.4690397513712503,167.22790134946487
lonestar,Blended,2026-04-13,39,2149,1,169187.96000000002,78.7286924150768,0.4707868231303898,167.22790134946487
lonestar,Blended,2026-04-13,40,2149,1,170114.76,79.15996277338297,0.4733657609441517,167.22790134946487
lonestar,Blended,2026-04-13,41,2149,1,171805.53,79.94673336435551,0.4780705415736017,167.22790134946487
lonestar,Blended,2026-04-13,42,2149,1,172145.44,80.10490460679385,0.4790163839908177,167.22790134946487
lonestar,Blended,2026-04-13,43,2149,1,173311.04,80.64729641693812,0.4822598129029034,167.22790134946487
lonestar,Blended,2026-04-13,44,2149,1,174193.82,81.0580828292229,0.4847162595183897,167.22790134946487
lonestar,Blended,2026-04-13,45,2149,1,174608.67,81.2511261051652,0.4858706319310345,167.22790134946487
lonestar,Blended,2026-04-13,46,2149,1,175404.56,81.621479758027,0.4880852961699156,167.22790134946487
lonestar,Blended,2026-04-13,47,2149,1,175791.43,81.80150302466264,0.4891618107059645,167.22790134946487
lonestar,Blended,2026-04-13,48,2149,1,176239.25,82.0098883201489,0.490407926299144,167.22790134946487
lonestar,Blended,2026-04-13,49,2149,1,187159.05,87.09122847836204,0.5207936461294396,167.22790134946487
lonestar,Blended,2026-04-13,50,2149,1,187309.0,87.16100511865984,0.5212109009041197,167.22790134946487
lonestar,Blended,2026-04-13,51,2149,1,195439.78,90.94452303396928,0.5438358210566655,167.22790134946487
lonestar,Blended,2026-04-13,52,2149,1,196227.65,91.31114471847371,0.5460281686347068,167.22790134946487
lonestar,Blended,2026-04-13,53,2149,1,196686.5,91.52466263378317,0.5473049765931063,167.22790134946487
lonestar,Blended,2026-04-13,54,2149,1,219585.25,102.18020009306656,0.6110236346238374,167.22790134946487
lonestar,Blended,2026-04-13,55,2149,1,222691.14,103.6254723127036,0.6196661650148443,167.22790134946487
lonestar,Blended,2026-04-13,56,2149,1,231548.93,107.74729176361096,0.6443140821246439,167.22790134946487
lonestar,Blended,2026-04-13,57,2149,1,235921.78,109.78212191717076,0.6564820884031388,167.22790134946487
lonestar,Blended,2026-04-13,58,2149,1,236618.65,110.1063983248022,0.6584212170115508,167.22790134946487
lonestar,Blended,2026-04-13,59,2149,1,246615.37,114.75819916240113,0.6862383503969528,167.22790134946487
lonestar,Blended,2026-04-13,60,2149,1,248473.22000000003,115.6227175430433,0.6914080521851462,167.22790134946487
lonestar,Blended,2026-04-13,61,2149,1,249009.08,115.87207073057236,0.6928991501748769,167.22790134946487
lonestar,Blended,2026-04-13,62,2149,1,249087.17,115.9084085621219,0.6931164454423312,167.22790134946487
lonestar,Blended,2026-04-13,63,2149,1,249203.08,115.96234527687297,0.6934389796266138,167.22790134946487
lonestar,Blended,2026-04-13,64,2149,1,250736.94,116.67610051186598,0.6977071384041461,167.22790134946487
lonestar,Blended,2026-04-13,65,2149,1,253534.77,117.9780223359702,0.7054924530173071,167.22790134946487
lonestar,Blended,2026-04-13,66,2149,1,267047.52,124.26594695207072,0.7430933830377127,167.22790134946487
lonestar,Blended,2026-04-13,67,2149,1,268055.36,124.7349278734295,0.7458978248657466,167.22790134946487
lonestar,Blended,2026-04-13,68,2149,1,268334.27,124.86471382038158,0.74667392709453,167.22790134946487
lonestar,Blended,2026-04-13,69,2149,1,269589.06,125.44860865518848,0.7501655384231125,167.22790134946487
lonestar,Blended,2026-04-13,70,2149,1,269741.98,125.51976733364354,0.7505910575971311,167.22790134946487
lonestar,Blended,2026-04-13,71,2149,1,270309.82,125.78400186133084,0.7521711439676173,167.22790134946487
lonestar,Blended,2026-04-13,72,2149,1,270609.74,125.92356444858072,0.7530057091694985,167.22790134946487
lonestar,Blended,2026-04-13,73,2149,1,274597.57,127.77923220102372,0.7641023487701182,167.22790134946487
lonestar,Blended,2026-04-13,74,2149,1,274800.48000000004,127.8736528617962,0.7646669714198706,167.22790134946487
lonestar,Blended,2026-04-13,75,2149,1,275190.36,128.05507677989763,0.7657518616602995,167.22790134946487
lonestar,Blended,2026-04-13,76,2149,1,282857.27,131.62274080967893,0.7870860050717255,167.22790134946487
lonestar,Blended,2026-04-13,77,2149,1,282937.33,131.65999534667284,0.7873087821124782,167.22790134946487
lonestar,Blended,2026-04-13,78,2149,1,283414.22,131.88190786412284,0.7886357886446373,167.22790134946487
lonestar,Blended,2026-04-13,79,2149,1,284216.85,132.2553978594695,0.7908692077830272,167.22790134946487
lonestar,Blended,2026-04-13,80,2149,1,285587.33,132.89312703583062,0.7946827411181637,167.22790134946487
lonestar,Blended,2026-04-13,81,2149,1,292552.05000000005,136.1340390879479,0.8140629523506457,167.22790134946487
lonestar,Blended,2026-04-13,82,2149,1,293041.88,136.36197301070266,0.8154259660637606,167.22790134946487
lonestar,Blended,2026-04-13,83,2149,1,293950.60000000003,136.78483015355982,0.8179545939987217,167.22790134946487
lonestar,Blended,2026-04-13,84,2149,1,294126.46,136.8666635644486,0.8184439466140951,167.22790134946487
lonestar,Blended,2026-04-13,85,2149,1,296281.14,137.8693066542578,0.8244396152897064,167.22790134946487
lonestar,Blended,2026-04-13,86,2149,1,297293.96,138.34060493252676,0.827257914595419,167.22790134946487
lonestar,Blended,2026-04-13,87,2149,1,297987.57,138.6633643555142,0.829187971842941,167.22790134946487
lonestar,Blended,2026-04-13,88,2149,1,300137.36,139.66373196835738,0.8351700334772174,167.22790134946487
lonestar,Blended,2026-04-13,89,2149,1,306175.74,142.47358771521638,0.8519725869039155,167.22790134946487
lonestar,Blended,2026-04-13,90,2149,1,306736.58,142.73456491391343,0.8535331948921224,167.22790134946487
lonestar,Blended,2026-04-13,91,2149,1,316367.26,147.2160353652862,0.8803317758418863,167.22790134946487
lonestar,Blended,2026-04-13,92,2149,1,318112.14,148.02798510935318,0.8851871243663543,167.22790134946487
lonestar,Blended,2026-04-13,93,2149,1,319329.92,148.59465798045602,0.8885757507052009,167.22790134946487
lonestar,Blended,2026-04-13,94,2149,1,321880.63,149.78158678455097,0.8956734227713865,167.22790134946487
lonestar,Blended,2026-04-13,95,2149,1,323382.58,150.48049325267567,0.8998527879519862,167.22790134946487
lonestar,Blended,2026-04-13,96,2149,1,324250.4,150.88431828757564,0.902267606481916,167.22790134946487
lonestar,Blended,2026-04-13,97,2149,1,330535.32,153.80889716147044,0.9197561885324864,167.22790134946487
lonestar,Blended,2026-04-13,98,2149,1,333314.0,155.10190786412284,0.9274882158569836,167.22790134946487
lonestar,Blended,2026-04-13,99,2149,1,334268.31,155.54597952536062,0.9301437037131028,167.22790134946487
lonestar,Blended,2026-04-13,100,2149,1,334711.17,155.75205677059097,0.9313760174811244,167.22790134946487
lonestar,Blended,2026-04-13,101,2149,1,335867.15,156.28997208003724,0.9345926775307066,167.22790134946487
lonestar,Blended,2026-04-13,102,2149,1,336820.98000000004,156.73382038157283,0.9372468297263268,167.22790134946487
lonestar,Blended,2026-04-13,103,2149,1,337682.85000000003,157.1348766868311,0.939645091631319,167.22790134946487
lonestar,Blended,2026-04-13,104,2149,1,341499.56,158.91091670544438,0.950265568263994,167.22790134946487
lonestar,Blended,2026-04-13,105,2149,1,342394.29,159.3272638436482,0.9527552672606572,167.22790134946487
lonestar,Blended,2026-04-13,106,2149,1,342812.27,159.52176361098185,0.9539183492928068,167.22790134946487
lonestar,Blended,2026-04-13,107,2149,1,343211.12000000005,159.70736156351794,0.9550281996888136,167.22790134946487
lonestar,Blended,2026-04-13,108,2149,1,344133.86,160.13674267100976,0.9575958400408532,167.22790134946487
lonestar,Blended,2026-04-13,109,2149,1,345718.52,160.8741368078176,0.9620053562212116,167.22790134946487
lonestar,Blended,2026-04-13,110,2149,1,346468.5,161.22312703583063,0.964092270098602,167.22790134946487
lonestar,Blended,2026-04-13,111,2149,1,348905.92,162.35733829688226,0.9708746984607292,167.22790134946487
lonestar,Blended,2026-04-13,112,2149,1,350584.72000000003,163.13853885528155,0.975546171056482,167.22790134946487
lonestar,Blended,2026-04-13,113,2149,1,351644.58,163.63172638436484,0.9784953650911103,167.22790134946487
lonestar,Blended,2026-04-13,114,2149,1,352291.45,163.9327361563518,0.9802953623975283,167.22790134946487
lonestar,Blended,2026-04-13,115,2149,1,354170.47000000003,164.80710563052585,0.9855239723789864,167.22790134946487
lonestar,Blended,2026-04-13,116,2149,1,355579.03,165.46255467659378,0.9894434681137212,167.22790134946487
lonestar,Blended,2026-04-13,117,2149,1,355939.98,165.6305165193113,0.9904478569828165,167.22790134946487
lonestar,Blended,2026-04-13,118,2149,1,357027.91000000003,166.13676593764544,0.9934751593303844,167.22790134946487
lonestar,Blended,2026-04-13,119,2149,1,357192.82,166.21350395532806,0.9939340421906212,167.22790134946487
lonestar,Blended,2026-04-13,120,2149,1,359372.76,167.22790134946487,1.0,167.22790134946487
