brand,population,goal_horizon,day,ARPU_nominal,ARPU_at_horizon,raw_goal_ratio,organic_share,adjusted_goal_ratio,effective_patch,is_extrapolated
realprize,Web,120,1,0.4717501637197119,1.586750287070991,0.29730586316169727,0.4824250367129681,0.1538780712109348,1->7,False
realprize,Web,120,2,0.5088883431565161,1.586750287070991,0.32071104527473043,0.4824250367129681,0.16599200748381424,1->7,False
realprize,Web,120,3,0.5507607171866009,1.586750287070991,0.3470998062355857,0.4824250367129681,0.17965016946931914,1->7,False
realprize,Web,120,4,0.607880017309186,1.586750287070991,0.38309746798992667,0.4824250367129681,0.19828165793024116,1->7,False
realprize,Web,120,5,0.6626683231111921,1.586750287070991,0.4176260930977505,0.4824250367129681,0.2161528098027748,1->7,False
realprize,Web,120,6,0.6831649976276842,1.586750287070991,0.43054348450048174,0.4824250367129681,0.22283852818380762,1->7,False
realprize,Web,120,7,0.6978543973328432,1.586750287070991,0.43980102163461665,0.4824250367129681,0.22762999762613584,1->7,False
realprize,Web,120,8,0.7190885701429224,1.586750287070991,0.4531831983911596,0.4824250367129681,0.23455627726960412,7->14,False
realprize,Web,120,9,0.724889990195156,1.586750287070991,0.456839362879992,0.4824250367129681,0.2364486164706829,7->14,False
realprize,Web,120,10,0.7472253412749575,1.586750287070991,0.47091552298016176,0.4824250367129681,0.24373408451775064,7->14,False
realprize,Web,120,11,0.7533730350380752,1.586750287070991,0.4747899157016944,0.4824250367129681,0.24573937318835742,7->14,False
realprize,Web,120,12,0.7725216693345811,1.586750287070991,0.4868577466972398,0.4824250367129681,0.25198538037283097,7->14,False
realprize,Web,120,13,0.7806408704965544,1.586750287070991,0.4919746206175595,0.4824250367129681,0.2546337462042848,7->14,False
realprize,Web,120,14,0.8177192138235877,1.586750287070991,0.5153420928840853,0.4824250367129681,0.2667281648047426,7->14,False
realprize,Web,120,15,0.827645743505917,1.586750287070991,0.521597979373101,0.4824250367129681,0.2699660550246228,14->30,False
realprize,Web,120,16,0.8315861049462284,1.586750287070991,0.5240812695747276,0.4824250367129681,0.2712513438595607,14->30,False
realprize,Web,120,17,0.8340486767816189,1.586750287070991,0.5256332288561947,0.4824250367129681,0.272054599127689,14->30,False
realprize,Web,120,18,0.8560101216580576,1.586750287070991,0.5394737462050069,0.4824250367129681,0.279218104386374,14->30,False
realprize,Web,120,19,0.8572414075757527,1.586750287070991,0.5402497258457404,0.4824250367129681,0.2796197320204381,14->30,False
realprize,Web,120,20,0.8584726934934479,1.586750287070991,0.5410257054864739,0.4824250367129681,0.28002135965450226,14->30,False
realprize,Web,120,21,0.8657253866049404,1.586750287070991,0.5455964896675691,0.4824250367129681,0.28238708310922556,14->30,False
realprize,Web,120,22,0.8659709042774175,1.586750287070991,0.5457512195418774,0.4824250367129681,0.28246716741824013,14->30,False
realprize,Web,120,23,0.8758261216927227,1.586750287070991,0.5519621636933337,0.4824250367129681,0.2856817966094079,14->30,False
realprize,Web,120,24,0.8849736886479231,1.586750287070991,0.5577271331593775,0.4824250367129681,0.28866560046914636,14->30,False
realprize,Web,120,25,0.893596387627097,1.586750287070991,0.5631613209137032,0.4824250367129681,0.2914781999965863,14->30,False
realprize,Web,120,26,0.8954288070331757,1.586750287070991,0.5643161462324754,0.4824250367129681,0.29207590866855276,14->30,False
realprize,Web,120,27,0.9099061435851268,1.586750287070991,0.5734400371622038,0.4824250367129681,0.29679820618154185,14->30,False
realprize,Web,120,28,0.9169670745181763,1.586750287070991,0.5778899691966157,0.4824250367129681,0.2991013795908824,14->30,False
realprize,Web,120,29,0.9267456864889329,1.586750287070991,0.584052635150064,0.4824250367129681,0.3022910211954886,14->30,False
realprize,Web,120,30,0.9334686351243193,1.586750287070991,0.5882895643569882,0.4824250367129681,0.30448394967421216,14->30,False
realprize,Web,120,31,0.9432666633892834,1.586750287070991,0.5944644668257633,0.4824250367129681,0.3076799245927894,30->60,False
realprize,Web,120,32,0.9533702262545034,1.586750287070991,0.6008319229702775,0.4824250367129681,0.31097556047301816,30->60,False
realprize,Web,120,33,0.9606455237544493,1.586750287070991,0.6054169528639072,0.4824250367129681,0.3133486571518835,30->60,False
realprize,Web,120,34,0.9677905005047857,1.586750287070991,0.6099198521597538,0.4824250367129681,0.3156792450896165,30->60,False
realprize,Web,120,35,0.9707526606335382,1.586750287070991,0.6117866614194643,0.4824250367129681,0.316645458823675,30->60,False
realprize,Web,120,36,0.9760648656376921,1.586750287070991,0.6151345133451506,0.4824250367129681,0.3183782231612025,30->60,False
realprize,Web,120,37,0.9782423989656175,1.586750287070991,0.6165068359756667,0.4824250367129681,0.31908850299630986,30->60,False
realprize,Web,120,38,0.9817266266324384,1.586750287070991,0.618702662058202,0.4824250367129681,0.3202250076003628,30->60,False
realprize,Web,120,39,0.988915624773111,1.586750287070991,0.6232333044656743,0.4824250367129681,0.3225699546780769,30->60,False
realprize,Web,120,40,0.9976296807829613,1.586750287070991,0.6287250671462002,0.4824250367129681,0.32541235354583126,30->60,False
realprize,Web,120,41,1.0108224120258835,1.586750287070991,0.6370393755477287,0.4824250367129681,0.3297156314115094,30->60,False
realprize,Web,120,42,1.012466087928527,1.586750287070991,0.6380752511458215,0.4824250367129681,0.33025177468616224,30->60,False
realprize,Web,120,43,1.0216018339893713,1.586750287070991,0.6438327708609798,0.4824250367129681,0.33323172274135965,30->60,False
realprize,Web,120,44,1.0256917262503644,1.586750287070991,0.6464102982100013,0.4824250367129681,0.33456578636440076,30->60,False
realprize,Web,120,45,1.0285885516621716,1.586750287070991,0.6482359322971104,0.4824250367129681,0.33551068886001184,30->60,False
realprize,Web,120,46,1.0333794736678872,1.586750287070991,0.6512552618316646,0.4824250367129681,0.3370734182330101,30->60,False
realprize,Web,120,47,1.0413952894072538,1.586750287070991,0.6563069803060082,0.4824250367129681,0.339688061236905,30->60,False
realprize,Web,120,48,1.046623374328884,1.586750287070991,0.6596018181669049,0.4824250367129681,0.34139338682179526,30->60,False
realprize,Web,120,49,1.0472762856429818,1.586750287070991,0.6600132952086409,0.4824250367129681,0.3416063570365653,30->60,False
realprize,Web,120,50,1.0555980718379536,1.586750287070991,0.6652578420429971,0.4824250367129681,0.3443208031718143,30->60,False
realprize,Web,120,51,1.068201177963579,1.586750287070991,0.6732005575593053,0.4824250367129681,0.34843175386356684,30->60,False
realprize,Web,120,52,1.0703625846435592,1.586750287070991,0.674562716871701,0.4824250367129681,0.34913677341967114,30->60,False
realprize,Web,120,53,1.0723213185858524,1.586750287070991,0.675797147996909,0.4824250367129681,0.3497756840639811,30->60,False
realprize,Web,120,54,1.0764369698980225,1.586750287070991,0.6783909091864956,0.4824250367129681,0.3511181499164566,30->60,False
realprize,Web,120,55,1.079049922720463,1.586750287070991,0.6800376414062602,0.4824250367129681,0.3519704572846449,30->60,False
realprize,Web,120,56,1.0826217573126065,1.586750287070991,0.6822886790277732,0.4824250367129681,0.35313553799895725,30->60,False
realprize,Web,120,57,1.0898353376950114,1.586750287070991,0.6868348136282721,0.4824250367129681,0.35548850344790833,30->60,False
realprize,Web,120,58,1.1016452742549525,1.586750287070991,0.694277658703625,0.4824250367129681,0.3593407337145352,30->60,False
realprize,Web,120,59,1.1124514359441546,1.586750287070991,0.7010879058970566,0.4824250367129681,0.36286554715565117,30->60,False
realprize,Web,120,60,1.1212357518364031,1.586750287070991,0.7066239476824743,0.4824250367129681,0.36573086377949415,30->60,False
realprize,Web,120,61,1.1254552426720426,1.586750287070991,0.7092831505009772,0.4824250367129681,0.3671072005806536,60->90,False
realprize,Web,120,62,1.1380244064214615,1.586750287070991,0.7172044748907277,0.4824250367129681,0.37120707976086337,60->90,False
realprize,Web,120,63,1.178027699906052,1.586750287070991,0.7424153059903288,0.4824250367129681,0.384255574741675,60->90,False
realprize,Web,120,64,1.196974855531401,1.586750287070991,0.7543561613219664,0.4824250367129681,0.39043586250156304,60->90,False
realprize,Web,120,65,1.2040590697455766,1.586750287070991,0.7588207669198973,0.4824250367129681,0.39274663058000325,60->90,False
realprize,Web,120,66,1.2104185491919162,1.586750287070991,0.7628286309790105,0.4824250367129681,0.3948210006732582,60->90,False
realprize,Web,120,67,1.2163771830981034,1.586750287070991,0.766583874607916,0.4824250367129681,0.3967646207566228,60->90,False
realprize,Web,120,68,1.2532866368061357,1.586750287070991,0.7898449094467148,0.4824250367129681,0.40880395000933245,60->90,False
realprize,Web,120,69,1.2783836155101058,1.586750287070991,0.8056614994347319,0.4824250367129681,0.4169902209917064,60->90,False
realprize,Web,120,70,1.2841145468802901,1.586750287070991,0.809273240624811,0.4824250367129681,0.4188595678055639,60->90,False
realprize,Web,120,71,1.2939382782344042,1.586750287070991,0.8154643416658248,0.4824250367129681,0.42206392669957293,60->90,False
realprize,Web,120,72,1.306282256330986,1.586750287070991,0.8232437498040566,0.4824250367129681,0.426090353581113,60->90,False
realprize,Web,120,73,1.3112435897808654,1.586750287070991,0.8263704758492982,0.4824250367129681,0.4277086686991876,60->90,False
realprize,Web,120,74,1.3178666460472273,1.586750287070991,0.8305444509985874,0.4824250367129681,0.42986901373384195,60->90,False
realprize,Web,120,75,1.3231361527031786,1.586750287070991,0.8338653936187891,0.4824250367129681,0.4315878504885712,60->90,False
realprize,Web,120,76,1.3254129344938717,1.586750287070991,0.8353002645050556,0.4824250367129681,0.43233050373485216,60->90,False
realprize,Web,120,77,1.333227334789653,1.586750287070991,0.8402250471627012,0.4824250367129681,0.4348794479380797,60->90,False
realprize,Web,120,78,1.338119250978022,1.586750287070991,0.8433080251386491,0.4824250367129681,0.4364751201507957,60->90,False
realprize,Web,120,79,1.342819443301266,1.586750287070991,0.8462701751136903,0.4824250367129681,0.4380082548153783,60->90,False
realprize,Web,120,80,1.3502392612684597,1.586750287070991,0.8509462845353499,0.4824250367129681,0.44042849197761996,60->90,False
realprize,Web,120,81,1.3583195778097679,1.586750287070991,0.8560386526333092,0.4824250367129681,0.44306417420896527,60->90,False
realprize,Web,120,82,1.366114010059197,1.586750287070991,0.8609508510510056,0.4824250367129681,0.44560660512466305,60->90,False
realprize,Web,120,83,1.3705180116279758,1.586750287070991,0.8637263360184028,0.4824250367129681,0.44704312665476736,60->90,False
realprize,Web,120,84,1.3756594124103458,1.586750287070991,0.8669665438975269,0.4824250367129681,0.44872017712884743,60->90,False
realprize,Web,120,85,1.382633672465938,1.586750287070991,0.8713618543080051,0.4824250367129681,0.45099507975318576,60->90,False
realprize,Web,120,86,1.3891579091720538,1.586750287070991,0.8754735515040137,0.4824250367129681,0.45312319127845735,60->90,False
realprize,Web,120,87,1.397183985141356,1.586750287070991,0.8805317361690487,0.4824250367129681,0.45574118102076183,60->90,False
realprize,Web,120,88,1.40194304005477,1.586750287070991,0.8835309824601577,0.4824250367129681,0.45729351580977134,60->90,False
realprize,Web,120,89,1.4096366995498282,1.586750287070991,0.8883796719847458,0.4824250367129681,0.45980307611245025,60->90,False
realprize,Web,120,90,1.4199676095385105,1.586750287070991,0.8948904065803905,0.4824250367129681,0.46317286933176266,60->90,False
realprize,Web,120,91,1.4236342332384373,1.586750287070991,0.8972011820879185,0.4824250367129681,0.46436886888023604,90->120,False
realprize,Web,120,92,1.4309582575751087,1.586750287070991,0.9018169205543606,0.4824250367129681,0.46675785954754734,90->120,False
realprize,Web,120,93,1.4384034993135855,1.586750287070991,0.9065090525168636,0.4824250367129681,0.4691863895757778,90->120,False
realprize,Web,120,94,1.4467914191910185,1.586750287070991,0.9117952780469792,0.4824250367129681,0.47192240756045434,90->120,False
realprize,Web,120,95,1.4528690124178227,1.586750287070991,0.9156254920865324,0.4824250367129681,0.47390483045135756,90->120,False
realprize,Web,120,96,1.457888673675706,1.586750287070991,0.9187889774180202,0.4824250367129681,0.4755421712556614,90->120,False
realprize,Web,120,97,1.4664300409999058,1.586750287070991,0.9241719084272634,0.4824250367129681,0.47832824157514703,90->120,False
realprize,Web,120,98,1.4744387926417875,1.586750287070991,0.9292191749739518,0.4824250367129681,0.48094058037274917,90->120,False
realprize,Web,120,99,1.4802232748936577,1.586750287070991,0.9328646649410895,0.4824250367129681,0.4828273947086537,90->120,False
realprize,Web,120,100,1.4848728136125706,1.586750287070991,0.9357948920579824,0.4824250367129681,0.4843440069011022,90->120,False
realprize,Web,120,101,1.4927547825955114,1.586750287070991,0.9407622577784513,0.4824250367129681,0.4869149910315072,90->120,False
realprize,Web,120,102,1.5000205779842861,1.586750287070991,0.9453412992621537,0.4824250367129681,0.48928498825932426,90->120,False
realprize,Web,120,103,1.5038086217907027,1.586750287070991,0.9477285960140636,0.4824250367129681,0.49052059328804926,90->120,False
realprize,Web,120,104,1.5089847872820077,1.586750287070991,0.9509907132693626,0.4824250367129681,0.4922089835066986,90->120,False
realprize,Web,120,105,1.5164598266092228,1.586750287070991,0.9557016242350782,0.4824250367129681,0.49464723307682734,90->120,False
realprize,Web,120,106,1.5213715395140004,1.586750287070991,0.9587970784756091,0.4824250367129681,0.4962493626917268,90->120,False
realprize,Web,120,107,1.5249716476984947,1.586750287070991,0.9610659346490275,0.4824250367129681,0.4974236658423874,90->120,False
realprize,Web,120,108,1.5302504831129002,1.586750287070991,0.964392756429,0.4824250367129681,0.4991455455030192,90->120,False
realprize,Web,120,109,1.5390313460227742,1.586750287070991,0.9699266220797086,0.4824250367129681,0.5020097358140201,90->120,False
realprize,Web,120,110,1.541555696388324,1.586750287070991,0.9715175153576984,0.4824250367129681,0.5028331423439691,90->120,False
realprize,Web,120,111,1.5461046935833316,1.586750287070991,0.9743843793072898,0.4824250367129681,0.5043169593474279,90->120,False
realprize,Web,120,112,1.5487551850474923,1.586750287070991,0.976054769088062,0.4824250367129681,0.505181511276886,90->120,False
realprize,Web,120,113,1.5532440803033103,1.586750287070991,0.9788837556604256,0.4824250367129681,0.5066457238982167,90->120,False
realprize,Web,120,114,1.5565873900301934,1.586750287070991,0.980990772595683,0.4824250367129681,0.5077362631111277,90->120,False
realprize,Web,120,115,1.5595756625007862,1.586750287070991,0.9828740383464073,0.4824250367129681,0.5087109943129186,90->120,False
realprize,Web,120,116,1.5641070112123692,1.586750287070991,0.9857297798884161,0.4824250367129681,0.5101890546366811,90->120,False
realprize,Web,120,117,1.5713507644936646,1.586750287070991,0.990294930019674,0.4824250367129681,0.5125518620482665,90->120,False
realprize,Web,120,118,1.5739848105267074,1.586750287070991,0.9919549555791493,0.4824250367129681,0.5134110497162675,90->120,False
realprize,Web,120,119,1.5794151676933696,1.586750287070991,0.9953772692291983,0.4824250367129681,0.5151823535780484,90->120,False
realprize,Web,120,120,1.586750287070991,1.586750287070991,1.0,0.4824250367129681,0.5175749632870319,90->120,False
realprize,App,120,1,3.132429209888813,23.919038273964876,0.13095966376283466,0.23294531960958564,0.10045322303163727,1->7,False
realprize,App,120,2,4.306338912354804,23.919038273964876,0.1800381295865946,0.23294531960958564,0.13809908994813333,1->7,False
realprize,App,120,3,4.897967929685072,23.919038273964876,0.20477277863702226,0.23294531960958564,0.1570719182700782,1->7,False
realprize,App,120,4,5.655705183551772,23.919038273964876,0.23645203117166422,0.23294531960958564,0.1813716371980452,1->7,False
realprize,App,120,5,6.165155705323313,23.919038273964876,0.25775098625239845,0.23294531960958564,0.19770910038014758,1->7,False
realprize,App,120,6,6.80873478476924,23.919038273964876,0.2846575479658952,0.23294531960958564,0.2183479044756988,1->7,False
realprize,App,120,7,7.273777107273743,23.919038273964876,0.30409989833040324,0.23294531960958564,0.23326125032058495,1->7,False
realprize,App,120,8,7.647063994583236,23.919038273964876,0.31970616489655546,0.23294531960958564,0.24523211013357246,7->14,False
realprize,App,120,9,7.925768956163629,23.919038273964876,0.33135817859326644,0.23294531960958564,0.2541698417756078,7->14,False
realprize,App,120,10,8.41986369543902,23.919038273964876,0.3520151437110152,0.23294531960958564,0.27001486355183857,7->14,False
realprize,App,120,11,8.69234634261693,23.919038273964876,0.3634070167477543,0.23294531960958564,0.2787530530830826,7->14,False
realprize,App,120,12,8.899721673032005,23.919038273964876,0.3720769025533553,0.23294531960958564,0.2854033295687193,7->14,False
realprize,App,120,13,9.100967597124349,23.919038273964876,0.3804905319722017,0.23294531960958564,0.29185704339351587,7->14,False
realprize,App,120,14,9.31704856622934,23.919038273964876,0.38952438051703175,0.23294531960958564,0.2987864992017659,7->14,False
realprize,App,120,15,9.642788440095096,23.919038273964876,0.4031428157624117,0.23294531960958564,0.3092325836963284,14->30,False
realprize,App,120,16,9.959933674328095,23.919038273964876,0.41640192888395394,0.23294531960958564,0.31940304847403334,14->30,False
realprize,App,120,17,10.502843578849301,23.919038273964876,0.4390997438338195,0.23294531960958564,0.33681351366596324,14->30,False
realprize,App,120,18,10.676768276578333,23.919038273964876,0.4463711355903327,0.23294531960958564,0.342391068745749,14->30,False
realprize,App,120,19,10.931392222426007,23.919038273964876,0.45701637738188183,0.23294531960958564,0.35055655128584434,14->30,False
realprize,App,120,20,11.120730007275023,23.919038273964876,0.4649321548759588,0.23294531960958564,0.3566283854616052,14->30,False
realprize,App,120,21,11.302035556767994,23.919038273964876,0.47251212307603124,0.23294531960958564,0.36244263554668127,14->30,False
realprize,App,120,22,11.510933311407205,23.919038273964876,0.4812456579383669,0.23294531960958564,0.3691417343391887,14->30,False
realprize,App,120,23,11.771335251419593,23.919038273964876,0.4921324643822458,0.23294531960958564,0.3774925101764705,14->30,False
realprize,App,120,24,11.984160851758553,23.919038273964876,0.5010302134431106,0.23294531960958564,0.3843175702385463,14->30,False
realprize,App,120,25,12.18222815328939,23.919038273964876,0.5093109519603622,0.23294531960958564,0.39066934947529336,14->30,False
realprize,App,120,26,12.466616993199066,23.919038273964876,0.5212005955426974,0.23294531960958564,0.39978935623329737,14->30,False
realprize,App,120,27,12.61289197768992,23.919038273964876,0.5273160163558356,0.23294531960958564,0.40448021839057197,14->30,False
realprize,App,120,28,12.831825471061952,23.919038273964876,0.5364691223822737,0.23294531960958564,0.4115011512082611,14->30,False
realprize,App,120,29,12.951078551521636,23.919038273964876,0.541454819511639,0.23294531960958564,0.41532545352634975,14->30,False
realprize,App,120,30,13.101790450658198,23.919038273964876,0.5477557375255796,0.23294531960958564,0.42015860217969914,14->30,False
realprize,App,120,31,13.237950649140304,23.919038273964876,0.5534482823897396,0.23294531960958564,0.4245250953610855,30->60,False
realprize,App,120,32,13.461364107933406,23.919038273964876,0.5627886854709238,0.23294531960958564,0.43168969526124085,30->60,False
realprize,App,120,33,13.651328680376853,23.919038273964876,0.5707306675133296,0.23294531960958564,0.43778162975844487,30->60,False
realprize,App,120,34,13.820876311398306,23.919038273964876,0.5778190641737422,0.23294531960958564,0.44321881759327814,30->60,False
realprize,App,120,35,13.985688175047798,23.919038273964876,0.5847094692879347,0.23294531960958564,0.44850413508590553,30->60,False
realprize,App,120,36,14.179681271815527,23.919038273964876,0.5928198746706997,0.23294531960958564,0.45472525949461906,30->60,False
realprize,App,120,37,14.374531788817048,23.919038273964876,0.6009661268222174,0.23294531960958564,0.4609738803350812,30->60,False
realprize,App,120,38,14.555629027978092,23.919038273964876,0.6085373860462207,0.23294531960958564,0.466781450159302,30->60,False
realprize,App,120,39,14.654339722145487,23.919038273964876,0.6126642532319653,0.23294531960958564,0.469946982949477,30->60,False
realprize,App,120,40,14.791370816445706,23.919038273964876,0.6183932082480779,0.23294531960958564,0.4743414047083323,30->60,False
realprize,App,120,41,14.897973944868383,23.919038273964876,0.6228500399652088,0.23294531960958564,0.4777600383366701,30->60,False
realprize,App,120,42,15.14797882565742,23.919038273964876,0.6333021692659575,0.23294531960958564,0.48577739303685513,30->60,False
realprize,App,120,43,15.21481848288927,23.919038273964876,0.6360965816694278,0.23294531960958564,0.48792086014987807,30->60,False
realprize,App,120,44,15.288680122384212,23.919038273964876,0.6391845670076737,0.23294531960958564,0.4902895137565565,30->60,False
realprize,App,120,45,15.388215483718406,23.919038273964876,0.6433459116317397,0.23294531960958564,0.49348149262716384,30->60,False
realprize,App,120,46,15.487960633206582,23.919038273964876,0.6475160270162175,0.23294531960958564,0.4966801991505956,30->60,False
realprize,App,120,47,15.559971840196962,23.919038273964876,0.6505266500256202,0.23294531960958564,0.498989511620849,30->60,False
realprize,App,120,48,15.712461102099306,23.919038273964876,0.656901875490614,0.23294531960958564,0.5038796581523166,30->60,False
realprize,App,120,49,15.878048098082735,23.919038273964876,0.6638246871056472,0.23294531960958564,0.5091898332030891,30->60,False
realprize,App,120,50,15.97128048802086,23.919038273964876,0.6677225189862712,0.23294531960958564,0.5121796833904967,30->60,False
realprize,App,120,51,16.022033385059828,23.919038273964876,0.6698443809297847,0.23294531960958564,0.513807267525411,30->60,False
realprize,App,120,52,16.05732719468351,23.919038273964876,0.6713199339691431,0.23294531960958564,0.5149390973904151,30->60,False
realprize,App,120,53,16.116021565526616,23.919038273964876,0.6737738106748381,0.23294531960958564,0.5168213550026195,30->60,False
realprize,App,120,54,16.137489875896577,23.919038273964876,0.6746713513754325,0.23294531960958564,0.5175098177978513,30->60,False
realprize,App,120,55,16.198058587953994,23.919038273964876,0.6772035899781587,0.23294531960958564,0.5194521832699377,30->60,False
realprize,App,120,56,16.249747584628853,23.919038273964876,0.6793645880953414,0.23294531960958564,0.5211097869900376,30->60,False
realprize,App,120,57,16.33359080491002,23.919038273964876,0.6828698803784524,0.23294531960958564,0.5237985378419343,30->60,False
realprize,App,120,58,16.381420445693827,23.919038273964876,0.6848695276985484,0.23294531960958564,0.5253323766779441,30->60,False
realprize,App,120,59,16.45028228963191,23.919038273964876,0.6877484830791682,0.23294531960958564,0.5275406928772837,30->60,False
realprize,App,120,60,16.529812898401666,23.919038273964876,0.6910734749897469,0.23294531960958564,0.5300911434845533,30->60,False
realprize,App,120,61,16.677678929782797,23.919038273964876,0.6972554138155265,0.23294531960958564,0.5348330285947548,60->90,False
realprize,App,120,62,16.84782821094137,23.919038273964876,0.7043689640849692,0.23294531960958564,0.5402895106231232,60->90,False
realprize,App,120,63,16.966470798447844,23.919038273964876,0.7093291379074934,0.23294531960958564,0.5440942351692405,60->90,False
realprize,App,120,64,17.100905369085442,23.919038273964876,0.7149495382387193,0.23294531960958564,0.5484053895489752,60->90,False
realprize,App,120,65,17.22276623286753,23.919038273964876,0.7200442607934606,0.23294531960958564,0.5523133203298801,60->90,False
realprize,App,120,66,17.316187661578343,23.919038273964876,0.7239499959505676,0.23294531960958564,0.5553092327625044,60->90,False
realprize,App,120,67,17.448681411116677,23.919038273964876,0.7294892550136106,0.23294531960958564,0.5595581473527066,60->90,False
realprize,App,120,68,17.66046709911117,23.919038273964876,0.7383435277301277,0.23294531960958564,0.5663498586813641,60->90,False
realprize,App,120,69,17.817151615294417,23.919038273964876,0.7448941471316524,0.23294531960958564,0.5713745419527599,60->90,False
realprize,App,120,70,17.927803566046023,23.919038273964876,0.7495202508020515,0.23294531960958564,0.5749230164251109,60->90,False
realprize,App,120,71,18.021568572086778,23.919038273964876,0.7534403501374338,0.23294531960958564,0.5779299469679112,60->90,False
realprize,App,120,72,18.243904564936248,23.919038273964876,0.7627357068446253,0.23294531960958564,0.5850599938360609,60->90,False
realprize,App,120,73,18.341065583101848,23.919038273964876,0.7667977856394638,0.23294531960958564,0.5881758303877563,60->90,False
realprize,App,120,74,18.47229037344132,23.919038273964876,0.7722839924357591,0.23294531960958564,0.5923840509884444,60->90,False
realprize,App,120,75,18.55245603822321,23.919038273964876,0.7756355345782016,0.23294531960958564,0.5949548670753306,60->90,False
realprize,App,120,76,18.6209757568922,23.919038273964876,0.7785001864878718,0.23294531960958564,0.5971522117303325,60->90,False
realprize,App,120,77,18.7502794368002,23.919038273964876,0.7839060760736895,0.23294531960958564,0.6012988246388077,60->90,False
realprize,App,120,78,18.868615829277704,23.919038273964876,0.7888534485859995,0.23294531960958564,0.60509372988001,60->90,False
realprize,App,120,79,18.95764517746199,23.919038273964876,0.7925755609537527,0.23294531960958564,0.6079487935926341,60->90,False
realprize,App,120,80,19.135991377709043,23.919038273964876,0.8000318055654424,0.23294531960958564,0.6136681409201665,60->90,False
realprize,App,120,81,19.223300120530773,23.919038273964876,0.8036819833786851,0.23294531960958564,0.6164680268960716,60->90,False
realprize,App,120,82,19.310532399555026,23.919038273964876,0.8073289644163467,0.23294531960958564,0.6192654607703051,60->90,False
realprize,App,120,83,19.415338438110947,23.919038273964876,0.8117106639376858,0.23294531960958564,0.6226264638962126,60->90,False
realprize,App,120,84,19.57315903640501,23.919038273964876,0.8183087803203936,0.23294531960958564,0.6276875799493292,60->90,False
realprize,App,120,85,19.681357009016565,23.919038273964876,0.8228322888064904,0.23294531960958564,0.6311573583053756,60->90,False
realprize,App,120,86,19.78116537377003,23.919038273964876,0.8270050470758772,0.23294531960958564,0.6343580920660465,60->90,False
realprize,App,120,87,19.839858305027644,23.919038273964876,0.8294588635958122,0.23294531960958564,0.6362403035124821,60->90,False
realprize,App,120,88,19.946676191054692,23.919038273964876,0.833924673834651,0.23294531960958564,0.6396658241579187,60->90,False
realprize,App,120,89,20.060861109088382,23.919038273964876,0.8386984827447682,0.23294531960958564,0.6433275966257136,60->90,False
realprize,App,120,90,20.12316924869024,23.919038273964876,0.8413034428141569,0.23294531960958564,0.6453257434391684,60->90,False
realprize,App,120,91,20.353120051107474,23.919038273964876,0.8509171572028131,0.23294531960958564,0.6526999880569238,90->120,False
realprize,App,120,92,20.455436686083054,23.919038273964876,0.855194780483635,0.23294531960958564,0.6559811590154252,90->120,False
realprize,App,120,93,20.59051246374162,23.919038273964876,0.8608419882062629,0.23294531960958564,0.6603128761302038,90->120,False
realprize,App,120,94,20.77925729944976,23.919038273964876,0.8687329758599588,0.23294531960958564,0.6663656951428742,90->120,False
realprize,App,120,95,20.936488154628343,23.919038273964876,0.8753064364388369,0.23294531960958564,0.6714078988462645,90->120,False
realprize,App,120,96,21.01775677777154,23.919038273964876,0.8787040907346476,0.23294531960958564,0.6740140854762148,90->120,False
realprize,App,120,97,21.11453212000977,23.919038273964876,0.8827500453056374,0.23294531960958564,0.6771175538665395,90->120,False
realprize,App,120,98,21.21148868518484,23.919038273964876,0.8868035763909823,0.23294531960958564,0.6802268338576614,90->120,False
realprize,App,120,99,21.29555227068571,23.919038273964876,0.8903180816373062,0.23294531960958564,0.6829226515561108,90->120,False
realprize,App,120,100,21.49532188404565,23.919038273964876,0.8986699898984917,0.23294531960958564,0.6893290218780445,90->120,False
realprize,App,120,101,21.58562779683452,23.919038273964876,0.9024454724975208,0.23294531960958564,0.6922250234763623,90->120,False
realprize,App,120,102,21.648221740429683,23.919038273964876,0.905062381374802,0.23294531960958564,0.694232335678836,90->120,False
realprize,App,120,103,21.756829334671245,23.919038273964876,0.909603015199523,0.23294531960958564,0.6977152501060273,90->120,False
realprize,App,120,104,21.88233287092626,23.919038273964876,0.9148500295157976,0.23294531960958564,0.7017399969954013,90->120,False
realprize,App,120,105,22.140181453396494,23.919038273964876,0.9256300859510471,0.23294531960958564,0.7100088897389322,90->120,False
realprize,App,120,106,22.214844844585755,23.919038273964876,0.928751590684393,0.23294531960958564,0.7124032545545059,90->120,False
realprize,App,120,107,22.33909817197264,23.919038273964876,0.9339463366421403,0.23294531960958564,0.7163879087548353,90->120,False
realprize,App,120,108,22.555517814702622,23.919038273964876,0.9429943443526154,0.23294531960958564,0.7233282254173637,90->120,False
realprize,App,120,109,22.63912627829627,23.919038273964876,0.9464898219983305,0.23294531960958564,0.7260094479057096,90->120,False
realprize,App,120,110,22.76126686739408,23.919038273964876,0.9515962392254294,0.23294531960958564,0.7299263491397819,90->120,False
realprize,App,120,111,22.863730774680356,23.919038273964876,0.95588001962298,0.23294531960958564,0.7332122429434879,90->120,False
realprize,App,120,112,22.967574270247916,23.919038273964876,0.9602214774348766,0.23294531960958564,0.7365423784778208,90->120,False
realprize,App,120,113,23.094396375415595,23.919038273964876,0.9655236180859798,0.23294531960958564,0.7406094102803377,90->120,False
realprize,App,120,114,23.299293450907737,23.919038273964876,0.9740898937507988,0.23294531960958564,0.7471802121225517,90->120,False
realprize,App,120,115,23.472914200253328,23.919038273964876,0.9813485781241823,0.23294531960958564,0.7527480199446323,90->120,False
realprize,App,120,116,23.583262911065372,23.919038273964876,0.9859620040298617,0.23294531960958564,0.756286769878218,90->120,False
realprize,App,120,117,23.644763093948015,23.919038273964876,0.9885331852863247,0.23294531960958564,0.75825900649512,90->120,False
realprize,App,120,118,23.78630646588696,23.919038273964876,0.9944507882567172,0.23294531960958564,0.7627981315502518,90->120,False
realprize,App,120,119,23.84583888883,23.919038273964876,0.9969397019940157,0.23294531960958564,0.7647072644815347,90->120,False
realprize,App,120,120,23.919038273964876,23.919038273964876,1.0,0.23294531960958564,0.7670546803904144,90->120,False
realprize,Affiliate,120,1,6.1920181852315395,26.305980748617703,0.23538442624143222,0.4824250367129681,0.12182908577024834,1->7,False
realprize,Affiliate,120,2,7.60675041301627,26.305980748617703,0.2891642963517329,0.4824250367129681,0.14966420006816858,1->7,False
realprize,Affiliate,120,3,8.268847546933667,26.305980748617703,0.3143333687480239,0.4824250367129681,0.16269108178964753,1->7,False
realprize,Affiliate,120,4,8.789175538172714,26.305980748617703,0.33411320498417674,0.4824250367129681,0.17292862980339785,1->7,False
realprize,Affiliate,120,5,9.284844899874843,26.305980748617703,0.3529556639078257,0.4824250367129681,0.18268101478904283,1->7,False
realprize,Affiliate,120,6,9.810421032540676,26.305980748617703,0.3729350038795335,0.4824250367129681,0.19302182094139864,1->7,False
realprize,Affiliate,120,7,10.204467884856069,26.305980748617703,0.3879143675489948,0.4824250367129681,0.20077476454268317,1->7,False
realprize,Affiliate,120,8,10.539335578785705,26.305980748617703,0.4006440846855525,0.4824250367129681,0.20736334742229134,7->14,False
realprize,Affiliate,120,9,10.788050875878037,26.305980748617703,0.41009879004206734,0.4824250367129681,0.21225686620007922,7->14,False
realprize,Affiliate,120,10,11.127160144071764,26.305980748617703,0.4229897470998667,0.4824250367129681,0.2189289028260044,7->14,False
realprize,Affiliate,120,11,11.426221890050497,26.305980748617703,0.4343583308769398,0.4824250367129681,0.22481299715704858,7->14,False
realprize,Affiliate,120,12,11.647557692069313,26.305980748617703,0.4427722274783979,0.4824250367129681,0.22916781938164912,7->14,False
realprize,Affiliate,120,13,11.941914873868475,26.305980748617703,0.45396197115729986,0.4824250367129681,0.23495935055544812,7->14,False
realprize,Affiliate,120,14,12.198448916518275,26.305980748617703,0.4637138996294318,0.4824250367129681,0.24000670457638956,7->14,False
realprize,Affiliate,120,15,12.630930922532048,26.305980748617703,0.4801543437302091,0.4824250367129681,0.24851586682827187,14->30,False
realprize,Affiliate,120,16,12.821269887459195,26.305980748617703,0.48738992132551123,0.4824250367129681,0.25226082063652083,14->30,False
realprize,Affiliate,120,17,13.112369367743922,26.305980748617703,0.4984558261882304,0.4824250367129681,0.2579882559395805,14->30,False
realprize,Affiliate,120,18,13.311439066440638,26.305980748617703,0.5060232953732436,0.4824250367129681,0.26190498852518945,14->30,False
realprize,Affiliate,120,19,13.463594610489842,26.305980748617703,0.511807361951229,0.4824250367129681,0.26489867657194,14->30,False
realprize,Affiliate,120,20,13.697081537811995,26.305980748617703,0.5206831734844836,0.4824250367129681,0.26949257440040686,14->30,False
realprize,Affiliate,120,21,13.87927965059642,26.305980748617703,0.5276092833499748,0.4824250367129681,0.2730773554597604,14->30,False
realprize,Affiliate,120,22,14.192097650393812,26.305980748617703,0.5395007996856214,0.4824250367129681,0.2792321065906098,14->30,False
realprize,Affiliate,120,23,14.38000302418114,26.305980748617703,0.5466438663358621,0.4824250367129681,0.28292917904986503,14->30,False
realprize,Affiliate,120,24,14.542964691588814,26.305980748617703,0.5528387187142986,0.4824250367129681,0.28613547954220286,14->30,False
realprize,Affiliate,120,25,14.65272736615517,26.305980748617703,0.5570112555839655,0.4824250367129681,0.28829508015933447,14->30,False
realprize,Affiliate,120,26,14.830137242362458,26.305980748617703,0.5637553446146172,0.4824250367129681,0.2917856517917785,14->30,False
realprize,Affiliate,120,27,14.969320920200898,26.305980748617703,0.56904629647718,0.4824250367129681,0.2945241160077979,14->30,False
realprize,Affiliate,120,28,15.13281365492851,26.305980748617703,0.5752613369385094,0.4824250367129681,0.29774086534639793,14->30,False
realprize,Affiliate,120,29,15.279976105788025,26.305980748617703,0.5808555952277483,0.4824250367129681,0.3006363133750689,14->30,False
realprize,Affiliate,120,30,15.445764916561933,26.305980748617703,0.5871579191121228,0.4824250367129681,0.303898238428147,14->30,False
realprize,Affiliate,120,31,15.581353476912176,26.305980748617703,0.5923122055706259,0.4824250367129681,0.3065659680526776,30->60,False
realprize,Affiliate,120,32,15.787850262698994,26.305980748617703,0.600162009300056,0.4824250367129681,0.3106288299297478,30->60,False
realprize,Affiliate,120,33,15.90231131090698,26.305980748617703,0.6045131509397381,0.4824250367129681,0.3128808719041629,30->60,False
realprize,Affiliate,120,34,16.040825748559893,26.305980748617703,0.609778662192733,0.4824250367129681,0.3156061686976192,30->60,False
realprize,Affiliate,120,35,16.18377477874862,26.305980748617703,0.6152127507961864,0.4824250367129681,0.3184187169070501,30->60,False
realprize,Affiliate,120,36,16.422916647954885,26.305980748617703,0.6243035302463626,0.4824250367129681,0.32312387674722554,30->60,False
realprize,Affiliate,120,37,16.566296518419552,26.305980748617703,0.6297539968849122,0.4824250367129681,0.32594490181757,30->60,False
realprize,Affiliate,120,38,16.660772304242016,26.305980748617703,0.6333454153811576,0.4824250367129681,0.3278037301139126,30->60,False
realprize,Affiliate,120,39,16.987841161794254,26.305980748617703,0.6457786662330357,0.4824250367129681,0.3342388694671119,30->60,False
realprize,Affiliate,120,40,17.181507111431674,26.305980748617703,0.6531407163876416,0.4824250367129681,0.33804928230559933,30->60,False
realprize,Affiliate,120,41,17.281902471358656,26.305980748617703,0.6569571625747793,0.4824250367129681,0.34002457930079405,30->60,False
realprize,Affiliate,120,42,17.46892738141606,26.305980748617703,0.6640667591279218,0.4824250367129681,0.34370432847577237,30->60,False
realprize,Affiliate,120,43,17.588927743652256,26.305980748617703,0.6686284731876609,0.4824250367129681,0.3460653574627678,30->60,False
realprize,Affiliate,120,44,17.68814394181177,26.305980748617703,0.6724000945199972,0.4824250367129681,0.3480174542353843,30->60,False
realprize,Affiliate,120,45,17.785132240981117,26.305980748617703,0.6760870241234275,0.4824250367129681,0.3499257166895216,30->60,False
realprize,Affiliate,120,46,17.888820070098173,26.305980748617703,0.6800286307910484,0.4824250367129681,0.35196579361580743,30->60,False
realprize,Affiliate,120,47,17.975782302366408,26.305980748617703,0.6833344277920897,0.4824250367129681,0.35367679137725583,30->60,False
realprize,Affiliate,120,48,18.101074244682092,26.305980748617703,0.6880972968716723,0.4824250367129681,0.3561419331662617,30->60,False
realprize,Affiliate,120,49,18.178074595232257,26.305980748617703,0.6910244012167255,0.4824250367129681,0.35765692909018987,30->60,False
realprize,Affiliate,120,50,18.335291084612702,26.305980748617703,0.6970008554262386,0.4824250367129681,0.36075019215826526,30->60,False
realprize,Affiliate,120,51,18.48106540055431,26.305980748617703,0.702542344920002,0.4824250367129681,0.3636183283795553,30->60,False
realprize,Affiliate,120,52,18.64493983698545,26.305980748617703,0.7087718954544275,0.4824250367129681,0.3668425877687053,30->60,False
realprize,Affiliate,120,53,18.797461263973528,26.305980748617703,0.7145698707683148,0.4824250367129681,0.36984347462892964,30->60,False
realprize,Affiliate,120,54,18.915392610039724,26.305980748617703,0.7190529328975377,0.4824250367129681,0.3721637953458757,30->60,False
realprize,Affiliate,120,55,19.05918353745951,26.305980748617703,0.7245190255246807,0.4824250367129681,0.3749929080366928,30->60,False
realprize,Affiliate,120,56,19.180482080575853,26.305980748617703,0.7291300888518946,0.4824250367129681,0.37737947896898966,30->60,False
realprize,Affiliate,120,57,19.368510144050923,26.305980748617703,0.7362778194486695,0.4824250367129681,0.38107896537020103,30->60,False
realprize,Affiliate,120,58,19.501825875782867,26.305980748617703,0.7413457062157862,0.4824250367129681,0.3837019766776343,30->60,False
realprize,Affiliate,120,59,19.62401251934919,26.305980748617703,0.7459905299436658,0.4824250367129681,0.3861060211480663,30->60,False
realprize,Affiliate,120,60,19.73955763665316,26.305980748617703,0.7503828815692573,0.4824250367129681,0.38837939237942554,30->60,False
realprize,Affiliate,120,61,19.886133409658747,26.305980748617703,0.7559548377873614,0.4824250367129681,0.3912632974144477,60->90,False
realprize,Affiliate,120,62,20.061915320986547,26.305980748617703,0.7626370410858275,0.4824250367129681,0.3947218385413278,60->90,False
realprize,Affiliate,120,63,20.213979530283172,26.305980748617703,0.7684176356490854,0.4824250367129681,0.3977137295601832,60->90,False
realprize,Affiliate,120,64,20.333330003590206,26.305980748617703,0.7729546447211879,0.4824250367129681,0.40006197186410963,60->90,False
realprize,Affiliate,120,65,20.469674859225748,26.305980748617703,0.778137681116541,0.4824250367129681,0.40274458173614985,60->90,False
realprize,Affiliate,120,66,20.62050859651519,26.305980748617703,0.7838715003088692,0.4824250367129681,0.4057122629941136,60->90,False
realprize,Affiliate,120,67,20.762027926279746,26.305980748617703,0.7892512400386641,0.4824250367129681,0.408496681587256,60->90,False
realprize,Affiliate,120,68,20.878244384433707,26.305980748617703,0.7936691121288376,0.4824250367129681,0.41078326157213435,60->90,False
realprize,Affiliate,120,69,21.003783217197505,26.305980748617703,0.798441366543659,0.4824250367129681,0.41325326097568194,60->90,False
realprize,Affiliate,120,70,21.12021729480117,26.305980748617703,0.8028675112563888,0.4824250367129681,0.4155441226628761,60->90,False
realprize,Affiliate,120,71,21.210575693555214,26.305980748617703,0.8063024107044465,0.4824250367129681,0.41732194061859923,60->90,False
realprize,Affiliate,120,72,21.32871280933382,26.305980748617703,0.8107932949983085,0.4824250367129681,0.41964630989212115,60->90,False
realprize,Affiliate,120,73,21.61324382780436,26.305980748617703,0.8216095052430261,0.4824250367129681,0.4252445095124357,60->90,False
realprize,Affiliate,120,74,21.785552305505288,26.305980748617703,0.8281596688483113,0.4824250367129681,0.4286347101999652,60->90,False
realprize,Affiliate,120,75,21.9072517970864,26.305980748617703,0.8327859738982573,0.4824250367129681,0.4310291698663456,60->90,False
realprize,Affiliate,120,76,22.030101213445963,26.305980748617703,0.8374559923831608,0.4824250367129681,0.4334462545122193,60->90,False
realprize,Affiliate,120,77,22.1864936478633,26.305980748617703,0.8434011208279749,0.4824250367129681,0.43652330414878066,60->90,False
realprize,Affiliate,120,78,22.275926958877392,26.305980748617703,0.846800853834272,0.4824250367129681,0.43828292083470055,60->90,False
realprize,Affiliate,120,79,22.386690567053037,26.305980748617703,0.8510114403634006,0.4824250367129681,0.4404622150029312,60->90,False
realprize,Affiliate,120,80,22.519234237941195,26.305980748617703,0.8560499778790612,0.4824250367129681,0.44307003587261956,60->90,False
realprize,Affiliate,120,81,22.60132117960425,26.305980748617703,0.859170444758722,0.4824250367129681,0.44468511140329836,60->90,False
realprize,Affiliate,120,82,22.758470307093646,26.305980748617703,0.865144338261919,0.4824250367129681,0.44777704911389626,60->90,False
realprize,Affiliate,120,83,22.827549359669703,26.305980748617703,0.8677703210464495,0.4824250367129681,0.44913619205719196,60->90,False
realprize,Affiliate,120,84,22.935181578879533,26.305980748617703,0.8718618704259755,0.4824250367129681,0.45125387557708724,60->90,False
realprize,Affiliate,120,85,23.107977618572534,26.305980748617703,0.8784305682952644,0.4824250367129681,0.45465366913562805,60->90,False
realprize,Affiliate,120,86,23.241385570637927,26.305980748617703,0.8835019607417294,0.4824250367129681,0.4572784948949213,60->90,False
realprize,Affiliate,120,87,23.337221930441697,26.305980748617703,0.8871451003273465,0.4824250367129681,0.4591640927321966,60->90,False
realprize,Affiliate,120,88,23.45884287246686,26.305980748617703,0.8917684193811914,0.4824250367129681,0.4615570069217546,60->90,False
realprize,Affiliate,120,89,23.543208769268876,26.305980748617703,0.894975518846831,0.4824250367129681,0.4632169213099409,60->90,False
realprize,Affiliate,120,90,23.663202817795707,26.305980748617703,0.8995369928961547,0.4824250367129681,0.46557782607355436,60->90,False
realprize,Affiliate,120,91,23.820268647670126,26.305980748617703,0.9055077199097322,0.4824250367129681,0.4686681248884036,90->120,False
realprize,Affiliate,120,92,23.962383114709223,26.305980748617703,0.9109100832885073,0.4824250367129681,0.4714642529158363,90->120,False
realprize,Affiliate,120,93,24.100662574207274,26.305980748617703,0.9161666620421931,0.4824250367129681,0.4741849264712907,90->120,False
realprize,Affiliate,120,94,24.218486311709988,26.305980748617703,0.9206456335212894,0.4824250367129681,0.47650312997014754,90->120,False
realprize,Affiliate,120,95,24.281008551594148,26.305980748617703,0.9230223645195224,0.4824250367129681,0.47773326642930114,90->120,False
realprize,Affiliate,120,96,24.4449600165637,26.305980748617703,0.9292548432298312,0.4824250367129681,0.4809590413689765,90->120,False
realprize,Affiliate,120,97,24.491704601744843,26.305980748617703,0.9310317997944937,0.4824250367129681,0.4818787495976943,90->120,False
realprize,Affiliate,120,98,24.575432468466964,26.305980748617703,0.9342146450767979,0.4824250367129681,0.4835261106278312,90->120,False
realprize,Affiliate,120,99,24.635792935188253,26.305980748617703,0.9365091980645043,0.4824250367129681,0.4847137138062035,90->120,False
realprize,Affiliate,120,100,24.70203116351844,26.305980748617703,0.9390271892758248,0.4824250367129681,0.4860169630149598,90->120,False
realprize,Affiliate,120,101,24.787126215517244,26.305980748617703,0.9422620069704009,0.4824250367129681,0.4876912236644702,90->120,False
realprize,Affiliate,120,102,24.87540184225359,26.305980748617703,0.9456177315708222,0.4824250367129681,0.48942806270133465,90->120,False
realprize,Affiliate,120,103,24.925899239468166,26.305980748617703,0.94753734816665,0.4824250367129681,0.49042160819044545,90->120,False
realprize,Affiliate,120,104,25.07357472577052,26.305980748617703,0.9531511090719572,0.4824250367129681,0.493327150284912,90->120,False
realprize,Affiliate,120,105,25.15323195782976,26.305980748617703,0.9561792125599227,0.4824250367129681,0.494894420836525,90->120,False
realprize,Affiliate,120,106,25.310131948482393,26.305980748617703,0.962143635333283,0.4824250367129681,0.4979814567344753,90->120,False
realprize,Affiliate,120,107,25.381600159540024,26.305980748617703,0.9648604399922914,0.4824250367129681,0.49938760680611965,90->120,False
realprize,Affiliate,120,108,25.47007357215213,26.305980748617703,0.9682236832584356,0.4824250367129681,0.5011283373161196,90->120,False
realprize,Affiliate,120,109,25.551216194456146,26.305980748617703,0.971308252622316,0.4824250367129681,0.5027248331913863,90->120,False
realprize,Affiliate,120,110,25.617454422786334,26.305980748617703,0.9738262438336366,0.4824250367129681,0.5040280824001426,90->120,False
realprize,Affiliate,120,111,25.665452293755028,26.305980748617703,0.975650843016133,0.4824250367129681,0.5049724492550368,90->120,False
realprize,Affiliate,120,112,25.788674710479388,26.305980748617703,0.980335040799971,0.4824250367129681,0.507396872751036,90->120,False
realprize,Affiliate,120,113,25.86142644352915,26.305980748617703,0.9831006374810066,0.4824250367129681,0.5088282763516897,90->120,False
realprize,Affiliate,120,114,25.912132460770202,26.305980748617703,0.9850281845937945,0.4824250367129681,0.5098259264778249,90->120,False
realprize,Affiliate,120,115,25.99148048115793,26.305980748617703,0.9880445336569974,0.4824250367129681,0.511387113233473,90->120,False
realprize,Affiliate,120,116,26.08035579848971,26.305980748617703,0.9914230549971094,0.4824250367129681,0.5131357512920459,90->120,False
realprize,Affiliate,120,117,26.126435774280694,26.305980748617703,0.9931747469880421,0.4824250367129681,0.5140423832099431,90->120,False
realprize,Affiliate,120,118,26.16383120758129,26.305980748617703,0.9945963033123605,0.4824250367129681,0.5147781451723126,90->120,False
realprize,Affiliate,120,119,26.224218485694347,26.305980748617703,0.996891875512847,0.4824250367129681,0.5159662758697021,90->120,False
realprize,Affiliate,120,120,26.305980748617703,26.305980748617703,1.0,0.4824250367129681,0.5175749632870319,90->120,False
realprize,Blended,120,1,5.402020020680238,51.7962252336126,0.10429370086943432,0.0,0.10429370086943432,1->7,False
realprize,Blended,120,2,7.398774489017388,51.7962252336126,0.14284389365532438,0.0,0.14284389365532438,1->7,False
realprize,Blended,120,3,8.370315063446169,51.7962252336126,0.16160087005750262,0.0,0.16160087005750262,1->7,False
realprize,Blended,120,4,9.27919403184355,51.7962252336126,0.1791480747871549,0.0,0.1791480747871549,1->7,False
realprize,Blended,120,5,10.08277825563185,51.7962252336126,0.19466241430058379,0.0,0.19466241430058379,1->7,False
realprize,Blended,120,6,10.970687478416252,51.7962252336126,0.21180476818409041,0.0,0.21180476818409041,1->7,False
realprize,Blended,120,7,11.690397003373082,51.7962252336126,0.22569978701433874,0.0,0.22569978701433874,1->7,False
realprize,Blended,120,8,12.397889714086118,51.7962252336126,0.2393589428219692,0.0,0.2393589428219692,7->14,False
realprize,Blended,120,9,12.995230788730396,51.7962252336126,0.2508914641968404,0.0,0.2508914641968404,7->14,False
realprize,Blended,120,10,13.85991471851972,51.7962252336126,0.26758542067512436,0.0,0.26758542067512436,7->14,False
realprize,Blended,120,11,14.456295244507428,51.7962252336126,0.2790993972882443,0.0,0.2790993972882443,7->14,False
realprize,Blended,120,12,15.070707462564785,51.7962252336126,0.2909615014335989,0.0,0.2909615014335989,7->14,False
realprize,Blended,120,13,15.56676412545228,51.7962252336126,0.3005385827875039,0.0,0.3005385827875039,7->14,False
realprize,Blended,120,14,16.145568678805283,51.7962252336126,0.31171323018202857,0.0,0.31171323018202857,7->14,False
realprize,Blended,120,15,16.744242137990913,51.7962252336126,0.32327147514071963,0.0,0.32327147514071963,14->30,False
realprize,Blended,120,16,17.338993824185806,51.7962252336126,0.3347540046785852,0.0,0.3347540046785852,14->30,False
realprize,Blended,120,17,18.080437910895935,51.7962252336126,0.34906864022135015,0.0,0.34906864022135015,14->30,False
realprize,Blended,120,18,18.538968091717923,51.7962252336126,0.35792121931864757,0.0,0.35792121931864757,14->30,False
realprize,Blended,120,19,18.916101223458597,51.7962252336126,0.3652023122948194,0.0,0.3652023122948194,14->30,False
realprize,Blended,120,20,19.461975674317117,51.7962252336126,0.37574119709571957,0.0,0.37574119709571957,14->30,False
realprize,Blended,120,21,19.934480891268883,51.7962252336126,0.38486358419672284,0.0,0.38486358419672284,14->30,False
realprize,Blended,120,22,20.598217347851172,51.7962252336126,0.39767796311311465,0.0,0.39767796311311465,14->30,False
realprize,Blended,120,23,21.046675603234466,51.7962252336126,0.4063360893252208,0.0,0.4063360893252208,14->30,False
realprize,Blended,120,24,21.39236006997941,51.7962252336126,0.4130100209715103,0.0,0.4130100209715103,14->30,False
realprize,Blended,120,25,21.733200240866427,51.7962252336126,0.4195904265773194,0.0,0.4195904265773194,14->30,False
realprize,Blended,120,26,22.0795957244157,51.7962252336126,0.4262780854170698,0.0,0.4262780854170698,14->30,False
realprize,Blended,120,27,22.35607315446553,51.7962252336126,0.43161587651676586,0.0,0.43161587651676586,14->30,False
realprize,Blended,120,28,22.799164233342644,51.7962252336126,0.4401703817317439,0.0,0.4401703817317439,14->30,False
realprize,Blended,120,29,23.214114750000554,51.7962252336126,0.4481815932589621,0.0,0.4481815932589621,14->30,False
realprize,Blended,120,30,23.635212729045232,51.7962252336126,0.45631149031507834,0.0,0.45631149031507834,14->30,False
realprize,Blended,120,31,24.178134995824273,51.7962252336126,0.4667933789919141,0.0,0.4667933789919141,30->60,False
realprize,Blended,120,32,24.5417232456184,51.7962252336126,0.47381296870437406,0.0,0.47381296870437406,30->60,False
realprize,Blended,120,33,24.87674665891769,51.7962252336126,0.4802810735090825,0.0,0.4802810735090825,30->60,False
realprize,Blended,120,34,25.292709838840377,51.7962252336126,0.48831183594488936,0.0,0.48831183594488936,30->60,False
realprize,Blended,120,35,25.644133971554048,51.7962252336126,0.49509658002862655,0.0,0.49509658002862655,30->60,False
realprize,Blended,120,36,26.092402171415934,51.7962252336126,0.5037510369478344,0.0,0.5037510369478344,30->60,False
realprize,Blended,120,37,26.567091829593128,51.7962252336126,0.5129155978021483,0.0,0.5129155978021483,30->60,False
realprize,Blended,120,38,27.020571279904008,51.7962252336126,0.5216706653435683,0.0,0.5216706653435683,30->60,False
realprize,Blended,120,39,27.434695007975495,51.7962252336126,0.5296659145379584,0.0,0.5296659145379584,30->60,False
realprize,Blended,120,40,27.693888714056744,51.7962252336126,0.5346700186963642,0.0,0.5346700186963642,30->60,False
realprize,Blended,120,41,27.949822761701984,51.7962252336126,0.5396111904997325,0.0,0.5396111904997325,30->60,False
realprize,Blended,120,42,28.309843541560824,51.7962252336126,0.5465619051171601,0.0,0.5465619051171601,30->60,False
realprize,Blended,120,43,28.65593545372967,51.7962252336126,0.5532437030784573,0.0,0.5532437030784573,30->60,False
realprize,Blended,120,44,28.87436365030883,51.7962252336126,0.5574607709360859,0.0,0.5574607709360859,30->60,False
realprize,Blended,120,45,29.24419448684334,51.7962252336126,0.564600882688757,0.0,0.564600882688757,30->60,False
realprize,Blended,120,46,29.595270013762622,51.7962252336126,0.5713788964404513,0.0,0.5713788964404513,30->60,False
realprize,Blended,120,47,29.928860152174792,51.7962252336126,0.5778193298293247,0.0,0.5778193298293247,30->60,False
realprize,Blended,120,48,30.28427047029409,51.7962252336126,0.5846810329074219,0.0,0.5846810329074219,30->60,False
realprize,Blended,120,49,30.658366694747354,51.7962252336126,0.591903494057168,0.0,0.591903494057168,30->60,False
realprize,Blended,120,50,31.075797233102403,51.7962252336126,0.5999625859402608,0.0,0.5999625859402608,30->60,False
realprize,Blended,120,51,31.38976037081473,51.7962252336126,0.6060240920885618,0.0,0.6060240920885618,30->60,False
realprize,Blended,120,52,31.795186967092103,51.7962252336126,0.6138514307498022,0.0,0.6138514307498022,30->60,False
realprize,Blended,120,53,32.20489996653116,51.7962252336126,0.6217615245373544,0.0,0.6217615245373544,30->60,False
realprize,Blended,120,54,32.507949835613665,51.7962252336126,0.6276123344702343,0.0,0.6276123344702343,30->60,False
realprize,Blended,120,55,32.90904764504615,51.7962252336126,0.635356099727711,0.0,0.635356099727711,30->60,False
realprize,Blended,120,56,33.37913107985212,51.7962252336126,0.6444317308704398,0.0,0.6444317308704398,30->60,False
realprize,Blended,120,57,33.86649186992014,51.7962252336126,0.6538409259974961,0.0,0.6538409259974961,30->60,False
realprize,Blended,120,58,34.22625640509426,51.7962252336126,0.6607866934458285,0.0,0.6607866934458285,30->60,False
realprize,Blended,120,59,34.57854092657704,51.7962252336126,0.6675880485618413,0.0,0.6675880485618413,30->60,False
realprize,Blended,120,60,34.90169425959811,51.7962252336126,0.6738269845376499,0.0,0.6738269845376499,30->60,False
realprize,Blended,120,61,35.17388465765044,51.7962252336126,0.6790820083704618,0.0,0.6790820083704618,60->90,False
realprize,Blended,120,62,35.48334192658517,51.7962252336126,0.6850565222957335,0.0,0.6850565222957335,60->90,False
realprize,Blended,120,63,35.880241720256905,51.7962252336126,0.6927192388717317,0.0,0.6927192388717317,60->90,False
realprize,Blended,120,64,36.18448495669356,51.7962252336126,0.698593088463366,0.0,0.698593088463366,60->90,False
realprize,Blended,120,65,36.53230152018899,51.7962252336126,0.7053081832782236,0.0,0.7053081832782236,60->90,False
realprize,Blended,120,66,36.78285629109532,51.7962252336126,0.7101455004722136,0.0,0.7101455004722136,60->90,False
realprize,Blended,120,67,37.06915276847126,51.7962252336126,0.7156728622844823,0.0,0.7156728622844823,60->90,False
realprize,Blended,120,68,37.46815917786842,51.7962252336126,0.7233762500815187,0.0,0.7233762500815187,60->90,False
realprize,Blended,120,69,37.79929591185418,51.7962252336126,0.7297693169988908,0.0,0.7297693169988908,60->90,False
realprize,Blended,120,70,38.12837903028264,51.7962252336126,0.7361227359390591,0.0,0.7361227359390591,60->90,False
realprize,Blended,120,71,38.4118635386317,51.7962252336126,0.7415958086788289,0.0,0.7415958086788289,60->90,False
realprize,Blended,120,72,38.80596475427648,51.7962252336126,0.7492044947146799,0.0,0.7492044947146799,60->90,False
realprize,Blended,120,73,39.1987788833914,51.7962252336126,0.7567883317094268,0.0,0.7567883317094268,60->90,False
realprize,Blended,120,74,39.511073352816034,51.7962252336126,0.7628176218365764,0.0,0.7628176218365764,60->90,False
realprize,Blended,120,75,39.730509977132996,51.7962252336126,0.7670541588299047,0.0,0.7670541588299047,60->90,False
realprize,Blended,120,76,39.96437025890869,51.7962252336126,0.7715691651015186,0.0,0.7715691651015186,60->90,False
realprize,Blended,120,77,40.328902878092535,51.7962252336126,0.7786069872119084,0.0,0.7786069872119084,60->90,False
realprize,Blended,120,78,40.57905169026423,51.7962252336126,0.7834364667935472,0.0,0.7834364667935472,60->90,False
realprize,Blended,120,79,40.83255459552303,51.7962252336126,0.7883307019258458,0.0,0.7883307019258458,60->90,False
realprize,Blended,120,80,41.133956684648744,51.7962252336126,0.7941496991165933,0.0,0.7941496991165933,60->90,False
realprize,Blended,120,81,41.372377518126065,51.7962252336126,0.7987527533430738,0.0,0.7987527533430738,60->90,False
realprize,Blended,120,82,41.626515861570894,51.7962252336126,0.8036592565158168,0.0,0.8036592565158168,60->90,False
realprize,Blended,120,83,41.92841792834654,51.7962252336126,0.8094879064881652,0.0,0.8094879064881652,60->90,False
realprize,Blended,120,84,42.177318135493415,51.7962252336126,0.8142932799690372,0.0,0.8142932799690372,60->90,False
realprize,Blended,120,85,42.44331033303194,51.7962252336126,0.8194286387010459,0.0,0.8194286387010459,60->90,False
realprize,Blended,120,86,42.78306762893943,51.7962252336126,0.8259881378609771,0.0,0.8259881378609771,60->90,False
realprize,Blended,120,87,42.982507825459415,51.7962252336126,0.8298386152967452,0.0,0.8298386152967452,60->90,False
realprize,Blended,120,88,43.23766783171976,51.7962252336126,0.834764843127239,0.0,0.834764843127239,60->90,False
realprize,Blended,120,89,43.46103154296281,51.7962252336126,0.8390771981344933,0.0,0.8390771981344933,60->90,False
realprize,Blended,120,90,43.67640702939649,51.7962252336126,0.8432353290689831,0.0,0.8432353290689831,60->90,False
realprize,Blended,120,91,44.01541182293604,51.7962252336126,0.8497803000974811,0.0,0.8497803000974811,90->120,False
realprize,Blended,120,92,44.34332432275761,51.7962252336126,0.8561111185759052,0.0,0.8561111185759052,90->120,False
realprize,Blended,120,93,44.59492323272464,51.7962252336126,0.8609685943636148,0.0,0.8609685943636148,90->120,False
realprize,Blended,120,94,44.91156083787906,51.7962252336126,0.8670817349202155,0.0,0.8670817349202155,90->120,False
realprize,Blended,120,95,45.13344669294379,51.7962252336126,0.8713655578062265,0.0,0.8713655578062265,90->120,False
realprize,Blended,120,96,45.43608315614194,51.7962252336126,0.8772083863489087,0.0,0.8772083863489087,90->120,False
realprize,Blended,120,97,45.73180026966729,51.7962252336126,0.8829176269777692,0.0,0.8829176269777692,90->120,False
realprize,Blended,120,98,45.94158776193922,51.7962252336126,0.8869678737153595,0.0,0.8869678737153595,90->120,False
realprize,Blended,120,99,46.131560111473725,51.7962252336126,0.8906355608620132,0.0,0.8906355608620132,90->120,False
realprize,Blended,120,100,46.43365213154758,51.7962252336126,0.8964678781536953,0.0,0.8964678781536953,90->120,False
realprize,Blended,120,101,46.68017836362993,51.7962252336126,0.9012274186601793,0.0,0.9012274186601793,90->120,False
realprize,Blended,120,102,46.84723975359962,51.7962252336126,0.9044527770567845,0.0,0.9044527770567845,90->120,False
realprize,Blended,120,103,46.993112378052714,51.7962252336126,0.9072690561156384,0.0,0.9072690561156384,90->120,False
realprize,Blended,120,104,47.34285299869203,51.7962252336126,0.9140212975977523,0.0,0.9140212975977523,90->120,False
realprize,Blended,120,105,47.57007711775049,51.7962252336126,0.9184081832836035,0.0,0.9184081832836035,90->120,False
realprize,Blended,120,106,47.825184250552354,51.7962252336126,0.923333390316573,0.0,0.923333390316573,90->120,False
realprize,Blended,120,107,48.08740727682688,51.7962252336126,0.9283959798217318,0.0,0.9283959798217318,90->120,False
realprize,Blended,120,108,48.36977772245096,51.7962252336126,0.9338475439917177,0.0,0.9338475439917177,90->120,False
realprize,Blended,120,109,48.64828045487119,51.7962252336126,0.939224436442164,0.0,0.939224436442164,90->120,False
realprize,Blended,120,110,48.87630838767534,51.7962252336126,0.9436268408987762,0.0,0.9436268408987762,90->120,False
realprize,Blended,120,111,49.27764629141006,51.7962252336126,0.9513752415191804,0.0,0.9513752415191804,90->120,False
realprize,Blended,120,112,49.64149153347637,51.7962252336126,0.9583997928339777,0.0,0.9583997928339777,90->120,False
realprize,Blended,120,113,50.01787526205827,51.7962252336126,0.9656664175133695,0.0,0.9656664175133695,90->120,False
realprize,Blended,120,114,50.41409496366066,51.7962252336126,0.9733160039420203,0.0,0.9733160039420203,90->120,False
realprize,Blended,120,115,50.741608160394755,51.7962252336126,0.979639113304854,0.0,0.979639113304854,90->120,False
realprize,Blended,120,116,50.917568448873006,51.7962252336126,0.9830362776287913,0.0,0.9830362776287913,90->120,False
realprize,Blended,120,117,51.22163968181031,51.7962252336126,0.988906806447559,0.0,0.988906806447559,90->120,False
realprize,Blended,120,118,51.414013729384926,51.7962252336126,0.9926208618001829,0.0,0.9926208618001829,90->120,False
realprize,Blended,120,119,51.61047168834326,51.7962252336126,0.996413762886551,0.0,0.996413762886551,90->120,False
realprize,Blended,120,120,51.7962252336126,51.7962252336126,1.0,0.0,1.0,90->120,False
lonestar,Web,120,1,3.79779642902368,36.659680693573584,0.1035960040341931,0.2477349776590019,0.0779316502892204,1->7,False
lonestar,Web,120,2,5.04028068886919,36.659680693573584,0.13748839579371316,0.2477349776590019,0.10342771113338563,1->7,False
lonestar,Web,120,3,5.710921476510068,36.659680693573584,0.1557820845262078,0.2477349776590019,0.11718941329643495,1->7,False
lonestar,Web,120,4,7.318413245536281,36.659680693573584,0.19963112354165138,0.2477349776590019,0.15017551161101894,1->7,False
lonestar,Web,120,5,8.334320083576044,36.659680693573584,0.22734295350905892,0.2477349776590019,0.1710221520005607,1->7,False
lonestar,Web,120,6,9.074562909965811,36.659680693573584,0.24753524139550337,0.2477349776590019,0.1862121038985727,1->7,False
lonestar,Web,120,7,9.679447233126506,36.659680693573584,0.2640352302583832,0.2477349776590019,0.19862446838913322,1->7,False
lonestar,Web,120,8,10.17861552551162,36.659680693573584,0.27765150522153687,0.2477349776590019,0.2088675157784912,7->14,False
lonestar,Web,120,9,10.52075145615894,36.659680693573584,0.2869842632863745,0.2477349776590019,0.2158882232326394,7->14,False
lonestar,Web,120,10,10.959465879919929,36.659680693573584,0.2989514821890174,0.2477349776590019,0.2248907434277957,7->14,False
lonestar,Web,120,11,11.484317343684586,36.659680693573584,0.31326834076047416,0.2477349776590019,0.2356608153609055,7->14,False
lonestar,Web,120,12,11.76421722760231,36.659680693573584,0.3209034286450992,0.2477349776590019,0.24140442491900843,7->14,False
lonestar,Web,120,13,12.16064784827524,36.659680693573584,0.33171723316201696,0.2477349776590019,0.24953927181551877,7->14,False
lonestar,Web,120,14,12.347446372009037,36.659680693573584,0.3368127091781663,0.2477349776590019,0.2533724201946454,7->14,False
lonestar,Web,120,15,13.164002349764235,36.659680693573584,0.35908666144143137,0.2477349776590019,0.2701283353915928,14->30,False
lonestar,Web,120,16,13.517366630850814,36.659680693573584,0.36872570560115103,0.2477349776590019,0.27737945116175017,14->30,False
lonestar,Web,120,17,14.011206075808552,36.659680693573584,0.38219662066682175,0.2477349776590019,0.28751314938458067,14->30,False
lonestar,Web,120,18,14.73690716344315,36.659680693573584,0.40199224010225815,0.2477349776590019,0.3024047014814331,14->30,False
lonestar,Web,120,19,15.006690907048787,36.659680693573584,0.40935138067581284,0.2477349776590019,0.30794072552940877,14->30,False
lonestar,Web,120,20,15.271395860709674,36.659680693573584,0.41657198240100163,0.2477349776590019,0.3133725316475234,14->30,False
lonestar,Web,120,21,15.552093778291454,36.659680693573584,0.4242288389876163,0.2477349776590019,0.31913251703871487,14->30,False
lonestar,Web,120,22,15.801618364876676,36.659680693573584,0.4310353518067245,0.2477349776590019,0.32425281855664556,14->30,False
lonestar,Web,120,23,15.982534162825928,36.659680693573584,0.4359703592734144,0.2477349776590019,0.32796525205882804,14->30,False
lonestar,Web,120,24,16.286474975310753,36.659680693573584,0.4442612337909905,0.2477349776590019,0.33420218696301884,14->30,False
lonestar,Web,120,25,16.538343862031063,36.659680693573584,0.4511316942520512,0.2477349776590019,0.3393705940552516,14->30,False
lonestar,Web,120,26,16.821632384494094,36.659680693573584,0.4588592171628738,0.2477349776590019,0.3451837392504022,14->30,False
lonestar,Web,120,27,16.978561142930527,36.659680693573584,0.4631399079781635,0.2477349776590019,0.34840395322220097,14->30,False
lonestar,Web,120,28,17.302595132668994,36.659680693573584,0.4719788826666493,0.2477349776590019,0.35505320471370627,14->30,False
lonestar,Web,120,29,17.551863530498455,36.659680693573584,0.4787784071882351,0.2477349776590019,0.3601682491798452,14->30,False
lonestar,Web,120,30,17.797811060202495,36.659680693573584,0.48548734532001636,0.2477349776590019,0.36521514867343396,14->30,False
lonestar,Web,120,31,18.01134713665177,36.659680693573584,0.49131216627888274,0.2477349776590019,0.3695969577421879,30->60,False
lonestar,Web,120,32,18.15138041130657,36.659680693573584,0.4951319833641784,0.2477349776590019,0.3724704725271964,30->60,False
lonestar,Web,120,33,18.44526195017202,36.659680693573584,0.5031484617760313,0.2477349776590019,0.3785009888387851,30->60,False
lonestar,Web,120,34,18.672642776117733,36.659680693573584,0.5093509387655696,0.2477349776590019,0.38316689532988957,30->60,False
lonestar,Web,120,35,19.014586619008096,36.659680693573584,0.5186784570750869,0.2477349776590019,0.3901836610993847,30->60,False
lonestar,Web,120,36,19.406865149957092,36.659680693573584,0.5293790012022418,0.2477349776590019,0.3982333061662597,30->60,False
lonestar,Web,120,37,19.91313488184973,36.659680693573584,0.5431889886957059,0.2477349776590019,0.40862207671655937,30->60,False
lonestar,Web,120,38,20.32788763100592,36.659680693573584,0.5545025828489931,0.2477349776590019,0.417132897875039,30->60,False
lonestar,Web,120,39,20.511334643196868,36.659680693573584,0.5595066365865126,0.2477349776590019,0.42089727247168957,30->60,False
lonestar,Web,120,40,20.612469549813103,36.659680693573584,0.5622653869275641,0.2477349776590019,0.42297258385863395,30->60,False
lonestar,Web,120,41,20.810086183766032,36.659680693573584,0.5676559585368681,0.2477349776590019,0.4270277223307378,30->60,False
lonestar,Web,120,42,20.963927475647747,36.659680693573584,0.5718524296727633,0.2477349776590019,0.43018458078353533,30->60,False
lonestar,Web,120,43,21.133842111432784,36.659680693573584,0.5764873482691717,0.2477349776590019,0.4336712679250112,30->60,False
lonestar,Web,120,44,21.269835176555425,36.659680693573584,0.5801969568241223,0.2477349776590019,0.4364618766874775,30->60,False
lonestar,Web,120,45,21.46544480011614,36.659680693573584,0.5855327813555947,0.2477349776590019,0.44047583084785324,30->60,False
lonestar,Web,120,46,21.597509744397087,36.659680693573584,0.5891352389270296,0.2477349776590019,0.44318583367331116,30->60,False
lonestar,Web,120,47,21.822732974651277,36.659680693573584,0.5952788611843197,0.2477349776590019,0.44780746580794617,30->60,False
lonestar,Web,120,48,21.930115343077745,36.659680693573584,0.5982080293165805,0.2477349776590019,0.4500109765384019,30->60,False
lonestar,Web,120,49,22.03976159269778,36.659680693573584,0.6011989514289833,0.2477349776590019,0.45226094262810873,30->60,False
lonestar,Web,120,50,22.170537442638622,36.659680693573584,0.6047662451824111,0.2477349776590019,0.45494449294322803,30->60,False
lonestar,Web,120,51,22.31354033422057,36.659680693573584,0.608667067253865,0.2477349776590019,0.45787894494595854,30->60,False
lonestar,Web,120,52,22.385672456923572,36.659680693573584,0.6106346818467452,0.2477349776590019,0.45935911258163004,30->60,False
lonestar,Web,120,53,22.470024882766847,36.659680693573584,0.6129356409453349,0.2477349776590019,0.46109004362933637,30->60,False
lonestar,Web,120,54,22.5960305968617,36.659680693573584,0.6163728152935812,0.2477349776590019,0.4636757096672098,30->60,False
lonestar,Web,120,55,22.753913458729993,36.659680693573584,0.6206795320701944,0.2477349776590019,0.4669155020593851,30->60,False
lonestar,Web,120,56,22.853781442161853,36.659680693573584,0.6234037233763496,0.2477349776590019,0.46896481589317107,30->60,False
lonestar,Web,120,57,22.937893662770506,36.659680693573584,0.625698130174699,0.2477349776590019,0.4706908178745907,30->60,False
lonestar,Web,120,58,23.02078349382013,36.659680693573584,0.6279591927230195,0.2477349776590019,0.4723917361430174,30->60,False
lonestar,Web,120,59,23.192522052591567,36.659680693573584,0.6326438641528376,0.2477349776590019,0.47591585060082975,30->60,False
lonestar,Web,120,60,23.25659180350852,36.659680693573584,0.6343915539773205,0.2477349776590019,0.4772305765256895,30->60,False
lonestar,Web,120,61,23.677909719050714,36.659680693573584,0.6458842322432294,0.2477349776590019,0.4858761163981514,60->90,False
lonestar,Web,120,62,23.965501974273156,36.659680693573584,0.6537291520510786,0.2477349776590019,0.4917775751726664,60->90,False
lonestar,Web,120,63,24.212823404063343,36.659680693573584,0.6604755673255995,0.2477349776590019,0.49685266740987555,60->90,False
lonestar,Web,120,64,24.54857089717187,36.659680693573584,0.6696340620739563,0.2477349776590019,0.503742282666358,60->90,False
lonestar,Web,120,65,24.75083687855561,36.659680693573584,0.6751514582311792,0.2477349776590019,0.5078928268098355,60->90,False
lonestar,Web,120,66,24.966632605163966,36.659680693573584,0.6810379177563486,0.2477349776590019,0.5123210044160464,60->90,False
lonestar,Web,120,67,25.21394060338623,36.659680693573584,0.6877839666455746,0.2477349776590019,0.5173958210344135,60->90,False
lonestar,Web,120,68,25.45332383475504,36.659680693573584,0.6943138443433575,0.2477349776590019,0.5223080196266201,60->90,False
lonestar,Web,120,69,25.7203067518491,36.659680693573584,0.7015965841829565,0.2477349776590019,0.5277865700747597,60->90,False
lonestar,Web,120,70,25.91527939184952,36.659680693573584,0.7069150331250007,0.2477349776590019,0.5317874531869661,60->90,False
lonestar,Web,120,71,26.150695542473816,36.659680693573584,0.7133366970939824,0.2477349776590019,0.5366182463760585,60->90,False
lonestar,Web,120,72,26.259418115241573,36.659680693573584,0.7163024232190006,0.2477349776590019,0.5388492584057526,60->90,False
lonestar,Web,120,73,26.395000839066608,36.659680693573584,0.7200008385150402,0.2477349776590019,0.541631446871054,60->90,False
lonestar,Web,120,74,26.619215494836357,36.659680693573584,0.7261169489537503,0.2477349776590019,0.5462323828268704,60->90,False
lonestar,Web,120,75,26.888761692353235,36.659680693573584,0.7334696097630445,0.2477349776590019,0.5517635323748399,60->90,False
lonestar,Web,120,76,27.057738278832886,36.659680693573584,0.7380789403213784,0.2477349776590019,0.5552309705302819,60->90,False
lonestar,Web,120,77,27.273437320538136,36.659680693573584,0.7439627624830664,0.2477349776590019,0.5596571641401946,60->90,False
lonestar,Web,120,78,27.441681140367653,36.659680693573584,0.7485521046880848,0.2477349776590019,0.5631095657565832,60->90,False
lonestar,Web,120,79,27.60959776720252,36.659680693573584,0.7531325217473174,0.2477349776590019,0.566555253297978,60->90,False
lonestar,Web,120,80,27.930405692945108,36.659680693573584,0.7618834961058809,0.2477349776590019,0.5731383052193283,60->90,False
lonestar,Web,120,81,28.211170234472306,36.659680693573584,0.7695421700554447,0.2477349776590019,0.5788996577490992,60->90,False
lonestar,Web,120,82,28.356756491608653,36.659680693573584,0.7735134609772958,0.2477349776590019,0.5818871210031482,60->90,False
lonestar,Web,120,83,28.58029226370159,36.659680693573584,0.7796110528783655,0.2477349776590019,0.5864741261108327,60->90,False
lonestar,Web,120,84,28.731995853829595,36.659680693573584,0.783749211947345,0.2477349776590019,0.5895871184353092,60->90,False
lonestar,Web,120,85,28.992693595566813,36.659680693573584,0.7908605052484599,0.2477349776590019,0.5949366956493457,60->90,False
lonestar,Web,120,86,29.1039666738439,36.659680693573584,0.7938958038700485,0.2477349776590019,0.5972200446347268,60->90,False
lonestar,Web,120,87,29.26450343015008,36.659680693573584,0.7982749133786133,0.2477349776590019,0.600514295547021,60->90,False
lonestar,Web,120,88,29.43633497101203,36.659680693573584,0.8029621211668709,0.2477349776590019,0.6040403180185714,60->90,False
lonestar,Web,120,89,29.56891648560403,36.659680693573584,0.8065786697042192,0.2477349776590019,0.606760920984817,60->90,False
lonestar,Web,120,90,29.664994729566764,36.659680693573584,0.8091994847834836,0.2477349776590019,0.6087324684989714,60->90,False
lonestar,Web,120,91,29.883213242839584,36.659680693573584,0.8151520329002235,0.2477349776590019,0.6132103622409967,90->120,False
lonestar,Web,120,92,30.161314234582324,36.659680693573584,0.8227380507400214,0.2477349776590019,0.6189170581207314,90->120,False
lonestar,Web,120,93,30.42626483788767,36.659680693573584,0.8299653532776506,0.2477349776590019,0.6243539050256662,90->120,False
lonestar,Web,120,94,30.69265900601516,36.659680693573584,0.8372320332674245,0.2477349776590019,0.6298203742105184,90->120,False
lonestar,Web,120,95,30.84812230254086,36.659680693573584,0.8414727493234417,0.2477349776590019,0.63301051656914,90->120,False
lonestar,Web,120,96,31.23591318723076,36.659680693573584,0.852050879775022,0.2477349776590019,0.6409680741096241,90->120,False
lonestar,Web,120,97,31.461334026219035,36.659680693573584,0.8581998923884294,0.2477349776590019,0.6455937612206241,90->120,False
lonestar,Web,120,98,31.735550455875153,36.659680693573584,0.8656799474371409,0.2477349776590019,0.6512207449989549,90->120,False
lonestar,Web,120,99,32.078521088299304,36.659680693573584,0.875035474433978,0.2477349776590019,0.6582585807242424,90->120,False
lonestar,Web,120,100,32.48346316147818,36.659680693573584,0.8860814537092383,0.2477349776590019,0.6665680845705242,90->120,False
lonestar,Web,120,101,32.685297656830855,36.659680693573584,0.8915870798231084,0.2477349776590019,0.6707097745220759,90->120,False
lonestar,Web,120,102,32.827491005869476,36.659680693573584,0.8954658192542335,0.2477349776590019,0.6736276145268861,90->120,False
lonestar,Web,120,103,32.99124926498136,36.659680693573584,0.8999328046729197,0.2477349776590019,0.6769879714126711,90->120,False
lonestar,Web,120,104,33.23780438005839,36.659680693573584,0.906658316472597,0.2477349776590019,0.6820473386969099,90->120,False
lonestar,Web,120,105,33.44386883030789,36.659680693573584,0.9122793269765325,0.2477349776590019,0.686275828289232,90->120,False
lonestar,Web,120,106,33.662668533405586,36.659680693573584,0.9182477287454014,0.2477349776590019,0.6907656481792301,90->120,False
lonestar,Web,120,107,33.93093468628328,36.659680693573584,0.9255654725937466,0.2477349776590019,0.6962705309187912,90->120,False
lonestar,Web,120,108,34.193773079710795,36.659680693573584,0.9327351584299243,0.2477349776590019,0.7016640347945214,90->120,False
lonestar,Web,120,109,34.48935736841388,36.659680693573584,0.9407980843231905,0.2477349776590019,0.707729491921753,90->120,False
lonestar,Web,120,110,34.62458086766699,36.659680693573584,0.9444867007184996,0.2477349776590019,0.7105043090167777,90->120,False
lonestar,Web,120,111,34.84135360206119,36.659680693573584,0.9503998109882298,0.2477349776590019,0.714952535045941,90->120,False
lonestar,Web,120,112,35.02173278313613,36.659680693573584,0.9553201806603683,0.2477349776590019,0.7186539570472783,90->120,False
lonestar,Web,120,113,35.20464705887576,36.659680693573584,0.9603097024532214,0.2477349776590019,0.7224073997702499,90->120,False
lonestar,Web,120,114,35.41745773920669,36.659680693573584,0.9661147361115817,0.2477349776590019,0.7267743235449465,90->120,False
lonestar,Web,120,115,35.7122914627645,36.659680693573584,0.9741571881455268,0.2477349776590019,0.7328243789039386,90->120,False
lonestar,Web,120,116,35.93827577912584,36.659680693573584,0.9803215712521411,0.2477349776590019,0.7374616286993544,90->120,False
lonestar,Web,120,117,36.14864324813583,36.659680693573584,0.9860599591766948,0.2477349776590019,0.74177841721962,90->120,False
lonestar,Web,120,118,36.35327188276084,36.659680693573584,0.9916418036105139,0.2477349776590019,0.7459774435473309,90->120,False
lonestar,Web,120,119,36.50210408014184,36.659680693573584,0.9957016370450994,0.2477349776590019,0.7490315142367001,90->120,False
lonestar,Web,120,120,36.659680693573584,36.659680693573584,1.0,0.2477349776590019,0.7522650223409981,90->120,False
lonestar,Affiliate,120,1,8.556510369768157,49.76896682271107,0.17192461318814367,0.2477349776590019,0.12933287298094637,1->7,False
lonestar,Affiliate,120,2,10.971512346163548,49.76896682271107,0.2204488669665716,0.2477349776590019,0.1658359718336557,1->7,False
lonestar,Affiliate,120,3,12.691653578537183,49.76896682271107,0.255011393420078,0.2477349776590019,0.19183615156836403,1->7,False
lonestar,Affiliate,120,4,13.93201231532617,49.76896682271107,0.2799337258688797,0.2477349776590019,0.21058435054475164,1->7,False
lonestar,Affiliate,120,5,14.923108547559641,49.76896682271107,0.29984766613137287,0.2477349776590019,0.22556491126121336,1->7,False
lonestar,Affiliate,120,6,15.752912545204783,49.76896682271107,0.3165207869659102,0.2477349776590019,0.23810751687830073,1->7,False
lonestar,Affiliate,120,7,16.572050360236602,49.76896682271107,0.33297959387564136,0.2477349776590019,0.25048890162595583,1->7,False
lonestar,Affiliate,120,8,17.44626916155995,49.76896682271107,0.35054513435466167,0.2477349776590019,0.26370284332683774,7->14,False
lonestar,Affiliate,120,9,18.17256036076474,49.76896682271107,0.36513838885785466,0.2477349776590019,0.2746808382517101,7->14,False
lonestar,Affiliate,120,10,18.73127393386619,49.76896682271107,0.3763645325528146,0.2477349776590019,0.2831258734892024,7->14,False
lonestar,Affiliate,120,11,19.37480851109198,49.76896682271107,0.3892949713043003,0.2477349776590019,0.2928529902854677,7->14,False
lonestar,Affiliate,120,12,19.94561124910776,49.76896682271107,0.4007640206829847,0.2477349776590019,0.3014807549725537,7->14,False
lonestar,Affiliate,120,13,20.423968003810312,49.76896682271107,0.4103755675010365,0.2477349776590019,0.308711185454367,7->14,False
lonestar,Affiliate,120,14,20.830185142026572,49.76896682271107,0.4185376243840596,0.2477349776590019,0.3148512153578229,7->14,False
lonestar,Affiliate,120,15,21.352998477599627,49.76896682271107,0.42904243026912936,0.2477349776590019,0.3227536133916427,14->30,False
lonestar,Affiliate,120,16,22.09709334232631,49.76896682271107,0.4439934110153708,0.2477349776590019,0.3340007132567339,14->30,False
lonestar,Affiliate,120,17,22.606253977779858,49.76896682271107,0.4542238953504646,0.2477349776590019,0.34169674878363243,14->30,False
lonestar,Affiliate,120,18,22.989435343334755,49.76896682271107,0.4619230980869787,0.2477349776590019,0.34748858970222407,14->30,False
lonestar,Affiliate,120,19,23.353424623852803,49.76896682271107,0.4692366772861344,0.2477349776590019,0.3529903395218696,14->30,False
lonestar,Affiliate,120,20,23.844924063588145,49.76896682271107,0.4791122980014725,0.2477349776590019,0.3604194235599246,14->30,False
lonestar,Affiliate,120,21,24.287622645029032,49.76896682271107,0.4880073707687631,0.2477349776590019,0.36711087567393536,14->30,False
lonestar,Affiliate,120,22,24.682829199567383,49.76896682271107,0.4959481937307139,0.2477349776590019,0.3730844790368132,14->30,False
lonestar,Affiliate,120,23,25.096742483592248,49.76896682271107,0.5042648880575084,0.2477349776590019,0.37934083728036244,14->30,False
lonestar,Affiliate,120,24,25.439022175091708,49.76896682271107,0.511142259908902,0.2477349776590019,0.38451444356979847,14->30,False
lonestar,Affiliate,120,25,25.780467401095553,49.76896682271107,0.5180028649767179,0.2477349776590019,0.3896754367944117,14->30,False
lonestar,Affiliate,120,26,26.06699367510551,49.76896682271107,0.5237599922048284,0.2477349776590019,0.3940063222372862,14->30,False
lonestar,Affiliate,120,27,26.432518905918688,49.76896682271107,0.531104433010989,0.2477349776590019,0.39953128816441474,14->30,False
lonestar,Affiliate,120,28,26.754907474425146,49.76896682271107,0.537582135665635,0.2477349776590019,0.4044042372966304,14->30,False
lonestar,Affiliate,120,29,27.16245226682621,49.76896682271107,0.5457708688947742,0.2477349776590019,0.4105643348821933,14->30,False
lonestar,Affiliate,120,30,27.51702021513905,49.76896682271107,0.5528951467520159,0.2477349776590019,0.41592367992363466,14->30,False
lonestar,Affiliate,120,31,27.88867482017352,49.76896682271107,0.5603627441075808,0.2477349776590019,0.4215412922151523,30->60,False
lonestar,Affiliate,120,32,28.299684085182697,49.76896682271107,0.568621088438362,0.2477349776590019,0.4277537557976471,30->60,False
lonestar,Affiliate,120,33,28.685528475538103,49.76896682271107,0.5763737989121372,0.2477349776590019,0.4335858487154049,30->60,False
lonestar,Affiliate,120,34,29.026806034042377,49.76896682271107,0.5832310350633314,0.2477349776590019,0.43874430762188044,30->60,False
lonestar,Affiliate,120,35,29.390611262875314,49.76896682271107,0.5905409161410097,0.2477349776590019,0.44424327547409015,30->60,False
lonestar,Affiliate,120,36,29.77251470768923,49.76896682271107,0.5982144418176497,0.2477349776590019,0.45001580043866196,30->60,False
lonestar,Affiliate,120,37,30.13459378784349,49.76896682271107,0.6054896396622035,0.2477349776590019,0.4554886773077304,30->60,False
lonestar,Affiliate,120,38,30.50366341002638,49.76896682271107,0.612905297365077,0.2477349776590019,0.4610672172152558,30->60,False
lonestar,Affiliate,120,39,30.816752412635367,49.76896682271107,0.6191961453090233,0.2477349776590019,0.46579960208435234,30->60,False
lonestar,Affiliate,120,40,31.11939058063311,49.76896682271107,0.6252770062816011,0.2477349776590019,0.4703740210997411,30->60,False
lonestar,Affiliate,120,41,31.492780790324687,49.76896682271107,0.6327794768677735,0.2477349776590019,0.4760178673028607,30->60,False
lonestar,Affiliate,120,42,31.748580295070894,49.76896682271107,0.6379192159677919,0.2477349776590019,0.47988431325176295,30->60,False
lonestar,Affiliate,120,43,32.07317131163635,49.76896682271107,0.6444411720638814,0.2477349776590019,0.48479055270009475,30->60,False
lonestar,Affiliate,120,44,32.43903584585825,49.76896682271107,0.6517924304399131,0.2477349776590019,0.4903206472465747,30->60,False
lonestar,Affiliate,120,45,32.685322399177245,49.76896682271107,0.6567410273074415,0.2477349776590019,0.49404330357968257,30->60,False
lonestar,Affiliate,120,46,32.96687565940871,49.76896682271107,0.6623982325541251,0.2477349776590019,0.4982990212109666,30->60,False
lonestar,Affiliate,120,47,33.31170989305372,49.76896682271107,0.6693269324179055,0.2477349776590019,0.5035112397687874,30->60,False
lonestar,Affiliate,120,48,33.49940927656917,49.76896682271107,0.6730983465238901,0.2477349776590019,0.5063483426854831,30->60,False
lonestar,Affiliate,120,49,33.74333659404085,49.76896682271107,0.6779995396376755,0.2477349776590019,0.5100353388327223,30->60,False
lonestar,Affiliate,120,50,33.9702151715698,49.76896682271107,0.6825581751089952,0.2477349776590019,0.5134646408473992,30->60,False
lonestar,Affiliate,120,51,34.16250585979885,49.76896682271107,0.6864218415763751,0.2477349776590019,0.5163711419888009,30->60,False
lonestar,Affiliate,120,52,34.37299460024365,49.76896682271107,0.6906511586364341,0.2477349776590019,0.5195527092814733,30->60,False
lonestar,Affiliate,120,53,34.544337320433904,49.76896682271107,0.6940939208862638,0.2477349776590019,0.5221425789022562,30->60,False
lonestar,Affiliate,120,54,34.724325462143334,49.76896682271107,0.6977103942269821,0.2477349776590019,0.5248631253007073,30->60,False
lonestar,Affiliate,120,55,34.96244307642455,49.76896682271107,0.702494853890962,0.2477349776590019,0.5284623069567207,30->60,False
lonestar,Affiliate,120,56,35.23882475815103,49.76896682271107,0.7080481474264902,0.2477349776590019,0.532639855442291,30->60,False
lonestar,Affiliate,120,57,35.49130637474328,49.76896682271107,0.7131212207231824,0.2477349776590019,0.5364561510391647,30->60,False
lonestar,Affiliate,120,58,35.70493406560315,49.76896682271107,0.7174136082188051,0.2477349776590019,0.5396851640144554,30->60,False
lonestar,Affiliate,120,59,35.934409882191545,49.76896682271107,0.7220244296048677,0.2477349776590019,0.5431537236674522,30->60,False
lonestar,Affiliate,120,60,36.155433569117015,49.76896682271107,0.7264654236828201,0.2477349776590019,0.5464945281767193,30->60,False
lonestar,Affiliate,120,61,36.42743814011725,49.76896682271107,0.7319307686229548,0.2477349776590019,0.550605916010211,60->90,False
lonestar,Affiliate,120,62,36.678652094090815,49.76896682271107,0.736978370974606,0.2477349776590019,0.5544030507060443,60->90,False
lonestar,Affiliate,120,63,37.017216183328514,49.76896682271107,0.7437810858158391,0.2477349776590019,0.559520495138064,60->90,False
lonestar,Affiliate,120,64,37.27207880877541,49.76896682271107,0.7489020003478764,0.2477349776590019,0.5633727800229134,60->90,False
lonestar,Affiliate,120,65,37.53524104685182,49.76896682271107,0.7541896776873288,0.2477349776590019,0.5673505147348086,60->90,False
lonestar,Affiliate,120,66,37.815785552211004,49.76896682271107,0.7598266141814808,0.2477349776590019,0.5715909848925166,60->90,False
lonestar,Affiliate,120,67,38.130661431429104,49.76896682271107,0.7661533655552789,0.2477349776590019,0.5763503786560727,60->90,False
lonestar,Affiliate,120,68,38.46185581601875,49.76896682271107,0.7728080020834881,0.2477349776590019,0.5813564289526373,60->90,False
lonestar,Affiliate,120,69,38.8217145168778,49.76896682271107,0.7800385861970975,0.2477349776590019,0.5867957444724001,60->90,False
lonestar,Affiliate,120,70,39.248328076105594,49.76896682271107,0.7886104651502511,0.2477349776590019,0.5932440691845986,60->90,False
lonestar,Affiliate,120,71,39.50366878358853,49.76896682271107,0.7937409857092276,0.2477349776590019,0.597103580347518,60->90,False
lonestar,Affiliate,120,72,39.78251370956965,49.76896682271107,0.7993437728230214,0.2477349776590019,0.6013183611208479,60->90,False
lonestar,Affiliate,120,73,40.05107318796898,49.76896682271107,0.8047398960609421,0.2477349776590019,0.6053776758889771,60->90,False
lonestar,Affiliate,120,74,40.25224462427809,49.76896682271107,0.8087820019986789,0.2477349776590019,0.6084184108025333,60->90,False
lonestar,Affiliate,120,75,40.53980290801038,49.76896682271107,0.814559865235355,0.2477349776590019,0.6127648952193547,60->90,False
lonestar,Affiliate,120,76,40.7642598233356,49.76896682271107,0.819069842629999,0.2477349776590019,0.6161575934648941,60->90,False
lonestar,Affiliate,120,77,40.93676306206637,49.76896682271107,0.8225359229958075,0.2477349776590019,0.6187650044887146,60->90,False
lonestar,Affiliate,120,78,41.28366849553826,49.76896682271107,0.8295062391510061,0.2477349776590019,0.6240085295269289,60->90,False
lonestar,Affiliate,120,79,41.51688227664133,49.76896682271107,0.8341921668684498,0.2477349776590019,0.62753358904598,60->90,False
lonestar,Affiliate,120,80,41.720045844482705,49.76896682271107,0.8382743003908331,0.2477349776590019,0.6306044353113947,60->90,False
lonestar,Affiliate,120,81,41.95549776219272,49.76896682271107,0.8430051986340847,0.2477349776590019,0.6341633245840473,60->90,False
lonestar,Affiliate,120,82,42.1929647406894,49.76896682271107,0.8477765851758747,0.2477349776590019,0.6377526717875045,60->90,False
lonestar,Affiliate,120,83,42.364344569505015,49.76896682271107,0.8512200930434605,0.2477349776590019,0.6403431023104453,60->90,False
lonestar,Affiliate,120,84,42.612375404163565,49.76896682271107,0.8562037374808082,0.2477349776590019,0.6440921237044464,60->90,False
lonestar,Affiliate,120,85,42.85439189147271,49.76896682271107,0.8610665365855448,0.2477349776590019,0.6477502373816107,60->90,False
lonestar,Affiliate,120,86,43.04076083817519,49.76896682271107,0.8648112184345045,0.2477349776590019,0.6505672305563783,60->90,False
lonestar,Affiliate,120,87,43.12282852403351,49.76896682271107,0.8664601915014091,0.2477349776590019,0.651807695317393,60->90,False
lonestar,Affiliate,120,88,43.34927638208947,49.76896682271107,0.8710101725942981,0.2477349776590019,0.6552304869458864,60->90,False
lonestar,Affiliate,120,89,43.497952867960365,49.76896682271107,0.8739975057732351,0.2477349776590019,0.6574777532064794,60->90,False
lonestar,Affiliate,120,90,43.71944006665285,49.76896682271107,0.8784478131200095,0.2477349776590019,0.6608255637621249,60->90,False
lonestar,Affiliate,120,91,43.92010149794058,49.76896682271107,0.882479671607298,0.2477349776590019,0.6638585898771407,90->120,False
lonestar,Affiliate,120,92,44.09349493828129,49.76896682271107,0.885963638653638,0.2477349776590019,0.666479456425091,90->120,False
lonestar,Affiliate,120,93,44.25462772111165,49.76896682271107,0.8892012542425723,0.2477349776590019,0.6689150013884323,90->120,False
lonestar,Affiliate,120,94,44.417282755364795,49.76896682271107,0.8924694561892303,0.2477349776590019,0.6713735553988498,90->120,False
lonestar,Affiliate,120,95,44.65559188916308,49.76896682271107,0.8972577640246571,0.2477349776590019,0.6749756318996427,90->120,False
lonestar,Affiliate,120,96,44.83727978113896,49.76896682271107,0.9009083901793671,0.2477349776590019,0.6777218702654743,90->120,False
lonestar,Affiliate,120,97,45.04105590722833,49.76896682271107,0.9050028317380049,0.2477349776590019,0.6808019754360568,90->120,False
lonestar,Affiliate,120,98,45.2619580286509,49.76896682271107,0.9094413832194828,0.2477349776590019,0.6841409424654324,90->120,False
lonestar,Affiliate,120,99,45.44588731236036,49.76896682271107,0.9131370453047468,0.2477349776590019,0.6869210597865684,90->120,False
lonestar,Affiliate,120,100,45.66673792869792,49.76896682271107,0.9175745619026758,0.2477349776590019,0.690259248309248,90->120,False
lonestar,Affiliate,120,101,45.87194011473853,49.76896682271107,0.9216976570589724,0.2477349776590019,0.6933609085791135,90->120,False
lonestar,Affiliate,120,102,46.083177196943275,49.76896682271107,0.9259420104319734,0.2477349776590019,0.6965537871640772,90->120,False
lonestar,Affiliate,120,103,46.22034192905325,49.76896682271107,0.9286980397584127,0.2477349776590019,0.6986270516269035,90->120,False
lonestar,Affiliate,120,104,46.364901459962326,49.76896682271107,0.9316026516106947,0.2477349776590019,0.7008120895268524,90->120,False
lonestar,Affiliate,120,105,46.536087388767065,49.76896682271107,0.9350422634759469,0.2477349776590019,0.7033995892235106,90->120,False
lonestar,Affiliate,120,106,46.729813191109265,49.76896682271107,0.9389347654648328,0.2477349776590019,0.7063277823191423,90->120,False
lonestar,Affiliate,120,107,46.95469923310275,49.76896682271107,0.9434533652339335,0.2477349776590019,0.7097269668753948,90->120,False
lonestar,Affiliate,120,108,47.21384592328695,49.76896682271107,0.948660358802985,0.2477349776590019,0.7136440060089468,90->120,False
lonestar,Affiliate,120,109,47.393791713015105,49.76896682271107,0.9522759811720242,0.2477349776590019,0.7163639122511687,90->120,False
lonestar,Affiliate,120,110,47.60786812416899,49.76896682271107,0.9565773847337351,0.2477349776590019,0.7195997076976168,90->120,False
lonestar,Affiliate,120,111,47.79232839970954,49.76896682271107,0.9602837159541047,0.2477349776590019,0.7223878510359112,90->120,False
lonestar,Affiliate,120,112,47.9335214850684,49.76896682271107,0.9631206863469566,0.2477349776590019,0.7245220046318708,90->120,False
lonestar,Affiliate,120,113,48.12698167923462,49.76896682271107,0.9670078515126586,0.2477349776590019,0.7274461830220906,90->120,False
lonestar,Affiliate,120,114,48.3164339515501,49.76896682271107,0.9708144861368082,0.2477349776590019,0.7303097811026706,90->120,False
lonestar,Affiliate,120,115,48.61672717402905,49.76896682271107,0.9768482304889596,0.2477349776590019,0.7348487559325417,90->120,False
lonestar,Affiliate,120,116,48.91552308261702,49.76896682271107,0.9828518895492804,0.2477349776590019,0.7393650986496816,90->120,False
lonestar,Affiliate,120,117,49.13358761961752,49.76896682271107,0.9872334258945555,0.2477349776590019,0.7426611751863479,90->120,False
lonestar,Affiliate,120,118,49.291779619258286,49.76896682271107,0.9904119527907292,0.2477349776590019,0.7450522697929095,90->120,False
lonestar,Affiliate,120,119,49.564189654656204,49.76896682271107,0.9958854446630501,0.2477349776590019,0.7491697862785243,90->120,False
lonestar,Affiliate,120,120,49.76896682271107,49.76896682271107,1.0,0.2477349776590019,0.7522650223409981,90->120,False
lonestar,Blended,120,1,8.313228830193342,101.02671758147736,0.08228742880306668,0.0,0.08228742880306668,1->7,False
lonestar,Blended,120,2,11.467574624824195,101.02671758147736,0.11351031587832866,0.0,0.11351031587832866,1->7,False
lonestar,Blended,120,3,13.383727586819772,101.02671758147736,0.13247711008749627,0.0,0.13247711008749627,1->7,False
lonestar,Blended,120,4,15.214524912291541,101.02671758147736,0.15059902248156415,0.0,0.15059902248156415,1->7,False
lonestar,Blended,120,5,16.67354483872463,101.02671758147736,0.16504094399857672,0.0,0.16504094399857672,1->7,False
lonestar,Blended,120,6,17.99461724340448,101.02671758147736,0.17811740967325743,0.0,0.17811740967325743,1->7,False
lonestar,Blended,120,7,19.28317999938179,101.02671758147736,0.19087208276196876,0.0,0.19087208276196876,1->7,False
lonestar,Blended,120,8,20.600493970675185,101.02671758147736,0.20391134606606443,0.0,0.20391134606606443,7->14,False
lonestar,Blended,120,9,21.896396497526187,101.02671758147736,0.21673867093491275,0.0,0.21673867093491275,7->14,False
lonestar,Blended,120,10,22.824573418557645,101.02671758147736,0.22592611108195002,0.0,0.22592611108195002,7->14,False
lonestar,Blended,120,11,24.083305699507072,101.02671758147736,0.23838551104151287,0.0,0.23838551104151287,7->14,False
lonestar,Blended,120,12,25.103345952593624,101.02671758147736,0.24848224859278387,0.0,0.24848224859278387,7->14,False
lonestar,Blended,120,13,26.152942327363526,101.02671758147736,0.2588715436218281,0.0,0.2588715436218281,7->14,False
lonestar,Blended,120,14,27.053148549516717,101.02671758147736,0.2677821193952831,0.0,0.2677821193952831,7->14,False
lonestar,Blended,120,15,28.055842438719495,101.02671758147736,0.2777071561895758,0.0,0.2777071561895758,14->30,False
lonestar,Blended,120,16,29.257731465963285,101.02671758147736,0.2896039004965902,0.0,0.2896039004965902,14->30,False
lonestar,Blended,120,17,30.437393367691985,101.02671758147736,0.30128063245392916,0.0,0.30128063245392916,14->30,False
lonestar,Blended,120,18,31.468529639540787,101.02671758147736,0.31148720252305173,0.0,0.31148720252305173,14->30,False
lonestar,Blended,120,19,32.288608064487995,101.02671758147736,0.31960464357804613,0.0,0.31960464357804613,14->30,False
lonestar,Blended,120,20,33.26171564440452,101.02671758147736,0.3292368240864519,0.0,0.3292368240864519,14->30,False
lonestar,Blended,120,21,34.20513712498181,101.02671758147736,0.3385751605499367,0.0,0.3385751605499367,14->30,False
lonestar,Blended,120,22,35.13713785575525,101.02671758147736,0.34780045018702493,0.0,0.34780045018702493,14->30,False
lonestar,Blended,120,23,36.049574524893174,101.02671758147736,0.35683208747051925,0.0,0.35683208747051925,14->30,False
lonestar,Blended,120,24,36.918733911236465,101.02671758147736,0.3654353501237112,0.0,0.3654353501237112,14->30,False
lonestar,Blended,120,25,37.51637975378044,101.02671758147736,0.37135107080484664,0.0,0.37135107080484664,14->30,False
lonestar,Blended,120,26,38.26482477624388,101.02671758147736,0.378759457817518,0.0,0.378759457817518,14->30,False
lonestar,Blended,120,27,38.975526206981996,101.02671758147736,0.3857942447308406,0.0,0.3857942447308406,14->30,False
lonestar,Blended,120,28,39.54807562735519,101.02671758147736,0.3914615516975491,0.0,0.3914615516975491,14->30,False
lonestar,Blended,120,29,40.43239911014398,101.02671758147736,0.4002149142135151,0.0,0.4002149142135151,14->30,False
lonestar,Blended,120,30,41.12647662683985,101.02671758147736,0.4070851514469094,0.0,0.4070851514469094,14->30,False
lonestar,Blended,120,31,41.93510233662169,101.02671758147736,0.41508922927047803,0.0,0.41508922927047803,30->60,False
lonestar,Blended,120,32,42.8324130983805,101.02671758147736,0.42397114470077135,0.0,0.42397114470077135,30->60,False
lonestar,Blended,120,33,43.541727747492686,101.02671758147736,0.4309922047341247,0.0,0.4309922047341247,30->60,False
lonestar,Blended,120,34,44.34371431929949,101.02671758147736,0.43893056590239693,0.0,0.43893056590239693,30->60,False
lonestar,Blended,120,35,45.02566549700231,101.02671758147736,0.44568077212534807,0.0,0.44568077212534807,30->60,False
lonestar,Blended,120,36,45.79402078759608,101.02671758147736,0.45328623837217635,0.0,0.45328623837217635,30->60,False
lonestar,Blended,120,37,46.66510411091008,101.02671758147736,0.4619085448685888,0.0,0.4619085448685888,30->60,False
lonestar,Blended,120,38,47.41068940208267,101.02671758147736,0.469288625198045,0.0,0.469288625198045,30->60,False
lonestar,Blended,120,39,48.19610427787635,101.02671758147736,0.4770629535598494,0.0,0.4770629535598494,30->60,False
lonestar,Blended,120,40,48.84970262717733,101.02671758147736,0.48353251294916494,0.0,0.48353251294916494,30->60,False
lonestar,Blended,120,41,49.53793142893307,101.02671758147736,0.49034485742824485,0.0,0.49034485742824485,30->60,False
lonestar,Blended,120,42,50.34707541174194,101.02671758147736,0.4983540653108656,0.0,0.4983540653108656,30->60,False
lonestar,Blended,120,43,50.96616457506557,101.02671758147736,0.5044820399510823,0.0,0.5044820399510823,30->60,False
lonestar,Blended,120,44,51.75643226102362,101.02671758147736,0.512304403231575,0.0,0.512304403231575,30->60,False
lonestar,Blended,120,45,52.50010538688793,101.02671758147736,0.5196655562381006,0.0,0.5196655562381006,30->60,False
lonestar,Blended,120,46,53.302743329075014,101.02671758147736,0.5276103649124967,0.0,0.5276103649124967,30->60,False
lonestar,Blended,120,47,54.083483664492626,101.02671758147736,0.5353384229362363,0.0,0.5353384229362363,30->60,False
lonestar,Blended,120,48,54.887830630472074,101.02671758147736,0.5433001481633353,0.0,0.5433001481633353,30->60,False
lonestar,Blended,120,49,55.53782755361274,101.02671758147736,0.5497340592979463,0.0,0.5497340592979463,30->60,False
lonestar,Blended,120,50,56.31767170018518,101.02671758147736,0.5574532465114029,0.0,0.5574532465114029,30->60,False
lonestar,Blended,120,51,57.10724405330385,101.02671758147736,0.5652687271290117,0.0,0.5652687271290117,30->60,False
lonestar,Blended,120,52,57.599598857960395,101.02671758147736,0.570142237982806,0.0,0.570142237982806,30->60,False
lonestar,Blended,120,53,58.251511441895396,101.02671758147736,0.5765951110399677,0.0,0.5765951110399677,30->60,False
lonestar,Blended,120,54,58.83922687022384,101.02671758147736,0.5824125367902843,0.0,0.5824125367902843,30->60,False
lonestar,Blended,120,55,59.563445465180465,101.02671758147736,0.5895811216190703,0.0,0.5895811216190703,30->60,False
lonestar,Blended,120,56,60.21244281375409,101.02671758147736,0.596005138593097,0.0,0.596005138593097,30->60,False
lonestar,Blended,120,57,60.884093869617026,101.02671758147736,0.6026533903817515,0.0,0.6026533903817515,30->60,False
lonestar,Blended,120,58,61.36424660469998,101.02671758147736,0.6074061206156691,0.0,0.6074061206156691,30->60,False
lonestar,Blended,120,59,61.999193040465876,101.02671758147736,0.613691056432314,0.0,0.613691056432314,30->60,False
lonestar,Blended,120,60,62.57513889839793,101.02671758147736,0.6193919826003602,0.0,0.6193919826003602,30->60,False
lonestar,Blended,120,61,63.24602342779272,101.02671758147736,0.6260326470251321,0.0,0.6260326470251321,60->90,False
lonestar,Blended,120,62,64.0318488561627,101.02671758147736,0.6338110391889299,0.0,0.6338110391889299,60->90,False
lonestar,Blended,120,63,64.58913656199219,101.02671758147736,0.6393272800326457,0.0,0.6393272800326457,60->90,False
lonestar,Blended,120,64,65.14926042246607,101.02671758147736,0.6448715941891672,0.0,0.6448715941891672,60->90,False
lonestar,Blended,120,65,65.90755425465255,101.02671758147736,0.6523774683810603,0.0,0.6523774683810603,60->90,False
lonestar,Blended,120,66,66.58155627138525,101.02671758147736,0.6590489908542033,0.0,0.6590489908542033,60->90,False
lonestar,Blended,120,67,67.33983467605442,101.02671758147736,0.666554712338796,0.0,0.666554712338796,60->90,False
lonestar,Blended,120,68,68.01339945436992,101.02671758147736,0.6732219068635737,0.0,0.6732219068635737,60->90,False
lonestar,Blended,120,69,68.92219498919597,101.02671758147736,0.6822175028463208,0.0,0.6822175028463208,60->90,False
lonestar,Blended,120,70,69.75015083506199,101.02671758147736,0.6904129175414312,0.0,0.6904129175414312,60->90,False
lonestar,Blended,120,71,70.49099125352691,101.02671758147736,0.6977460313572637,0.0,0.6977460313572637,60->90,False
lonestar,Blended,120,72,71.2803234945495,101.02671758147736,0.705559135256101,0.0,0.705559135256101,60->90,False
lonestar,Blended,120,73,72.01321748733366,101.02671758147736,0.7128135923970359,0.0,0.7128135923970359,60->90,False
lonestar,Blended,120,74,72.61983925782405,101.02671758147736,0.7188181601491372,0.0,0.7188181601491372,60->90,False
lonestar,Blended,120,75,73.26018181832974,101.02671758147736,0.7251565088140759,0.0,0.7251565088140759,60->90,False
lonestar,Blended,120,76,73.92010114573118,101.02671758147736,0.7316886355939964,0.0,0.7316886355939964,60->90,False
lonestar,Blended,120,77,74.40017989709965,101.02671758147736,0.7364406335096101,0.0,0.7364406335096101,60->90,False
lonestar,Blended,120,78,75.12937893677626,101.02671758147736,0.7436585166313548,0.0,0.7436585166313548,60->90,False
lonestar,Blended,120,79,75.8403028906512,101.02671758147736,0.7506955061613926,0.0,0.7506955061613926,60->90,False
lonestar,Blended,120,80,76.73804454661615,101.02671758147736,0.759581686742692,0.0,0.759581686742692,60->90,False
lonestar,Blended,120,81,77.39515581501449,101.02671758147736,0.766086018310907,0.0,0.766086018310907,60->90,False
lonestar,Blended,120,82,78.1359850704791,101.02671758147736,0.7734190216312131,0.0,0.7734190216312131,60->90,False
lonestar,Blended,120,83,78.92655991649293,101.02671758147736,0.7812444252961025,0.0,0.7812444252961025,60->90,False
lonestar,Blended,120,84,79.70627830569633,101.02671758147736,0.7889623677163792,0.0,0.7889623677163792,60->90,False
lonestar,Blended,120,85,80.62762719880917,101.02671758147736,0.7980822215052522,0.0,0.7980822215052522,60->90,False
lonestar,Blended,120,86,81.312461966655,101.02671758147736,0.804860970575205,0.0,0.804860970575205,60->90,False
lonestar,Blended,120,87,82.20920660363586,101.02671758147736,0.8137372822920304,0.0,0.8137372822920304,60->90,False
lonestar,Blended,120,88,82.98147249856616,101.02671758147736,0.821381457154066,0.0,0.821381457154066,60->90,False
lonestar,Blended,120,89,83.4834856675844,101.02671758147736,0.8263505700881111,0.0,0.8263505700881111,60->90,False
lonestar,Blended,120,90,84.29276794616527,101.02671758147736,0.8343611468736845,0.0,0.8343611468736845,60->90,False
lonestar,Blended,120,91,85.0068530111554,101.02671758147736,0.8414294262564549,0.0,0.8414294262564549,90->120,False
lonestar,Blended,120,92,85.53951293506077,101.02671758147736,0.8467018921610884,0.0,0.8467018921610884,90->120,False
lonestar,Blended,120,93,86.11867052670746,101.02671758147736,0.8524346092631718,0.0,0.8524346092631718,90->120,False
lonestar,Blended,120,94,86.74141782974753,101.02671758147736,0.8585987935299508,0.0,0.8585987935299508,90->120,False
lonestar,Blended,120,95,87.22704804898402,101.02671758147736,0.863405741937879,0.0,0.863405741937879,90->120,False
lonestar,Blended,120,96,87.7832403860095,101.02671758147736,0.8689111404140485,0.0,0.8689111404140485,90->120,False
lonestar,Blended,120,97,88.37045206736003,101.02671758147736,0.8747235798895462,0.0,0.8747235798895462,90->120,False
lonestar,Blended,120,98,88.89016681117847,101.02671758147736,0.8798679095902444,0.0,0.8798679095902444,90->120,False
lonestar,Blended,120,99,89.46610282182107,101.02671758147736,0.8855687382861595,0.0,0.8855687382861595,90->120,False
lonestar,Blended,120,100,90.13094113295459,101.02671758147736,0.8921495549953368,0.0,0.8921495549953368,90->120,False
lonestar,Blended,120,101,90.52432481958385,101.02671758147736,0.8960434129375391,0.0,0.8960434129375391,90->120,False
lonestar,Blended,120,102,91.04715180107698,101.02671758147736,0.9012185487234906,0.0,0.9012185487234906,90->120,False
lonestar,Blended,120,103,91.61686031811016,101.02671758147736,0.9068577353730392,0.0,0.9068577353730392,90->120,False
lonestar,Blended,120,104,92.20793331439805,101.02671758147736,0.9127083955789514,0.0,0.9127083955789514,90->120,False
lonestar,Blended,120,105,92.75867481099799,101.02671758147736,0.9181598396106332,0.0,0.9181598396106332,90->120,False
lonestar,Blended,120,106,93.28208568861382,101.02671758147736,0.9233407550174285,0.0,0.9233407550174285,90->120,False
lonestar,Blended,120,107,93.870262390013,101.02671758147736,0.929162746620044,0.0,0.929162746620044,90->120,False
lonestar,Blended,120,108,94.4339202560359,101.02671758147736,0.9347420416770009,0.0,0.9347420416770009,90->120,False
lonestar,Blended,120,109,94.87224556016594,101.02671758147736,0.939080748453023,0.0,0.939080748453023,90->120,False
lonestar,Blended,120,110,95.35224041353395,101.02671758147736,0.9438319159150451,0.0,0.9438319159150451,90->120,False
lonestar,Blended,120,111,95.9533279966106,101.02671758147736,0.9497817042231912,0.0,0.9497817042231912,90->120,False
lonestar,Blended,120,112,96.46405134379138,101.02671758147736,0.9548370337380682,0.0,0.9548370337380682,90->120,False
lonestar,Blended,120,113,97.19081886305197,101.02671758147736,0.9620308487669932,0.0,0.9620308487669932,90->120,False
lonestar,Blended,120,114,97.66810784630057,101.02671758147736,0.9667552325208617,0.0,0.9667552325208617,90->120,False
lonestar,Blended,120,115,98.39130503832966,101.02671758147736,0.9739137071238383,0.0,0.9739137071238383,90->120,False
lonestar,Blended,120,116,98.97022555937015,101.02671758147736,0.9796440776129477,0.0,0.9796440776129477,90->120,False
lonestar,Blended,120,117,99.51281734230066,101.02671758147736,0.9850148527496626,0.0,0.9850148527496626,90->120,False
lonestar,Blended,120,118,100.00906401681516,101.02671758147736,0.9899268867778321,0.0,0.9899268867778321,90->120,False
lonestar,Blended,120,119,100.49665281242561,101.02671758147736,0.9947532219026689,0.0,0.9947532219026689,90->120,False
lonestar,Blended,120,120,101.02671758147736,101.02671758147736,1.0,0.0,1.0,90->120,False
