brand,day,population,ARPU_nominal,growth_step,effective_patch,is_extrapolated
realprize,1,Web,4.594259780587579,,1->7,False
realprize,2,Web,5.672864726664186,1.2347723023051735,1->7,False
realprize,3,Web,6.21782195983637,1.0960638512338783,1->7,False
realprize,4,Web,6.902817627370768,1.1101664975226189,1->7,False
realprize,5,Web,7.359821439196727,1.0662054014021558,1->7,False
realprize,6,Web,7.865011565637782,1.0686416281447437,1->7,False
realprize,7,Web,8.391302547415393,1.0669154746163343,1->7,False
realprize,8,Web,9.084930570058225,1.0826603520399198,7->14,False
realprize,9,Web,9.453533239159022,1.0405729759031537,7->14,False
realprize,10,Web,10.276205844894163,1.087022765448945,7->14,False
realprize,11,Web,10.602435846612776,1.031746152874186,7->14,False
realprize,12,Web,10.79696293782883,1.0183473962050147,7->14,False
realprize,13,Web,11.145653869609987,1.032295279125157,7->14,False
realprize,14,Web,11.440428063350042,1.026447456307951,7->14,False
realprize,15,Web,12.231075106124132,1.0691099177754515,14->30,False
realprize,16,Web,12.671058580267482,1.0359725919696994,14->30,False
realprize,17,Web,12.770342264098307,1.0078354687733382,14->30,False
realprize,18,Web,13.005244428543994,1.0183943515050553,14->30,False
realprize,19,Web,13.107577060638409,1.0078685666122364,14->30,False
realprize,20,Web,13.322586356597549,1.0164034355826757,14->30,False
realprize,21,Web,13.50420450830587,1.013632349368738,14->30,False
realprize,22,Web,14.06494265452553,1.0415232267753922,14->30,False
realprize,23,Web,14.16809629611115,1.0073340961367112,14->30,False
realprize,24,Web,14.314497441637647,1.0103331557371389,14->30,False
realprize,25,Web,14.356925676863504,1.002964004527497,14->30,False
realprize,26,Web,14.578454307019042,1.0154300882474119,14->30,False
realprize,27,Web,14.907359107379921,1.0225610200803334,14->30,False
realprize,28,Web,15.048748345972564,1.0094845262379604,14->30,False
realprize,29,Web,15.22637294481677,1.0118032805626485,14->30,False
realprize,30,Web,15.339526156777339,1.00743139632601,14->30,False
realprize,31,Web,15.405003766692316,1.0042685549244328,30->60,False
realprize,32,Web,15.501049653059313,1.0062347200832669,30->60,False
realprize,33,Web,15.720227812767812,1.0141395689075314,30->60,False
realprize,34,Web,16.091738750166307,1.0236326688024684,30->60,False
realprize,35,Web,16.29619801344709,1.0127058527642745,30->60,False
realprize,36,Web,16.479166783556543,1.0112276967890592,30->60,False
realprize,37,Web,16.711955965768087,1.01412627138672,30->60,False
realprize,38,Web,16.759402362317324,1.0028390690261764,30->60,False
realprize,39,Web,16.893895995804638,1.0080249659611797,30->60,False
realprize,40,Web,17.162563109824703,1.0159032063466464,30->60,False
realprize,41,Web,17.36035251988556,1.011524468041002,30->60,False
realprize,42,Web,17.405368715847185,1.002593046190166,30->60,False
realprize,43,Web,17.46544397075074,1.0034515358958676,30->60,False
realprize,44,Web,17.530504319170216,1.0037250898705141,30->60,False
realprize,45,Web,17.753164368356234,1.0127012917102751,30->60,False
realprize,46,Web,17.955464407967515,1.0113951538674348,30->60,False
realprize,47,Web,18.223606073211883,1.014933708154348,30->60,False
realprize,48,Web,18.628262676614284,1.0222050784996517,30->60,False
realprize,49,Web,18.91308801877725,1.0152899573678726,30->60,False
realprize,50,Web,18.958284752969256,1.0023897067547687,30->60,False
realprize,51,Web,18.958284752969256,1.0,30->60,False
realprize,52,Web,18.96392586611628,1.0002975539834182,30->60,False
realprize,53,Web,19.030560865137456,1.0035137766036217,30->60,False
realprize,54,Web,19.06990736711842,1.0020675429515609,30->60,False
realprize,55,Web,19.21682153059126,1.0077039788733404,30->60,False
realprize,56,Web,19.265389784202803,1.0025273822486318,30->60,False
realprize,57,Web,19.33365898073439,1.0035436187534377,30->60,False
realprize,58,Web,19.455066616510592,1.0062795995262552,30->60,False
realprize,59,Web,19.566491255163836,1.0057272812707145,30->60,False
realprize,60,Web,19.5789291135858,1.0006356713761178,30->60,False
realprize,61,Web,19.5789291135858,1.0,60->90,False
realprize,62,Web,19.5789291135858,1.0,60->90,False
realprize,63,Web,19.5789291135858,1.0,60->90,False
realprize,64,Web,19.89960912271042,1.016378832941486,60->90,False
realprize,65,Web,20.12073036913686,1.0111118386830065,60->90,False
realprize,66,Web,20.12073036913686,1.0,60->90,False
realprize,67,Web,20.12073036913686,1.0,60->90,False
realprize,68,Web,20.153804532559327,1.0016437854300357,60->90,False
realprize,69,Web,20.153804532559327,1.0,60->90,False
realprize,70,Web,20.233129429126276,1.0039359762787614,60->90,False
realprize,71,Web,20.233129429126276,1.0,60->90,False
realprize,72,Web,20.326385296065883,1.0046090678788109,60->90,False
realprize,73,Web,20.326385296065883,1.0,60->90,False
realprize,74,Web,20.326385296065883,1.0,60->90,False
realprize,75,Web,20.326385296065883,1.0,60->90,False
realprize,76,Web,20.434792227099052,1.0053333108397857,60->90,False
realprize,77,Web,20.434792227099052,1.0,60->90,False
realprize,78,Web,20.766529404704304,1.0162339393480755,60->90,False
realprize,79,Web,20.766529404704304,1.0,60->90,False
realprize,80,Web,20.766529404704304,1.0,60->90,False
realprize,81,Web,20.766529404704304,1.0,60->90,False
realprize,82,Web,20.766529404704304,1.0,60->90,False
realprize,83,Web,20.766529404704304,1.0,60->90,False
realprize,84,Web,20.766529404704304,1.0,60->90,False
realprize,85,Web,20.875522743030285,1.0052485100520114,60->90,False
realprize,86,Web,20.952556457377963,1.0036901454059826,60->90,False
realprize,87,Web,20.952556457377963,1.0,60->90,False
realprize,88,Web,21.051415288734823,1.0047182228840648,60->90,False
realprize,89,Web,21.084366763112445,1.0015652854654031,60->90,False
realprize,90,Web,21.084366763112445,1.0,60->90,False
realprize,91,Web,21.257972769705585,1.0082338733974627,90->120,False
realprize,92,Web,21.319239469372903,1.002882057491137,90->120,False
realprize,93,Web,21.728332074965728,1.0191888930269077,90->120,False
realprize,94,Web,21.750966637340987,1.0010417073108588,90->120,False
realprize,95,Web,21.785634723148068,1.0015938641433786,90->120,False
realprize,96,Web,21.799894195094645,1.0006545355289294,90->120,False
realprize,97,Web,21.916258023472437,1.0053378161993087,90->120,False
realprize,98,Web,22.20011957461525,1.0129520993428165,90->120,False
realprize,99,Web,22.381857974607374,1.0081863703202723,90->120,False
realprize,100,Web,22.62896767756696,1.0110406251009159,90->120,False
realprize,101,Web,22.70449384918085,1.0033375880283202,90->120,False
realprize,102,Web,22.806504530430452,1.0044929731500394,90->120,False
realprize,103,Web,23.03302254506835,1.009932167129586,90->120,False
realprize,104,Web,23.094184042171367,1.0026553830259726,90->120,False
realprize,105,Web,23.153324515171185,1.0025608383864884,90->120,False
realprize,106,Web,23.351282805360775,1.0085498862187103,90->120,False
realprize,107,Web,23.612423616756583,1.0111831462781933,90->120,False
realprize,108,Web,23.879729572386417,1.0113205641220218,90->120,False
realprize,109,Web,24.211947147621878,1.0139121163088725,90->120,False
realprize,110,Web,24.23844501919722,1.0010944130768906,90->120,False
realprize,111,Web,24.331989130963734,1.0038593280918982,90->120,False
realprize,112,Web,24.486885641468245,1.006365961684053,90->120,False
realprize,113,Web,24.517418244388207,1.001246896129096,90->120,False
realprize,114,Web,24.68115164773061,1.0066782481626049,90->120,False
realprize,115,Web,24.91912869863954,1.009642056185446,90->120,False
realprize,116,Web,24.91912869863954,1.0,90->120,False
realprize,117,Web,25.06099260756099,1.0056929722799335,90->120,False
realprize,118,Web,25.105805306214982,1.0017881454001336,90->120,False
realprize,119,Web,25.105805306214982,1.0,90->120,False
realprize,120,Web,25.105805306214982,1.0,90->120,False
realprize,121,Web,25.13944635210679,1.0013399707948616,120->150,False
realprize,122,Web,25.179850635899154,1.001607206587864,120->150,False
realprize,123,Web,25.315344158411367,1.0053810296364125,120->150,False
realprize,124,Web,25.483657168554092,1.0066486558148096,120->150,False
realprize,125,Web,25.561690383534213,1.0030620885559711,120->150,False
realprize,126,Web,25.641761192339192,1.0031324535898674,120->150,False
realprize,127,Web,25.641761192339192,1.0,120->150,False
realprize,128,Web,25.675415710816456,1.0013124885699083,120->150,False
realprize,129,Web,25.739411300103146,1.0024924850295502,120->150,False
realprize,130,Web,25.739411300103146,1.0,120->150,False
realprize,131,Web,25.808054123018152,1.0026668373302978,120->150,False
realprize,132,Web,26.002032408460796,1.007516191825932,120->150,False
realprize,133,Web,26.125323271419127,1.0047415856199846,120->150,False
realprize,134,Web,26.16168577957371,1.0013918491180687,120->150,False
realprize,135,Web,26.255966932617717,1.0036037873796964,120->150,False
realprize,136,Web,26.259995235670036,1.000153424288759,120->150,False
realprize,137,Web,26.31542428149244,1.002110778974823,120->150,False
realprize,138,Web,26.416109223856953,1.0038260809055366,120->150,False
realprize,139,Web,26.46997262052313,1.0020390359613418,120->150,False
realprize,140,Web,26.64032214668388,1.006435576213202,120->150,False
realprize,141,Web,26.64032214668388,1.0,120->150,False
realprize,142,Web,26.64704496682806,1.0002523550618931,120->150,False
realprize,143,Web,26.68744925062043,1.0015162763391838,120->150,False
realprize,144,Web,26.756539632824385,1.0025888717035163,120->150,False
realprize,145,Web,26.79694391661675,1.0015100713450553,120->150,False
realprize,146,Web,26.875722973927893,1.0029398523039148,120->150,False
realprize,147,Web,26.933305343084257,1.0021425421452745,120->150,False
realprize,148,Web,26.960237041417347,1.0009999403337253,120->150,False
realprize,149,Web,27.22748813849393,1.0099127873640732,120->150,False
realprize,150,Web,27.30156041334902,1.0027204960838958,120->150,False
realprize,151,Web,27.3873585862126,1.003142610589453,150->180,False
realprize,152,Web,27.528522828086842,1.0051543576730801,150->180,False
realprize,153,Web,27.652784515593563,1.0045139250036308,150->180,False
realprize,154,Web,27.921550611144298,1.0097193139952751,150->180,False
realprize,155,Web,27.982020754302017,1.0021657157942219,150->180,False
realprize,156,Web,27.996085105674155,1.000502621004238,150->180,False
realprize,157,Web,28.096176656472245,1.0035751981186043,150->180,False
realprize,158,Web,28.171570211717004,1.0026834097808603,150->180,False
realprize,159,Web,28.239086604294652,1.0023966144616805,150->180,False
realprize,160,Web,28.339957511561533,1.0035720315136376,150->180,False
realprize,161,Web,28.398574613094173,1.0020683553074745,150->180,False
realprize,162,Web,28.528963066075224,1.0045913731501486,150->180,False
realprize,163,Web,28.566483640549656,1.0013151748413545,150->180,False
realprize,164,Web,28.74566103758348,1.006272294458373,150->180,False
realprize,165,Web,28.750342899714703,1.0001628719591837,150->180,False
realprize,166,Web,28.845082584824876,1.0032952540928168,150->180,False
realprize,167,Web,28.891696245659592,1.0016160002557677,150->180,False
realprize,168,Web,28.908106219341953,1.0005679823553049,150->180,False
realprize,169,Web,28.915133703783404,1.0002430973647367,150->180,False
realprize,170,Web,28.9526448957686,1.0012972857870717,150->180,False
realprize,171,Web,29.00060461542226,1.0016564883735604,150->180,False
realprize,172,Web,29.081749073622344,1.0027980264300052,150->180,False
realprize,173,Web,29.09112687161864,1.0003224633419592,150->180,False
realprize,174,Web,29.116914643297303,1.0008864480153163,150->180,False
realprize,175,Web,29.196632963132767,1.0027378697506955,150->180,False
realprize,176,Web,29.221482485887343,1.000851109194199,150->180,False
realprize,177,Web,29.289477526153618,1.002326885376165,150->180,False
realprize,178,Web,29.31486851236229,1.0008668978880213,150->180,False
realprize,179,Web,29.329546760005453,1.0005007099942125,150->180,False
realprize,180,Web,29.329546760005453,1.0,150->180,False
realprize,181,Web,29.748405349827777,1.0142811136240772,180->270,False
realprize,182,Web,29.787885158619783,1.0013271235324295,180->270,False
realprize,183,Web,29.849680075584597,1.002074498294718,180->270,False
realprize,184,Web,29.93562326282204,1.002879199610174,180->270,False
realprize,185,Web,29.95470620101829,1.0006374658723056,180->270,False
realprize,186,Web,30.03110741050002,1.0025505577977971,180->270,False
realprize,187,Web,30.065203427662592,1.001135356638585,180->270,False
realprize,188,Web,30.252705012019415,1.0062364981101144,180->270,False
realprize,189,Web,30.3182959110038,1.002168100305686,180->270,False
realprize,190,Web,30.368335850542827,1.0016504865473281,180->270,False
realprize,191,Web,30.396104566094248,1.0009143970116796,180->270,False
realprize,192,Web,30.428987783956824,1.001081823422178,180->270,False
realprize,193,Web,30.467845235213307,1.0012769879672754,180->270,False
realprize,194,Web,30.500333495409112,1.0010663130242718,180->270,False
realprize,195,Web,30.543182412782862,1.0014048671756393,180->270,False
realprize,196,Web,30.614751534632514,1.0023432110276662,180->270,False
realprize,197,Web,30.648827604438186,1.0011130604724041,180->270,False
realprize,198,Web,30.66557141582663,1.0005463116437778,180->270,False
realprize,199,Web,30.732959571668403,1.002197518348117,180->270,False
realprize,200,Web,30.78039837586664,1.001543580730896,180->270,False
realprize,201,Web,30.818944209513507,1.0012522850801402,180->270,False
realprize,202,Web,30.834293700654097,1.0004980537631738,180->270,False
realprize,203,Web,30.87655616573475,1.00137063185202,180->270,False
realprize,204,Web,30.926193168664234,1.0016075951820225,180->270,False
realprize,205,Web,31.01330926048787,1.0028169031781093,180->270,False
realprize,206,Web,31.076117503183614,1.0020252028626873,180->270,False
realprize,207,Web,31.107019948505243,1.000994411393845,180->270,False
realprize,208,Web,31.155861051894107,1.0015700990795555,180->270,False
realprize,209,Web,31.194532992731343,1.0012412412795404,180->270,False
realprize,210,Web,31.23201407636118,1.001201527320142,180->270,False
realprize,211,Web,31.272475295113054,1.0012955046271734,180->270,False
realprize,212,Web,31.299779237248515,1.0008730982078584,180->270,False
realprize,213,Web,31.370161491362154,1.002248650176736,180->270,False
realprize,214,Web,31.40145689961487,1.0009976170591706,180->270,False
realprize,215,Web,31.434132664965606,1.0010405811888026,180->270,False
realprize,216,Web,31.51108956791608,1.002448195525886,180->270,False
realprize,217,Web,31.559737181942932,1.001543825195952,180->270,False
realprize,218,Web,31.62115509386219,1.0019460843911716,180->270,False
realprize,219,Web,31.67339323213245,1.0016519996855018,180->270,False
realprize,220,Web,31.75574589512648,1.0026000581115662,180->270,False
realprize,221,Web,31.81595898668851,1.001896132175918,180->270,False
realprize,222,Web,31.83448210231314,1.000582195734926,180->270,False
realprize,223,Web,31.856414221233326,1.0006889422246512,180->270,False
realprize,224,Web,31.880726059832607,1.0007631693394756,180->270,False
realprize,225,Web,31.913810745999957,1.0010377645134323,180->270,False
realprize,226,Web,31.977027271196874,1.0019808516663853,180->270,False
realprize,227,Web,32.025868374585734,1.0015273809843122,180->270,False
realprize,228,Web,32.079097896494325,1.0016620789571105,180->270,False
realprize,229,Web,32.108394579584875,1.00091326393233,180->270,False
realprize,230,Web,32.143087022719,1.0010804789086585,180->270,False
realprize,231,Web,32.19712241784668,1.0016810891589063,180->270,False
realprize,232,Web,32.23285934448321,1.0011099416330673,180->270,False
realprize,233,Web,32.27871632327865,1.0014226779667714,180->270,False
realprize,234,Web,32.34624977566815,1.002092197586581,180->270,False
realprize,235,Web,32.361788766699355,1.0004803954442625,180->270,False
realprize,236,Web,32.4072368246782,1.0014043741001613,180->270,False
realprize,237,Web,32.485009574526195,1.0023998574845718,180->270,False
realprize,238,Web,32.571543203528115,1.0026638018623142,180->270,False
realprize,239,Web,32.62377336285563,1.0016035518796622,180->270,False
realprize,240,Web,32.65327749845802,1.0009043753239157,180->270,False
realprize,241,Web,32.70870920856923,1.0016975848783887,180->270,False
realprize,242,Web,32.72300400316066,1.000437033283713,180->270,False
realprize,243,Web,32.73955233045141,1.0005057092951843,180->270,False
realprize,244,Web,32.76047910258343,1.0006391893181923,180->270,False
realprize,245,Web,32.815703360182795,1.0016856974962558,180->270,False
realprize,246,Web,32.8443010878873,1.0008714647189068,180->270,False
realprize,247,Web,32.916688370527886,1.0022039525958213,180->270,False
realprize,248,Web,32.94838671539014,1.0009629870570649,180->270,False
realprize,249,Web,32.95974673514917,1.0003447822759017,180->270,False
realprize,250,Web,33.013558719879455,1.0016326577131403,180->270,False
realprize,251,Web,33.0729659382224,1.0017994793850313,180->270,False
realprize,252,Web,33.15132912983488,1.0023694032086161,180->270,False
realprize,253,Web,33.22649675487071,1.0022674090906414,180->270,False
realprize,254,Web,33.26985811984343,1.0013050236771157,180->270,False
realprize,255,Web,33.31571509863886,1.0013783340653348,180->270,False
realprize,256,Web,33.34142724169308,1.0007717722095442,180->270,False
realprize,257,Web,33.37631716366059,1.0010464435644757,180->270,False
realprize,258,Web,33.421974668886946,1.001367961150491,180->270,False
realprize,259,Web,33.44249850440944,1.0006140820740195,180->270,False
realprize,260,Web,33.55356538767233,1.0033211299463238,180->270,False
realprize,261,Web,33.627745618541226,1.0022108002536192,180->270,False
realprize,262,Web,33.669010715776494,1.0012271145887495,180->270,False
realprize,263,Web,33.70078202807032,1.0009436366444513,180->270,False
realprize,264,Web,33.73068511081087,1.000887311241491,180->270,False
realprize,265,Web,33.78095588116401,1.0014903572277882,180->270,False
realprize,266,Web,33.81464297750998,1.0009972215251834,180->270,False
realprize,267,Web,33.86547083764686,1.0015031316512992,180->270,False
realprize,268,Web,33.95323761225283,1.0025916301304867,180->270,False
realprize,269,Web,34.08066132818015,1.0037529179803855,180->270,False
realprize,270,Web,34.133723491764286,1.001556958155042,180->270,False
realprize,271,Web,34.240553131458,1.0031297388261637,270->365,False
realprize,272,Web,34.44595858161402,1.0059988940414433,270->365,False
realprize,273,Web,34.51127368484009,1.0018961615793422,270->365,False
realprize,274,Web,34.74216303341775,1.0066902586872382,270->365,False
realprize,275,Web,35.14774276271649,1.0116739918844035,270->365,False
realprize,276,Web,35.36528886408772,1.0061894757464196,270->365,False
realprize,277,Web,35.38704145376818,1.0006150830483544,270->365,False
realprize,278,Web,35.442956044068566,1.001580086608072,270->365,False
realprize,279,Web,35.595817787046606,1.0043128948609132,270->365,False
realprize,280,Web,35.66685942864189,1.0019957861909592,270->365,False
realprize,281,Web,35.792490094187,1.0035223360721304,270->365,False
realprize,282,Web,35.90268295715603,1.003078658754366,270->365,False
realprize,283,Web,35.95860672092597,1.0015576485979245,270->365,False
realprize,284,Web,36.00764579579547,1.001363764598837,270->365,False
realprize,285,Web,36.159413969467934,1.0042148874306631,270->365,False
realprize,286,Web,36.24491299908069,1.0023645026350523,270->365,False
realprize,287,Web,36.43932633934337,1.0053638793468096,270->365,False
realprize,288,Web,36.508092960489215,1.00188715401886,270->365,False
realprize,289,Web,36.653210368734875,1.003974938061068,270->365,False
realprize,290,Web,36.77999459807642,1.0034590211352863,270->365,False
realprize,291,Web,36.83051080794721,1.001373469746878,270->365,False
realprize,292,Web,36.90431595724572,1.0020039132686311,270->365,False
realprize,293,Web,36.976953782543454,1.0019682745341192,270->365,False
realprize,294,Web,37.256843218745,1.0075692940485994,270->365,False
realprize,295,Web,37.37741242246356,1.0032361626295245,270->365,False
realprize,296,Web,37.41729720033019,1.0010670823709205,270->365,False
realprize,297,Web,37.47758753560794,1.0016112958387924,270->365,False
realprize,298,Web,37.52341589613344,1.0012228204518758,270->365,False
realprize,299,Web,37.615120777899634,1.002443937460812,270->365,False
realprize,300,Web,37.657747597550724,1.0011332362828975,270->365,False
realprize,301,Web,37.69762466970293,1.0010589340758873,270->365,False
realprize,302,Web,37.71606031626197,1.000489040005055,270->365,False
realprize,303,Web,37.74929350308953,1.0008811415229717,270->365,False
realprize,304,Web,37.78114608274919,1.0008437927363343,270->365,False
realprize,305,Web,37.90404534773452,1.003252925803684,270->365,False
realprize,306,Web,38.03885406956862,1.0035565787397456,270->365,False
realprize,307,Web,38.09158546593369,1.0013862509177756,270->365,False
realprize,308,Web,38.11449849951274,1.0006015248065625,270->365,False
realprize,309,Web,38.13329264526196,1.0004930970231567,270->365,False
realprize,310,Web,38.17863391748783,1.0011890206452314,270->365,False
realprize,311,Web,38.25324351126522,1.0019542237665873,270->365,False
realprize,312,Web,38.30482593056862,1.0013484456367265,270->365,False
realprize,313,Web,38.359605304011666,1.0014300906507796,270->365,False
realprize,314,Web,38.44144641263967,1.0021335232200486,270->365,False
realprize,315,Web,38.52373931464323,1.002140733757003,270->365,False
realprize,316,Web,38.61060977795434,1.0022549852339513,270->365,False
realprize,317,Web,38.66526572236454,1.001415568019374,270->365,False
realprize,318,Web,38.76452954304341,1.0025672607914202,270->365,False
realprize,319,Web,38.83191555702134,1.0017383421073924,270->365,False
realprize,320,Web,38.89840027761557,1.001712115398907,270->365,False
realprize,321,Web,38.98849750884238,1.002316219448198,270->365,False
realprize,322,Web,39.02195315230664,1.0008580900932813,270->365,False
realprize,323,Web,39.07467766856954,1.0013511501091992,270->365,False
realprize,324,Web,39.101253209868126,1.0006801218304089,270->365,False
realprize,325,Web,39.15993130787174,1.0015006705204221,270->365,False
realprize,326,Web,39.20736273220185,1.001211223379255,270->365,False
realprize,327,Web,39.25411531978496,1.0011924440800173,270->365,False
realprize,328,Web,39.28093166465935,1.0006831473504352,270->365,False
realprize,329,Web,39.345565637771024,1.0016454287200582,270->365,False
realprize,330,Web,39.44595779520506,1.0025515494772215,270->365,False
realprize,331,Web,39.53785531983189,1.002329707015962,270->365,False
realprize,332,Web,39.597686981631924,1.0015132753488027,270->365,False
realprize,333,Web,39.66071330420422,1.0015916667708782,270->365,False
realprize,334,Web,39.78154853853985,1.003046723678639,270->365,False
realprize,335,Web,39.816850342751906,1.0008873914040288,270->365,False
realprize,336,Web,39.84616416471243,1.0007362164939764,270->365,False
realprize,337,Web,39.89244661198088,1.001161528298612,270->365,False
realprize,338,Web,39.91580455883332,1.000585523045995,270->365,False
realprize,339,Web,39.95247550337633,1.0009187073879209,270->365,False
realprize,340,Web,40.0072502900846,1.0013709985681274,270->365,False
realprize,341,Web,40.08213063881588,1.0018716694646181,270->365,False
realprize,342,Web,40.13065765061486,1.001210689427572,270->365,False
realprize,343,Web,40.15243088060181,1.0005425585141543,270->365,False
realprize,344,Web,40.193466103285246,1.0010219860113938,270->365,False
realprize,345,Web,40.260838357058866,1.0016761991513867,270->365,False
realprize,346,Web,40.28719602845554,1.0006546726911874,270->365,False
realprize,347,Web,40.35115345818758,1.001587537382519,270->365,False
realprize,348,Web,40.364214185465414,1.0003236766773314,270->365,False
realprize,349,Web,40.38345324448802,1.0004766365309183,270->365,False
realprize,350,Web,40.424252250330426,1.0010102901699716,270->365,False
realprize,351,Web,40.45128875847411,1.0006688190044,270->365,False
realprize,352,Web,40.51378391422554,1.0015449484471206,270->365,False
realprize,353,Web,40.524092600637104,1.0002544488669187,270->365,False
realprize,354,Web,40.53508700389784,1.0002713053533139,270->365,False
realprize,355,Web,40.555025539973954,1.0004918833916452,270->365,False
realprize,356,Web,40.59809039279625,1.00106188696096,270->365,False
realprize,357,Web,40.64714781460485,1.0012083677171502,270->365,False
realprize,358,Web,40.76546034481307,1.0029107215775104,270->365,False
realprize,359,Web,40.79227210295268,1.000657707723961,270->365,False
realprize,360,Web,40.833754532276885,1.0010169188227493,270->365,False
realprize,361,Web,40.86927879312561,1.0008699729244992,270->365,False
realprize,362,Web,40.87317293095138,1.0000952827635026,270->365,False
realprize,363,Web,40.936208426993225,1.0015422217440357,270->365,False
realprize,364,Web,40.98892606315397,1.0012877996811738,270->365,False
realprize,365,Web,41.029709015424665,1.0009949748917026,270->365,False
realprize,1,App,5.243507518796993,,1->7,False
realprize,2,App,7.6118921052631565,1.4516794489139089,1->7,False
realprize,3,App,8.824717293233084,1.159332945238587,1->7,False
realprize,4,App,9.59569135338346,1.0873652984602202,1->7,False
realprize,5,App,10.386835338345865,1.0824478357865737,1->7,False
realprize,6,App,10.919728947368421,1.0513047132898345,1->7,False
realprize,7,App,11.512094736842107,1.0542472979255078,1->7,False
realprize,8,App,12.15476983939169,1.0558260783324545,7->14,False
realprize,9,App,12.734424519915526,1.0476894822512612,7->14,False
realprize,10,App,13.329123511310502,1.0467001072930244,7->14,False
realprize,11,App,13.748405914621056,1.0314561120958006,7->14,False
realprize,12,App,14.273768013301362,1.0382125827490734,7->14,False
realprize,13,App,14.6385950786543,1.025559268233375,7->14,False
realprize,14,App,15.035535284521975,1.0271160042159022,7->14,False
realprize,15,App,15.484848303884291,1.0298834069329645,14->30,False
realprize,16,App,16.00631566996633,1.0336759751111821,14->30,False
realprize,17,App,16.47701528133789,1.029407117857532,14->30,False
realprize,18,App,16.93548739498501,1.027824949228905,14->30,False
realprize,19,App,17.435998960303174,1.0295540100880933,14->30,False
realprize,20,App,17.83530007800173,1.0229009601691106,14->30,False
realprize,21,App,18.217831456080535,1.021447992262862,14->30,False
realprize,22,App,18.6684034806665,1.0247324729988967,14->30,False
realprize,23,App,19.041223496832618,1.0199706427254063,14->30,False
realprize,24,App,19.416817223732668,1.0197252937534464,14->30,False
realprize,25,App,19.713919211031747,1.0153012712575746,14->30,False
realprize,26,App,20.05864031520088,1.0174861781911042,14->30,False
realprize,27,App,20.4676235504978,1.0203893797819878,14->30,False
realprize,28,App,20.747659605763005,1.0136819037429674,14->30,False
realprize,29,App,21.06909548705556,1.0154926332608267,14->30,False
realprize,30,App,21.337796371109796,1.0127533184430875,14->30,False
realprize,31,App,21.659875073987255,1.0150942813998138,30->60,False
realprize,32,App,22.07783521213268,1.0192965165642798,30->60,False
realprize,33,App,22.866940870816652,1.0357419851675642,30->60,False
realprize,34,App,23.305632257084238,1.0191845244515174,30->60,False
realprize,35,App,23.737859684889013,1.0185460502867667,30->60,False
realprize,36,App,24.217056776705864,1.020187038687481,30->60,False
realprize,37,App,24.55148750986117,1.0138097183418668,30->60,False
realprize,38,App,24.929635959699493,1.0154022622737804,30->60,False
realprize,39,App,25.364191768367924,1.0174312937971064,30->60,False
realprize,40,App,25.703916899981728,1.0133938875212842,30->60,False
realprize,41,App,26.003712548292302,1.0116634227179122,30->60,False
realprize,42,App,26.179033452317274,1.006742148979665,30->60,False
realprize,43,App,26.54391670895904,1.0139379957364112,30->60,False
realprize,44,App,26.9808589569935,1.0164611068074587,30->60,False
realprize,45,App,27.198804534104923,1.008077784975594,30->60,False
realprize,46,App,27.466955949438294,1.0098589412265209,30->60,False
realprize,47,App,27.710634867028862,1.0088717118139752,30->60,False
realprize,48,App,27.911666290849965,1.0072546668376876,30->60,False
realprize,49,App,28.155218352290852,1.008725815897302,30->60,False
realprize,50,App,28.472054003246594,1.011253176835333,30->60,False
realprize,51,App,28.692891766331357,1.0077562989680893,30->60,False
realprize,52,App,28.854293731711167,1.005625155062593,30->60,False
realprize,53,App,29.106409590050124,1.0087375508367367,30->60,False
realprize,54,App,29.339095650395095,1.0079943237115894,30->60,False
realprize,55,App,29.584113940719426,1.0083512557184438,30->60,False
realprize,56,App,29.887868306335815,1.0102674822786666,30->60,False
realprize,57,App,30.124614434667023,1.007921144656577,30->60,False
realprize,58,App,30.339687961701888,1.0071394615689209,30->60,False
realprize,59,App,30.542608468238686,1.0066882858779875,30->60,False
realprize,60,App,30.850226241249477,1.0100717583873258,30->60,False
realprize,61,App,31.00058914477516,1.0048739643706286,60->90,False
realprize,62,App,31.181409882922555,1.005832816186265,60->90,False
realprize,63,App,31.350810136002888,1.0054327323144265,60->90,False
realprize,64,App,31.5773685495294,1.0072265569069405,60->90,False
realprize,65,App,31.809518918843622,1.0073517959215028,60->90,False
realprize,66,App,31.983710386588164,1.005476079917743,60->90,False
realprize,67,App,32.25559868694969,1.0085008367408035,60->90,False
realprize,68,App,32.357993708722304,1.003174488335076,60->90,False
realprize,69,App,32.6056003464826,1.0076521010538906,60->90,False
realprize,70,App,32.77896861867056,1.005317131730306,60->90,False
realprize,71,App,32.9869371674165,1.0063445726790647,60->90,False
realprize,72,App,33.3354985354544,1.0105666484362845,60->90,False
realprize,73,App,33.47583713848582,1.0042098846334087,60->90,False
realprize,74,App,34.024152742472644,1.0163794441261769,60->90,False
realprize,75,App,34.25341130158029,1.0067381122123127,60->90,False
realprize,76,App,34.44415048360874,1.0055684725923821,60->90,False
realprize,77,App,34.652121037214776,1.0060379063116975,60->90,False
realprize,78,App,34.93460783000286,1.0081520779777002,60->90,False
realprize,79,App,35.537132044258456,1.0172472013193212,60->90,False
realprize,80,App,35.770289254314314,1.0065609461609193,60->90,False
realprize,81,App,35.88548370393,1.0032203946911553,60->90,False
realprize,82,App,36.36435015214862,1.0133442940931063,60->90,False
realprize,83,App,36.898315368519896,1.0146837552200758,60->90,False
realprize,84,App,37.1754159041664,1.0075098424651363,60->90,False
realprize,85,App,37.96936696746435,1.0213568844890575,60->90,False
realprize,86,App,38.06480231788981,1.0025134827901458,60->90,False
realprize,87,App,38.15277758388745,1.0023111972384078,60->90,False
realprize,88,App,38.32606927041964,1.0045420464119859,60->90,False
realprize,89,App,38.43465129045728,1.0028331113026885,60->90,False
realprize,90,App,38.57823295518461,1.003735734809775,60->90,False
realprize,91,App,38.82429782014594,1.0063783342603372,90->120,False
realprize,92,App,39.483531954864915,1.0169799370943653,90->120,False
realprize,93,App,39.90744892451735,1.0107365513839295,90->120,False
realprize,94,App,40.01382448887062,1.002665556612112,90->120,False
realprize,95,App,40.10646535024019,1.0023152213654394,90->120,False
realprize,96,App,40.316094937121484,1.0052268277708007,90->120,False
realprize,97,App,40.71425260161173,1.0098758985737888,90->120,False
realprize,98,App,40.80844430558358,1.002313482329972,90->120,False
realprize,99,App,40.95012291539846,1.0034717963947353,90->120,False
realprize,100,App,41.03696118590788,1.002120586321287,90->120,False
realprize,101,App,41.12458318508016,1.0021351970672325,90->120,False
realprize,102,App,41.25892376044461,1.003266673239212,90->120,False
realprize,103,App,41.3732439992733,1.0027708003120113,90->120,False
realprize,104,App,41.518484643703786,1.003510496891011,90->120,False
realprize,105,App,41.57972854057419,1.001475099522441,90->120,False
realprize,106,App,41.673422613316454,1.0022533594140914,90->120,False
realprize,107,App,41.756951717196635,1.0020043734985542,90->120,False
realprize,108,App,41.82568925958601,1.001646134106122,90->120,False
realprize,109,App,42.01627472624428,1.0045566605125245,90->120,False
realprize,110,App,42.13679509358477,1.002868421061261,90->120,False
realprize,111,App,42.275473327484534,1.0032911433722418,90->120,False
realprize,112,App,42.36103347999876,1.0020238721362489,90->120,False
realprize,113,App,42.46582497230285,1.0024737709091438,90->120,False
realprize,114,App,42.5324200258398,1.0015682034572597,90->120,False
realprize,115,App,42.59091357812133,1.0013752697882226,90->120,False
realprize,116,App,42.63688368128335,1.0010793406222127,90->120,False
realprize,117,App,42.72729654876026,1.0021205317947897,90->120,False
realprize,118,App,42.85660894147277,1.0030264585676498,90->120,False
realprize,119,App,42.95505685131125,1.0022971465141566,90->120,False
realprize,120,App,43.16035647916323,1.0047794053343386,90->120,False
realprize,121,App,43.238498879860046,1.00181051332916,120->150,False
realprize,122,App,43.31207110950667,1.0017015444928152,120->150,False
realprize,123,App,43.40963264789424,1.0022525253558277,120->150,False
realprize,124,App,43.563073932697456,1.0035347289401828,120->150,False
realprize,125,App,43.623882397584275,1.0013958717647145,120->150,False
realprize,126,App,43.75626360139053,1.0030346039034248,120->150,False
realprize,127,App,43.900752977774445,1.0033021415562393,120->150,False
realprize,128,App,44.02134660797435,1.0027469604054617,120->150,False
realprize,129,App,44.130110790416545,1.0024707145697014,120->150,False
realprize,130,App,44.26635815610335,1.0030874013966082,120->150,False
realprize,131,App,44.4985123769156,1.005244484310039,120->150,False
realprize,132,App,44.80716020371509,1.0069361380934525,120->150,False
realprize,133,App,44.9422278960442,1.003014422063684,120->150,False
realprize,134,App,45.16640770815784,1.0049881775472322,120->150,False
realprize,135,App,45.289897851920976,1.0027341147996773,120->150,False
realprize,136,App,45.40579241719853,1.0025589495842204,120->150,False
realprize,137,App,45.52042094368124,1.0025245353154388,120->150,False
realprize,138,App,45.61427465682309,1.0020617936125409,120->150,False
realprize,139,App,45.734224471945915,1.0026296552126557,120->150,False
realprize,140,App,45.813935190467696,1.0017429117786982,120->150,False
realprize,141,App,45.92493767715652,1.0024228978852687,120->150,False
realprize,142,App,46.07643573962344,1.0032988191194057,120->150,False
realprize,143,App,46.17107655595402,1.0020539960353139,120->150,False
realprize,144,App,46.238092863779165,1.0014514781292554,120->150,False
realprize,145,App,46.38735262199945,1.0032280690871056,120->150,False
realprize,146,App,46.55715426859368,1.003660516002668,120->150,False
realprize,147,App,46.67102120894861,1.002445745281123,120->150,False
realprize,148,App,46.86306980701727,1.0041149431294603,120->150,False
realprize,149,App,47.00402081761172,1.003007720389955,120->150,False
realprize,150,App,47.089237987036654,1.0018129761654988,120->150,False
realprize,151,App,47.21242399494071,1.0026160119205574,150->180,False
realprize,152,App,47.28064506912505,1.0014449813928565,150->180,False
realprize,153,App,47.342778576661544,1.0013141425512628,150->180,False
realprize,154,App,47.427956500530534,1.0017991745822663,150->180,False
realprize,155,App,47.56857624951281,1.002964912666661,150->180,False
realprize,156,App,47.70342929333853,1.0028349186470995,150->180,False
realprize,157,App,47.792756012300735,1.0018725429237574,150->180,False
realprize,158,App,47.9623413123676,1.0035483473692794,150->180,False
realprize,159,App,48.113771933192524,1.003157281664769,150->180,False
realprize,160,App,48.41513928854749,1.0062636401854634,150->180,False
realprize,161,App,48.55352180877749,1.0028582489333606,150->180,False
realprize,162,App,48.62125558957479,1.0013950333214563,150->180,False
realprize,163,App,48.69099135404096,1.001434264985973,150->180,False
realprize,164,App,48.802732768653215,1.0022949094176326,150->180,False
realprize,165,App,48.90671349597352,1.0021306332949267,150->180,False
realprize,166,App,49.138877188836645,1.0047470720534561,150->180,False
realprize,167,App,49.374327111487176,1.0047915201998963,150->180,False
realprize,168,App,49.69634322406009,1.0065219341996459,150->180,False
realprize,169,App,49.899137288399444,1.0040806637105077,150->180,False
realprize,170,App,50.06280625463428,1.0032799959103278,150->180,False
realprize,171,App,50.17830999027416,1.002307176610364,150->180,False
realprize,172,App,50.28197305671654,1.0020658939382867,150->180,False
realprize,173,App,50.44859058802725,1.0033136633505366,150->180,False
realprize,174,App,50.67395377761226,1.0044671850483469,150->180,False
realprize,175,App,50.88394842190219,1.0041440351232807,150->180,False
realprize,176,App,51.26877657204804,1.0075628594494095,150->180,False
realprize,177,App,51.355872463484715,1.0016988096315167,150->180,False
realprize,178,App,51.424742462031745,1.0013410345349696,150->180,False
realprize,179,App,51.473523810702254,1.000948596849202,150->180,False
realprize,180,App,51.70663728558574,1.004528803501792,150->180,False
realprize,181,App,51.87278520752063,1.0032132803573595,180->270,False
realprize,182,App,51.9969799249759,1.0023942172558968,180->270,False
realprize,183,App,52.72375827323326,1.0139773184770728,180->270,False
realprize,184,App,52.87935460625784,1.0029511616417446,180->270,False
realprize,185,App,53.50692254833462,1.0118679198479195,180->270,False
realprize,186,App,53.57959090940522,1.001358111392128,180->270,False
realprize,187,App,54.36883702468505,1.014730349782146,180->270,False
realprize,188,App,54.495821064142525,1.002335603378822,180->270,False
realprize,189,App,55.500177331558405,1.0184299685334355,180->270,False
realprize,190,App,55.632146740518714,1.0023778195909523,180->270,False
realprize,191,App,56.38411440589948,1.0135167831809209,180->270,False
realprize,192,App,56.42974839720825,1.0008093412797132,180->270,False
realprize,193,App,56.77154595155099,1.006057045513243,180->270,False
realprize,194,App,56.860827551740485,1.0015726469782185,180->270,False
realprize,195,App,56.88908108507231,1.000496889239013,180->270,False
realprize,196,App,57.03611221161464,1.0025845227895747,180->270,False
realprize,197,App,57.079102869934694,1.0007537445427652,180->270,False
realprize,198,App,57.103470610588644,1.0004269117668068,180->270,False
realprize,199,App,57.12752307709645,1.0004212084878663,180->270,False
realprize,200,App,57.16276078695606,1.0006168254452772,180->270,False
realprize,201,App,57.2469032632562,1.0014719806241292,180->270,False
realprize,202,App,57.27934699188977,1.000566733338996,180->270,False
realprize,203,App,57.30837550945271,1.0005067885562147,180->270,False
realprize,204,App,57.35851652328397,1.0008749334348692,180->270,False
realprize,205,App,57.47559660594413,1.0020411978858037,180->270,False
realprize,206,App,57.563921512172946,1.0015367375276567,180->270,False
realprize,207,App,57.62369003552069,1.0010382983260635,180->270,False
realprize,208,App,57.666377844291524,1.0007408031097023,180->270,False
realprize,209,App,57.706124129748225,1.000689245396408,180->270,False
realprize,210,App,57.7297122269472,1.000408762459006,180->270,False
realprize,211,App,57.79942198088295,1.0012075195119925,180->270,False
realprize,212,App,58.00036653948779,1.0034765842238234,180->270,False
realprize,213,App,58.30224541709195,1.005204775342215,180->270,False
realprize,214,App,58.43205760541693,1.002226538401674,180->270,False
realprize,215,App,58.46311133227324,1.0005314501684335,180->270,False
realprize,216,App,58.50920192751779,1.0007883705501508,180->270,False
realprize,217,App,58.567119185928654,1.0009898828988064,180->270,False
realprize,218,App,58.64056097815577,1.001253976518701,180->270,False
realprize,219,App,58.828779643394235,1.0032097009663428,180->270,False
realprize,220,App,58.849269356743335,1.00034829404032,180->270,False
realprize,221,App,58.9253575881084,1.0012929341722803,180->270,False
realprize,222,App,58.9467713808513,1.0003634053931856,180->270,False
realprize,223,App,59.05204964953891,1.0017859887186595,180->270,False
realprize,224,App,59.152344101798306,1.0016984076396098,180->270,False
realprize,225,App,59.18509844535417,1.000553728580891,180->270,False
realprize,226,App,59.20324456911456,1.0003065995366578,180->270,False
realprize,227,App,59.22776606415502,1.0004141917426812,180->270,False
realprize,228,App,59.2786805091428,1.0008596381118382,180->270,False
realprize,229,App,59.30040336373342,1.0003664530722352,180->270,False
realprize,230,App,59.404437619657244,1.0017543600046985,180->270,False
realprize,231,App,59.558468453473466,1.0025929179702435,180->270,False
realprize,232,App,59.7692051475036,1.003538316204265,180->270,False
realprize,233,App,59.96083281151423,1.0032061270270822,180->270,False
realprize,234,App,59.97168880304839,1.0001810513801281,180->270,False
realprize,235,App,60.01390603021193,1.0007039526150778,180->270,False
realprize,236,App,60.061270146637874,1.0007892190253722,180->270,False
realprize,237,App,60.130357117654434,1.0011502748917545,180->270,False
realprize,238,App,60.14338741364465,1.0002167007916605,180->270,False
realprize,239,App,60.182350949497184,1.0006478440528226,180->270,False
realprize,240,App,60.2584345216384,1.0012642173484558,180->270,False
realprize,241,App,60.2991142049366,1.000675086958716,180->270,False
realprize,242,App,60.36926969128585,1.001163457992282,180->270,False
realprize,243,App,60.43167067610003,1.0010336547904801,180->270,False
realprize,244,App,60.7059094848439,1.0045379981336893,180->270,False
realprize,245,App,60.749215417310076,1.000713372599697,180->270,False
realprize,246,App,60.89128912969258,1.0023386921362942,180->270,False
realprize,247,App,61.054329349329926,1.0026775622912185,180->270,False
realprize,248,App,61.10742741722141,1.0008696855482218,180->270,False
realprize,249,App,61.2185980509849,1.0018192654880471,180->270,False
realprize,250,App,61.28830780492066,1.001138702227021,180->270,False
realprize,251,App,61.31081185604084,1.0003671834306767,180->270,False
realprize,252,App,61.34108283329297,1.0004937298387633,180->270,False
realprize,253,App,61.43984440091086,1.0016100395209242,180->270,False
realprize,254,App,61.60864186813291,1.0027473615675295,180->270,False
realprize,255,App,61.63673698785439,1.000456025630002,180->270,False
realprize,256,App,61.67322336970161,1.0005919583616896,180->270,False
realprize,257,App,61.8195043612066,1.002371871997481,180->270,False
realprize,258,App,61.965004156182,1.0023536228004233,180->270,False
realprize,259,App,62.02617199975467,1.000987135309771,180->270,False
realprize,260,App,62.06498488736986,1.0006257501690632,180->270,False
realprize,261,App,62.124295253707245,1.0009556171880976,180->270,False
realprize,262,App,62.13655367161556,1.0001973208365302,180->270,False
realprize,263,App,62.30192660931931,1.0026614436741652,180->270,False
realprize,264,App,62.39913510232572,1.0015602806894879,180->270,False
realprize,265,App,62.520571559271055,1.001946124040761,180->270,False
realprize,266,App,62.672763552747284,1.0024342706677265,180->270,False
realprize,267,App,62.808477424595836,1.0021654362143186,180->270,False
realprize,268,App,63.09110283624164,1.004499797212647,180->270,False
realprize,269,App,63.23335515220447,1.0022547127814845,180->270,False
realprize,270,App,63.37140950749249,1.0021832520978164,180->270,False
realprize,271,App,63.535411290720376,1.0025879459602125,270->365,False
realprize,272,App,63.717211207359206,1.002861395132975,270->365,False
realprize,273,App,63.81233503921532,1.0014929063914386,270->365,False
realprize,274,App,64.34084885937457,1.0082823143806674,270->365,False
realprize,275,App,64.37751753337518,1.0005699128104566,270->365,False
realprize,276,App,64.45591683454776,1.0012178055969918,270->365,False
realprize,277,App,64.5082555652836,1.000812008164746,270->365,False
realprize,278,App,65.02888235070705,1.0080707001121207,270->365,False
realprize,279,App,65.04775408684542,1.0002902054511191,270->365,False
realprize,280,App,65.15555910370121,1.0016573211230608,270->365,False
realprize,281,App,65.20705975480239,1.0007904260482088,270->365,False
realprize,282,App,65.23310478310613,1.000399420375672,270->365,False
realprize,283,App,65.28531917677776,1.0008004278478733,270->365,False
realprize,284,App,65.38308038905336,1.001497445574416,270->365,False
realprize,285,App,65.44987808569716,1.0010216358153567,270->365,False
realprize,286,App,65.50424924921319,1.0008307297905863,270->365,False
realprize,287,App,65.55825935702356,1.0008245283081543,270->365,False
realprize,288,App,65.68647239008978,1.0019557113676247,270->365,False
realprize,289,App,65.75862136268896,1.0010983840351588,270->365,False
realprize,290,App,65.8026964608503,1.0006702558120593,270->365,False
realprize,291,App,65.87295646651259,1.0010677374855617,270->365,False
realprize,292,App,65.93843905959275,1.0009940739962606,270->365,False
realprize,293,App,65.97522489736541,1.0005578815376477,270->365,False
realprize,294,App,66.05086128550565,1.001146436230538,270->365,False
realprize,295,App,66.15696264547216,1.001606358462275,270->365,False
realprize,296,App,66.20567527701841,1.0007363190448646,270->365,False
realprize,297,App,66.25992688566498,1.0008194404546071,270->365,False
realprize,298,App,66.27569378184445,1.0002379552305676,270->365,False
realprize,299,App,66.33078227457702,1.0008312020529562,270->365,False
realprize,300,App,66.43534735447143,1.0015764186145366,270->365,False
realprize,301,App,66.59872027908617,1.0024591265210527,270->365,False
realprize,302,App,66.64566828075974,1.0007049384954672,270->365,False
realprize,303,App,66.70529029414081,1.0008946119818305,270->365,False
realprize,304,App,66.79382187049697,1.00132720472343,270->365,False
realprize,305,App,66.98765976693798,1.002902033317046,270->365,False
realprize,306,App,67.0820579007367,1.0014091869178166,270->365,False
realprize,307,App,67.14560490048092,1.0009473024789766,270->365,False
realprize,308,App,67.20565492029452,1.0008943253978069,270->365,False
realprize,309,App,67.25475490961769,1.000730593123174,270->365,False
realprize,310,App,67.35119743168354,1.0014339881573497,270->365,False
realprize,311,App,67.39527970313705,1.000654513551867,270->365,False
realprize,312,App,67.47428156085151,1.0011722164825556,270->365,False
realprize,313,App,67.50678255210407,1.0004816796933695,270->365,False
realprize,314,App,67.60426639708261,1.0014440600083896,270->365,False
realprize,315,App,67.66491060459724,1.0008970470466823,270->365,False
realprize,316,App,67.72023462042257,1.0008176175115138,270->365,False
realprize,317,App,67.76504976322563,1.0006617688650115,270->365,False
realprize,318,App,67.8435566637807,1.001158516090955,270->365,False
realprize,319,App,67.93115690770405,1.0012912094859276,270->365,False
realprize,320,App,68.03199546231858,1.0014844227480408,270->365,False
realprize,321,App,68.07796550516028,1.0006757121047134,270->365,False
realprize,322,App,68.12464450837767,1.000685669773928,270->365,False
realprize,323,App,68.14530358981389,1.0003032541539896,270->365,False
realprize,324,App,68.17493287310292,1.0004347956752437,270->365,False
realprize,325,App,68.26206685303552,1.0012780941067414,270->365,False
realprize,326,App,68.32456416102622,1.0009155495998274,270->365,False
realprize,327,App,68.37977699082296,1.0008080963336499,270->365,False
realprize,328,App,68.44633199108185,1.000973314087699,270->365,False
realprize,329,App,68.49935816231687,1.000774711656454,270->365,False
realprize,330,App,68.56507149629505,1.0009593277330053,270->365,False
realprize,331,App,68.60150942939767,1.0005314357924149,270->365,False
realprize,332,App,68.65599177894225,1.000794185871386,270->365,False
realprize,333,App,68.69411424015506,1.0005552677956435,270->365,False
realprize,334,App,68.75099366483157,1.000828010162234,270->365,False
realprize,335,App,68.78814175385855,1.0005403280308658,270->365,False
realprize,336,App,68.94842896729348,1.0023301576310708,270->365,False
realprize,337,App,68.97757285781265,1.0004226911469294,270->365,False
realprize,338,App,69.0307389082449,1.0007707729951856,270->365,False
realprize,339,App,69.12682515679987,1.0013919342321207,270->365,False
realprize,340,App,69.1927907515525,1.000954269122052,270->365,False
realprize,341,App,69.23175487904602,1.0005631240924135,270->365,False
realprize,342,App,69.30238430925483,1.0010201883562277,270->365,False
realprize,343,App,69.38423157286157,1.0011810165612989,270->365,False
realprize,344,App,69.43537355935449,1.0007370837052396,270->365,False
realprize,345,App,69.51783055279527,1.0011875358223614,270->365,False
realprize,346,App,69.55140275567786,1.0004829293810755,270->365,False
realprize,347,App,69.63064372313116,1.001139315158483,270->365,False
realprize,348,App,69.6968556009148,1.00095090141701,270->365,False
realprize,349,App,69.83539458805306,1.001987736547708,270->365,False
realprize,350,App,69.90122986799803,1.0009427208127528,270->365,False
realprize,351,App,70.05493319477387,1.0021988644129165,270->365,False
realprize,352,App,70.1049944052472,1.000714599360678,270->365,False
realprize,353,App,70.1900804102666,1.0012136939135543,270->365,False
realprize,354,App,70.28342526566573,1.0013298867140985,270->365,False
realprize,355,App,70.56002621601324,1.0039355075439478,270->365,False
realprize,356,App,70.59156000837216,1.000446907322035,270->365,False
realprize,357,App,70.68167329565077,1.0012765447777032,270->365,False
realprize,358,App,70.76269921730457,1.0011463497944493,270->365,False
realprize,359,App,70.82890750844213,1.0009356382934778,270->365,False
realprize,360,App,70.88469659270952,1.0007876598161667,270->365,False
realprize,361,App,71.01259280537177,1.0018042852521063,270->365,False
realprize,362,App,71.11083821486851,1.0013834927808651,270->365,False
realprize,363,App,71.17536795563939,1.000907452962035,270->365,False
realprize,364,App,71.2492301495174,1.0010377493787463,270->365,False
realprize,365,App,71.3411271954478,1.00128979703693,270->365,False
realprize,1,Affiliate,6.940305360094454,,1->7,False
realprize,2,Affiliate,9.157028099173552,1.3193984448904608,1->7,False
realprize,3,Affiliate,9.918998173947266,1.0832115033962257,1->7,False
realprize,4,Affiliate,10.25812620228257,1.0341897460195164,1->7,False
realprize,5,Affiliate,10.699881574183395,1.0430639439591345,1->7,False
realprize,6,Affiliate,11.20147018496655,1.0468779590975459,1->7,False
realprize,7,Affiliate,11.595896261314447,1.035211991804188,1->7,False
realprize,8,Affiliate,12.133047870461242,1.046322560761328,7->14,False
realprize,9,Affiliate,12.759699173978346,1.0516483005925272,7->14,False
realprize,10,Affiliate,13.074712099470418,1.024688115385549,7->14,False
realprize,11,Affiliate,13.406235557650948,1.0253560809338171,7->14,False
realprize,12,Affiliate,13.676361001285178,1.0201492389472502,7->14,False
realprize,13,Affiliate,14.067615365718103,1.0286080752325972,7->14,False
realprize,14,Affiliate,14.201855386012317,1.0095424858303526,7->14,False
realprize,15,Affiliate,14.346742279789629,1.0102019693792976,14->30,False
realprize,16,Affiliate,14.564709310750084,1.0151927891858423,14->30,False
realprize,17,Affiliate,14.78761140763655,1.0153042599155717,14->30,False
realprize,18,Affiliate,15.253937481204973,1.0315349153229443,14->30,False
realprize,19,Affiliate,15.5983394169482,1.0225779039784042,14->30,False
realprize,20,Affiliate,15.7365153252428,1.0088583729717067,14->30,False
realprize,21,Affiliate,16.0726502652176,1.0213601888999917,14->30,False
realprize,22,Affiliate,16.273296868392062,1.012483728561473,14->30,False
realprize,23,Affiliate,16.444013494551136,1.010490598650029,14->30,False
realprize,24,Affiliate,16.59528862339001,1.0091994043235857,14->30,False
realprize,25,Affiliate,16.74590437466964,1.0090758139070473,14->30,False
realprize,26,Affiliate,16.91837929095048,1.010299528315815,14->30,False
realprize,27,Affiliate,17.080636815540363,1.0095906068660296,14->30,False
realprize,28,Affiliate,17.307701268711956,1.013293676086187,14->30,False
realprize,29,Affiliate,17.541286277779495,1.013496015758592,14->30,False
realprize,30,Affiliate,17.67520608689496,1.0076345489717655,14->30,False
realprize,31,Affiliate,17.821347069785816,1.0082681345933053,30->60,False
realprize,32,Affiliate,17.901863703013287,1.0045179880573663,30->60,False
realprize,33,Affiliate,18.138920797737228,1.0132420343857294,30->60,False
realprize,34,Affiliate,18.32410523562616,1.010209231296276,30->60,False
realprize,35,Affiliate,18.45975497065659,1.0074028026627295,30->60,False
realprize,36,Affiliate,18.528224944924972,1.0037091485979754,30->60,False
realprize,37,Affiliate,18.679100622531305,1.0081430184518383,30->60,False
realprize,38,Affiliate,18.881713916181063,1.0108470583110067,30->60,False
realprize,39,Affiliate,19.04620486150832,1.0087116532989249,30->60,False
realprize,40,Affiliate,19.1840161591196,1.007235630332308,30->60,False
realprize,41,Affiliate,19.482970838514554,1.0155835293775457,30->60,False
realprize,42,Affiliate,19.57832663801709,1.0048943151582423,30->60,False
realprize,43,Affiliate,19.734118946775105,1.007957386330224,30->60,False
realprize,44,Affiliate,19.8074907991209,1.0037180201732687,30->60,False
realprize,45,Affiliate,19.89175208456838,1.00425401108611,30->60,False
realprize,46,Affiliate,19.962399634374876,1.0035516001559914,30->60,False
realprize,47,Affiliate,20.1439363299323,1.0090939315354062,30->60,False
realprize,48,Affiliate,20.339254745529363,1.0096961394435524,30->60,False
realprize,49,Affiliate,20.57864884542904,1.011770052683582,30->60,False
realprize,50,Affiliate,20.74999837599582,1.0083265685640406,30->60,False
realprize,51,Affiliate,20.859357774931215,1.0052703328912982,30->60,False
realprize,52,Affiliate,20.94983448312892,1.0043374637500317,30->60,False
realprize,53,Affiliate,21.038219163398942,1.0042188724851835,30->60,False
realprize,54,Affiliate,21.156692493666913,1.0056313383441733,30->60,False
realprize,55,Affiliate,21.423076864656014,1.0125910215440737,30->60,False
realprize,56,Affiliate,21.568139947655503,1.0067713468012065,30->60,False
realprize,57,Affiliate,21.72501248942154,1.0072733458771483,30->60,False
realprize,58,Affiliate,21.970810341247265,1.011314048815641,30->60,False
realprize,59,Affiliate,22.099445646623135,1.0058548275360775,30->60,False
realprize,60,Affiliate,22.180943860909693,1.0036877945080496,30->60,False
realprize,61,Affiliate,22.30401068972929,1.0055483134347805,60->90,False
realprize,62,Affiliate,22.503679219089225,1.0089521356556685,60->90,False
realprize,63,Affiliate,22.65803224959443,1.0068590130974793,60->90,False
realprize,64,Affiliate,22.757111887422354,1.004372826233827,60->90,False
realprize,65,Affiliate,22.897046153360918,1.0061490344921977,60->90,False
realprize,66,Affiliate,23.010577874867234,1.0049583566694977,60->90,False
realprize,67,Affiliate,23.095291266252794,1.0036814977809874,60->90,False
realprize,68,Affiliate,23.226423979643233,1.0056778982294998,60->90,False
realprize,69,Affiliate,23.332329526795366,1.004559700935665,60->90,False
realprize,70,Affiliate,23.522384741982776,1.0081455739329048,60->90,False
realprize,71,Affiliate,23.697296396862562,1.0074359660722496,60->90,False
realprize,72,Affiliate,23.797020414304995,1.0042082445090925,60->90,False
realprize,73,Affiliate,23.88127439817557,1.0035405266039075,60->90,False
realprize,74,Affiliate,23.97526879512228,1.003935903728567,60->90,False
realprize,75,Affiliate,24.06432267620167,1.0037144059505814,60->90,False
realprize,76,Affiliate,24.196283192417702,1.0054836580273474,60->90,False
realprize,77,Affiliate,24.239777540665088,1.001797563200162,60->90,False
realprize,78,Affiliate,24.340117295292803,1.0041394668106745,60->90,False
realprize,79,Affiliate,24.444527384654158,1.004289629671651,60->90,False
realprize,80,Affiliate,24.590612778864237,1.0059762003949313,60->90,False
realprize,81,Affiliate,24.66711466014851,1.0031110197200952,60->90,False
realprize,82,Affiliate,24.740081113520347,1.0029580457372957,60->90,False
realprize,83,Affiliate,24.830466798519073,1.0036534110209254,60->90,False
realprize,84,Affiliate,24.8956694485931,1.0026259131817012,60->90,False
realprize,85,Affiliate,25.043198370807172,1.0059258869306047,60->90,False
realprize,86,Affiliate,25.136273958727354,1.0037166014716667,60->90,False
realprize,87,Affiliate,25.249609337612053,1.0045088376690512,60->90,False
realprize,88,Affiliate,25.34575328553573,1.0038077400183953,60->90,False
realprize,89,Affiliate,25.419903551939704,1.002925549916336,60->90,False
realprize,90,Affiliate,25.503997640094504,1.0033081985532704,60->90,False
realprize,91,Affiliate,25.678252049523557,1.0068324351298994,90->120,False
realprize,92,Affiliate,25.825591866977053,1.0057379223932117,90->120,False
realprize,93,Affiliate,25.94703106112857,1.0047022811626942,90->120,False
realprize,94,Affiliate,26.067875970776367,1.0046573694448162,90->120,False
realprize,95,Affiliate,26.1864725546964,1.0045495300059348,90->120,False
realprize,96,Affiliate,26.266449346197287,1.0030541261841905,90->120,False
realprize,97,Affiliate,26.333473504971305,1.0025517022834196,90->120,False
realprize,98,Affiliate,26.432246532158747,1.0037508544844567,90->120,False
realprize,99,Affiliate,26.599185336068487,1.0063157251392398,90->120,False
realprize,100,Affiliate,26.6893763064884,1.0033907418321422,90->120,False
realprize,101,Affiliate,26.87167484726862,1.0068303784504662,90->120,False
realprize,102,Affiliate,26.9463209440865,1.0027778728807248,90->120,False
realprize,103,Affiliate,27.009343845209436,1.0023388313845778,90->120,False
realprize,104,Affiliate,27.11765148088379,1.0040100061776793,90->120,False
realprize,105,Affiliate,27.214814488104842,1.0035830170355846,90->120,False
realprize,106,Affiliate,27.330426336725708,1.0042481218702188,90->120,False
realprize,107,Affiliate,27.407109437438688,1.0028057776987525,90->120,False
realprize,108,Affiliate,27.476412110773715,1.0025286385451637,90->120,False
realprize,109,Affiliate,27.548460285276985,1.0026221827730928,90->120,False
realprize,110,Affiliate,27.653511288193485,1.003813316672825,90->120,False
realprize,111,Affiliate,27.76378466232054,1.0039876807316739,90->120,False
realprize,112,Affiliate,27.852579918847123,1.003198240355433,90->120,False
realprize,113,Affiliate,27.973789568988277,1.004351828465956,90->120,False
realprize,114,Affiliate,28.153905125543222,1.0064387256546257,90->120,False
realprize,115,Affiliate,28.327955626725224,1.0061821086774954,90->120,False
realprize,116,Affiliate,28.374392980827597,1.0016392765759123,90->120,False
realprize,117,Affiliate,28.45491518556528,1.0028378476604625,90->120,False
realprize,118,Affiliate,28.497711464491005,1.0015040030394269,90->120,False
realprize,119,Affiliate,28.549600130037632,1.0018208011408665,90->120,False
realprize,120,Affiliate,28.623331005360555,1.0025825536955717,90->120,False
realprize,121,Affiliate,28.678844417498272,1.0019394462554803,120->150,False
realprize,122,Affiliate,28.719227772279975,1.0014081235001597,120->150,False
realprize,123,Affiliate,28.786986715648407,1.0023593581243098,120->150,False
realprize,124,Affiliate,28.828718331060827,1.0014496694574058,120->150,False
realprize,125,Affiliate,28.886436778883827,1.0020021163327546,120->150,False
realprize,126,Affiliate,28.950131189644843,1.0022049936878188,120->150,False
realprize,127,Affiliate,29.003470945046125,1.0018424702482993,120->150,False
realprize,128,Affiliate,29.07579270962227,1.0024935555028285,120->150,False
realprize,129,Affiliate,29.387904758804083,1.0107344295751057,120->150,False
realprize,130,Affiliate,29.53406498927026,1.0049734825148564,120->150,False
realprize,131,Affiliate,29.605844124890396,1.0024303845625793,120->150,False
realprize,132,Affiliate,29.656239446406627,1.0017022085674585,120->150,False
realprize,133,Affiliate,29.706772748614053,1.0017039686470952,120->150,False
realprize,134,Affiliate,29.77880607593934,1.002424811605584,120->150,False
realprize,135,Affiliate,29.875525877108124,1.0032479408651287,120->150,False
realprize,136,Affiliate,29.94948873958631,1.0024757007720109,120->150,False
realprize,137,Affiliate,30.107096166400513,1.005262441311924,120->150,False
realprize,138,Affiliate,30.146930615887797,1.001323091714562,120->150,False
realprize,139,Affiliate,30.25150324657352,1.0034687654281664,120->150,False
realprize,140,Affiliate,30.333225945617706,1.0027014425821448,120->150,False
realprize,141,Affiliate,30.437897055564132,1.0034507081486843,120->150,False
realprize,142,Affiliate,30.53595688789896,1.0032216362436543,120->150,False
realprize,143,Affiliate,30.61600760111701,1.0026215229970334,120->150,False
realprize,144,Affiliate,30.675694734399578,1.001949540059573,120->150,False
realprize,145,Affiliate,30.768069103899727,1.0030113211876686,120->150,False
realprize,146,Affiliate,30.845758608138024,1.002525004217065,120->150,False
realprize,147,Affiliate,30.92293151047394,1.002501896721566,120->150,False
realprize,148,Affiliate,30.967762849770015,1.0014497764961543,120->150,False
realprize,149,Affiliate,31.081524775037344,1.003673559689126,120->150,False
realprize,150,Affiliate,31.156599973109543,1.0024154284133606,120->150,False
realprize,151,Affiliate,31.225775837314323,1.0022202635802522,150->180,False
realprize,152,Affiliate,31.33447733502642,1.0034811464182165,150->180,False
realprize,153,Affiliate,31.456286794571128,1.0038873940114694,150->180,False
realprize,154,Affiliate,31.59227993127326,1.0043232418877108,150->180,False
realprize,155,Affiliate,31.843334449663736,1.0079467046676158,150->180,False
realprize,156,Affiliate,31.987304311368284,1.004521193028077,150->180,False
realprize,157,Affiliate,32.07370086222388,1.0027009637953421,150->180,False
realprize,158,Affiliate,32.17285418359241,1.0030914212798347,150->180,False
realprize,159,Affiliate,32.25039099129295,1.002410007121472,150->180,False
realprize,160,Affiliate,32.31677811361814,1.0020584904642897,150->180,False
realprize,161,Affiliate,32.39972842898449,1.002566787910438,150->180,False
realprize,162,Affiliate,32.47590474035835,1.0023511404282548,150->180,False
realprize,163,Affiliate,32.510657567187714,1.0010701111210667,150->180,False
realprize,164,Affiliate,32.55709702071784,1.0014284378417802,150->180,False
realprize,165,Affiliate,32.59669426171243,1.0012162399175022,150->180,False
realprize,166,Affiliate,32.64602001600797,1.001513213392116,150->180,False
realprize,167,Affiliate,32.687454524155385,1.0012692054996934,150->180,False
realprize,168,Affiliate,32.773737642136965,1.0026396401689162,150->180,False
realprize,169,Affiliate,32.85451366895372,1.0024646571501477,150->180,False
realprize,170,Affiliate,32.92490626333047,1.0021425547517164,150->180,False
realprize,171,Affiliate,32.98471390232297,1.0018164862342862,150->180,False
realprize,172,Affiliate,33.05315769594781,1.0020750155307552,150->180,False
realprize,173,Affiliate,33.119704481381746,1.0020133261108088,150->180,False
realprize,174,Affiliate,33.18335780530153,1.0019219170254243,150->180,False
realprize,175,Affiliate,33.293258762874366,1.0033119299806144,150->180,False
realprize,176,Affiliate,33.34778127324336,1.0016376441476433,150->180,False
realprize,177,Affiliate,33.42264692416207,1.0022449964603426,150->180,False
realprize,178,Affiliate,33.49227360779449,1.0020832187166504,150->180,False
realprize,179,Affiliate,33.61282876735055,1.0035994916609068,150->180,False
realprize,180,Affiliate,33.674996605659274,1.0018495271177268,150->180,False
realprize,181,Affiliate,33.715646747291395,1.001207131276304,180->270,False
realprize,182,Affiliate,33.75931252238908,1.001295119011804,180->270,False
realprize,183,Affiliate,33.84979082054854,1.0026800989534208,180->270,False
realprize,184,Affiliate,33.97002347954678,1.0035519468830885,180->270,False
realprize,185,Affiliate,34.02311473072901,1.0015628853248864,180->270,False
realprize,186,Affiliate,34.12115153077559,1.0028814763381446,180->270,False
realprize,187,Affiliate,34.17145070369123,1.0014741346835927,180->270,False
realprize,188,Affiliate,34.24359388399292,1.0021112121029705,180->270,False
realprize,189,Affiliate,34.30780081987763,1.0018750057631864,180->270,False
realprize,190,Affiliate,34.458209729657945,1.0043841023378326,180->270,False
realprize,191,Affiliate,34.51678040178421,1.0016997595808308,180->270,False
realprize,192,Affiliate,34.58650211305658,1.0020199366934226,180->270,False
realprize,193,Affiliate,34.66491422606392,1.0022671304762483,180->270,False
realprize,194,Affiliate,34.73565630687654,1.0020407401083207,180->270,False
realprize,195,Affiliate,34.78203864160904,1.001335294612623,180->270,False
realprize,196,Affiliate,34.84989421184196,1.0019508796172674,180->270,False
realprize,197,Affiliate,34.889145242278296,1.001126288366838,180->270,False
realprize,198,Affiliate,34.94220346256496,1.0015207658404417,180->270,False
realprize,199,Affiliate,34.99509803868008,1.0015137733420785,180->270,False
realprize,200,Affiliate,35.03985687717921,1.0012790030892231,180->270,False
realprize,201,Affiliate,35.07924300865867,1.0011240380238287,180->270,False
realprize,202,Affiliate,35.14919209570693,1.0019940306873496,180->270,False
realprize,203,Affiliate,35.20563439779673,1.0016057923020283,180->270,False
realprize,204,Affiliate,35.23058465702328,1.0007087007421775,180->270,False
realprize,205,Affiliate,35.30286027956523,1.0020515022173366,180->270,False
realprize,206,Affiliate,35.33958794011175,1.001040359343568,180->270,False
realprize,207,Affiliate,35.39805338870377,1.0016543896519423,180->270,False
realprize,208,Affiliate,35.42751605463661,1.0008323244673742,180->270,False
realprize,209,Affiliate,35.4980971467612,1.0019922675926738,180->270,False
realprize,210,Affiliate,35.53110812619446,1.0009299365905948,180->270,False
realprize,211,Affiliate,35.61297269970542,1.0023040253408424,180->270,False
realprize,212,Affiliate,35.66002620789608,1.0013212462937993,180->270,False
realprize,213,Affiliate,35.7426870945258,1.0023180265249332,180->270,False
realprize,214,Affiliate,35.81125134692151,1.0019182735817926,180->270,False
realprize,215,Affiliate,35.857706707450646,1.0012972280716779,180->270,False
realprize,216,Affiliate,35.8989161602979,1.0011492495374417,180->270,False
realprize,217,Affiliate,35.92862790062629,1.0008276500659719,180->270,False
realprize,218,Affiliate,36.005852680567436,1.002149394075241,180->270,False
realprize,219,Affiliate,36.034486427363326,1.0007952525676844,180->270,False
realprize,220,Affiliate,36.09568005333053,1.0016981961458105,180->270,False
realprize,221,Affiliate,36.19937721564843,1.0028728413528902,180->270,False
realprize,222,Affiliate,36.22687939453192,1.0007597417690268,180->270,False
realprize,223,Affiliate,36.278944463984345,1.0014371944347016,180->270,False
realprize,224,Affiliate,36.3467758029302,1.0018697164415353,180->270,False
realprize,225,Affiliate,36.40793291599909,1.0016826007731876,180->270,False
realprize,226,Affiliate,36.477691140169775,1.0019160171584482,180->270,False
realprize,227,Affiliate,36.509978500345476,1.000885126200878,180->270,False
realprize,228,Affiliate,36.57223066842844,1.0017050727127208,180->270,False
realprize,229,Affiliate,36.61801445717688,1.0012518730170858,180->270,False
realprize,230,Affiliate,36.646080594371675,1.000766457100715,180->270,False
realprize,231,Affiliate,36.686001975066276,1.001089376545789,180->270,False
realprize,232,Affiliate,36.725919867119416,1.0010880960013104,180->270,False
realprize,233,Affiliate,36.79876243539161,1.0019834103144523,180->270,False
realprize,234,Affiliate,36.82663273067722,1.0007573704505563,180->270,False
realprize,235,Affiliate,36.84922492054335,1.000613474222076,180->270,False
realprize,236,Affiliate,36.887550186358965,1.0010400562263726,180->270,False
realprize,237,Affiliate,36.924877986179645,1.0010119349111584,180->270,False
realprize,238,Affiliate,36.961467893518865,1.0009909283208172,180->270,False
realprize,239,Affiliate,36.99504249932797,1.0009083677603343,180->270,False
realprize,240,Affiliate,37.04707470717192,1.0014064643349145,180->270,False
realprize,241,Affiliate,37.121547078450824,1.002010209223469,180->270,False
realprize,242,Affiliate,37.17815634406657,1.0015249705378957,180->270,False
realprize,243,Affiliate,37.24529426987983,1.0018058433342398,180->270,False
realprize,244,Affiliate,37.27676521160721,1.0008449642389545,180->270,False
realprize,245,Affiliate,37.34524606854317,1.0018370922623574,180->270,False
realprize,246,Affiliate,37.38911299651704,1.001174632184599,180->270,False
realprize,247,Affiliate,37.41943961405309,1.0008111082372795,180->270,False
realprize,248,Affiliate,37.44133540336768,1.0005851447680785,180->270,False
realprize,249,Affiliate,37.484836870422946,1.0011618567176253,180->270,False
realprize,250,Affiliate,37.50407651235266,1.0005132646567523,180->270,False
realprize,251,Affiliate,37.54953540269318,1.0012121053114198,180->270,False
realprize,252,Affiliate,37.584307299631654,1.0009260273546814,180->270,False
realprize,253,Affiliate,37.62123976434419,1.0009826565225242,180->270,False
realprize,254,Affiliate,37.644528022826414,1.0006190189007087,180->270,False
realprize,255,Affiliate,37.68381756109306,1.001043698522208,180->270,False
realprize,256,Affiliate,37.71440607569068,1.000811714857393,180->270,False
realprize,257,Affiliate,37.7309274983084,1.0004380666259083,180->270,False
realprize,258,Affiliate,37.757803978888894,1.0007123196370327,180->270,False
realprize,259,Affiliate,37.79327625960417,1.0009394688508662,180->270,False
realprize,260,Affiliate,37.831999516011464,1.0010246070264273,180->270,False
realprize,261,Affiliate,37.861230082727104,1.0007726413377456,180->270,False
realprize,262,Affiliate,37.8917532060432,1.0008061841427074,180->270,False
realprize,263,Affiliate,37.97646919128051,1.0022357367519168,180->270,False
realprize,264,Affiliate,38.01921154854104,1.001125495818088,180->270,False
realprize,265,Affiliate,38.05943954132023,1.0010580964502074,180->270,False
realprize,266,Affiliate,38.12477837705276,1.001716757695856,180->270,False
realprize,267,Affiliate,38.176424849361474,1.0013546694435291,180->270,False
realprize,268,Affiliate,38.206217714711215,1.000780399565106,180->270,False
realprize,269,Affiliate,38.26657685498416,1.0015798250620789,180->270,False
realprize,270,Affiliate,38.33460735519356,1.0017778047006194,180->270,False
realprize,271,Affiliate,38.38214646199107,1.0012401093966354,270->365,False
realprize,272,Affiliate,38.424920466433164,1.0011144245016221,270->365,False
realprize,273,Affiliate,38.50250480829878,1.0020191152232414,270->365,False
realprize,274,Affiliate,38.53739187074758,1.0009060985154732,270->365,False
realprize,275,Affiliate,38.587375636143946,1.00129701993233,270->365,False
realprize,276,Affiliate,38.63105135331301,1.001131865446899,270->365,False
realprize,277,Affiliate,38.680235346490804,1.0012731725245572,270->365,False
realprize,278,Affiliate,38.72166194277059,1.001071001660375,270->365,False
realprize,279,Affiliate,38.76277308456583,1.0010617091243657,270->365,False
realprize,280,Affiliate,38.81189966966646,1.0012673650823034,270->365,False
realprize,281,Affiliate,38.864446964333915,1.0013538964883113,270->365,False
realprize,282,Affiliate,38.92736494115686,1.0016189083272093,270->365,False
realprize,283,Affiliate,38.96713377772998,1.0010216164549857,270->365,False
realprize,284,Affiliate,39.035986242043506,1.0017669368423725,270->365,False
realprize,285,Affiliate,39.06368581323294,1.0007095906586727,270->365,False
realprize,286,Affiliate,39.11313724686711,1.0012659182717834,270->365,False
realprize,287,Affiliate,39.15534971217298,1.0010792400783255,270->365,False
realprize,288,Affiliate,39.222247249377304,1.0017085158910872,270->365,False
realprize,289,Affiliate,39.24213978597781,1.0005071748304994,270->365,False
realprize,290,Affiliate,39.26619493006341,1.000612992671062,270->365,False
realprize,291,Affiliate,39.31161875217573,1.001156817516778,270->365,False
realprize,292,Affiliate,39.343085684937265,1.0008004486653146,270->365,False
realprize,293,Affiliate,39.42026359617281,1.0019616639084588,270->365,False
realprize,294,Affiliate,39.485798337530625,1.0016624632962672,270->365,False
realprize,295,Affiliate,39.51959232699528,1.0008558517463868,270->365,False
realprize,296,Affiliate,39.614831283206314,1.0024099174764507,270->365,False
realprize,297,Affiliate,39.68489154619707,1.0017685361951916,270->365,False
realprize,298,Affiliate,39.753156940436774,1.0017201859846394,270->365,False
realprize,299,Affiliate,39.7932383320966,1.0010082568214616,270->365,False
realprize,300,Affiliate,39.836938868111154,1.0010981899902152,270->365,False
realprize,301,Affiliate,39.85672702638956,1.0004967288863211,270->365,False
realprize,302,Affiliate,39.88516548012351,1.0007135170360357,270->365,False
realprize,303,Affiliate,39.9515957874849,1.0016655392189482,270->365,False
realprize,304,Affiliate,39.97479282578697,1.0005806285792804,270->365,False
realprize,305,Affiliate,40.02227371267592,1.0011877706807857,270->365,False
realprize,306,Affiliate,40.08174198595367,1.001485879430656,270->365,False
realprize,307,Affiliate,40.107178171216475,1.000634607779066,270->365,False
realprize,308,Affiliate,40.13806429660352,1.0007700897144942,270->365,False
realprize,309,Affiliate,40.200131822053216,1.00154635074056,270->365,False
realprize,310,Affiliate,40.248021987940696,1.001191293752455,270->365,False
realprize,311,Affiliate,40.283358920957724,1.0008779793707034,270->365,False
realprize,312,Affiliate,40.476795958811124,1.004801909350036,270->365,False
realprize,313,Affiliate,40.53593161316912,1.0014609766647087,270->365,False
realprize,314,Affiliate,40.563186234648356,1.0006723571013323,270->365,False
realprize,315,Affiliate,40.59221871701093,1.0007157347599527,270->365,False
realprize,316,Affiliate,40.66131716623684,1.001702258497069,270->365,False
realprize,317,Affiliate,40.69556775287271,1.000842338345702,270->365,False
realprize,318,Affiliate,40.72153847112055,1.0006381706825065,270->365,False
realprize,319,Affiliate,40.75053372521492,1.000712037294832,270->365,False
realprize,320,Affiliate,40.78311425869728,1.0007995118223985,270->365,False
realprize,321,Affiliate,40.85744310564333,1.0018225397519807,270->365,False
realprize,322,Affiliate,40.89303704128453,1.0008711738409368,270->365,False
realprize,323,Affiliate,40.96506840538535,1.0017614579232181,270->365,False
realprize,324,Affiliate,40.98912563703738,1.0005872620891039,270->365,False
realprize,325,Affiliate,41.046536961514406,1.0014006476982555,270->365,False
realprize,326,Affiliate,41.07670299245491,1.000734922679806,270->365,False
realprize,327,Affiliate,41.109701851057046,1.000803347303901,270->365,False
realprize,328,Affiliate,41.13699249117571,1.0006638491375477,270->365,False
realprize,329,Affiliate,41.17962523695526,1.0010363602975763,270->365,False
realprize,330,Affiliate,41.25227185327689,1.0017641398119483,270->365,False
realprize,331,Affiliate,41.302731929430216,1.0012232072049947,270->365,False
realprize,332,Affiliate,41.33994674443762,1.0009010255077313,270->365,False
realprize,333,Affiliate,41.381189866822346,1.0009976578499167,270->365,False
realprize,334,Affiliate,41.44877146707642,1.0016331478256564,270->365,False
realprize,335,Affiliate,41.49390094232044,1.0010888012755665,270->365,False
realprize,336,Affiliate,41.54943276114429,1.0013383128017066,270->365,False
realprize,337,Affiliate,41.623588803979295,1.001784766672058,270->365,False
realprize,338,Affiliate,41.63901905133439,1.0003707092011638,270->365,False
realprize,339,Affiliate,41.66169593766468,1.0005446066417256,270->365,False
realprize,340,Affiliate,41.69058681343695,1.000693463747023,270->365,False
realprize,341,Affiliate,41.732549798316384,1.0010065338026355,270->365,False
realprize,342,Affiliate,41.785601551095,1.0012712320008004,270->365,False
realprize,343,Affiliate,41.81568964622168,1.0007200589200538,270->365,False
realprize,344,Affiliate,41.84299038668264,1.0006528827024481,270->365,False
realprize,345,Affiliate,41.87574662367386,1.0007828369026333,270->365,False
realprize,346,Affiliate,41.90731828268523,1.0007539366233895,270->365,False
realprize,347,Affiliate,41.95091478830545,1.0010403076934233,270->365,False
realprize,348,Affiliate,41.978959387837364,1.000668509844742,270->365,False
realprize,349,Affiliate,42.020767080968696,1.000995920188137,270->365,False
realprize,350,Affiliate,42.0489056209905,1.000669634135131,270->365,False
realprize,351,Affiliate,42.08502840679699,1.0008590660154648,270->365,False
realprize,352,Affiliate,42.109904080470145,1.0005910813088377,270->365,False
realprize,353,Affiliate,42.147179550880274,1.000885194854372,270->365,False
realprize,354,Affiliate,42.163500145322814,1.0003872286263624,270->365,False
realprize,355,Affiliate,42.1924472694131,1.0006865446177504,270->365,False
realprize,356,Affiliate,42.28313127162388,1.002149294674275,270->365,False
realprize,357,Affiliate,42.31267393202967,1.0006986866752134,270->365,False
realprize,358,Affiliate,42.33260033359689,1.0004709322223226,270->365,False
realprize,359,Affiliate,42.37263985563246,1.0009458318581905,270->365,False
realprize,360,Affiliate,42.41087746222046,1.000902412658694,270->365,False
realprize,361,Affiliate,42.46981526167015,1.001389685924376,270->365,False
realprize,362,Affiliate,42.503955959968266,1.0008038814882467,270->365,False
realprize,363,Affiliate,42.65074123201596,1.0034534496550378,270->365,False
realprize,364,Affiliate,42.695312863116335,1.0010450376667057,270->365,False
realprize,365,Affiliate,42.75752025551766,1.0014570075315004,270->365,False
realprize,1,Blended,6.952153779503555,,1->7,False
realprize,2,Blended,10.12282608346838,1.4560705077198737,1->7,False
realprize,3,Blended,12.043802288079842,1.1897667893108046,1->7,False
realprize,4,Blended,13.224082441474252,1.0979989645431636,1->7,False
realprize,5,Blended,14.304486626125188,1.0816997466124758,1->7,False
realprize,6,Blended,15.29721242558927,1.0693996104446701,1->7,False
realprize,7,Blended,16.17740128042617,1.0575391666369562,1->7,False
realprize,8,Blended,17.112647486747953,1.0578118938950585,7->14,False
realprize,9,Blended,18.264557210215592,1.067313355479313,7->14,False
realprize,10,Blended,19.133639039653296,1.047582967352289,7->14,False
realprize,11,Blended,19.88178787973852,1.0391012310065395,7->14,False
realprize,12,Blended,20.725146269637623,1.0424186393598216,7->14,False
realprize,13,Blended,21.667669166060215,1.0454772614948147,7->14,False
realprize,14,Blended,22.31916609505229,1.0300676978219958,7->14,False
realprize,15,Blended,23.116628866931727,1.0357299537304945,14->30,False
realprize,16,Blended,23.86468605182352,1.0323601330106522,14->30,False
realprize,17,Blended,24.621591726260736,1.0317165569575713,14->30,False
realprize,18,Blended,25.337610283989285,1.0290809207499312,14->30,False
realprize,19,Blended,25.909766997155902,1.0225813210777877,14->30,False
realprize,20,Blended,26.6601296544784,1.0289606100049014,14->30,False
realprize,21,Blended,27.49703621556219,1.0313916913357248,14->30,False
realprize,22,Blended,28.100093719195183,1.021931727438017,14->30,False
realprize,23,Blended,28.813491380673273,1.0253877324612184,14->30,False
realprize,24,Blended,29.345706032303287,1.0184710226400053,14->30,False
realprize,25,Blended,29.98903196787763,1.0219223192267441,14->30,False
realprize,26,Blended,30.569791683285228,1.0193657373145513,14->30,False
realprize,27,Blended,31.067249913952814,1.0162728694987995,14->30,False
realprize,28,Blended,31.820372124269166,1.0242416761188158,14->30,False
realprize,29,Blended,32.37458373575149,1.0174168802714798,14->30,False
realprize,30,Blended,32.97658428578793,1.0185948506689722,14->30,False
realprize,31,Blended,33.38978574428003,1.01253014729819,30->60,False
realprize,32,Blended,33.7935564412807,1.0120926411475952,30->60,False
realprize,33,Blended,34.615450777236205,1.024321036981817,30->60,False
realprize,34,Blended,35.127263150944735,1.0147856625355607,30->60,False
realprize,35,Blended,35.77368629952605,1.0184023203232082,30->60,False
realprize,36,Blended,36.3329816676494,1.015634267138155,30->60,False
realprize,37,Blended,36.72827574623914,1.0108797588429608,30->60,False
realprize,38,Blended,37.13348405932083,1.011032598314207,30->60,False
realprize,39,Blended,37.62400409112737,1.0132096420315135,30->60,False
realprize,40,Blended,38.16534607563378,1.014388207677079,30->60,False
realprize,41,Blended,38.61740808703443,1.0118448293513382,30->60,False
realprize,42,Blended,38.97824343040667,1.0093438519374218,30->60,False
realprize,43,Blended,39.37678923382267,1.0102248271943701,30->60,False
realprize,44,Blended,39.858402338887906,1.0122308881561006,30->60,False
realprize,45,Blended,40.23215257413597,1.0093769497349725,30->60,False
realprize,46,Blended,40.55773344822746,1.0080925541702384,30->60,False
realprize,47,Blended,40.95997430471929,1.0099177350974333,30->60,False
realprize,48,Blended,41.329732198735904,1.0090272979974504,30->60,False
realprize,49,Blended,41.73197283822908,1.0097324763092823,30->60,False
realprize,50,Blended,42.25792375922187,1.012603068707813,30->60,False
realprize,51,Blended,42.59370769301342,1.0079460584884574,30->60,False
realprize,52,Blended,42.996563089692636,1.0094580964771305,30->60,False
realprize,53,Blended,43.326432942175245,1.0076720051273513,30->60,False
realprize,54,Blended,43.683652653978925,1.0082448447182448,30->60,False
realprize,55,Blended,44.055564910629826,1.0085137627935292,30->60,False
realprize,56,Blended,44.487799321041216,1.0098111194644357,30->60,False
realprize,57,Blended,44.86404981477766,1.00845738605817,30->60,False
realprize,58,Blended,45.3919090219314,1.0117657502907789,30->60,False
realprize,59,Blended,45.81072705657817,1.0092267111842426,30->60,False
realprize,60,Blended,46.15747745133364,1.0075691964968645,30->60,False
realprize,61,Blended,46.52462957813995,1.0079543369152575,60->90,False
realprize,62,Blended,46.90846510899324,1.0082501576978409,60->90,False
realprize,63,Blended,47.26391728121645,1.0075775698777887,60->90,False
realprize,64,Blended,47.77549902870421,1.0108239387870432,60->90,False
realprize,65,Blended,48.13035525787977,1.007427577657794,60->90,False
realprize,66,Blended,48.39483954696609,1.0054951659440123,60->90,False
realprize,67,Blended,48.73087714398283,1.006943665898316,60->90,False
realprize,68,Blended,49.173122221561556,1.009075253791801,60->90,False
realprize,69,Blended,49.75652307845866,1.0118642223747447,60->90,False
realprize,70,Blended,50.25666223172258,1.0100517303525263,60->90,False
realprize,71,Blended,50.736087440094494,1.0095395353985386,60->90,False
realprize,72,Blended,51.21620088108894,1.0094629575361191,60->90,False
realprize,73,Blended,51.561444925942716,1.0067409147674844,60->90,False
realprize,74,Blended,52.11445343773187,1.0107252330221435,60->90,False
realprize,75,Blended,52.81835934366255,1.013506922926319,60->90,False
realprize,76,Blended,53.1479550533195,1.0062401731850934,60->90,False
realprize,77,Blended,53.46998470605905,1.0060591165251134,60->90,False
realprize,78,Blended,53.84134876399275,1.0069452807958559,60->90,False
realprize,79,Blended,54.312855451806534,1.0087573342540244,60->90,False
realprize,80,Blended,54.83503155478305,1.0096142266620443,60->90,False
realprize,81,Blended,55.100022311048676,1.004832508503271,60->90,False
realprize,82,Blended,55.58710511559115,1.0088399747243806,60->90,False
realprize,83,Blended,56.030606982096295,1.0079785026686117,60->90,False
realprize,84,Blended,56.75169413055314,1.012869522343159,60->90,False
realprize,85,Blended,57.39001366224726,1.011247585494553,60->90,False
realprize,86,Blended,57.712463870326054,1.0056185769527166,60->90,False
realprize,87,Blended,58.054679804188936,1.0059296711821524,60->90,False
realprize,88,Blended,58.369377875557035,1.0054207184059845,60->90,False
realprize,89,Blended,58.63795723315865,1.004601374340056,60->90,False
realprize,90,Blended,58.95580384215806,1.005420492527316,60->90,False
realprize,91,Blended,59.41067327983145,1.0077154310183134,90->120,False
realprize,92,Blended,60.15216191298937,1.0124807310239596,90->120,False
realprize,93,Blended,60.59216158777617,1.0073147774043976,90->120,False
realprize,94,Blended,60.9798448696359,1.0063982414837291,90->120,False
realprize,95,Blended,61.235518799402136,1.0041927612363204,90->120,False
realprize,96,Blended,61.71789946093344,1.0078774650887095,90->120,False
realprize,97,Blended,62.17828440924366,1.0074595044927224,90->120,False
realprize,98,Blended,62.66488543316927,1.0078258998064809,90->120,False
realprize,99,Blended,63.11259730050053,1.0071445413844846,90->120,False
realprize,100,Blended,63.38105570816907,1.0042536422069641,90->120,False
realprize,101,Blended,64.19572503272026,1.0128535145943647,90->120,False
realprize,102,Blended,64.44208886921291,1.0038376984817459,90->120,False
realprize,103,Blended,64.92000820208503,1.0074162607273962,90->120,False
realprize,104,Blended,65.27126868794359,1.0054106660733182,90->120,False
realprize,105,Blended,65.6802567676858,1.006265974110256,90->120,False
realprize,106,Blended,66.15651350602013,1.0072511400194257,90->120,False
realprize,107,Blended,66.40808155962648,1.0038026195800578,90->120,False
realprize,108,Blended,66.80745643016014,1.0060139498258969,90->120,False
realprize,109,Blended,67.1098612784067,1.0045265134223855,90->120,False
realprize,110,Blended,67.50734730779644,1.0059229153781255,90->120,False
realprize,111,Blended,67.73156532689399,1.0033213869014175,90->120,False
realprize,112,Blended,67.92792630101597,1.002899105803539,90->120,False
realprize,113,Blended,68.15096929155506,1.0032835242099205,90->120,False
realprize,114,Blended,68.40787276713424,1.0037696232093212,90->120,False
realprize,115,Blended,68.75266532592,1.0050402467558006,90->120,False
realprize,116,Blended,69.1458248659933,1.005718462523737,90->120,False
realprize,117,Blended,69.34361782666659,1.0028605192151026,90->120,False
realprize,118,Blended,69.59109526894429,1.0035688568037553,90->120,False
realprize,119,Blended,69.85268068633916,1.003758892087902,90->120,False
realprize,120,Blended,70.09085657637982,1.003409688614674,90->120,False
realprize,121,Blended,70.28419193832234,1.0027583535340567,120->150,False
realprize,122,Blended,70.5001754166559,1.0030730022267753,120->150,False
realprize,123,Blended,70.7049187564232,1.0029041536217074,120->150,False
realprize,124,Blended,70.90428746824998,1.002819729027815,120->150,False
realprize,125,Blended,71.14998830167556,1.0034652464921194,120->150,False
realprize,126,Blended,71.40802136034823,1.0036266071833857,120->150,False
realprize,127,Blended,71.78390322583057,1.0052638605344562,120->150,False
realprize,128,Blended,72.02775782741271,1.0033970652280495,120->150,False
realprize,129,Blended,72.3940270293859,1.0050851118099609,120->150,False
realprize,130,Blended,72.60330353779999,1.0028907979981434,120->150,False
realprize,131,Blended,72.89547170714835,1.0040241718367022,120->150,False
realprize,132,Blended,73.25381022128255,1.004915785655024,120->150,False
realprize,133,Blended,73.56125836357408,1.0041970259480402,120->150,False
realprize,134,Blended,73.8323847702436,1.0036857227935048,120->150,False
realprize,135,Blended,74.0971198956664,1.0035856233852747,120->150,False
realprize,136,Blended,74.37636331061015,1.0037686136159805,120->150,False
realprize,137,Blended,74.63511996392869,1.003479017281847,120->150,False
realprize,138,Blended,74.86691295749513,1.0031056826019502,120->150,False
realprize,139,Blended,75.13253593373699,1.0035479354730796,120->150,False
realprize,140,Blended,75.47303332327678,1.004531956565929,120->150,False
realprize,141,Blended,75.70906548391251,1.0031273708004385,120->150,False
realprize,142,Blended,75.9508490621949,1.0031935882015843,120->150,False
realprize,143,Blended,76.15467079470798,1.00268360044726,120->150,False
realprize,144,Blended,76.35702779966968,1.0026571844228334,120->150,False
realprize,145,Blended,76.58806928824163,1.0030258051580807,120->150,False
realprize,146,Blended,76.78175522679264,1.0025289309464385,120->150,False
realprize,147,Blended,77.08586223633952,1.0039606675915214,120->150,False
realprize,148,Blended,77.28220324109311,1.0025470429863212,120->150,False
realprize,149,Blended,77.51022173717783,1.0029504657802442,120->150,False
realprize,150,Blended,77.76221824004783,1.0032511389752499,120->150,False
realprize,151,Blended,78.17438204688769,1.0053003092783122,150->180,False
realprize,152,Blended,78.37362414328035,1.0025486878332235,150->180,False
realprize,153,Blended,78.67848488806972,1.0038898385537465,150->180,False
realprize,154,Blended,78.98083925651314,1.0038429104077633,150->180,False
realprize,155,Blended,79.34400344814118,1.0045981303192861,150->180,False
realprize,156,Blended,79.67991615450282,1.004233624366852,150->180,False
realprize,157,Blended,80.1540115975833,1.0059499992716006,150->180,False
realprize,158,Blended,80.43173452919329,1.0034648662752441,150->180,False
realprize,159,Blended,80.82500742430005,1.004889523984641,150->180,False
realprize,160,Blended,81.15872580198247,1.004128900056025,150->180,False
realprize,161,Blended,81.43397657745751,1.003391511790693,150->180,False
realprize,162,Blended,81.65903934771966,1.0027637453028966,150->180,False
realprize,163,Blended,81.8735162142909,1.0026264926490007,150->180,False
realprize,164,Blended,82.09243086624635,1.0026738151978531,150->180,False
realprize,165,Blended,82.36458810076473,1.0033152536920464,150->180,False
realprize,166,Blended,82.56395064552386,1.0024204885783587,150->180,False
realprize,167,Blended,82.8164219413277,1.0030578877806828,150->180,False
realprize,168,Blended,83.0996202761062,1.0034195915271384,150->180,False
realprize,169,Blended,83.41289021423364,1.0037698119087257,150->180,False
realprize,170,Blended,83.74592943931242,1.003992658979007,150->180,False
realprize,171,Blended,83.93250599186396,1.002227888015581,150->180,False
realprize,172,Blended,84.07468046537494,1.0016939143164003,150->180,False
realprize,173,Blended,84.45023643915606,1.0044669331087828,150->180,False
realprize,174,Blended,84.7502101312365,1.0035520764029662,150->180,False
realprize,175,Blended,85.11454475572526,1.004298922963431,150->180,False
realprize,176,Blended,85.40302808022089,1.0033893540207912,150->180,False
realprize,177,Blended,85.74866440871874,1.004047120298512,150->180,False
realprize,178,Blended,86.0276570456828,1.0032536091248518,150->180,False
realprize,179,Blended,86.33592829189813,1.0035833969772259,150->180,False
realprize,180,Blended,86.58114388652606,1.0028402497022892,150->180,False
realprize,181,Blended,86.95495772727762,1.004317497135883,180->270,False
realprize,182,Blended,87.22174448993273,1.0030681029538517,180->270,False
realprize,183,Blended,87.6550401260284,1.0049677478778893,180->270,False
realprize,184,Blended,87.90592273472718,1.0028621583920112,180->270,False
realprize,185,Blended,88.24296594862616,1.003834135441773,180->270,False
realprize,186,Blended,88.5285401324687,1.003236226035385,180->270,False
realprize,187,Blended,88.86099966140895,1.0037553937797097,180->270,False
realprize,188,Blended,89.18444983904882,1.0036399565486809,180->270,False
realprize,189,Blended,89.56776979735723,1.0042980582265202,180->270,False
realprize,190,Blended,89.82072000714034,1.002824120890309,180->270,False
realprize,191,Blended,90.13325506788739,1.003479543035529,180->270,False
realprize,192,Blended,90.41005234810542,1.0030709784086855,180->270,False
realprize,193,Blended,90.62102017932736,1.0023334554703016,180->270,False
realprize,194,Blended,90.79037167028233,1.0018687881754127,180->270,False
realprize,195,Blended,91.03192221091551,1.0026605303645018,180->270,False
realprize,196,Blended,91.28506097431419,1.0027807691769066,180->270,False
realprize,197,Blended,91.5232095344297,1.0026088448380674,180->270,False
realprize,198,Blended,91.7261850206442,1.0022177487792114,180->270,False
realprize,199,Blended,91.96833767327864,1.0026399512045545,180->270,False
realprize,200,Blended,92.31913365964759,1.003814312569345,180->270,False
realprize,201,Blended,92.57516790427678,1.0027733605643778,180->270,False
realprize,202,Blended,92.87019038002278,1.0031868424592116,180->270,False
realprize,203,Blended,93.15192803215054,1.0030336715255443,180->270,False
realprize,204,Blended,93.4991741341029,1.003727739288794,180->270,False
realprize,205,Blended,93.82110214206875,1.003443110711375,180->270,False
realprize,206,Blended,94.12745749165545,1.003265313906916,180->270,False
realprize,207,Blended,94.28967104502914,1.0017233393708533,180->270,False
realprize,208,Blended,94.6340989574659,1.0036528700187348,180->270,False
realprize,209,Blended,94.94312573773182,1.003265490807968,180->270,False
realprize,210,Blended,95.18329914993376,1.0025296556263104,180->270,False
realprize,211,Blended,95.51315060831669,1.0034654341815086,180->270,False
realprize,212,Blended,95.76191160715257,1.0026044685705742,180->270,False
realprize,213,Blended,96.093130460936,1.0034587744566148,180->270,False
realprize,214,Blended,96.25346134080986,1.0016684947103378,180->270,False
realprize,215,Blended,96.42501058828017,1.0017822657500377,180->270,False
realprize,216,Blended,96.57072054750871,1.001511122045407,180->270,False
realprize,217,Blended,96.75643097305357,1.001923051049966,180->270,False
realprize,218,Blended,96.95832399357211,1.0020866108690467,180->270,False
realprize,219,Blended,97.1382577699365,1.0018557847222722,180->270,False
realprize,220,Blended,97.36226366382027,1.0023060522087426,180->270,False
realprize,221,Blended,97.65038389400449,1.0029592597721337,180->270,False
realprize,222,Blended,97.92941461851733,1.0028574462627378,180->270,False
realprize,223,Blended,98.22588617078476,1.0030274004334891,180->270,False
realprize,224,Blended,98.45469751005375,1.0023294403154699,180->270,False
realprize,225,Blended,98.65830182639311,1.0020680000191822,180->270,False
realprize,226,Blended,98.87807690539425,1.0022276389815412,180->270,False
realprize,227,Blended,99.19829285416427,1.0032384928873201,180->270,False
realprize,228,Blended,99.3561086043824,1.0015909119570248,180->270,False
realprize,229,Blended,99.59658145041314,1.0024203126451767,180->270,False
realprize,230,Blended,99.82585921178385,1.0023020645692027,180->270,False
realprize,231,Blended,100.19137058644968,1.0036614898940202,180->270,False
realprize,232,Blended,100.46627851363698,1.0027438283913892,180->270,False
realprize,233,Blended,100.6808197030556,1.0021354547276229,180->270,False
realprize,234,Blended,100.88258046886196,1.002003964274441,180->270,False
realprize,235,Blended,101.08641704203352,1.0020205329029472,180->270,False
realprize,236,Blended,101.2994244203099,1.0021071810091737,180->270,False
realprize,237,Blended,101.49104165046623,1.0018915924868563,180->270,False
realprize,238,Blended,101.65919254344985,1.0016568052731465,180->270,False
realprize,239,Blended,101.88467327776003,1.0022180063471762,180->270,False
realprize,240,Blended,102.12442587951422,1.0023531763320335,180->270,False
realprize,241,Blended,102.44774246653574,1.0031659084909126,180->270,False
realprize,242,Blended,102.74894866116064,1.002940095968667,180->270,False
realprize,243,Blended,103.03487132567331,1.0027827308039479,180->270,False
realprize,244,Blended,103.37706541212775,1.0033211482874844,180->270,False
realprize,245,Blended,103.83479744412895,1.0044277909241899,180->270,False
realprize,246,Blended,104.14730273325254,1.003009639319533,180->270,False
realprize,247,Blended,104.37278461262511,1.002165028507268,180->270,False
realprize,248,Blended,104.58813497950335,1.0020632808416245,180->270,False
realprize,249,Blended,104.85854242960276,1.0025854505403735,180->270,False
realprize,250,Blended,105.24200742915394,1.0036569743453054,180->270,False
realprize,251,Blended,105.42672756652945,1.00175519397518,180->270,False
realprize,252,Blended,105.68778290997055,1.0024761780002738,180->270,False
realprize,253,Blended,105.97542240477254,1.0027215964502445,180->270,False
realprize,254,Blended,106.27015708815792,1.0027811607323407,180->270,False
realprize,255,Blended,106.47182853909376,1.0018977242196843,180->270,False
realprize,256,Blended,106.70003738467403,1.0021433730284484,180->270,False
realprize,257,Blended,107.18621887475554,1.004556525958175,180->270,False
realprize,258,Blended,107.55455416424921,1.0034364052894156,180->270,False
realprize,259,Blended,107.74943138718035,1.0018118918761314,180->270,False
realprize,260,Blended,107.9186826851716,1.0015707859968475,180->270,False
realprize,261,Blended,108.10269803661349,1.001705129703804,180->270,False
realprize,262,Blended,108.32287293325098,1.0020367197177902,180->270,False
realprize,263,Blended,108.56358108961375,1.0022221360073333,180->270,False
realprize,264,Blended,108.85742605948099,1.0027066624637657,180->270,False
realprize,265,Blended,109.14642073568409,1.0026547998300566,180->270,False
realprize,266,Blended,109.28961270260072,1.0013119254479577,180->270,False
realprize,267,Blended,109.45149647799093,1.001481236609656,180->270,False
realprize,268,Blended,109.6731740782409,1.0020253501083427,180->270,False
realprize,269,Blended,109.90134208326066,1.002080435867179,180->270,False
realprize,270,Blended,110.21235478349003,1.0028299263169485,180->270,False
realprize,271,Blended,110.40031287483734,1.0017054176159883,270->365,False
realprize,272,Blended,110.60845445927018,1.0018853350956425,270->365,False
realprize,273,Blended,110.92259664966856,1.0028401281975607,270->365,False
realprize,274,Blended,111.17536687557937,1.0022787983111245,270->365,False
realprize,275,Blended,111.52143862825133,1.0031128456095788,270->365,False
realprize,276,Blended,111.82781764561219,1.0027472656480172,270->365,False
realprize,277,Blended,112.00387016386904,1.0015743177499428,270->365,False
realprize,278,Blended,112.28978486495471,1.0025527216217383,270->365,False
realprize,279,Blended,112.55553430524857,1.002366639499875,270->365,False
realprize,280,Blended,112.79473018719081,1.0021251365685275,270->365,False
realprize,281,Blended,112.98222914580981,1.0016623024702291,270->365,False
realprize,282,Blended,113.16068305207799,1.0015794865052439,270->365,False
realprize,283,Blended,113.37279996453938,1.001874475363177,270->365,False
realprize,284,Blended,113.65051907762277,1.0024496097227047,270->365,False
realprize,285,Blended,113.93091398047046,1.0024671678151877,270->365,False
realprize,286,Blended,114.14610527044937,1.0018887875332572,270->365,False
realprize,287,Blended,114.57407946761653,1.0037493543573226,270->365,False
realprize,288,Blended,114.82017919675562,1.0021479529251522,270->365,False
realprize,289,Blended,115.29021999680192,1.004093712475756,270->365,False
realprize,290,Blended,115.46689562376156,1.0015324424479763,270->365,False
realprize,291,Blended,115.73782349412846,1.0023463683586826,270->365,False
realprize,292,Blended,115.94447519056435,1.0017855156611475,270->365,False
realprize,293,Blended,116.24962564947079,1.0026318671795693,270->365,False
realprize,294,Blended,116.74024692499654,1.0042204116596911,270->365,False
realprize,295,Blended,116.92906032878665,1.0016173805415318,270->365,False
realprize,296,Blended,117.15954759579688,1.001971171805898,270->365,False
realprize,297,Blended,117.47694453728464,1.0027091000947084,270->365,False
realprize,298,Blended,117.68088134199314,1.0017359730073996,270->365,False
realprize,299,Blended,117.9082636149928,1.001932193831374,270->365,False
realprize,300,Blended,118.08632971234806,1.001510208800434,270->365,False
realprize,301,Blended,118.33984505426005,1.002146864438327,270->365,False
realprize,302,Blended,118.59403235366159,1.0021479434867013,270->365,False
realprize,303,Blended,118.87553082628388,1.0023736310085387,270->365,False
realprize,304,Blended,119.05957585460544,1.0015482162480562,270->365,False
realprize,305,Blended,119.27763030269983,1.0018314734159701,270->365,False
realprize,306,Blended,119.48985706759726,1.0017792671128596,270->365,False
realprize,307,Blended,119.70356936308808,1.0017885392177674,270->365,False
realprize,308,Blended,119.89444072269129,1.0015945335683705,270->365,False
realprize,309,Blended,120.28444221225101,1.0032528738380937,270->365,False
realprize,310,Blended,120.49305588695418,1.0017343363020719,270->365,False
realprize,311,Blended,120.69389366041484,1.0016667995676787,270->365,False
realprize,312,Blended,121.08163193752209,1.003212575759617,270->365,False
realprize,313,Blended,121.26580745861212,1.0015210855531338,270->365,False
realprize,314,Blended,121.46271370741628,1.0016237573717668,270->365,False
realprize,315,Blended,121.71086095753374,1.002042991157889,270->365,False
realprize,316,Blended,121.91151193598573,1.0016485872901844,270->365,False
realprize,317,Blended,122.33240902183205,1.0034524802388418,270->365,False
realprize,318,Blended,122.51001277574056,1.0014518127724994,270->365,False
realprize,319,Blended,122.68164505213615,1.0014009652966878,270->365,False
realprize,320,Blended,122.89048519715362,1.001702293321293,270->365,False
realprize,321,Blended,123.1005641061233,1.0017094806699856,270->365,False
realprize,322,Blended,123.29044415642664,1.0015424791241383,270->365,False
realprize,323,Blended,123.48291032571666,1.0015610793732386,270->365,False
realprize,324,Blended,123.73600162346541,1.0020496058691941,270->365,False
realprize,325,Blended,123.93096194759423,1.0015756151934025,270->365,False
realprize,326,Blended,124.11775386015853,1.001507225552266,270->365,False
realprize,327,Blended,124.31160144103163,1.0015618038100456,270->365,False
realprize,328,Blended,124.46609490271416,1.0012427919831426,270->365,False
realprize,329,Blended,124.68074392529235,1.001724558183865,270->365,False
realprize,330,Blended,124.86658489187353,1.0014905346305323,270->365,False
realprize,331,Blended,125.0643587226514,1.0015838811556281,270->365,False
realprize,332,Blended,125.27232383224184,1.00166286471793,270->365,False
realprize,333,Blended,125.4562908859742,1.0014685370886767,270->365,False
realprize,334,Blended,125.68573707754967,1.0018288934732178,270->365,False
realprize,335,Blended,125.93542306445079,1.001986589669654,270->365,False
realprize,336,Blended,126.16489310707713,1.0018221246813845,270->365,False
realprize,337,Blended,126.37138208889228,1.0016366595867512,270->365,False
realprize,338,Blended,126.54774111608593,1.0013955614339138,270->365,False
realprize,339,Blended,126.71702486665494,1.0013377066163016,270->365,False
realprize,340,Blended,126.98929412929364,1.0021486399552484,270->365,False
realprize,341,Blended,127.14561219636421,1.0012309546890734,270->365,False
realprize,342,Blended,127.3903126256321,1.001924568414441,270->365,False
realprize,343,Blended,127.5537482820088,1.001282952000102,270->365,False
realprize,344,Blended,127.82437503285905,1.0021216683515402,270->365,False
realprize,345,Blended,128.01698316176882,1.0015068184676066,270->365,False
realprize,346,Blended,128.1832070977216,1.0012984522197554,270->365,False
realprize,347,Blended,128.43879667837567,1.0019939396621524,270->365,False
realprize,348,Blended,128.66951993318682,1.0017963673031671,270->365,False
realprize,349,Blended,128.8976707145645,1.0017731532805605,270->365,False
realprize,350,Blended,129.08349299017792,1.0014416263271733,270->365,False
realprize,351,Blended,129.35647480296,1.0021147693361758,270->365,False
realprize,352,Blended,129.69841825980623,1.00264341972342,270->365,False
realprize,353,Blended,129.86587144222455,1.0012910965659032,270->365,False
realprize,354,Blended,130.08556163666506,1.0016916699668723,270->365,False
realprize,355,Blended,130.31611839279455,1.001772347009374,270->365,False
realprize,356,Blended,130.52380772460984,1.0015937347918027,270->365,False
realprize,357,Blended,130.76362935263072,1.0018373784231522,270->365,False
realprize,358,Blended,130.95145844190023,1.0014364016217614,270->365,False
realprize,359,Blended,131.15077995360585,1.0015221022665743,270->365,False
realprize,360,Blended,131.38983605463005,1.0018227577533947,270->365,False
realprize,361,Blended,131.64111077378678,1.0019124365072825,270->365,False
realprize,362,Blended,131.835686041047,1.0014780737272462,270->365,False
realprize,363,Blended,132.21822157835632,1.0029016084248252,270->365,False
realprize,364,Blended,132.50400865338636,1.0021614802530125,270->365,False
realprize,365,Blended,132.8802430412062,1.0028394189099894,270->365,False
lonestar,1,Web,6.433123233295241,,1->7,False
lonestar,2,Web,8.665042400914176,1.346941770999726,1->7,False
lonestar,3,Web,10.483782402117038,1.2098939528571704,1->7,False
lonestar,4,Web,12.029145967402414,1.1474051545531232,1->7,False
lonestar,5,Web,13.679473146087687,1.1371940437964148,1->7,False
lonestar,6,Web,15.393580922595778,1.1253051018999458,1->7,False
lonestar,7,Web,16.906335478438688,1.0982717772719395,1->7,False
lonestar,8,Web,18.145332512277232,1.0732859604861553,7->14,False
lonestar,9,Web,19.235128542651555,1.0600593033848766,7->14,False
lonestar,10,Web,20.065581796717773,1.0431737823963478,7->14,False
lonestar,11,Web,20.678323291637536,1.0305369413719163,7->14,False
lonestar,12,Web,21.315591702365303,1.030818185872231,7->14,False
lonestar,13,Web,22.00893265518685,1.032527408223184,7->14,False
lonestar,14,Web,22.821945944682447,1.0369401507212115,7->14,False
lonestar,15,Web,23.773437966631107,1.0416919759715038,14->30,False
lonestar,16,Web,24.714528918250426,1.0395858164452383,14->30,False
lonestar,17,Web,25.581829058132826,1.0350927239095358,14->30,False
lonestar,18,Web,26.29894071877057,1.02803207147574,14->30,False
lonestar,19,Web,26.860771617978948,1.02136325204944,14->30,False
lonestar,20,Web,27.420450892325107,1.0208363066521717,14->30,False
lonestar,21,Web,28.316680155534986,1.0326847018938237,14->30,False
lonestar,22,Web,29.022089643200953,1.0249114473798258,14->30,False
lonestar,23,Web,29.693972743754873,1.0231507485785512,14->30,False
lonestar,24,Web,30.409791569280866,1.0241065360874133,14->30,False
lonestar,25,Web,31.075456453314178,1.0218898206690028,14->30,False
lonestar,26,Web,31.661343799949297,1.0188537004280314,14->30,False
lonestar,27,Web,32.04966868304172,1.0122649526673928,14->30,False
lonestar,28,Web,32.71319175990551,1.0207029621249992,14->30,False
lonestar,29,Web,33.433493653948446,1.0220186981242767,14->30,False
lonestar,30,Web,33.960499130284994,1.015762800076812,14->30,False
lonestar,31,Web,34.62980257118228,1.0197082922229614,30->60,False
lonestar,32,Web,35.128520084632086,1.0144013963817633,30->60,False
lonestar,33,Web,35.84750792029971,1.0204673534192568,30->60,False
lonestar,34,Web,36.362758045946606,1.0143733875948213,30->60,False
lonestar,35,Web,37.1647530811664,1.0220553961887717,30->60,False
lonestar,36,Web,38.17302044534326,1.0271296667026104,30->60,False
lonestar,37,Web,38.70197119502294,1.01385666482528,30->60,False
lonestar,38,Web,39.3027512723112,1.0155232423242957,30->60,False
lonestar,39,Web,39.70819955564348,1.010316028018576,30->60,False
lonestar,40,Web,40.08581659221429,1.009509800010994,30->60,False
lonestar,41,Web,40.54877929527109,1.0115492895596074,30->60,False
lonestar,42,Web,41.15763790325337,1.015015460848985,30->60,False
lonestar,43,Web,41.658564046368404,1.0121709157433314,30->60,False
lonestar,44,Web,42.12841650125706,1.011278652196597,30->60,False
lonestar,45,Web,42.77661440551445,1.0153862394575892,30->60,False
lonestar,46,Web,43.2289632608911,1.0105746764128751,30->60,False
lonestar,47,Web,43.894758303337845,1.0154015963424476,30->60,False
lonestar,48,Web,44.2786089248994,1.008744794057389,30->60,False
lonestar,49,Web,44.78927425925638,1.011533003108185,30->60,False
lonestar,50,Web,45.199429492599,1.0091574431630326,30->60,False
lonestar,51,Web,45.51751963178257,1.0070374812858125,30->60,False
lonestar,52,Web,46.15107175253602,1.0139188630197475,30->60,False
lonestar,53,Web,46.67341057421659,1.0113180214856412,30->60,False
lonestar,54,Web,47.40085249138731,1.0155857887439788,30->60,False
lonestar,55,Web,47.834739324834004,1.0091535660360862,30->60,False
lonestar,56,Web,48.27480389928493,1.0091996858488672,30->60,False
lonestar,57,Web,48.941190189938524,1.0138040185941275,30->60,False
lonestar,58,Web,49.517202063123705,1.011769470071114,30->60,False
lonestar,59,Web,49.744480805644656,1.0045898946840983,30->60,False
lonestar,60,Web,50.10129874945139,1.0071730157401952,30->60,False
lonestar,61,Web,50.3650582197888,1.005264523613578,60->90,False
lonestar,62,Web,50.4585336392321,1.0018559577363215,60->90,False
lonestar,63,Web,50.60858173338634,1.0029736911347256,60->90,False
lonestar,64,Web,50.87209719218709,1.0052069322983401,60->90,False
lonestar,65,Web,51.10162704417545,1.004511900720767,60->90,False
lonestar,66,Web,51.36445147030472,1.0051431713886931,60->90,False
lonestar,67,Web,51.77916107744424,1.008073864224546,60->90,False
lonestar,68,Web,51.88912727655844,1.002123753974108,60->90,False
lonestar,69,Web,52.0138851750124,1.002404316761564,60->90,False
lonestar,70,Web,52.63582257971693,1.0119571418787865,60->90,False
lonestar,71,Web,52.99932976604681,1.006906079709866,60->90,False
lonestar,72,Web,53.39727858074943,1.0075085631546525,60->90,False
lonestar,73,Web,53.696076707686586,1.0055957557178743,60->90,False
lonestar,74,Web,53.86136852255177,1.003078284764919,60->90,False
lonestar,75,Web,54.20887795252049,1.0064519235121776,60->90,False
lonestar,76,Web,54.51652949804023,1.0056752981640609,60->90,False
lonestar,77,Web,55.100182092669456,1.0107059748667642,60->90,False
lonestar,78,Web,55.478254967653506,1.0068615540026382,60->90,False
lonestar,79,Web,55.96860815116099,1.0088386555019329,60->90,False
lonestar,80,Web,56.7530912408959,1.0140164838049244,60->90,False
lonestar,81,Web,57.16760883895737,1.0073038770047256,60->90,False
lonestar,82,Web,57.45821457856499,1.0050833985452543,60->90,False
lonestar,83,Web,59.1093186414484,1.028735735612282,60->90,False
lonestar,84,Web,62.181333883879276,1.0519717586505342,60->90,False
lonestar,85,Web,62.589410177400985,1.006562681564274,60->90,False
lonestar,86,Web,62.99571838732915,1.0064916446532495,60->90,False
lonestar,87,Web,63.54050514441257,1.0086479965786532,60->90,False
lonestar,88,Web,63.96042299779381,1.006608664070688,60->90,False
lonestar,89,Web,64.43418139671311,1.0074070554370105,60->90,False
lonestar,90,Web,65.1880680398724,1.0117001043051623,60->90,False
lonestar,91,Web,65.34848315451346,1.002460804859916,90->120,False
lonestar,92,Web,65.50100307134325,1.0023339473154895,90->120,False
lonestar,93,Web,65.68098174985417,1.0027477240053086,90->120,False
lonestar,94,Web,65.92416541756269,1.0037024974540527,90->120,False
lonestar,95,Web,66.0950126109244,1.0025915715774263,90->120,False
lonestar,96,Web,66.39833064518346,1.0045891213614646,90->120,False
lonestar,97,Web,66.5174788421668,1.0017944456709316,90->120,False
lonestar,98,Web,66.58696333506032,1.001044605028678,90->120,False
lonestar,99,Web,67.03463760981329,1.0067231519854767,90->120,False
lonestar,100,Web,67.37524682884731,1.0050810928674903,90->120,False
lonestar,101,Web,68.08832418262,1.0105836696314316,90->120,False
lonestar,102,Web,68.42602515224645,1.004959748586567,90->120,False
lonestar,103,Web,68.8211258658462,1.0057741292544855,90->120,False
lonestar,104,Web,68.96151923470401,1.0020399748927602,90->120,False
lonestar,105,Web,69.0142246236358,1.0007642724452228,90->120,False
lonestar,106,Web,69.16966243580816,1.0022522576037047,90->120,False
lonestar,107,Web,69.36322098316691,1.0027983156277274,90->120,False
lonestar,108,Web,69.51849802975565,1.002238607786487,90->120,False
lonestar,109,Web,69.88064340637052,1.005209338332653,90->120,False
lonestar,110,Web,70.2498640763202,1.0052835900179478,90->120,False
lonestar,111,Web,70.90665257630235,1.0093493205804442,90->120,False
lonestar,112,Web,71.26667263190184,1.0050773805068864,90->120,False
lonestar,113,Web,71.94166461891653,1.0094713554328694,90->120,False
lonestar,114,Web,72.29770894163326,1.0049490698415549,90->120,False
lonestar,115,Web,72.41536523400069,1.0016273861798637,90->120,False
lonestar,116,Web,72.68829374998934,1.0037689310149402,90->120,False
lonestar,117,Web,73.10061567290575,1.0056724666606507,90->120,False
lonestar,118,Web,73.37657944311302,1.0037751223798455,90->120,False
lonestar,119,Web,74.45783892116522,1.0147357574618272,90->120,False
lonestar,120,Web,75.22112336670033,1.0102512301806565,90->120,False
lonestar,121,Web,75.5540564456469,1.004426058320394,120->150,False
lonestar,122,Web,75.74548627982952,1.0025336804294596,120->150,False
lonestar,123,Web,75.89691387573014,1.0019991632945782,120->150,False
lonestar,124,Web,76.30925039114001,1.0054328495633567,120->150,False
lonestar,125,Web,76.57222412783737,1.0034461580391556,120->150,False
lonestar,126,Web,76.85392788451537,1.0036789287484675,120->150,False
lonestar,127,Web,77.08995259353907,1.0030710819280226,120->150,False
lonestar,128,Web,77.21008871893311,1.0015583888866486,120->150,False
lonestar,129,Web,77.49843267461853,1.003734537292595,120->150,False
lonestar,130,Web,77.73820741374428,1.0030939301718844,120->150,False
lonestar,131,Web,77.82298570163454,1.0010905613945926,120->150,False
lonestar,132,Web,78.0283171044624,1.0026384415989267,120->150,False
lonestar,133,Web,78.11885272384373,1.001160291836874,120->150,False
lonestar,134,Web,78.27146802099602,1.0019536295251519,120->150,False
lonestar,135,Web,78.38472238102638,1.0014469430929795,120->150,False
lonestar,136,Web,78.68833102979596,1.0038733140789062,120->150,False
lonestar,137,Web,79.05374615629073,1.0046438286555652,120->150,False
lonestar,138,Web,79.29981599962922,1.0031126904834087,120->150,False
lonestar,139,Web,79.64192284853407,1.0043140938549775,120->150,False
lonestar,140,Web,79.88052714114791,1.002995963483549,120->150,False
lonestar,141,Web,80.21775952607805,1.0042217095580035,120->150,False
lonestar,142,Web,80.35832238752651,1.0017522661101343,120->150,False
lonestar,143,Web,80.57643380091693,1.002714235525458,120->150,False
lonestar,144,Web,80.73219808807053,1.0019331246098389,120->150,False
lonestar,145,Web,80.96616948306595,1.002898117486411,120->150,False
lonestar,146,Web,81.22269569868291,1.0031683135963423,120->150,False
lonestar,147,Web,81.30574276101994,1.0010224612914242,120->150,False
lonestar,148,Web,81.73757138074869,1.0053111699747705,120->150,False
lonestar,149,Web,82.03229671434553,1.0036057510471403,120->150,False
lonestar,150,Web,82.21280717406685,1.002200480383353,120->150,False
lonestar,151,Web,82.41344279502725,1.0024404424062008,150->180,False
lonestar,152,Web,82.68914417205444,1.0033453447359661,150->180,False
lonestar,153,Web,82.87438939013646,1.0022402604348712,150->180,False
lonestar,154,Web,83.06440336227548,1.0022927948373113,150->180,False
lonestar,155,Web,83.36207690181278,1.0035836474769948,150->180,False
lonestar,156,Web,83.76453850092908,1.0048278739454912,150->180,False
lonestar,157,Web,83.90766705011565,1.0017087009819194,150->180,False
lonestar,158,Web,84.22950300940279,1.0038355965622894,150->180,False
lonestar,159,Web,84.31224565372115,1.0009823475309967,150->180,False
lonestar,160,Web,84.52384354879268,1.0025096935021822,150->180,False
lonestar,161,Web,84.64025681987475,1.0013772832161243,150->180,False
lonestar,162,Web,84.73285928440936,1.0010940711667697,150->180,False
lonestar,163,Web,84.95838252734946,1.0026615795199725,150->180,False
lonestar,164,Web,85.30001137981957,1.0040211317860264,150->180,False
lonestar,165,Web,85.43581831659444,1.0015921092456852,150->180,False
lonestar,166,Web,85.99020612023138,1.0064889388848899,150->180,False
lonestar,167,Web,86.18205141113272,1.0022310132695007,150->180,False
lonestar,168,Web,86.90603032007154,1.0084005764203159,150->180,False
lonestar,169,Web,87.16965231854259,1.0030334143384543,150->180,False
lonestar,170,Web,87.87206195509897,1.0080579607452096,150->180,False
lonestar,171,Web,88.02506497505188,1.0017412021130343,150->180,False
lonestar,172,Web,88.24108733625314,1.0024541005594543,150->180,False
lonestar,173,Web,88.49666618272016,1.0028963700945015,150->180,False
lonestar,174,Web,89.0294847139747,1.0060207751798742,150->180,False
lonestar,175,Web,89.37255298299199,1.0038534230555132,150->180,False
lonestar,176,Web,89.75225128989285,1.0042484889849026,150->180,False
lonestar,177,Web,90.07923691753959,1.0036432025152282,150->180,False
lonestar,178,Web,90.37028108315735,1.0032309794751502,150->180,False
lonestar,179,Web,90.75656481232747,1.0042744553246954,150->180,False
lonestar,180,Web,91.12522026709163,1.0040620252157682,150->180,False
lonestar,181,Web,91.8183077715722,1.0076058801553411,180->270,False
lonestar,182,Web,92.16716340178898,1.0037994125429177,180->270,False
lonestar,183,Web,92.62290299665129,1.0049447067484933,180->270,False
lonestar,184,Web,93.23135872920838,1.006569171477805,180->270,False
lonestar,185,Web,94.00759158851443,1.0083258773645103,180->270,False
lonestar,186,Web,94.57030033793491,1.0059857798706677,180->270,False
lonestar,187,Web,95.5586502047749,1.0104509540871527,180->270,False
lonestar,188,Web,96.27737399782112,1.007521284483467,180->270,False
lonestar,189,Web,96.76901085935835,1.0051064631400142,180->270,False
lonestar,190,Web,97.20155823487545,1.0044698955964917,180->270,False
lonestar,191,Web,97.79272335273131,1.0060818481574894,180->270,False
lonestar,192,Web,98.4723567261668,1.0069497335807296,180->270,False
lonestar,193,Web,98.87026705820071,1.0040408328312933,180->270,False
lonestar,194,Web,99.35545592461915,1.004907328369335,180->270,False
lonestar,195,Web,100.25322541356046,1.00903593547618,180->270,False
lonestar,196,Web,100.48461002928757,1.002308001710395,180->270,False
lonestar,197,Web,100.91102960625437,1.0042436307096432,180->270,False
lonestar,198,Web,101.36710114801801,1.0045195410605083,180->270,False
lonestar,199,Web,101.88193904165006,1.0050789446260309,180->270,False
lonestar,200,Web,103.0168302463034,1.0111392776318224,180->270,False
lonestar,201,Web,103.4435377064236,1.0041421140516553,180->270,False
lonestar,202,Web,103.88460407321378,1.0042638368386234,180->270,False
lonestar,203,Web,104.54771354116264,1.0063831351513985,180->270,False
lonestar,204,Web,105.06842366360674,1.0049805978993418,180->270,False
lonestar,205,Web,105.66516725195491,1.005679571155067,180->270,False
lonestar,206,Web,106.06690525489532,1.0038019908867648,180->270,False
lonestar,207,Web,106.31001082758097,1.0022920021292356,180->270,False
lonestar,208,Web,106.58337350720207,1.0025713728885275,180->270,False
lonestar,209,Web,107.07961356161,1.0046558861675963,180->270,False
lonestar,210,Web,107.35417771275898,1.0025641122713895,180->270,False
lonestar,211,Web,107.59669870638827,1.0022590736457242,180->270,False
lonestar,212,Web,107.70763653584646,1.0010310523537616,180->270,False
lonestar,213,Web,108.28679868875685,1.005377168894776,180->270,False
lonestar,214,Web,108.47409311827083,1.0017296146139874,180->270,False
lonestar,215,Web,108.6528891195941,1.0016482829787599,180->270,False
lonestar,216,Web,109.07635642544732,1.003897432542149,180->270,False
lonestar,217,Web,109.32944096825524,1.0023202511625964,180->270,False
lonestar,218,Web,109.59872040723165,1.002463009383306,180->270,False
lonestar,219,Web,109.94079609542834,1.0031211649819054,180->270,False
lonestar,220,Web,110.0861007107155,1.0013216623896468,180->270,False
lonestar,221,Web,110.46608297249436,1.003451682449698,180->270,False
lonestar,222,Web,110.77293997573476,1.0027778390885536,180->270,False
lonestar,223,Web,111.04602652253527,1.0024652821064453,180->270,False
lonestar,224,Web,111.27974651690452,1.0021047128086282,180->270,False
lonestar,225,Web,111.53514293768899,1.0022950844945147,180->270,False
lonestar,226,Web,111.81438078370537,1.002503586212037,180->270,False
lonestar,227,Web,111.96790475677949,1.0013730252942248,180->270,False
lonestar,228,Web,112.16020776564544,1.0017174833206326,180->270,False
lonestar,229,Web,112.3061468989033,1.0013011667521408,180->270,False
lonestar,230,Web,112.91524889976388,1.005423585597758,180->270,False
lonestar,231,Web,113.19363484665293,1.0024654415555172,180->270,False
lonestar,232,Web,113.94171978375941,1.0066088957927708,180->270,False
lonestar,233,Web,114.18192596182895,1.0021081494866446,180->270,False
lonestar,234,Web,114.38568848274882,1.0017845426866243,180->270,False
lonestar,235,Web,114.70782091861687,1.0028161952788057,180->270,False
lonestar,236,Web,115.01818539619525,1.0027056958722855,180->270,False
lonestar,237,Web,115.56240205938673,1.0047315705887452,180->270,False
lonestar,238,Web,116.2616937395807,1.006051204091748,180->270,False
lonestar,239,Web,116.49719684695083,1.002025629420965,180->270,False
lonestar,240,Web,116.94623875212254,1.0038545296996428,180->270,False
lonestar,241,Web,117.22988884810174,1.002425474294906,180->270,False
lonestar,242,Web,117.37257020159342,1.0012171072999698,180->270,False
lonestar,243,Web,117.63686749946667,1.0022517807816538,180->270,False
lonestar,244,Web,118.14757221353968,1.0043413661459093,180->270,False
lonestar,245,Web,118.52491358802388,1.0031938140362477,180->270,False
lonestar,246,Web,118.99482702181471,1.0039646806697888,180->270,False
lonestar,247,Web,120.14648301377692,1.0096782021604274,180->270,False
lonestar,248,Web,120.50331124479207,1.0029699432065293,180->270,False
lonestar,249,Web,120.67534492959439,1.001427626204004,180->270,False
lonestar,250,Web,121.03766056602272,1.0030023998409925,180->270,False
lonestar,251,Web,121.22109794879823,1.0015155397247244,180->270,False
lonestar,252,Web,121.41128883534509,1.0015689586199523,180->270,False
lonestar,253,Web,121.66466713647277,1.002086941861488,180->270,False
lonestar,254,Web,122.13013600688558,1.003825834413295,180->270,False
lonestar,255,Web,122.30363260812038,1.0014205879638505,180->270,False
lonestar,256,Web,122.6953475771905,1.0032028073141968,180->270,False
lonestar,257,Web,122.92847417975382,1.0019000443551183,180->270,False
lonestar,258,Web,123.14896623698412,1.0017936613848137,180->270,False
lonestar,259,Web,123.29782532794042,1.0012087725581864,180->270,False
lonestar,260,Web,123.45959803463344,1.001312048337128,180->270,False
lonestar,261,Web,123.77054415368497,1.0025186062809333,180->270,False
lonestar,262,Web,124.03886300295576,1.002167873229495,180->270,False
lonestar,263,Web,124.52984772102316,1.0039583135976964,180->270,False
lonestar,264,Web,124.81027235065137,1.0022518667994875,180->270,False
lonestar,265,Web,125.3644239202172,1.0044399516091829,180->270,False
lonestar,266,Web,125.54321698395728,1.001426186617775,180->270,False
lonestar,267,Web,125.79221241095412,1.001983344325394,180->270,False
lonestar,268,Web,126.03120536716304,1.0018999026380755,180->270,False
lonestar,269,Web,126.52778030605549,1.003940095133152,180->270,False
lonestar,270,Web,126.67779092962525,1.001185594366762,180->270,False
lonestar,271,Web,127.14543571119383,1.0036916082774792,270->365,False
lonestar,272,Web,127.57847131195146,1.003405828910298,270->365,False
lonestar,273,Web,128.02670521146968,1.0035133976360495,270->365,False
lonestar,274,Web,128.3488122369808,1.002515936225798,270->365,False
lonestar,275,Web,128.60414449157363,1.0019893620372693,270->365,False
lonestar,276,Web,129.01587699388992,1.0032015492497854,270->365,False
lonestar,277,Web,129.85713635133826,1.0065205878303503,270->365,False
lonestar,278,Web,130.20011623624376,1.0026412093670196,270->365,False
lonestar,279,Web,130.613473621951,1.0031747850743635,270->365,False
lonestar,280,Web,131.07368111591666,1.003523430479291,270->365,False
lonestar,281,Web,131.40813140728937,1.0025516204971534,270->365,False
lonestar,282,Web,131.68913807258215,1.0021384267646407,270->365,False
lonestar,283,Web,131.899362060495,1.001596365432941,270->365,False
lonestar,284,Web,132.29917944745765,1.003031230634605,270->365,False
lonestar,285,Web,132.58288032814153,1.0021443888153256,270->365,False
lonestar,286,Web,132.989569008621,1.0030674298180349,270->365,False
lonestar,287,Web,133.31879586379748,1.0024755840449044,270->365,False
lonestar,288,Web,133.58347641923578,1.0019853206273233,270->365,False
lonestar,289,Web,133.94150213955024,1.00268016471731,270->365,False
lonestar,290,Web,134.22353845460103,1.0021056678516038,270->365,False
lonestar,291,Web,134.6024453884661,1.0028229544402394,270->365,False
lonestar,292,Web,134.89136761680717,1.0021464857306808,270->365,False
lonestar,293,Web,135.19283569929897,1.0022348952925453,270->365,False
lonestar,294,Web,135.4295632479197,1.0017510361950486,270->365,False
lonestar,295,Web,135.73873177393634,1.0022828732412778,270->365,False
lonestar,296,Web,135.93244586055715,1.0014271098903695,270->365,False
lonestar,297,Web,136.15016352662758,1.001601660771217,270->365,False
lonestar,298,Web,136.5000460331359,1.0025698280299156,270->365,False
lonestar,299,Web,136.9637330331803,1.0033969732137074,270->365,False
lonestar,300,Web,137.489875705361,1.0038414743854362,270->365,False
lonestar,301,Web,137.75478600009617,1.0019267621952244,270->365,False
lonestar,302,Web,138.00191238471098,1.0017939586114608,270->365,False
lonestar,303,Web,138.26806744872763,1.00192863315745,270->365,False
lonestar,304,Web,138.55659494318581,1.0020867254441461,270->365,False
lonestar,305,Web,138.8935222418871,1.0024316944194496,270->365,False
lonestar,306,Web,139.12145495251409,1.0016410607704946,270->365,False
lonestar,307,Web,139.52545150614156,1.0029039126550636,270->365,False
lonestar,308,Web,140.1606284486387,1.0045524091528861,270->365,False
lonestar,309,Web,140.42927722829646,1.001916720712737,270->365,False
lonestar,310,Web,140.829658520806,1.0028511240705074,270->365,False
lonestar,311,Web,141.11253860563818,1.0020086683998484,270->365,False
lonestar,312,Web,141.28452562038794,1.0012187932868986,270->365,False
lonestar,313,Web,141.6235560779255,1.0023996290892359,270->365,False
lonestar,314,Web,141.94297724220178,1.0022554239783423,270->365,False
lonestar,315,Web,142.19262031638738,1.0017587560796306,270->365,False
lonestar,316,Web,142.44225712495574,1.0017556242230639,270->365,False
lonestar,317,Web,142.84869518074768,1.0028533530989712,270->365,False
lonestar,318,Web,143.1484506612079,1.0020984124501868,270->365,False
lonestar,319,Web,143.38080898610912,1.0016231983219375,270->365,False
lonestar,320,Web,143.66885820512186,1.002008980288573,270->365,False
lonestar,321,Web,143.86108107485177,1.00133795780193,270->365,False
lonestar,322,Web,144.34441913893875,1.0033597555396896,270->365,False
lonestar,323,Web,144.57821855579337,1.0016197329848242,270->365,False
lonestar,324,Web,144.9067896097041,1.0022726179447559,270->365,False
lonestar,325,Web,145.1670904987275,1.001796333282412,270->365,False
lonestar,326,Web,145.4885960249885,1.0022147273542266,270->365,False
lonestar,327,Web,145.90320026851626,1.002849737057443,270->365,False
lonestar,328,Web,146.41808362660893,1.003528938070893,270->365,False
lonestar,329,Web,146.6409871351725,1.0015223769021047,270->365,False
lonestar,330,Web,146.99508849058782,1.0024147502163832,270->365,False
lonestar,331,Web,147.30570855125313,1.0021131322403687,270->365,False
lonestar,332,Web,147.59128702855455,1.0019386789562337,270->365,False
lonestar,333,Web,147.77561939770496,1.0012489380156617,270->365,False
lonestar,334,Web,148.11483155814102,1.0022954541609679,270->365,False
lonestar,335,Web,148.36699758751456,1.0017025035691618,270->365,False
lonestar,336,Web,148.81438354017322,1.003015400728823,270->365,False
lonestar,337,Web,149.283264736867,1.003150778745572,270->365,False
lonestar,338,Web,149.58155823998322,1.0019981710852988,270->365,False
lonestar,339,Web,149.90804910898729,1.0021826946640056,270->365,False
lonestar,340,Web,150.32640645721105,1.0027907597404566,270->365,False
lonestar,341,Web,150.68799731370584,1.0024053715179955,270->365,False
lonestar,342,Web,151.27430035359262,1.0038908410114855,270->365,False
lonestar,343,Web,151.5709459993882,1.001960978468267,270->365,False
lonestar,344,Web,151.76213713082106,1.0012613969661022,270->365,False
lonestar,345,Web,152.10138479642123,1.002235390671309,270->365,False
lonestar,346,Web,152.33014874559518,1.001504022790326,270->365,False
lonestar,347,Web,152.8520913657204,1.0034263907993481,270->365,False
lonestar,348,Web,153.11947031362794,1.0017492658786578,270->365,False
lonestar,349,Web,153.40755503780477,1.0018814375701977,270->365,False
lonestar,350,Web,153.70395841306905,1.0019321302343371,270->365,False
lonestar,351,Web,153.9571812432084,1.0016474711045427,270->365,False
lonestar,352,Web,154.3851876419026,1.0027800353009717,270->365,False
lonestar,353,Web,154.70670152231983,1.0020825435738239,270->365,False
lonestar,354,Web,155.3447502060285,1.0041242472202576,270->365,False
lonestar,355,Web,155.89825273993284,1.0035630591517914,270->365,False
lonestar,356,Web,156.25357380216087,1.0022791856610527,270->365,False
lonestar,357,Web,156.6070214448495,1.0022620131756868,270->365,False
lonestar,358,Web,157.00425948606943,1.0025365276572853,270->365,False
lonestar,359,Web,157.30863063785858,1.0019386171609959,270->365,False
lonestar,360,Web,157.66391619492256,1.0022585255216028,270->365,False
lonestar,361,Web,158.00022946313936,1.0021331023377664,270->365,False
lonestar,362,Web,158.37055041291694,1.002343800075708,270->365,False
lonestar,363,Web,158.67511579883896,1.0019231188193003,270->365,False
lonestar,364,Web,159.08578523477232,1.0025881149282032,270->365,False
lonestar,365,Web,159.4327625834442,1.0021810707233196,270->365,False
lonestar,1,Affiliate,5.010582901237995,,1->7,False
lonestar,2,Affiliate,6.412788616554707,1.2798488205773944,1->7,False
lonestar,3,Affiliate,7.396786781768717,1.1534431000382275,1->7,False
lonestar,4,Affiliate,7.9883541359018455,1.0799762615290194,1->7,False
lonestar,5,Affiliate,8.400048942430463,1.051536874745994,1->7,False
lonestar,6,Affiliate,8.724799833453615,1.0386605951047219,1->7,False
lonestar,7,Affiliate,9.090164903125517,1.0418766134061872,1->7,False
lonestar,8,Affiliate,9.481739055688763,1.0430766830674996,7->14,False
lonestar,9,Affiliate,9.769406764075162,1.0303391294251878,7->14,False
lonestar,10,Affiliate,10.13222965291421,1.037138681764511,7->14,False
lonestar,11,Affiliate,10.334184346180306,1.0199319103676268,7->14,False
lonestar,12,Affiliate,10.541721199826348,1.0200825577223955,7->14,False
lonestar,13,Affiliate,10.796943092549975,1.0242106471880352,7->14,False
lonestar,14,Affiliate,10.998627592783247,1.018679778017209,7->14,False
lonestar,15,Affiliate,11.236313728204474,1.0216105267149134,14->30,False
lonestar,16,Affiliate,11.479019653572212,1.0216001378422284,14->30,False
lonestar,17,Affiliate,11.692515541978814,1.0185987910858016,14->30,False
lonestar,18,Affiliate,11.94338354159837,1.0214554343519051,14->30,False
lonestar,19,Affiliate,12.135456469133333,1.0160819525610962,14->30,False
lonestar,20,Affiliate,12.329172936355448,1.015962849664109,14->30,False
lonestar,21,Affiliate,12.512492051635945,1.0148687277100266,14->30,False
lonestar,22,Affiliate,12.710432339423864,1.0158194136684418,14->30,False
lonestar,23,Affiliate,12.886846816377163,1.0138795024624077,14->30,False
lonestar,24,Affiliate,13.118471069943311,1.0179736949516456,14->30,False
lonestar,25,Affiliate,13.293086242603785,1.013310634427555,14->30,False
lonestar,26,Affiliate,13.436316852985279,1.0107748199152162,14->30,False
lonestar,27,Affiliate,13.522274846145663,1.0063974371921192,14->30,False
lonestar,28,Affiliate,13.636941787081183,1.0084798558112582,14->30,False
lonestar,29,Affiliate,13.767406718799505,1.0095670227060671,14->30,False
lonestar,30,Affiliate,13.905021006164905,1.0099956578734242,14->30,False
lonestar,31,Affiliate,14.007337458500336,1.0073582378832846,30->60,False
lonestar,32,Affiliate,14.14243453466546,1.0096447363080512,30->60,False
lonestar,33,Affiliate,14.356794759040984,1.0151572364609567,30->60,False
lonestar,34,Affiliate,14.471801316699075,1.008010601223206,30->60,False
lonestar,35,Affiliate,14.566195348353022,1.0065226179926217,30->60,False
lonestar,36,Affiliate,14.659616299829404,1.0064135451462928,30->60,False
lonestar,37,Affiliate,14.743351803352319,1.0057119846666034,30->60,False
lonestar,38,Affiliate,14.805800512093102,1.0042357199077745,30->60,False
lonestar,39,Affiliate,14.888068934057856,1.0055564994204507,30->60,False
lonestar,40,Affiliate,14.968153533717592,1.0053791126313592,30->60,False
lonestar,41,Affiliate,15.106059285064369,1.0092132774450855,30->60,False
lonestar,42,Affiliate,15.21328490971763,1.0070981864051916,30->60,False
lonestar,43,Affiliate,15.357972453935528,1.0095106050452967,30->60,False
lonestar,44,Affiliate,15.430651539571082,1.0047323359807778,30->60,False
lonestar,45,Affiliate,15.488776542869461,1.0037668534701416,30->60,False
lonestar,46,Affiliate,15.57546232444399,1.0055966835943821,30->60,False
lonestar,47,Affiliate,15.613114767650863,1.0024174205826162,30->60,False
lonestar,48,Affiliate,15.67953764496728,1.0042543002024196,30->60,False
lonestar,49,Affiliate,15.761071982521448,1.0052000473100902,30->60,False
lonestar,50,Affiliate,15.842759504923754,1.0051828658921738,30->60,False
lonestar,51,Affiliate,15.917553094795606,1.004720995092339,30->60,False
lonestar,52,Affiliate,15.999882953182786,1.0051722684948416,30->60,False
lonestar,53,Affiliate,16.05679012693484,1.0035567243784576,30->60,False
lonestar,54,Affiliate,16.125850930639135,1.004301034214083,30->60,False
lonestar,55,Affiliate,16.189013231510128,1.0039168352195904,30->60,False
lonestar,56,Affiliate,16.289960134628927,1.0062355192175838,30->60,False
lonestar,57,Affiliate,16.367356688714064,1.004751181307105,30->60,False
lonestar,58,Affiliate,16.42075666122429,1.0032625898931526,30->60,False
lonestar,59,Affiliate,16.527984876716154,1.0065300410756999,30->60,False
lonestar,60,Affiliate,16.588663117102477,1.0036712424919874,30->60,False
lonestar,61,Affiliate,16.68856471109427,1.006022281198103,60->90,False
lonestar,62,Affiliate,16.79356597720487,1.006291809267504,60->90,False
lonestar,63,Affiliate,16.893796345161512,1.0059683790859364,60->90,False
lonestar,64,Affiliate,17.043289765194782,1.0088490127961136,60->90,False
lonestar,65,Affiliate,17.185053880091232,1.0083178844489258,60->90,False
lonestar,66,Affiliate,17.275617366082876,1.0052698982862405,60->90,False
lonestar,67,Affiliate,17.380177326376188,1.0060524586807875,60->90,False
lonestar,68,Affiliate,17.493313344798565,1.0065094858526376,60->90,False
lonestar,69,Affiliate,17.61499601604184,1.006955953331703,60->90,False
lonestar,70,Affiliate,17.735604828050057,1.0068469394996389,60->90,False
lonestar,71,Affiliate,17.88444910102396,1.0083923990423205,60->90,False
lonestar,72,Affiliate,17.979308761350502,1.0053040303221368,60->90,False
lonestar,73,Affiliate,18.102958308418632,1.0068773248576683,60->90,False
lonestar,74,Affiliate,18.226025512763673,1.0067981819461966,60->90,False
lonestar,75,Affiliate,18.321157527316476,1.0052195699213842,60->90,False
lonestar,76,Affiliate,18.401129402259432,1.004365001219149,60->90,False
lonestar,77,Affiliate,18.480727101441705,1.0043256963984233,60->90,False
lonestar,78,Affiliate,18.54509667820359,1.0034830651634297,60->90,False
lonestar,79,Affiliate,18.652818500807022,1.0058086417381713,60->90,False
lonestar,80,Affiliate,18.81625512516426,1.0087620337028513,60->90,False
lonestar,81,Affiliate,18.894695571657493,1.0041687597224556,60->90,False
lonestar,82,Affiliate,18.94362464729167,1.002589566762196,60->90,False
lonestar,83,Affiliate,19.025611640860458,1.0043279464777881,60->90,False
lonestar,84,Affiliate,19.113309249326274,1.0046094501517877,60->90,False
lonestar,85,Affiliate,19.200497005939493,1.0045616253823912,60->90,False
lonestar,86,Affiliate,19.294774415151792,1.00491015462689,60->90,False
lonestar,87,Affiliate,19.360937037128277,1.0034290435613764,60->90,False
lonestar,88,Affiliate,19.433781777882995,1.0037624594623196,60->90,False
lonestar,89,Affiliate,19.47768107555393,1.0022589168784892,60->90,False
lonestar,90,Affiliate,19.555874008520473,1.0040144888225262,60->90,False
lonestar,91,Affiliate,19.634894006531052,1.0040407295514457,90->120,False
lonestar,92,Affiliate,19.72211649326322,1.0044422183640591,90->120,False
lonestar,93,Affiliate,19.8381024847282,1.0058810113764718,90->120,False
lonestar,94,Affiliate,19.961618154851067,1.0062261836895918,90->120,False
lonestar,95,Affiliate,20.034389964698242,1.003645586709587,90->120,False
lonestar,96,Affiliate,20.120966225192408,1.0043213824152728,90->120,False
lonestar,97,Affiliate,20.20424198408817,1.0041387554635173,90->120,False
lonestar,98,Affiliate,20.27834769532457,1.0036678293248893,90->120,False
lonestar,99,Affiliate,20.363508412630736,1.0041995885752468,90->120,False
lonestar,100,Affiliate,20.448236735345155,1.004160791991122,90->120,False
lonestar,101,Affiliate,20.542123086319123,1.0045914154941136,90->120,False
lonestar,102,Affiliate,20.6292487804187,1.004241318861418,90->120,False
lonestar,103,Affiliate,20.70786732058414,1.0038110229316768,90->120,False
lonestar,104,Affiliate,20.813256206568074,1.0050893162657641,90->120,False
lonestar,105,Affiliate,20.901633023553053,1.004246179267091,90->120,False
lonestar,106,Affiliate,20.968086307687113,1.0031793345553037,90->120,False
lonestar,107,Affiliate,21.064484312079163,1.004597367779658,90->120,False
lonestar,108,Affiliate,21.13273324477591,1.0032400001673722,90->120,False
lonestar,109,Affiliate,21.202459580023568,1.0032994470918661,90->120,False
lonestar,110,Affiliate,21.27970496793499,1.0036432276934606,90->120,False
lonestar,111,Affiliate,21.400462844036678,1.0056747908997634,90->120,False
lonestar,112,Affiliate,21.48451927751268,1.0039277857721391,90->120,False
lonestar,113,Affiliate,21.57505485124053,1.0042139911327974,90->120,False
lonestar,114,Affiliate,21.694949625945902,1.0055571017330915,90->120,False
lonestar,115,Affiliate,21.790876855465584,1.004421638730378,90->120,False
lonestar,116,Affiliate,21.86303333029037,1.003311315799882,90->120,False
lonestar,117,Affiliate,21.907890694411652,1.0020517447622024,90->120,False
lonestar,118,Affiliate,21.976594717335182,1.003136040063458,90->120,False
lonestar,119,Affiliate,22.020907625645716,1.0020163682718133,90->120,False
lonestar,120,Affiliate,22.081207011613824,1.0027382788663026,90->120,False
lonestar,121,Affiliate,22.16063999249107,1.003597311543498,120->150,False
lonestar,122,Affiliate,22.256878284053343,1.0043427577721078,120->150,False
lonestar,123,Affiliate,22.369166343997684,1.005045094757282,120->150,False
lonestar,124,Affiliate,22.437735943044146,1.003065362293435,120->150,False
lonestar,125,Affiliate,22.509926131969888,1.0032173562033615,120->150,False
lonestar,126,Affiliate,22.596206154371927,1.0038329767008654,120->150,False
lonestar,127,Affiliate,22.668840661728765,1.0032144558631044,120->150,False
lonestar,128,Affiliate,22.779000163021742,1.0048595119149148,120->150,False
lonestar,129,Affiliate,22.84929142829459,1.0030857923863996,120->150,False
lonestar,130,Affiliate,22.903575653838065,1.0023757509380031,120->150,False
lonestar,131,Affiliate,22.984178582622384,1.003519229049758,120->150,False
lonestar,132,Affiliate,23.049488531868498,1.0028415176557797,120->150,False
lonestar,133,Affiliate,23.107444814888343,1.0025144281592069,120->150,False
lonestar,134,Affiliate,23.18643214145813,1.0034182631269943,120->150,False
lonestar,135,Affiliate,23.266006818026966,1.0034319500336817,120->150,False
lonestar,136,Affiliate,23.31386782665147,1.0020571217484309,120->150,False
lonestar,137,Affiliate,23.403298481925038,1.0038359424501555,120->150,False
lonestar,138,Affiliate,23.47428261619341,1.003033082465841,120->150,False
lonestar,139,Affiliate,23.592534266410585,1.0050374979355323,120->150,False
lonestar,140,Affiliate,23.67403948306522,1.0034547037522237,120->150,False
lonestar,141,Affiliate,23.816563010097486,1.0060202453888032,120->150,False
lonestar,142,Affiliate,23.88668239122772,1.0029441435819477,120->150,False
lonestar,143,Affiliate,23.963748182584833,1.0032263078687484,120->150,False
lonestar,144,Affiliate,24.027989632964253,1.0026807763914873,120->150,False
lonestar,145,Affiliate,24.12119952261009,1.0038792213193717,120->150,False
lonestar,146,Affiliate,24.217394266957793,1.003987975152626,120->150,False
lonestar,147,Affiliate,24.28142839611378,1.0026441378643016,120->150,False
lonestar,148,Affiliate,24.36549019894607,1.0034619793144355,120->150,False
lonestar,149,Affiliate,24.414528287769276,1.0020126042375017,120->150,False
lonestar,150,Affiliate,24.450672919075846,1.001480455853193,120->150,False
lonestar,151,Affiliate,24.519457698812275,1.0028132059990367,150->180,False
lonestar,152,Affiliate,24.564668555354512,1.0018438766916296,150->180,False
lonestar,153,Affiliate,24.60922207485866,1.0018137236170621,150->180,False
lonestar,154,Affiliate,24.666979956955103,1.0023470015395346,150->180,False
lonestar,155,Affiliate,24.73009467877876,1.0025586724412066,150->180,False
lonestar,156,Affiliate,24.781990435956114,1.0020984859884863,150->180,False
lonestar,157,Affiliate,24.82931473319449,1.0019096245461265,150->180,False
lonestar,158,Affiliate,24.90256104322205,1.0029499932162702,150->180,False
lonestar,159,Affiliate,24.966839987882068,1.0025812182348817,150->180,False
lonestar,160,Affiliate,25.0212379768926,1.002178809534444,150->180,False
lonestar,161,Affiliate,25.06413301206495,1.0017143450380819,150->180,False
lonestar,162,Affiliate,25.1183644381316,1.0021637064422115,150->180,False
lonestar,163,Affiliate,25.177662935904237,1.0023607626968982,150->180,False
lonestar,164,Affiliate,25.235857135623558,1.0023113423937506,150->180,False
lonestar,165,Affiliate,25.292012297234827,1.0022252131682898,150->180,False
lonestar,166,Affiliate,25.347630296617325,1.0021990341744607,150->180,False
lonestar,167,Affiliate,25.409539831605045,1.0024424190452226,150->180,False
lonestar,168,Affiliate,25.463126738289702,1.0021089286559217,150->180,False
lonestar,169,Affiliate,25.52462434121323,1.002415163053446,150->180,False
lonestar,170,Affiliate,25.594066877986858,1.0027206095512051,150->180,False
lonestar,171,Affiliate,25.645727602119813,1.00201846484106,150->180,False
lonestar,172,Affiliate,25.690151848967844,1.0017322279771996,150->180,False
lonestar,173,Affiliate,25.7549978135685,1.0025241565321172,150->180,False
lonestar,174,Affiliate,25.798850895545552,1.0017027018326496,150->180,False
lonestar,175,Affiliate,25.85829741739845,1.0023042313819939,150->180,False
lonestar,176,Affiliate,25.926557774452597,1.0026397854411024,150->180,False
lonestar,177,Affiliate,25.98406706252694,1.002218161337677,150->180,False
lonestar,178,Affiliate,26.050920870697304,1.0025728769868663,150->180,False
lonestar,179,Affiliate,26.09101883977584,1.0015392150349525,150->180,False
lonestar,180,Affiliate,26.14655258323722,1.0021284620505782,150->180,False
lonestar,181,Affiliate,26.208897390038707,1.002384436977036,180->270,False
lonestar,182,Affiliate,26.271880639574416,1.0024031247327347,180->270,False
lonestar,183,Affiliate,26.338802358260978,1.0025472755302396,180->270,False
lonestar,184,Affiliate,26.40016789493915,1.0023298529615536,180->270,False
lonestar,185,Affiliate,26.46464861134282,1.0024424358458732,180->270,False
lonestar,186,Affiliate,26.561851452418477,1.003672931483171,180->270,False
lonestar,187,Affiliate,26.69340282559991,1.0049526432077631,180->270,False
lonestar,188,Affiliate,26.745964147419052,1.0019690753615247,180->270,False
lonestar,189,Affiliate,26.803904454043636,1.0021663196101374,180->270,False
lonestar,190,Affiliate,26.84739837618058,1.0016226711377634,180->270,False
lonestar,191,Affiliate,26.934667055267433,1.0032505450943165,180->270,False
lonestar,192,Affiliate,27.01228953673097,1.0028818801177035,180->270,False
lonestar,193,Affiliate,27.08629863924974,1.0027398307876914,180->270,False
lonestar,194,Affiliate,27.155314620518237,1.0025480034089445,180->270,False
lonestar,195,Affiliate,27.212458331805486,1.0021043288242395,180->270,False
lonestar,196,Affiliate,27.291767052429293,1.0029144269017074,180->270,False
lonestar,197,Affiliate,27.363697281766093,1.0026356017621951,180->270,False
lonestar,198,Affiliate,27.437730003970714,1.0027055087418304,180->270,False
lonestar,199,Affiliate,27.478172564571857,1.001473976185176,180->270,False
lonestar,200,Affiliate,27.526300869742904,1.0017515104055028,180->270,False
lonestar,201,Affiliate,27.562814786064358,1.001326510107342,180->270,False
lonestar,202,Affiliate,27.60136271155432,1.0013985482175591,180->270,False
lonestar,203,Affiliate,27.665798737836052,1.0023345233695566,180->270,False
lonestar,204,Affiliate,27.73189871038454,1.0023892305866482,180->270,False
lonestar,205,Affiliate,27.801220132116782,1.0024996998026061,180->270,False
lonestar,206,Affiliate,27.85978766721114,1.0021066534064345,180->270,False
lonestar,207,Affiliate,27.91065980675595,1.001826006003796,180->270,False
lonestar,208,Affiliate,27.94696366211516,1.001300716486481,180->270,False
lonestar,209,Affiliate,28.004086262971267,1.0020439644730903,180->270,False
lonestar,210,Affiliate,28.06652984015898,1.0022298023438916,180->270,False
lonestar,211,Affiliate,28.121985151683763,1.001975852085762,180->270,False
lonestar,212,Affiliate,28.169215828802503,1.0016794929968134,180->270,False
lonestar,213,Affiliate,28.2361388516755,1.0023757502970518,180->270,False
lonestar,214,Affiliate,28.292749672384236,1.0020049065846472,180->270,False
lonestar,215,Affiliate,28.352450023818523,1.0021100936503375,180->270,False
lonestar,216,Affiliate,28.408984680039282,1.0019939954456587,180->270,False
lonestar,217,Affiliate,28.456771983929713,1.0016821193868293,180->270,False
lonestar,218,Affiliate,28.516399213977717,1.0020953616974433,180->270,False
lonestar,219,Affiliate,28.63489846318045,1.0041554772856682,180->270,False
lonestar,220,Affiliate,28.701012368787385,1.002308857693068,180->270,False
lonestar,221,Affiliate,28.7858090928999,1.0029544854732975,180->270,False
lonestar,222,Affiliate,28.836913914086004,1.0017753477423954,180->270,False
lonestar,223,Affiliate,28.876552119440504,1.0013745647496328,180->270,False
lonestar,224,Affiliate,28.918287128801584,1.0014452906007771,180->270,False
lonestar,225,Affiliate,28.967277094301892,1.0016940825465253,180->270,False
lonestar,226,Affiliate,29.006825591626995,1.0013652818384122,180->270,False
lonestar,227,Affiliate,29.044945743965332,1.0013141786996969,180->270,False
lonestar,228,Affiliate,29.1185640878825,1.0025346352706637,180->270,False
lonestar,229,Affiliate,29.168517906283515,1.00171553165363,180->270,False
lonestar,230,Affiliate,29.23335460993944,1.002222831611268,180->270,False
lonestar,231,Affiliate,29.342818977175163,1.003744502425271,180->270,False
lonestar,232,Affiliate,29.384982107470904,1.0014369147807012,180->270,False
lonestar,233,Affiliate,29.435646881372087,1.0017241723583796,180->270,False
lonestar,234,Affiliate,29.49158969778734,1.0019005125533917,180->270,False
lonestar,235,Affiliate,29.538486447532698,1.0015901736809012,180->270,False
lonestar,236,Affiliate,29.592288485383065,1.0018214216204318,180->270,False
lonestar,237,Affiliate,29.638993963145445,1.0015782989472224,180->270,False
lonestar,238,Affiliate,29.692613762677563,1.0018090964760407,180->270,False
lonestar,239,Affiliate,29.75752077067706,1.0021859647829685,180->270,False
lonestar,240,Affiliate,29.82679228554161,1.0023278657989818,180->270,False
lonestar,241,Affiliate,29.888341112581767,1.0020635416122166,180->270,False
lonestar,242,Affiliate,29.93241774521916,1.0014747099034826,180->270,False
lonestar,243,Affiliate,29.993447497362457,1.0020389182278149,180->270,False
lonestar,244,Affiliate,30.049741052983737,1.0018768617921041,180->270,False
lonestar,245,Affiliate,30.106605842264802,1.0018923553843875,180->270,False
lonestar,246,Affiliate,30.175157359269885,1.0022769593279375,180->270,False
lonestar,247,Affiliate,30.214035156982874,1.0012884041415295,180->270,False
lonestar,248,Affiliate,30.25502446383924,1.0013566313351858,180->270,False
lonestar,249,Affiliate,30.28312516039575,1.0009287943756282,180->270,False
lonestar,250,Affiliate,30.330429306683826,1.0015620628993054,180->270,False
lonestar,251,Affiliate,30.406508587808307,1.0025083483110382,180->270,False
lonestar,252,Affiliate,30.44538768970773,1.0012786440701387,180->270,False
lonestar,253,Affiliate,30.504852505071337,1.001953163348408,180->270,False
lonestar,254,Affiliate,30.548188878008762,1.001420638664954,180->270,False
lonestar,255,Affiliate,30.580380894366634,1.0010538109636034,180->270,False
lonestar,256,Affiliate,30.60987037558795,1.000964326812121,180->270,False
lonestar,257,Affiliate,30.63523836682829,1.000828751998263,180->270,False
lonestar,258,Affiliate,30.673997396629662,1.0012651780063622,180->270,False
lonestar,259,Affiliate,30.72337152328711,1.001609641091737,180->270,False
lonestar,260,Affiliate,30.762542762948613,1.0012749655301278,180->270,False
lonestar,261,Affiliate,30.795434257966004,1.0010692059908977,180->270,False
lonestar,262,Affiliate,30.84052954715714,1.0014643498387905,180->270,False
lonestar,263,Affiliate,30.871026555874582,1.000988861383551,180->270,False
lonestar,264,Affiliate,30.959122089163056,1.0028536638757064,180->270,False
lonestar,265,Affiliate,30.99453814134111,1.0011439617724318,180->270,False
lonestar,266,Affiliate,31.03854278288713,1.0014197547111479,180->270,False
lonestar,267,Affiliate,31.079661220720546,1.0013247541329835,180->270,False
lonestar,268,Affiliate,31.116693420732414,1.001191525214798,180->270,False
lonestar,269,Affiliate,31.20411895606107,1.0028096023618758,180->270,False
lonestar,270,Affiliate,31.24541961569305,1.0013235643566842,180->270,False
lonestar,271,Affiliate,31.27812581771153,1.001046751889421,270->365,False
lonestar,272,Affiliate,31.3136994417434,1.0011373323401533,270->365,False
lonestar,273,Affiliate,31.353644080217496,1.001275628213409,270->365,False
lonestar,274,Affiliate,31.396081090831665,1.0013534953227636,270->365,False
lonestar,275,Affiliate,31.427907609065855,1.001013709900357,270->365,False
lonestar,276,Affiliate,31.488339966733385,1.0019228883583104,270->365,False
lonestar,277,Affiliate,31.570617217805417,1.0026129434310909,270->365,False
lonestar,278,Affiliate,31.61049634652432,1.0012631722859195,270->365,False
lonestar,279,Affiliate,31.67690549062127,1.0021008573661403,270->365,False
lonestar,280,Affiliate,31.737950795141625,1.0019271233592697,270->365,False
lonestar,281,Affiliate,31.81169063744104,1.0023233964528895,270->365,False
lonestar,282,Affiliate,31.88366980719665,1.0022626640808237,270->365,False
lonestar,283,Affiliate,31.963805620060167,1.0025133810928324,270->365,False
lonestar,284,Affiliate,32.014727015694504,1.0015930955230932,270->365,False
lonestar,285,Affiliate,32.075589101696366,1.0019010652807385,270->365,False
lonestar,286,Affiliate,32.106245187671036,1.0009557450644935,270->365,False
lonestar,287,Affiliate,32.17775365287096,1.002227244723945,270->365,False
lonestar,288,Affiliate,32.219120322823684,1.0012855673643033,270->365,False
lonestar,289,Affiliate,32.29417884256566,1.0023296266002892,270->365,False
lonestar,290,Affiliate,32.329455193246304,1.0010923439438613,270->365,False
lonestar,291,Affiliate,32.37803981154395,1.0015027973099837,270->365,False
lonestar,292,Affiliate,32.43240194655754,1.0016789816594829,270->365,False
lonestar,293,Affiliate,32.50330046634762,1.0021860397483635,270->365,False
lonestar,294,Affiliate,32.59334038851377,1.0027701778242297,270->365,False
lonestar,295,Affiliate,32.65368244189726,1.0018513614334774,270->365,False
lonestar,296,Affiliate,32.717911624917726,1.001966981308609,270->365,False
lonestar,297,Affiliate,32.780095768247925,1.0019006146860192,270->365,False
lonestar,298,Affiliate,32.821083995391795,1.0012503998595261,270->365,False
lonestar,299,Affiliate,32.86502159699181,1.0013387005013663,270->365,False
lonestar,300,Affiliate,32.90162667342407,1.0011138004678997,270->365,False
lonestar,301,Affiliate,32.94937806505466,1.001451338321493,270->365,False
lonestar,302,Affiliate,33.00089809457377,1.0015636115928317,270->365,False
lonestar,303,Affiliate,33.048825396861716,1.0014523029691675,270->365,False
lonestar,304,Affiliate,33.119044807556186,1.0021247172887766,270->365,False
lonestar,305,Affiliate,33.14904982835236,1.000905974824169,270->365,False
lonestar,306,Affiliate,33.19751830385694,1.0014621377009463,270->365,False
lonestar,307,Affiliate,33.25116906295805,1.0016161075237626,270->365,False
lonestar,308,Affiliate,33.32048265643482,1.0020845460604868,270->365,False
lonestar,309,Affiliate,33.37976389547586,1.0017791230592992,270->365,False
lonestar,310,Affiliate,33.44794639647558,1.0020426298164726,270->365,False
lonestar,311,Affiliate,33.4880384867078,1.0011986413084077,270->365,False
lonestar,312,Affiliate,33.5279471078663,1.0011917276425233,270->365,False
lonestar,313,Affiliate,33.569002149740555,1.0012245021069193,270->365,False
lonestar,314,Affiliate,33.591385345416256,1.0006667816807857,270->365,False
lonestar,315,Affiliate,33.63733313081887,1.0013678443127645,270->365,False
lonestar,316,Affiliate,33.671059810396294,1.0010026561691516,270->365,False
lonestar,317,Affiliate,33.71560083253016,1.0013228280423805,270->365,False
lonestar,318,Affiliate,33.76943132064606,1.0015966047404372,270->365,False
lonestar,319,Affiliate,33.82619813346609,1.0016810118086095,270->365,False
lonestar,320,Affiliate,33.85933223685361,1.000979539682727,270->365,False
lonestar,321,Affiliate,33.89740084297596,1.0011243165061867,270->365,False
lonestar,322,Affiliate,33.94307432259092,1.00134740359081,270->365,False
lonestar,323,Affiliate,33.97931478895149,1.0010676836757963,270->365,False
lonestar,324,Affiliate,34.011302210628195,1.000941379244266,270->365,False
lonestar,325,Affiliate,34.04558625816453,1.0010080192556,270->365,False
lonestar,326,Affiliate,34.072938538417944,1.0008034016523024,270->365,False
lonestar,327,Affiliate,34.11444131728433,1.001218056928656,270->365,False
lonestar,328,Affiliate,34.14774650292095,1.0009762782080136,270->365,False
lonestar,329,Affiliate,34.16747042012812,1.0005776052368633,270->365,False
lonestar,330,Affiliate,34.1975793300002,1.0008812156563498,270->365,False
lonestar,331,Affiliate,34.24230278766742,1.0013077960061338,270->365,False
lonestar,332,Affiliate,34.28352799830814,1.0012039263508752,270->365,False
lonestar,333,Affiliate,34.35622451293281,1.0021204502240335,270->365,False
lonestar,334,Affiliate,34.44971071801288,1.0027210849389134,270->365,False
lonestar,335,Affiliate,34.520008818712085,1.0020406006098173,270->365,False
lonestar,336,Affiliate,34.57291329642399,1.0015325742814767,270->365,False
lonestar,337,Affiliate,34.616510234247286,1.0012610142931693,270->365,False
lonestar,338,Affiliate,34.665082455280505,1.0014031518689936,270->365,False
lonestar,339,Affiliate,34.692243687164215,1.0007835328797716,270->365,False
lonestar,340,Affiliate,34.726553181717016,1.0009889672994974,270->365,False
lonestar,341,Affiliate,34.76524308653349,1.0011141302914233,270->365,False
lonestar,342,Affiliate,34.85617758486095,1.0026156727309836,270->365,False
lonestar,343,Affiliate,34.904841545650946,1.0013961358979055,270->365,False
lonestar,344,Affiliate,34.93404702119004,1.0008367170353973,270->365,False
lonestar,345,Affiliate,34.952713125497716,1.0005343241307356,270->365,False
lonestar,346,Affiliate,34.98171189296467,1.000829657124551,270->365,False
lonestar,347,Affiliate,35.01885200923014,1.0010617009361666,270->365,False
lonestar,348,Affiliate,35.068473435546416,1.0014169918049627,270->365,False
lonestar,349,Affiliate,35.08914907116909,1.000589579003508,270->365,False
lonestar,350,Affiliate,35.14167744067278,1.0014969975304089,270->365,False
lonestar,351,Affiliate,35.18231540725229,1.0011564037217096,270->365,False
lonestar,352,Affiliate,35.21567213940943,1.00094811077017,270->365,False
lonestar,353,Affiliate,35.27290900429755,1.0016253236531036,270->365,False
lonestar,354,Affiliate,35.33249835189891,1.0016893800166609,270->365,False
lonestar,355,Affiliate,35.36892112329534,1.0010308575134899,270->365,False
lonestar,356,Affiliate,35.40261301223385,1.000952584581844,270->365,False
lonestar,357,Affiliate,35.43531725678952,1.0009237805284137,270->365,False
lonestar,358,Affiliate,35.47863251571527,1.0012223753666958,270->365,False
lonestar,359,Affiliate,35.508655378132424,1.000846223777195,270->365,False
lonestar,360,Affiliate,35.5439030193586,1.0009926492808816,270->365,False
lonestar,361,Affiliate,35.58227137828508,1.0010794638648879,270->365,False
lonestar,362,Affiliate,35.62461978108297,1.0011901545673596,270->365,False
lonestar,363,Affiliate,35.6594915894507,1.0009788682260197,270->365,False
lonestar,364,Affiliate,35.68772183744602,1.0007916615391026,270->365,False
lonestar,365,Affiliate,35.71962775037155,1.000894030531589,270->365,False
lonestar,1,Blended,7.01007874015748,,1->7,False
lonestar,2,Blended,10.040492778716795,1.4322938658590927,1->7,False
lonestar,3,Blended,11.880147311428999,1.1832235302844685,1->7,False
lonestar,4,Blended,13.329567410094677,1.1220035459721363,1->7,False
lonestar,5,Blended,14.924982891536457,1.1196899668502032,1->7,False
lonestar,6,Blended,16.01209561501147,1.0728384569265728,1->7,False
lonestar,7,Blended,17.787786068626236,1.110896818024871,1->7,False
lonestar,8,Blended,19.082861470771523,1.072807003476926,7->14,False
lonestar,9,Blended,20.175877396379317,1.0572773599641712,7->14,False
lonestar,10,Blended,21.037184677969748,1.042689954179886,7->14,False
lonestar,11,Blended,21.769653926904418,1.0348178361385836,7->14,False
lonestar,12,Blended,22.58281503341074,1.0373529643253245,7->14,False
lonestar,13,Blended,23.330572508884767,1.033111792058153,7->14,False
lonestar,14,Blended,24.215833336685442,1.0379442393650455,7->14,False
lonestar,15,Blended,25.182624640487766,1.0399239328401595,14->30,False
lonestar,16,Blended,26.050517519034404,1.0344639564357112,14->30,False
lonestar,17,Blended,27.020569513139602,1.037237340616992,14->30,False
lonestar,18,Blended,27.73027092902599,1.0262652278865283,14->30,False
lonestar,19,Blended,28.60284906852342,1.0314666287152672,14->30,False
lonestar,20,Blended,29.484245029216943,1.0308149708646848,14->30,False
lonestar,21,Blended,30.281469535309164,1.0270390001610088,14->30,False
lonestar,22,Blended,31.041114266491483,1.0250861250408125,14->30,False
lonestar,23,Blended,31.801349138006668,1.0244912236393475,14->30,False
lonestar,24,Blended,32.62544755039876,1.025913944996981,14->30,False
lonestar,25,Blended,33.37520477723915,1.0229807491738523,14->30,False
lonestar,26,Blended,34.020413350926255,1.0193319734813169,14->30,False
lonestar,27,Blended,34.67304113904102,1.0191834173613001,14->30,False
lonestar,28,Blended,35.301950421172336,1.0181382786588968,14->30,False
lonestar,29,Blended,36.14076934911068,1.02376126298776,14->30,False
lonestar,30,Blended,36.89104212392291,1.0207597344584667,14->30,False
lonestar,31,Blended,37.60086540599887,1.019241074288212,30->60,False
lonestar,32,Blended,38.25861459120534,1.0174929267745398,30->60,False
lonestar,33,Blended,38.91215002214013,1.0170820464336685,30->60,False
lonestar,34,Blended,39.698847131410034,1.0202172614163516,30->60,False
lonestar,35,Blended,40.45895140362627,1.019146759342914,30->60,False
lonestar,36,Blended,41.35396252268401,1.0221214610860507,30->60,False
lonestar,37,Blended,41.97642933103673,1.0150521684109781,30->60,False
lonestar,38,Blended,42.864251423210504,1.021150491033246,30->60,False
lonestar,39,Blended,43.47079048553737,1.01415023107107,30->60,False
lonestar,40,Blended,44.09155602996966,1.0142800611053717,30->60,False
lonestar,41,Blended,44.860699372134874,1.0174442322163095,30->60,False
lonestar,42,Blended,45.83998418036693,1.021829459235768,30->60,False
lonestar,43,Blended,46.581495093144845,1.0161760726151274,30->60,False
lonestar,44,Blended,47.385131150176285,1.0172522598389013,30->60,False
lonestar,45,Blended,48.07406329605614,1.0145389941772334,30->60,False
lonestar,46,Blended,48.651666909146364,1.0120148698380902,30->60,False
lonestar,47,Blended,49.09002937743692,1.0090102250578417,30->60,False
lonestar,48,Blended,49.81151654108596,1.0146972241165668,30->60,False
lonestar,49,Blended,50.39680221559769,1.011750007129957,30->60,False
lonestar,50,Blended,50.95695662586213,1.0111148800248893,30->60,False
lonestar,51,Blended,51.52340785356251,1.0111162688121154,30->60,False
lonestar,52,Blended,52.2346470973202,1.0138041964494884,30->60,False
lonestar,53,Blended,52.88774037959794,1.0125030668066148,30->60,False
lonestar,54,Blended,53.39854805207745,1.00965833799692,30->60,False
lonestar,55,Blended,54.07220434970579,1.012615629491861,30->60,False
lonestar,56,Blended,54.751125474290546,1.0125558248040696,30->60,False
lonestar,57,Blended,55.44769127794946,1.012722401551106,30->60,False
lonestar,58,Blended,56.089153258028865,1.0115687770815176,30->60,False
lonestar,59,Blended,56.62110246247023,1.0094839942046232,30->60,False
lonestar,60,Blended,57.05991390557255,1.007749962894014,30->60,False
lonestar,61,Blended,57.57956702811456,1.009107148731454,60->90,False
lonestar,62,Blended,57.96230617184318,1.0066471347994288,60->90,False
lonestar,63,Blended,58.45492992958212,1.0084990365338198,60->90,False
lonestar,64,Blended,59.05150603518049,1.010205744944302,60->90,False
lonestar,65,Blended,59.55983116944387,1.008608165454079,60->90,False
lonestar,66,Blended,60.14448360063296,1.0098162204242285,60->90,False
lonestar,67,Blended,60.77712359662589,1.0105186703437965,60->90,False
lonestar,68,Blended,61.345315613521734,1.0093487809766533,60->90,False
lonestar,69,Blended,61.883581155359195,1.0087743544303946,60->90,False
lonestar,70,Blended,62.550743792739055,1.0107809313055904,60->90,False
lonestar,71,Blended,63.15391068910807,1.0096428413124487,60->90,False
lonestar,72,Blended,63.64233094999166,1.0077338086518184,60->90,False
lonestar,73,Blended,64.37618953522691,1.0115309821981835,60->90,False
lonestar,74,Blended,64.88593663910329,1.007918255298373,60->90,False
lonestar,75,Blended,65.29604066536011,1.0063203838535586,60->90,False
lonestar,76,Blended,65.86495617789288,1.0087128638541567,60->90,False
lonestar,77,Blended,66.31619752061997,1.006851008015679,60->90,False
lonestar,78,Blended,66.77417608770118,1.0069059835184129,60->90,False
lonestar,79,Blended,67.42407065138251,1.0097327230638946,60->90,False
lonestar,80,Blended,68.18242928114644,1.0112475948491013,60->90,False
lonestar,81,Blended,68.66221678469749,1.0070368203158717,60->90,False
lonestar,82,Blended,69.0083219422359,1.0050406930295257,60->90,False
lonestar,83,Blended,69.57351861042386,1.008190268249981,60->90,False
lonestar,84,Blended,70.61642697949152,1.0149900190460024,60->90,False
lonestar,85,Blended,71.14735420844018,1.007518466335076,60->90,False
lonestar,86,Blended,71.72055254786667,1.0080564955057527,60->90,False
lonestar,87,Blended,72.11594810259578,1.0055130020709924,60->90,False
lonestar,88,Blended,72.5995253925869,1.0067055526927713,60->90,False
lonestar,89,Blended,73.16169472414832,1.0077434298436725,60->90,False
lonestar,90,Blended,73.53404291236369,1.0050893871392577,60->90,False
lonestar,91,Blended,73.96203374213442,1.0058203087008395,90->120,False
lonestar,92,Blended,74.51312604214482,1.0074510160433359,90->120,False
lonestar,93,Blended,75.01781939241584,1.0067732140238697,90->120,False
lonestar,94,Blended,75.52160522020922,1.0067155488105846,90->120,False
lonestar,95,Blended,75.95718206017959,1.0057675792073049,90->120,False
lonestar,96,Blended,76.5039354753517,1.007198179294473,90->120,False
lonestar,97,Blended,76.97372077893348,1.0061406684592473,90->120,False
lonestar,98,Blended,77.53420502575273,1.0072815012857301,90->120,False
lonestar,99,Blended,78.13703976950681,1.0077750812503186,90->120,False
lonestar,100,Blended,78.58483856080046,1.0057309413386353,90->120,False
lonestar,101,Blended,79.06632477691083,1.0061269606825984,90->120,False
lonestar,102,Blended,79.51928520579993,1.0057288666213733,90->120,False
lonestar,103,Blended,79.96765709836625,1.0056385302182471,90->120,False
lonestar,104,Blended,80.43820139628293,1.005884182618204,90->120,False
lonestar,105,Blended,80.80149937031176,1.0045164855469482,90->120,False
lonestar,106,Blended,81.30918833138882,1.006283162627346,90->120,False
lonestar,107,Blended,81.8158730973156,1.0062315806654187,90->120,False
lonestar,108,Blended,82.15812333972146,1.0041831765579128,90->120,False
lonestar,109,Blended,82.58558309081602,1.0052028908855066,90->120,False
lonestar,110,Blended,82.88902525836691,1.0036742752935124,90->120,False
lonestar,111,Blended,83.41326843135396,1.00632463913471,90->120,False
lonestar,112,Blended,83.89486612119931,1.005773634086065,90->120,False
lonestar,113,Blended,84.29743048549491,1.004798438604265,90->120,False
lonestar,114,Blended,84.70152722550691,1.0047937017496817,90->120,False
lonestar,115,Blended,85.17749989065233,1.0056194106616072,90->120,False
lonestar,116,Blended,85.75907037255726,1.006827747734455,90->120,False
lonestar,117,Blended,86.1811448140589,1.0049216303263089,90->120,False
lonestar,118,Blended,86.63984319043796,1.005322491101374,90->120,False
lonestar,119,Blended,87.03404329846767,1.0045498709775276,90->120,False
lonestar,120,Blended,87.51025526470436,1.0054715597275379,90->120,False
lonestar,121,Blended,88.04262621407877,1.0060835264137222,120->150,False
lonestar,122,Blended,88.51422790900831,1.005356515533542,120->150,False
lonestar,123,Blended,89.0076827743474,1.0055748649341025,120->150,False
lonestar,124,Blended,89.33848725303888,1.0037165834271873,120->150,False
lonestar,125,Blended,89.89156851433427,1.0061908509792523,120->150,False
lonestar,126,Blended,90.38386232585104,1.005476529330315,120->150,False
lonestar,127,Blended,90.83570599516852,1.004999163099365,120->150,False
lonestar,128,Blended,91.30812082998636,1.0052007614147125,120->150,False
lonestar,129,Blended,91.6465156357943,1.0037060756779566,120->150,False
lonestar,130,Blended,92.10033081740481,1.0049517996233919,120->150,False
lonestar,131,Blended,92.46298756851459,1.0039376270192641,120->150,False
lonestar,132,Blended,92.90565590561721,1.0047875192954867,120->150,False
lonestar,133,Blended,93.3678105832696,1.0049744514814243,120->150,False
lonestar,134,Blended,93.94121756458968,1.0061413776090282,120->150,False
lonestar,135,Blended,94.29858205923423,1.0038041288361932,120->150,False
lonestar,136,Blended,94.7137113756637,1.004402285881337,120->150,False
lonestar,137,Blended,95.40018167094787,1.0072478449562747,120->150,False
lonestar,138,Blended,95.92849697619684,1.0055378857355977,120->150,False
lonestar,139,Blended,96.64493814639071,1.007468491561706,120->150,False
lonestar,140,Blended,97.3782364314092,1.0075875498405074,120->150,False
lonestar,141,Blended,98.16243712021067,1.008053141210396,120->150,False
lonestar,142,Blended,98.62058777102654,1.0046672705390842,120->150,False
lonestar,143,Blended,99.08331742122513,1.0046920187828625,120->150,False
lonestar,144,Blended,99.6208745195396,1.0054253037979057,120->150,False
lonestar,145,Blended,100.21989899852507,1.0060130417633302,120->150,False
lonestar,146,Blended,100.84025396301719,1.006189938033177,120->150,False
lonestar,147,Blended,101.43616847640705,1.0059094904065633,120->150,False
lonestar,148,Blended,101.86453470660156,1.004223012724442,120->150,False
lonestar,149,Blended,102.23827749149866,1.0036690177398206,120->150,False
lonestar,150,Blended,102.70650270707576,1.0045797447596476,120->150,False
lonestar,151,Blended,103.21369043711955,1.0049382241306601,150->180,False
lonestar,152,Blended,103.63403204140332,1.0040725373010457,150->180,False
lonestar,153,Blended,103.93917291441159,1.0029444079999354,150->180,False
lonestar,154,Blended,104.3725852536946,1.0041698651925959,150->180,False
lonestar,155,Blended,104.70877916756882,1.003221094055082,150->180,False
lonestar,156,Blended,105.25731619092059,1.005238691805144,150->180,False
lonestar,157,Blended,105.63689584521603,1.0036062068465335,150->180,False
lonestar,158,Blended,105.99556046817649,1.0033952590152402,150->180,False
lonestar,159,Blended,106.36556604882242,1.0034907648868654,150->180,False
lonestar,160,Blended,106.72940997196521,1.0034206927735974,150->180,False
lonestar,161,Blended,107.25233483545057,1.0048995385959945,150->180,False
lonestar,162,Blended,107.89260129391478,1.005969720467592,150->180,False
lonestar,163,Blended,108.30444438014871,1.0038171578152242,150->180,False
lonestar,164,Blended,108.75552404963388,1.0041649229823097,150->180,False
lonestar,165,Blended,109.2994607023895,1.005001462293606,150->180,False
lonestar,166,Blended,109.6518909645599,1.0032244464877098,150->180,False
lonestar,167,Blended,110.19635595663223,1.0049653953733302,150->180,False
lonestar,168,Blended,110.6433863550658,1.0040566713350259,150->180,False
lonestar,169,Blended,111.10688264570445,1.0041891007308041,150->180,False
lonestar,170,Blended,111.56689629788248,1.0041402804328956,150->180,False
lonestar,171,Blended,112.14348621889563,1.0051681093599096,150->180,False
lonestar,172,Blended,112.62179877063058,1.0042651835417469,150->180,False
lonestar,173,Blended,113.10444450298874,1.004285544518261,150->180,False
lonestar,174,Blended,113.60349755502263,1.0044123204373343,150->180,False
lonestar,175,Blended,114.12542247864153,1.004594268089027,150->180,False
lonestar,176,Blended,114.58728877021625,1.0040470061932183,150->180,False
lonestar,177,Blended,115.07497066141879,1.0042559859512907,150->180,False
lonestar,178,Blended,115.69466672801661,1.0053851507676776,150->180,False
lonestar,179,Blended,116.34651005230954,1.0056341691689672,150->180,False
lonestar,180,Blended,116.79215736239703,1.0038303453183695,150->180,False
lonestar,181,Blended,117.19742678485244,1.0034700054490635,180->270,False
lonestar,182,Blended,117.6374526882708,1.003754569664965,180->270,False
lonestar,183,Blended,118.28385727440534,1.0054948876515326,180->270,False
lonestar,184,Blended,118.71311334868953,1.0036290334469595,180->270,False
lonestar,185,Blended,119.12564507298308,1.0034750307919382,180->270,False
lonestar,186,Blended,119.69793887680486,1.0048041192429318,180->270,False
lonestar,187,Blended,120.21258993057013,1.0042995815850677,180->270,False
lonestar,188,Blended,120.75776633724098,1.0045351024130311,180->270,False
lonestar,189,Blended,121.22528682744658,1.0038715562931162,180->270,False
lonestar,190,Blended,121.76988730906078,1.0044924660181616,180->270,False
lonestar,191,Blended,122.36120427115104,1.004856019621579,180->270,False
lonestar,192,Blended,122.95943977376002,1.0048890945963829,180->270,False
lonestar,193,Blended,123.49457270377924,1.0043521093704058,180->270,False
lonestar,194,Blended,123.95185842175168,1.003702881089919,180->270,False
lonestar,195,Blended,124.57733535279706,1.0050461279000527,180->270,False
lonestar,196,Blended,125.07164537766778,1.00396789691697,180->270,False
lonestar,197,Blended,125.52265554064307,1.003606014469654,180->270,False
lonestar,198,Blended,126.06134756725203,1.0042915920181001,180->270,False
lonestar,199,Blended,126.46614563005657,1.0032111195907103,180->270,False
lonestar,200,Blended,126.93732692862088,1.0037257504466264,180->270,False
lonestar,201,Blended,127.35583906033335,1.003296998147344,180->270,False
lonestar,202,Blended,127.81443001139738,1.003600863175553,180->270,False
lonestar,203,Blended,128.2904573967506,1.0037243634017754,180->270,False
lonestar,204,Blended,128.59704907763702,1.002389824520917,180->270,False
lonestar,205,Blended,129.09539037407313,1.0038752156446082,180->270,False
lonestar,206,Blended,129.60890303058432,1.0039777768596012,180->270,False
lonestar,207,Blended,129.90063796485347,1.0022508865320796,180->270,False
lonestar,208,Blended,130.3175312691726,1.0032093245333555,180->270,False
lonestar,209,Blended,130.7435529499693,1.003269104905899,180->270,False
lonestar,210,Blended,131.1128469808835,1.0028245678091332,180->270,False
lonestar,211,Blended,131.45507182072566,1.0026101548987956,180->270,False
lonestar,212,Blended,131.7529854901717,1.0022662774841609,180->270,False
lonestar,213,Blended,132.36603493484589,1.0046530212760902,180->270,False
lonestar,214,Blended,132.77913748841607,1.0031209105400303,180->270,False
lonestar,215,Blended,133.25330481215025,1.0035710980859138,180->270,False
lonestar,216,Blended,133.73536397038495,1.003617615029618,180->270,False
lonestar,217,Blended,134.10115852533553,1.0027352118698505,180->270,False
lonestar,218,Blended,134.53793434026394,1.0032570622038728,180->270,False
lonestar,219,Blended,134.9390043304136,1.0029810922258946,180->270,False
lonestar,220,Blended,135.373906834695,1.0032229562270705,180->270,False
lonestar,221,Blended,135.78289036736803,1.0030211400574591,180->270,False
lonestar,222,Blended,136.2070124432928,1.0031235310632827,180->270,False
lonestar,223,Blended,136.55622706265817,1.0025638519860405,180->270,False
lonestar,224,Blended,136.9276166821434,1.002719682781766,180->270,False
lonestar,225,Blended,137.34484630794316,1.003047081632687,180->270,False
lonestar,226,Blended,137.7169838860182,1.0027095125014058,180->270,False
lonestar,227,Blended,138.0607426575588,1.0024961247468585,180->270,False
lonestar,228,Blended,138.40550794756678,1.0024972000249421,180->270,False
lonestar,229,Blended,138.76395489732187,1.002589831539731,180->270,False
lonestar,230,Blended,139.4454109081663,1.0049109007548012,180->270,False
lonestar,231,Blended,139.9694155718855,1.0037577763248464,180->270,False
lonestar,232,Blended,140.43996784736547,1.0033618221063323,180->270,False
lonestar,233,Blended,140.84550184271896,1.002887596754467,180->270,False
lonestar,234,Blended,141.14133439560925,1.0021004046918065,180->270,False
lonestar,235,Blended,141.51756928655857,1.002665660577466,180->270,False
lonestar,236,Blended,141.85105822689948,1.0023565197029751,180->270,False
lonestar,237,Blended,142.18377352591938,1.0023455256744556,180->270,False
lonestar,238,Blended,142.5941383207217,1.0028861577142452,180->270,False
lonestar,239,Blended,142.96121028580504,1.0025742430187259,180->270,False
lonestar,240,Blended,143.34152689654186,1.0026602783368754,180->270,False
lonestar,241,Blended,143.6818286909241,1.002374062853592,180->270,False
lonestar,242,Blended,144.112414967622,1.0029968039843375,180->270,False
lonestar,243,Blended,144.52911289973554,1.002891478379619,180->270,False
lonestar,244,Blended,145.11484468310437,1.0040526906421627,180->270,False
lonestar,245,Blended,145.4745719985446,1.0024789146570483,180->270,False
lonestar,246,Blended,145.84677786007177,1.0025585630286706,180->270,False
lonestar,247,Blended,146.22362251205703,1.0025838394067699,180->270,False
lonestar,248,Blended,146.70982657775133,1.0033250719503561,180->270,False
lonestar,249,Blended,147.14349702434203,1.0029559740932614,180->270,False
lonestar,250,Blended,147.57102185832585,1.0029054959453159,180->270,False
lonestar,251,Blended,148.0202982331108,1.0030444755964099,180->270,False
lonestar,252,Blended,148.4311881990009,1.0027759028376164,180->270,False
lonestar,253,Blended,148.83182739190858,1.0026991577563238,180->270,False
lonestar,254,Blended,149.31949048133512,1.0032766048631683,180->270,False
lonestar,255,Blended,149.69526165630361,1.0025165581114508,180->270,False
lonestar,256,Blended,150.05687797739336,1.0024156831491433,180->270,False
lonestar,257,Blended,150.4768386355313,1.0027986765005281,180->270,False
lonestar,258,Blended,150.85938566917818,1.0025422319947421,180->270,False
lonestar,259,Blended,151.37109951534606,1.003391992111714,180->270,False
lonestar,260,Blended,151.70920299023226,1.002233606520457,180->270,False
lonestar,261,Blended,151.99857755920107,1.0019074292347805,180->270,False
lonestar,262,Blended,152.2883990280767,1.001906738033537,180->270,False
lonestar,263,Blended,152.66285172092557,1.0024588392499933,180->270,False
lonestar,264,Blended,153.07504661416047,1.002700034019988,180->270,False
lonestar,265,Blended,153.43941812158565,1.0023803455591531,180->270,False
lonestar,266,Blended,153.91060991745678,1.0030708653724023,180->270,False
lonestar,267,Blended,154.26456004518488,1.002299712332489,180->270,False
lonestar,268,Blended,154.6440994475547,1.0024603149437477,180->270,False
lonestar,269,Blended,154.9731599512363,1.0021278568329288,180->270,False
lonestar,270,Blended,155.27988198217537,1.0019791945330119,180->270,False
lonestar,271,Blended,155.6020005362535,1.0020744384267057,270->365,False
lonestar,272,Blended,156.12204708252014,1.003342158484302,270->365,False
lonestar,273,Blended,156.56002948791763,1.0028053847203655,270->365,False
lonestar,274,Blended,156.99167752564577,1.002757076880606,270->365,False
lonestar,275,Blended,157.3808019717992,1.00247863104775,270->365,False
lonestar,276,Blended,157.91362720385604,1.003385579596629,270->365,False
lonestar,277,Blended,158.34305599861992,1.0027193903551435,270->365,False
lonestar,278,Blended,158.61899179992187,1.0017426454198557,270->365,False
lonestar,279,Blended,158.98477455424995,1.0023060463956892,270->365,False
lonestar,280,Blended,159.38676752996528,1.0025284998317758,270->365,False
lonestar,281,Blended,159.85730926728385,1.0029522007667926,270->365,False
lonestar,282,Blended,160.24936012614475,1.0024525050537751,270->365,False
lonestar,283,Blended,160.69022707654315,1.0027511308004684,270->365,False
lonestar,284,Blended,161.10458464225164,1.0025786108666777,270->365,False
lonestar,285,Blended,161.61338048313235,1.0031581710850161,270->365,False
lonestar,286,Blended,162.03164383501306,1.002588049025584,270->365,False
lonestar,287,Blended,162.43655813313714,1.0024989828439708,270->365,False
lonestar,288,Blended,162.74167687124998,1.0018783871169121,270->365,False
lonestar,289,Blended,163.1428752513423,1.0024652466891424,270->365,False
lonestar,290,Blended,163.54905283433976,1.0024897046982388,270->365,False
lonestar,291,Blended,163.92862228085295,1.0023208293777015,270->365,False
lonestar,292,Blended,164.3572854946963,1.0026149381839429,270->365,False
lonestar,293,Blended,164.79192064694354,1.0026444532162906,270->365,False
lonestar,294,Blended,165.21026849778227,1.0025386429698517,270->365,False
lonestar,295,Blended,165.66904146456736,1.0027769034634264,270->365,False
lonestar,296,Blended,166.06297598845242,1.0023778403037922,270->365,False
lonestar,297,Blended,166.6525137651217,1.00355008558145,270->365,False
lonestar,298,Blended,167.17835637997302,1.003155323631016,270->365,False
lonestar,299,Blended,167.701262528777,1.003127834009897,270->365,False
lonestar,300,Blended,168.07824241309743,1.0022479251416234,270->365,False
lonestar,301,Blended,168.505387063589,1.00254134410474,270->365,False
lonestar,302,Blended,168.83280385504162,1.001943064237638,270->365,False
lonestar,303,Blended,169.17025082551564,1.0019987050073738,270->365,False
lonestar,304,Blended,169.69043977288766,1.003074943406619,270->365,False
lonestar,305,Blended,170.08955125778124,1.002351997469202,270->365,False
lonestar,306,Blended,170.55213673101542,1.0027196583788567,270->365,False
lonestar,307,Blended,171.05054670825487,1.0029223320609904,270->365,False
lonestar,308,Blended,171.6095603816703,1.0032681197702857,270->365,False
lonestar,309,Blended,172.09234912308264,1.002813297466287,270->365,False
lonestar,310,Blended,172.45433693249208,1.0021034509160576,270->365,False
lonestar,311,Blended,172.94736493694393,1.0028588901457713,270->365,False
lonestar,312,Blended,173.3331895969822,1.0022308790895944,270->365,False
lonestar,313,Blended,173.700362766393,1.0021183085032042,270->365,False
lonestar,314,Blended,174.07294717780877,1.002144983496188,270->365,False
lonestar,315,Blended,174.54972542180477,1.0027389565795597,270->365,False
lonestar,316,Blended,174.86235922236438,1.0017910873237075,270->365,False
lonestar,317,Blended,175.28658700445845,1.0024260669018803,270->365,False
lonestar,318,Blended,175.67458687637745,1.0022135171809188,270->365,False
lonestar,319,Blended,176.1046662113118,1.0024481590797023,270->365,False
lonestar,320,Blended,176.502827591958,1.0022609360059116,270->365,False
lonestar,321,Blended,176.8604448709263,1.0020261277615055,270->365,False
lonestar,322,Blended,177.36274078217318,1.002840069251287,270->365,False
lonestar,323,Blended,177.87377444560826,1.002881290970028,270->365,False
lonestar,324,Blended,178.3006710712969,1.0023999975657973,270->365,False
lonestar,325,Blended,178.71430874151545,1.0023198884655524,270->365,False
lonestar,326,Blended,179.1476084539057,1.0024245384459782,270->365,False
lonestar,327,Blended,179.71040345569085,1.0031415155727852,270->365,False
lonestar,328,Blended,180.2622627143205,1.00307082532796,270->365,False
lonestar,329,Blended,180.73752226770725,1.0026364894472668,270->365,False
lonestar,330,Blended,181.1536410767568,1.0023023376874294,270->365,False
lonestar,331,Blended,181.3921314956984,1.0013165091108522,270->365,False
lonestar,332,Blended,181.9257025837684,1.0029415338122463,270->365,False
lonestar,333,Blended,182.3671161049869,1.0024263395163486,270->365,False
lonestar,334,Blended,182.68712345769012,1.001754742628704,270->365,False
lonestar,335,Blended,183.06930015518395,1.0020919739183607,270->365,False
lonestar,336,Blended,183.4994742969311,1.0023497885302588,270->365,False
lonestar,337,Blended,183.92737192985393,1.002331873889897,270->365,False
lonestar,338,Blended,184.2831601372513,1.001934395102068,270->365,False
lonestar,339,Blended,184.58749840531993,1.0016514708551882,270->365,False
lonestar,340,Blended,184.96757293671902,1.0020590480649156,270->365,False
lonestar,341,Blended,185.56671139845915,1.0032391540432068,270->365,False
lonestar,342,Blended,186.04358915779423,1.0025698453981389,270->365,False
lonestar,343,Blended,186.4269956714476,1.0020608423831696,270->365,False
lonestar,344,Blended,186.71653745933176,1.001553110840205,270->365,False
lonestar,345,Blended,187.15138080479477,1.002328895722789,270->365,False
lonestar,346,Blended,187.50714203360914,1.00190092761958,270->365,False
lonestar,347,Blended,187.9900031845201,1.0025751613814498,270->365,False
lonestar,348,Blended,188.33955234009068,1.0018594028919052,270->365,False
lonestar,349,Blended,188.78775619248233,1.0023797648811563,270->365,False
lonestar,350,Blended,189.27666092775107,1.002589705736903,270->365,False
lonestar,351,Blended,189.76062425558234,1.0025569096869054,270->365,False
lonestar,352,Blended,190.17116384277062,1.0021634603532676,270->365,False
lonestar,353,Blended,190.63740822269145,1.0024517091366507,270->365,False
lonestar,354,Blended,191.24227861525304,1.003172884053559,270->365,False
lonestar,355,Blended,191.61993194608803,1.001974737665591,270->365,False
lonestar,356,Blended,192.0785145357028,1.0023931883544546,270->365,False
lonestar,357,Blended,192.51777015205607,1.0022868545053831,270->365,False
lonestar,358,Blended,192.99257857772287,1.0024663096050395,270->365,False
lonestar,359,Blended,193.43691622101443,1.002302356114241,270->365,False
lonestar,360,Blended,193.9074943539685,1.0024327214378066,270->365,False
lonestar,361,Blended,194.3682148690262,1.0023759809624309,270->365,False
lonestar,362,Blended,195.05322005200205,1.0035242654434906,270->365,False
lonestar,363,Blended,195.50001516423578,1.002290631818919,270->365,False
lonestar,364,Blended,195.94535954134753,1.0022779761768184,270->365,False
lonestar,365,Blended,196.41334111294816,1.0023883268922318,270->365,False
