brand,population,goal_horizon,day,ARPU_nominal,ARPU_at_horizon,raw_goal_ratio,organic_share,adjusted_goal_ratio,effective_patch,is_extrapolated
realprize,Web,120,1,0.42648374704491726,1.7467934889176902,0.24415235673288763,0.4824250367129681,0.12636714707246663,1->7,False
realprize,Web,120,2,0.4982748817966903,1.7467934889176902,0.2852511673291274,0.4824250367129681,0.14763886245795613,1->7,False
realprize,Web,120,3,0.5510529953363965,1.7467934889176902,0.3154654507430228,0.4824250367129681,0.163277019086647,1->7,False
realprize,Web,120,4,0.6095100242925906,1.7467934889176902,0.348930785556249,0.4824250367129681,0.18059783852399078,1->7,False
realprize,Web,120,5,0.6606391036278525,1.7467934889176902,0.37820103396262555,0.4824250367129681,0.19574738626832341,1->7,False
realprize,Web,120,6,0.6816374015596758,1.7467934889176902,0.3902220874329094,0.4824250367129681,0.20196918257687704,1->7,False
realprize,Web,120,7,0.6999122715438257,1.7467934889176902,0.4006840396328074,0.4824250367129681,0.20738402710264991,1->7,False
realprize,Web,120,8,0.7212494335570463,1.7467934889176902,0.41289908517115614,0.4824250367129681,0.2137062288487102,7->14,False
realprize,Web,120,9,0.7269058187402492,1.7467934889176902,0.41613723851846884,0.4824250367129681,0.21538221594856335,7->14,False
realprize,Web,120,10,0.7629460271758594,1.7467934889176902,0.4367694475713779,0.4824250367129681,0.22606093079165313,7->14,False
realprize,Web,120,11,0.7690304227382972,1.7467934889176902,0.4402526272380297,0.4824250367129681,0.22786373737974258,7->14,False
realprize,Web,120,12,0.7881530352282301,1.7467934889176902,0.45119989296305896,0.4824250367129681,0.23352976803546796,7->14,False
realprize,Web,120,13,0.7960692572460353,1.7467934889176902,0.4557317520912436,0.4824250367129681,0.23587534485736014,7->14,False
realprize,Web,120,14,0.8333521947914313,1.7467934889176902,0.477075395619762,0.4824250367129681,0.24692228037304453,7->14,False
realprize,Web,120,15,0.8580281250159959,1.7467934889176902,0.49120181089501797,0.4824250367129681,0.2542337592405125,14->30,False
realprize,Web,120,16,0.8618807468646213,1.7467934889176902,0.493407350286519,0.4824250367129681,0.2553752912100968,14->30,False
realprize,Web,120,17,0.8642884848857518,1.7467934889176902,0.49478572617147965,0.4824250367129681,0.256088704058151,14->30,False
realprize,Web,120,18,0.8984608550593529,1.7467934889176902,0.5143486398131913,0.4824250367129681,0.2662139783680473,14->30,False
realprize,Web,120,19,0.899664724069918,1.7467934889176902,0.5150378277556716,0.4824250367129681,0.2665706847920744,14->30,False
realprize,Web,120,20,0.9094470334594715,1.7467934889176902,0.5206379799497439,0.4824250367129681,0.26946918335832315,14->30,False
realprize,Web,120,21,0.9181863391780198,1.7467934889176902,0.5256410359915678,0.4824250367129681,0.2720586399054931,14->30,False
realprize,Web,120,22,0.9187154149041445,1.7467934889176902,0.5259439199497926,0.4824250367129681,0.27221540505905156,14->30,False
realprize,Web,120,23,0.9283511872850045,1.7467934889176902,0.5314601830009162,0.4824250367129681,0.2750704847052185,14->30,False
realprize,Web,120,24,0.9373675154341321,1.7467934889176902,0.5366218281560708,0.4824250367129681,0.2777420230068983,14->30,False
realprize,Web,120,25,0.9457982137303421,1.7467934889176902,0.5414482133868938,0.4824250367129681,0.28024003916555057,14->30,False
realprize,Web,120,26,0.9475908591691781,1.7467934889176902,0.5424744625973523,0.4824250367129681,0.280771200062977,14->30,False
realprize,Web,120,27,0.9628642940434649,1.7467934889176902,0.551218160676826,0.4824250367129681,0.28529671927545347,14->30,False
realprize,Web,120,28,0.9730496554705325,1.7467934889176902,0.5570490511007298,0.4824250367129681,0.28831464217253616,14->30,False
realprize,Web,120,29,0.9826160157095544,1.7467934889176902,0.5625255772612144,0.4824250367129681,0.29114915499898947,14->30,False
realprize,Web,120,30,0.9891930379604509,1.7467934889176902,0.5662907746314952,0.4824250367129681,0.293097926889681,14->30,False
realprize,Web,120,31,1.007160922242414,1.7467934889176902,0.5765769844187185,0.4824250367129681,0.2984218115426658,30->60,False
realprize,Web,120,32,1.0170582579189456,1.7467934889176902,0.5822429865759993,0.4824250367129681,0.30135439240120465,30->60,False
realprize,Web,120,33,1.0249644146380514,1.7467934889176902,0.5867690835469723,0.4824250367129681,0.3036969868747896,30->60,False
realprize,Web,120,34,1.031898534112467,1.7467934889176902,0.5907387110492547,0.4824250367129681,0.3057515666835465,30->60,False
realprize,Web,120,35,1.0361771222811056,1.7467934889176902,0.593188106582146,0.4824250367129681,0.3070193124865582,30->60,False
realprize,Web,120,36,1.0421781198400348,1.7467934889176902,0.5966235427667905,0.4824250367129681,0.3087974082437005,30->60,False
realprize,Web,120,37,1.0449798205062448,1.7467934889176902,0.5982274534087669,0.4824250367129681,0.3096275522353371,30->60,False
realprize,Web,120,38,1.0492067866447088,1.7467934889176902,0.600647296489979,0.4824250367129681,0.3108800024292559,30->60,False
realprize,Web,120,39,1.0654865070260806,1.7467934889176902,0.6099670703983755,0.4824250367129681,0.3157036840677376,30->60,False
realprize,Web,120,40,1.0739434002519692,1.7467934889176902,0.6148084516375101,0.4824250367129681,0.3182094617848412,30->60,False
realprize,Web,120,41,1.0884473972420403,1.7467934889176902,0.6231116638272107,0.4824250367129681,0.32250699652908993,30->60,False
realprize,Web,120,42,1.090186332957462,1.7467934889176902,0.6241071654285472,0.4824250367129681,0.32302224323385387,30->60,False
realprize,Web,120,43,1.1053467300329594,1.7467934889176902,0.6327861519095941,0.4824250367129681,0.32751426934315037,30->60,False
realprize,Web,120,44,1.1148128838619074,1.7467934889176902,0.638205312153209,0.4824250367129681,0.33031909100728585,30->60,False
realprize,Web,120,45,1.1248641973442757,1.7467934889176902,0.6439594631425145,0.4824250367129681,0.33329729549432374,30->60,False
realprize,Web,120,46,1.129513733198773,1.7467934889176902,0.6466212178857029,0.4824250367129681,0.33467495310780854,30->60,False
realprize,Web,120,47,1.1372929921052557,1.7467934889176902,0.6510746687119381,0.4824250367129681,0.3369799477556978,30->60,False
realprize,Web,120,48,1.1423667896466219,1.7467934889176902,0.6539793037323662,0.4824250367129681,0.3384833141197581,30->60,False
realprize,Web,120,49,1.1430004327243182,1.7467934889176902,0.6543420501484231,0.4824250367129681,0.3386710625827313,30->60,False
realprize,Web,120,50,1.1510766325123385,1.7467934889176902,0.6589654929533446,0.4824250367129681,0.3410640408227482,30->60,False
realprize,Web,120,51,1.1694003382608957,1.7467934889176902,0.6694554025304124,0.4824250367129681,0.34649335538698334,30->60,False
realprize,Web,120,52,1.1723173298198004,1.7467934889176902,0.671125314616421,0.4824250367129681,0.3473576600735918,30->60,False
realprize,Web,120,53,1.1767549463272178,1.7467934889176902,0.6736657502978974,0.4824250367129681,0.34867252597816506,30->60,False
realprize,Web,120,54,1.1815819276230328,1.7467934889176902,0.6764290885668108,0.4824250367129681,0.35010276068124757,30->60,False
realprize,Web,120,55,1.1863552819032335,1.7467934889176902,0.6791617265749581,0.4824250367129681,0.35151710569799116,30->60,False
realprize,Web,120,56,1.1906672695761542,1.7467934889176902,0.6816302425731443,0.4824250367129681,0.3527947477751258,30->60,False
realprize,Web,120,57,1.1990779550785395,1.7467934889176902,0.6864451709294417,0.4824250367129681,0.3552868341423661,30->60,False
realprize,Web,120,58,1.210539365514626,1.7467934889176902,0.6930065707221486,0.4824250367129681,0.3586828503991879,30->60,False
realprize,Web,120,59,1.2245720344191262,1.7467934889176902,0.7010399581795262,0.4824250367129681,0.36284073061751065,30->60,False
realprize,Web,120,60,1.234326110925061,1.7467934889176902,0.7066239476824745,0.4824250367129681,0.36573086377949426,30->60,False
realprize,Web,120,61,1.2389711890941333,1.7467934889176902,0.7092831505009773,0.4824250367129681,0.36710720058065366,60->90,False
realprize,Web,120,62,1.2528081069617543,1.7467934889176902,0.7172044748907278,0.4824250367129681,0.3712070797608634,60->90,False
realprize,Web,120,63,1.2968462225767412,1.7467934889176902,0.7424153059903289,0.4824250367129681,0.38425557474167504,60->90,False
realprize,Web,120,64,1.3177044309221537,1.7467934889176902,0.7543561613219665,0.4824250367129681,0.3904358625015631,60->90,False
realprize,Web,120,65,1.325503174911205,1.7467934889176902,0.7588207669198974,0.4824250367129681,0.3927466305800033,60->90,False
realprize,Web,120,66,1.3325040857541313,1.7467934889176902,0.7628286309790107,0.4824250367129681,0.39482100067325826,60->90,False
realprize,Web,120,67,1.339063720874403,1.7467934889176902,0.7665838746079161,0.4824250367129681,0.39676462075662283,60->90,False
realprize,Web,120,68,1.3796959450763042,1.7467934889176902,0.7898449094467149,0.4824250367129681,0.4088039500093325,60->90,False
realprize,Web,120,69,1.4073242614842532,1.7467934889176902,0.805661499434732,0.4824250367129681,0.41699022099170646,60->90,False
realprize,Web,120,70,1.4136332274787393,1.7467934889176902,0.8092732406248112,0.4824250367129681,0.418859567805564,60->90,False
realprize,Web,120,71,1.4244478024664138,1.7467934889176902,0.815464341665825,0.4824250367129681,0.42206392669957304,60->90,False
realprize,Web,120,72,1.4380368219499104,1.7467934889176902,0.8232437498040568,0.4824250367129681,0.4260903535811132,60->90,False
realprize,Web,120,73,1.4434985666473679,1.7467934889176902,0.8263704758492985,0.4824250367129681,0.4277086686991877,60->90,False
realprize,Web,120,74,1.4507896392610504,1.7467934889176902,0.8305444509985876,0.4824250367129681,0.42986901373384206,60->90,False
realprize,Web,120,75,1.456590640207088,1.7467934889176902,0.8338653936187893,0.4824250367129681,0.4315878504885713,60->90,False
realprize,Web,120,76,1.4590970633286557,1.7467934889176902,0.8353002645050558,0.4824250367129681,0.43233050373485227,60->90,False
realprize,Web,120,77,1.4676996416093657,1.7467934889176902,0.8402250471627013,0.4824250367129681,0.43487944793807976,60->90,False
realprize,Web,120,78,1.4730849674642281,1.7467934889176902,0.8433080251386491,0.4824250367129681,0.4364751201507957,60->90,False
realprize,Web,120,79,1.478259231753828,1.7467934889176902,0.8462701751136904,0.4824250367129681,0.43800825481537836,60->90,False
realprize,Web,120,80,1.4864274292450497,1.7467934889176902,0.85094628453535,0.4824250367129681,0.44042849197762,60->90,False
realprize,Web,120,81,1.4953227446817372,1.7467934889176902,0.8560386526333095,0.4824250367129681,0.4430641742089654,60->90,False
realprize,Web,120,82,1.5039033408940408,1.7467934889176902,0.8609508510510057,0.4824250367129681,0.4456066051246631,60->90,False
realprize,Web,120,83,1.508751539963679,1.7467934889176902,0.8637263360184029,0.4824250367129681,0.4470431266547674,60->90,False
realprize,Web,120,84,1.514411513989673,1.7467934889176902,0.866966543897527,0.4824250367129681,0.4487201771288475,60->90,False
realprize,Web,120,85,1.522089213596468,1.7467934889176902,0.8713618543080051,0.4824250367129681,0.45099507975318576,60->90,False
realprize,Web,120,86,1.529271499486857,1.7467934889176902,0.8754735515040136,0.4824250367129681,0.4531231912784573,60->90,False
realprize,Web,120,87,1.5381071035254834,1.7467934889176902,0.8805317361690486,0.4824250367129681,0.4557411810207618,60->90,False
realprize,Web,120,88,1.5433461674184534,1.7467934889176902,0.8835309824601577,0.4824250367129681,0.45729351580977134,60->90,False
realprize,Web,120,89,1.5518158267097872,1.7467934889176902,0.8883796719847458,0.4824250367129681,0.45980307611245025,60->90,False
realprize,Web,120,90,1.5631887355095306,1.7467934889176902,0.8948904065803905,0.4824250367129681,0.46317286933176266,60->90,False
realprize,Web,120,91,1.5672251831204311,1.7467934889176902,0.8972011820879185,0.4824250367129681,0.46436886888023604,90->120,False
realprize,Web,120,92,1.575287925020159,1.7467934889176902,0.9018169205543607,0.4824250367129681,0.4667578595475474,90->120,False
realprize,Web,120,93,1.583484110581402,1.7467934889176902,0.9065090525168636,0.4824250367129681,0.4691863895757778,90->120,False
realprize,Web,120,94,1.5927180549183584,1.7467934889176902,0.9117952780469794,0.4824250367129681,0.4719224075604544,90->120,False
realprize,Web,120,95,1.5994086478638108,1.7467934889176902,0.9156254920865323,0.4824250367129681,0.4739048304513575,90->120,False
realprize,Web,120,96,1.6049346034431404,1.7467934889176902,0.9187889774180202,0.4824250367129681,0.4755421712556614,90->120,False
realprize,Web,120,97,1.6143374722813795,1.7467934889176902,0.9241719084272634,0.4824250367129681,0.47832824157514703,90->120,False
realprize,Web,120,98,1.6231540046219668,1.7467934889176902,0.9292191749739518,0.4824250367129681,0.48094058037274917,90->120,False
realprize,Web,120,99,1.6295219227604778,1.7467934889176902,0.9328646649410895,0.4824250367129681,0.4828273947086537,90->120,False
realprize,Web,120,100,1.6346404244093165,1.7467934889176902,0.9357948920579825,0.4824250367129681,0.48434400690110224,90->120,False
realprize,Web,120,101,1.6433173865069046,1.7467934889176902,0.9407622577784515,0.4824250367129681,0.48691499103150726,90->120,False
realprize,Web,120,102,1.65131602635612,1.7467934889176902,0.9453412992621538,0.4824250367129681,0.4892849882593243,90->120,False
realprize,Web,120,103,1.6554861407784707,1.7467934889176902,0.9477285960140639,0.4824250367129681,0.4905205932880494,90->120,False
realprize,Web,120,104,1.661184385960113,1.7467934889176902,0.9509907132693628,0.4824250367129681,0.4922089835066987,90->120,False
realprize,Web,120,105,1.669413374561896,1.7467934889176902,0.9557016242350784,0.4824250367129681,0.49464723307682745,90->120,False
realprize,Web,120,106,1.674820493874498,1.7467934889176902,0.9587970784756094,0.4824250367129681,0.4962493626917269,90->120,False
realprize,Web,120,107,1.6787837170655158,1.7467934889176902,0.9610659346490277,0.4824250367129681,0.4974236658423875,90->120,False
realprize,Web,120,108,1.6845949876895614,1.7467934889176902,0.9643927564290002,0.4824250367129681,0.4991455455030193,90->120,False
realprize,Web,120,109,1.6942615081767642,1.7467934889176902,0.9699266220797087,0.4824250367129681,0.5020097358140201,90->120,False
realprize,Web,120,110,1.6970404701963198,1.7467934889176902,0.9715175153576985,0.4824250367129681,0.5028331423439693,90->120,False
realprize,Web,120,111,1.702048289477079,1.7467934889176902,0.9743843793072899,0.4824250367129681,0.5043169593474279,90->120,False
realprize,Web,120,112,1.7049661154700864,1.7467934889176902,0.9760547690880621,0.4824250367129681,0.5051815112768862,90->120,False
realprize,Web,120,113,1.7099077707949266,1.7467934889176902,0.9788837556604256,0.4824250367129681,0.5066457238982167,90->120,False
realprize,Web,120,114,1.7135882942584737,1.7467934889176902,0.9809907725956831,0.4824250367129681,0.5077362631111277,90->120,False
realprize,Web,120,115,1.7168779706097406,1.7467934889176902,0.9828740383464074,0.4824250367129681,0.5087109943129186,90->120,False
realprize,Web,120,116,1.7218663613413532,1.7467934889176902,0.9857297798884161,0.4824250367129681,0.5101890546366811,90->120,False
realprize,Web,120,117,1.729840735866566,1.7467934889176902,0.9902949300196738,0.4824250367129681,0.5125518620482665,90->120,False
realprize,Web,120,118,1.7327404577052943,1.7467934889176902,0.9919549555791491,0.4824250367129681,0.5134110497162675,90->120,False
realprize,Web,120,119,1.7387185329062342,1.7467934889176902,0.9953772692291982,0.4824250367129681,0.5151823535780483,90->120,False
realprize,Web,120,120,1.7467934889176902,1.7467934889176902,1.0,0.4824250367129681,0.5175749632870319,90->120,False
realprize,App,120,1,3.802281589338598,29.542621617759238,0.12870494834665913,0.23294531960958564,0.09872373301871142,1->7,False
realprize,App,120,2,4.969245434353406,29.542621617759238,0.16820597368265366,0.23294531960958564,0.12902317938290636,1->7,False
realprize,App,120,3,5.621638696939782,29.542621617759238,0.19028909382775944,0.23294531960958564,0.1459621400478336,1->7,False
realprize,App,120,4,6.262495681145113,29.542621617759238,0.21198171787775527,0.23294531960958564,0.16260156885533256,1->7,False
realprize,App,120,5,6.848537759131293,29.542621617759238,0.23181889027121297,0.23294531960958564,0.1778177647854458,1->7,False
realprize,App,120,6,7.44414116485686,29.542621617759238,0.25197970786661306,0.23294531960958564,0.19328221428249487,1->7,False
realprize,App,120,7,8.015153627838103,29.542621617759238,0.27130813681815824,0.23294531960958564,0.2081081761743712,1->7,False
realprize,App,120,8,8.373552775090536,29.542621617759238,0.2834397327167763,0.23294531960958564,0.21741377358901132,7->14,False
realprize,App,120,9,8.631358413414267,29.542621617759238,0.2921662987493844,0.23294531960958564,0.22410752690805935,7->14,False
realprize,App,120,10,9.232142882832937,29.542621617759238,0.31250249223931875,0.23294531960958564,0.2397064993058386,7->14,False
realprize,App,120,11,9.467312291491966,29.542621617759238,0.32046283549191823,0.23294531960958564,0.24581251785525926,7->14,False
realprize,App,120,12,9.752045244081302,29.542621617759238,0.3301008749412734,0.23294531960958564,0.2532054211246746,7->14,False
realprize,App,120,13,9.983503954932198,29.542621617759238,0.33793561330151956,0.23294531960958564,0.25921509385353575,7->14,False
realprize,App,120,14,10.331898584679085,29.542621617759238,0.34972856229076743,0.23294531960958564,0.2682609305713437,7->14,False
realprize,App,120,15,10.697142051529836,29.542621617759238,0.3620918342974464,0.23294531960958564,0.2777442362290066,14->30,False
realprize,App,120,16,11.046859772869418,29.542621617759238,0.37392956914252706,0.23294531960958564,0.2868244261471464,14->30,False
realprize,App,120,17,11.717855548401308,29.542621617759238,0.3966423731791373,0.23294531960958564,0.30424638878821864,14->30,False
realprize,App,120,18,11.940556485671689,29.542621617759238,0.4041806661631461,0.23294531960958564,0.31002867170375675,14->30,False
realprize,App,120,19,12.283796421019462,29.542621617759238,0.4157991318426252,0.23294531960958564,0.3189406701821566,14->30,False
realprize,App,120,20,12.502161672809523,29.542621617759238,0.4231906644769122,0.23294531960958564,0.324610379884545,14->30,False
realprize,App,120,21,12.730595317632929,29.542621617759238,0.43092300616882506,0.23294531960958564,0.3305415087697047,14->30,False
realprize,App,120,22,12.983153769297045,29.542621617759238,0.4394719580841924,0.23294531960958564,0.3370990223488198,14->30,False
realprize,App,120,23,13.285814118152661,29.542621617759238,0.4497168291308999,0.23294531960958564,0.344957398635193,14->30,False
realprize,App,120,24,13.522516513910777,29.542621617759238,0.45772906307617117,0.23294531960958564,0.3511032201832963,14->30,False
realprize,App,120,25,13.775598487304007,29.542621617759238,0.46629573588766915,0.23294531960958564,0.3576743266587291,14->30,False
realprize,App,120,26,14.110746107216938,29.542621617759238,0.4776402815495024,0.23294531960958564,0.36637621350554106,14->30,False
realprize,App,120,27,14.284684900140705,29.542621617759238,0.4835280052313846,0.23294531960958564,0.37089241951257435,14->30,False
realprize,App,120,28,14.696212894138307,29.542621617759238,0.49745798068590613,0.23294531960958564,0.38157747238268863,14->30,False
realprize,App,120,29,14.898170801394915,29.542621617759238,0.504294134561133,0.23294531960958564,0.3868211762085505,14->30,False
realprize,App,120,30,15.195968472178809,29.542621617759238,0.5143744068753842,0.23294531960958564,0.39455329626680674,14->30,False
realprize,App,120,31,15.405276507017277,29.542621617759238,0.5214593581551529,0.23294531960958564,0.3999878413062914,30->60,False
realprize,App,120,32,15.731262018590714,29.542621617759238,0.5324937719519798,0.23294531960958564,0.408451840054512,30->60,False
realprize,App,120,33,15.951744464598066,29.542621617759238,0.5399569703390454,0.23294531960958564,0.41417652130799293,30->60,False
realprize,App,120,34,16.09279140730337,29.542621617759238,0.5447313246441662,0.23294531960958564,0.4178387121235779,30->60,False
realprize,App,120,35,16.25877524741461,29.542621617759238,0.5503497779506751,0.23294531960958564,0.4221483730288906,30->60,False
realprize,App,120,36,16.48650696235445,29.542621617759238,0.5580583597375718,0.23294531960958564,0.428061276767702,30->60,False
realprize,App,120,37,16.720355182362127,29.542621617759238,0.5659739815477601,0.23294531960958564,0.4341329915254074,30->60,False
realprize,App,120,38,16.934396476956245,29.542621617759238,0.5732191508277081,0.23294531960958564,0.4396904325318124,30->60,False
realprize,App,120,39,17.113329088434494,29.542621617759238,0.5792759122686321,0.23294531960958564,0.44433629974308125,30->60,False
realprize,App,120,40,17.317097845004596,29.542621617759238,0.586173362305619,0.23294531960958564,0.44962702107671115,30->60,False
realprize,App,120,41,17.441026689678605,29.542621617759238,0.5903682792726193,0.23294531960958564,0.45284475177009786,30->60,False
realprize,App,120,42,17.735205955097992,29.542621617759238,0.6003260707383078,0.23294531960958564,0.460482922320206,30->60,False
realprize,App,120,43,17.83773962607384,29.542621617759238,0.6037967739244533,0.23294531960958564,0.4631451414433848,30->60,False
realprize,App,120,44,18.02042526125192,29.542621617759238,0.6099805729637456,0.23294531960958564,0.4678884534390677,30->60,False
realprize,App,120,45,18.162197060883592,29.542621617759238,0.6147794632405127,0.23294531960958564,0.47156946468654193,30->60,False
realprize,App,120,46,18.3297964363645,29.542621617759238,0.6204526014490784,0.23294531960958564,0.475921071901924,30->60,False
realprize,App,120,47,18.421348105104617,29.542621617759238,0.6235515704547634,0.23294531960958564,0.4782981505821195,30->60,False
realprize,App,120,48,18.60476489422869,29.542621617759238,0.6297601186160348,0.23294531960958564,0.48306044650765195,30->60,False
realprize,App,120,49,18.819874583153464,29.542621617759238,0.6370414524024535,0.23294531960958564,0.4886456276680093,30->60,False
realprize,App,120,50,18.992923679290218,29.542621617759238,0.6428990603824009,0.23294531960958564,0.4931387332849202,30->60,False
realprize,App,120,51,19.163379802676868,29.542621617759238,0.6486688977919618,0.23294531960958564,0.4975645140750156,30->60,False
realprize,App,120,52,19.39192103447366,29.542621617759238,0.6564048812383126,0.23294531960958564,0.5034984363849618,30->60,False
realprize,App,120,53,19.4668184856286,29.542621617759238,0.6589401149803958,0.23294531960958564,0.5054430992927105,30->60,False
realprize,App,120,54,19.53102499678851,29.542621617759238,0.6611134668240695,0.23294531960958564,0.5071101789965354,30->60,False
realprize,App,120,55,19.7294643757446,29.542621617759238,0.667830520629369,0.23294531960958564,0.5122625265563246,30->60,False
realprize,App,120,56,19.896576781707417,29.542621617759238,0.6734871752121957,0.23294531960958564,0.5166014899294338,30->60,False
realprize,App,120,57,20.09565635765928,29.542621617759238,0.680225899301333,0.23294531960958564,0.5217704597818662,30->60,False
realprize,App,120,58,20.18504325098418,29.542621617759238,0.6832515919592644,0.23294531960958564,0.5240913314965554,30->60,False
realprize,App,120,59,20.2887684580079,29.542621617759238,0.6867626279250559,0.23294531960958564,0.5267844880671348,30->60,False
realprize,App,120,60,20.416122181692092,29.542621617759238,0.6910734749897468,0.23294531960958564,0.5300911434845532,30->60,False
realprize,App,120,61,20.598752861286233,29.542621617759238,0.6972554138155264,0.23294531960958564,0.5348330285947547,60->90,False
realprize,App,120,62,20.808905785255284,29.542621617759238,0.704368964084969,0.23294531960958564,0.5402895106231231,60->90,False
realprize,App,120,63,20.955442323652434,29.542621617759238,0.7093291379074933,0.23294531960958564,0.5440942351692404,60->90,False
realprize,App,120,64,21.121483683978173,29.542621617759238,0.7149495382387193,0.23294531960958564,0.5484053895489752,60->90,False
realprize,App,120,65,21.27199514466036,29.542621617759238,0.7200442607934606,0.23294531960958564,0.5523133203298801,60->90,False
realprize,App,120,66,21.387380800545948,29.542621617759238,0.7239499959505675,0.23294531960958564,0.5553092327625043,60->90,False
realprize,App,120,67,21.551025035088173,29.542621617759238,0.7294892550136106,0.23294531960958564,0.5595581473527066,60->90,False
realprize,App,120,68,21.812603463652685,29.542621617759238,0.7383435277301276,0.23294531960958564,0.566349858681364,60->90,False
realprize,App,120,69,22.006125933993886,29.542621617759238,0.7448941471316525,0.23294531960958564,0.5713745419527599,60->90,False
realprize,App,120,70,22.142793164293014,29.542621617759238,0.7495202508020515,0.23294531960958564,0.5749230164251109,60->90,False
realprize,App,120,71,22.258603175662245,29.542621617759238,0.7534403501374339,0.23294531960958564,0.5779299469679112,60->90,False
realprize,App,120,72,22.533212381664903,29.542621617759238,0.7627357068446254,0.23294531960958564,0.585059993836061,60->90,False
realprize,App,120,73,22.653216838482336,29.542621617759238,0.7667977856394638,0.23294531960958564,0.5881758303877563,60->90,False
realprize,App,120,74,22.815293769982066,29.542621617759238,0.7722839924357591,0.23294531960958564,0.5923840509884444,60->90,False
realprize,App,120,75,22.914307111332217,29.542621617759238,0.7756355345782014,0.23294531960958564,0.5949548670753305,60->90,False
realprize,App,120,76,22.9989364387662,29.542621617759238,0.7785001864878718,0.23294531960958564,0.5971522117303325,60->90,False
realprize,App,120,77,23.158640589307396,29.542621617759238,0.7839060760736895,0.23294531960958564,0.6012988246388077,60->90,False
realprize,App,120,78,23.304798943440677,29.542621617759238,0.7888534485859996,0.23294531960958564,0.6050937298800101,60->90,False
realprize,App,120,79,23.41475990073999,29.542621617759238,0.7925755609537528,0.23294531960958564,0.6079487935926342,60->90,False
realprize,App,120,80,23.635036913992597,29.542621617759238,0.8000318055654425,0.23294531960958564,0.6136681409201666,60->90,False
realprize,App,120,81,23.742872735966767,29.542621617759238,0.8036819833786852,0.23294531960958564,0.6164680268960717,60->90,False
realprize,App,120,82,23.85061411680955,29.542621617759238,0.8073289644163469,0.23294531960958564,0.6192654607703052,60->90,False
realprize,App,120,83,23.98006100781118,29.542621617759238,0.8117106639376858,0.23294531960958564,0.6226264638962126,60->90,False
realprize,App,120,84,24.174986663495453,29.542621617759238,0.8183087803203936,0.23294531960958564,0.6276875799493292,60->90,False
realprize,App,120,85,24.308622963084936,29.542621617759238,0.8228322888064904,0.23294531960958564,0.6311573583053756,60->90,False
realprize,App,120,86,24.431897181739803,29.542621617759238,0.8270050470758771,0.23294531960958564,0.6343580920660464,60->90,False
realprize,App,120,87,24.50438935470765,29.542621617759238,0.8294588635958121,0.23294531960958564,0.636240303512482,60->90,False
realprize,App,120,88,24.63632109681038,29.542621617759238,0.833924673834651,0.23294531960958564,0.6396658241579187,60->90,False
realprize,App,120,89,24.777351927117465,29.542621617759238,0.8386984827447683,0.23294531960958564,0.6433275966257137,60->90,False
realprize,App,120,90,24.854309276776785,29.542621617759238,0.8413034428141569,0.23294531960958564,0.6453257434391684,60->90,False
realprize,App,120,91,25.138323603302062,29.542621617759238,0.8509171572028131,0.23294531960958564,0.6526999880569238,90->120,False
realprize,App,120,92,25.264695809310698,29.542621617759238,0.8551947804836348,0.23294531960958564,0.6559811590154251,90->120,False
realprize,App,120,93,25.431529130257182,29.542621617759238,0.8608419882062628,0.23294531960958564,0.6603128761302037,90->120,False
realprize,App,120,94,25.664649592700734,29.542621617759238,0.8687329758599588,0.23294531960958564,0.6663656951428742,90->120,False
realprize,App,120,95,25.858846851301784,29.542621617759238,0.8753064364388369,0.23294531960958564,0.6714078988462645,90->120,False
realprize,App,120,96,25.959222466550877,29.542621617759238,0.8787040907346476,0.23294531960958564,0.6740140854762148,90->120,False
realprize,App,120,97,26.07875057152427,29.542621617759238,0.8827500453056374,0.23294531960958564,0.6771175538665395,90->120,False
realprize,App,120,98,26.198502506594437,29.542621617759238,0.8868035763909822,0.23294531960958564,0.6802268338576613,90->120,False
realprize,App,120,99,26.302330205260215,29.542621617759238,0.8903180816373062,0.23294531960958564,0.6829226515561108,90->120,False
realprize,App,120,100,26.54906747080666,29.542621617759238,0.8986699898984918,0.23294531960958564,0.6893290218780446,90->120,False
realprize,App,120,101,26.660605124654214,29.542621617759238,0.902445472497521,0.23294531960958564,0.6922250234763625,90->120,False
realprize,App,120,102,26.737915473423886,29.542621617759238,0.9050623813748021,0.23294531960958564,0.6942323356788361,90->120,False
realprize,App,120,103,26.87205770041242,29.542621617759238,0.9096030151995232,0.23294531960958564,0.6977152501060275,90->120,False
realprize,App,120,104,27.027068258981085,29.542621617759238,0.9148500295157979,0.23294531960958564,0.7017399969954015,90->120,False
realprize,App,120,105,27.345539387265756,29.542621617759238,0.9256300859510475,0.23294531960958564,0.7100088897389325,90->120,False
realprize,App,120,106,27.437756820481034,29.542621617759238,0.9287515906843932,0.23294531960958564,0.7124032545545061,90->120,False
realprize,App,120,107,27.59122323471115,29.542621617759238,0.9339463366421407,0.23294531960958564,0.7163879087548355,90->120,False
realprize,App,120,108,27.858525102896284,29.542621617759238,0.9429943443526158,0.23294531960958564,0.723328225417364,90->120,False
realprize,App,120,109,27.96179067635698,29.542621617759238,0.9464898219983308,0.23294531960958564,0.7260094479057098,90->120,False
realprize,App,120,110,28.112647628319568,29.542621617759238,0.9515962392254296,0.23294531960958564,0.7299263491397822,90->120,False
realprize,App,120,111,28.23920173169798,29.542621617759238,0.9558800196229803,0.23294531960958564,0.7332122429434882,90->120,False
realprize,App,120,112,28.367459777104308,29.542621617759238,0.9602214774348768,0.23294531960958564,0.7365423784778209,90->120,False
realprize,App,120,113,28.524098912123986,29.542621617759238,0.96552361808598,0.23294531960958564,0.7406094102803379,90->120,False
realprize,App,120,114,28.777169152763154,29.542621617759238,0.974089893750799,0.23294531960958564,0.7471802121225518,90->120,False
realprize,App,120,115,28.991609718648764,29.542621617759238,0.9813485781241825,0.23294531960958564,0.7527480199446324,90->120,False
realprize,App,120,116,29.127902414541815,29.542621617759238,0.9859620040298618,0.23294531960958564,0.7562867698782181,90->120,False
realprize,App,120,117,29.20386184951218,29.542621617759238,0.9885331852863248,0.23294531960958564,0.7582590064951201,90->120,False
realprize,App,120,118,29.37868335495061,29.542621617759238,0.9944507882567173,0.23294531960958564,0.7627981315502519,90->120,False
realprize,App,120,119,29.45221239173086,29.542621617759238,0.9969397019940157,0.23294531960958564,0.7647072644815347,90->120,False
realprize,App,120,120,29.542621617759238,29.542621617759238,1.0,0.23294531960958564,0.7670546803904144,90->120,False
realprize,Affiliate,120,1,6.1920181852315395,26.305980748617703,0.23538442624143222,0.4824250367129681,0.12182908577024834,1->7,False
realprize,Affiliate,120,2,7.60675041301627,26.305980748617703,0.2891642963517329,0.4824250367129681,0.14966420006816858,1->7,False
realprize,Affiliate,120,3,8.268847546933667,26.305980748617703,0.3143333687480239,0.4824250367129681,0.16269108178964753,1->7,False
realprize,Affiliate,120,4,8.789175538172714,26.305980748617703,0.33411320498417674,0.4824250367129681,0.17292862980339785,1->7,False
realprize,Affiliate,120,5,9.284844899874843,26.305980748617703,0.3529556639078257,0.4824250367129681,0.18268101478904283,1->7,False
realprize,Affiliate,120,6,9.810421032540676,26.305980748617703,0.3729350038795335,0.4824250367129681,0.19302182094139864,1->7,False
realprize,Affiliate,120,7,10.204467884856069,26.305980748617703,0.3879143675489948,0.4824250367129681,0.20077476454268317,1->7,False
realprize,Affiliate,120,8,10.539335578785705,26.305980748617703,0.4006440846855525,0.4824250367129681,0.20736334742229134,7->14,False
realprize,Affiliate,120,9,10.788050875878037,26.305980748617703,0.41009879004206734,0.4824250367129681,0.21225686620007922,7->14,False
realprize,Affiliate,120,10,11.127160144071764,26.305980748617703,0.4229897470998667,0.4824250367129681,0.2189289028260044,7->14,False
realprize,Affiliate,120,11,11.426221890050497,26.305980748617703,0.4343583308769398,0.4824250367129681,0.22481299715704858,7->14,False
realprize,Affiliate,120,12,11.647557692069313,26.305980748617703,0.4427722274783979,0.4824250367129681,0.22916781938164912,7->14,False
realprize,Affiliate,120,13,11.941914873868475,26.305980748617703,0.45396197115729986,0.4824250367129681,0.23495935055544812,7->14,False
realprize,Affiliate,120,14,12.198448916518275,26.305980748617703,0.4637138996294318,0.4824250367129681,0.24000670457638956,7->14,False
realprize,Affiliate,120,15,12.630930922532048,26.305980748617703,0.4801543437302091,0.4824250367129681,0.24851586682827187,14->30,False
realprize,Affiliate,120,16,12.821269887459195,26.305980748617703,0.48738992132551123,0.4824250367129681,0.25226082063652083,14->30,False
realprize,Affiliate,120,17,13.112369367743922,26.305980748617703,0.4984558261882304,0.4824250367129681,0.2579882559395805,14->30,False
realprize,Affiliate,120,18,13.311439066440638,26.305980748617703,0.5060232953732436,0.4824250367129681,0.26190498852518945,14->30,False
realprize,Affiliate,120,19,13.463594610489842,26.305980748617703,0.511807361951229,0.4824250367129681,0.26489867657194,14->30,False
realprize,Affiliate,120,20,13.697081537811995,26.305980748617703,0.5206831734844836,0.4824250367129681,0.26949257440040686,14->30,False
realprize,Affiliate,120,21,13.87927965059642,26.305980748617703,0.5276092833499748,0.4824250367129681,0.2730773554597604,14->30,False
realprize,Affiliate,120,22,14.192097650393812,26.305980748617703,0.5395007996856214,0.4824250367129681,0.2792321065906098,14->30,False
realprize,Affiliate,120,23,14.38000302418114,26.305980748617703,0.5466438663358621,0.4824250367129681,0.28292917904986503,14->30,False
realprize,Affiliate,120,24,14.542964691588814,26.305980748617703,0.5528387187142986,0.4824250367129681,0.28613547954220286,14->30,False
realprize,Affiliate,120,25,14.65272736615517,26.305980748617703,0.5570112555839655,0.4824250367129681,0.28829508015933447,14->30,False
realprize,Affiliate,120,26,14.830137242362458,26.305980748617703,0.5637553446146172,0.4824250367129681,0.2917856517917785,14->30,False
realprize,Affiliate,120,27,14.969320920200898,26.305980748617703,0.56904629647718,0.4824250367129681,0.2945241160077979,14->30,False
realprize,Affiliate,120,28,15.13281365492851,26.305980748617703,0.5752613369385094,0.4824250367129681,0.29774086534639793,14->30,False
realprize,Affiliate,120,29,15.279976105788025,26.305980748617703,0.5808555952277483,0.4824250367129681,0.3006363133750689,14->30,False
realprize,Affiliate,120,30,15.445764916561933,26.305980748617703,0.5871579191121228,0.4824250367129681,0.303898238428147,14->30,False
realprize,Affiliate,120,31,15.581353476912176,26.305980748617703,0.5923122055706259,0.4824250367129681,0.3065659680526776,30->60,False
realprize,Affiliate,120,32,15.787850262698994,26.305980748617703,0.600162009300056,0.4824250367129681,0.3106288299297478,30->60,False
realprize,Affiliate,120,33,15.90231131090698,26.305980748617703,0.6045131509397381,0.4824250367129681,0.3128808719041629,30->60,False
realprize,Affiliate,120,34,16.040825748559893,26.305980748617703,0.609778662192733,0.4824250367129681,0.3156061686976192,30->60,False
realprize,Affiliate,120,35,16.18377477874862,26.305980748617703,0.6152127507961864,0.4824250367129681,0.3184187169070501,30->60,False
realprize,Affiliate,120,36,16.422916647954885,26.305980748617703,0.6243035302463626,0.4824250367129681,0.32312387674722554,30->60,False
realprize,Affiliate,120,37,16.566296518419552,26.305980748617703,0.6297539968849122,0.4824250367129681,0.32594490181757,30->60,False
realprize,Affiliate,120,38,16.660772304242016,26.305980748617703,0.6333454153811576,0.4824250367129681,0.3278037301139126,30->60,False
realprize,Affiliate,120,39,16.987841161794254,26.305980748617703,0.6457786662330357,0.4824250367129681,0.3342388694671119,30->60,False
realprize,Affiliate,120,40,17.181507111431674,26.305980748617703,0.6531407163876416,0.4824250367129681,0.33804928230559933,30->60,False
realprize,Affiliate,120,41,17.281902471358656,26.305980748617703,0.6569571625747793,0.4824250367129681,0.34002457930079405,30->60,False
realprize,Affiliate,120,42,17.46892738141606,26.305980748617703,0.6640667591279218,0.4824250367129681,0.34370432847577237,30->60,False
realprize,Affiliate,120,43,17.588927743652256,26.305980748617703,0.6686284731876609,0.4824250367129681,0.3460653574627678,30->60,False
realprize,Affiliate,120,44,17.68814394181177,26.305980748617703,0.6724000945199972,0.4824250367129681,0.3480174542353843,30->60,False
realprize,Affiliate,120,45,17.785132240981117,26.305980748617703,0.6760870241234275,0.4824250367129681,0.3499257166895216,30->60,False
realprize,Affiliate,120,46,17.888820070098173,26.305980748617703,0.6800286307910484,0.4824250367129681,0.35196579361580743,30->60,False
realprize,Affiliate,120,47,17.975782302366408,26.305980748617703,0.6833344277920897,0.4824250367129681,0.35367679137725583,30->60,False
realprize,Affiliate,120,48,18.101074244682092,26.305980748617703,0.6880972968716723,0.4824250367129681,0.3561419331662617,30->60,False
realprize,Affiliate,120,49,18.178074595232257,26.305980748617703,0.6910244012167255,0.4824250367129681,0.35765692909018987,30->60,False
realprize,Affiliate,120,50,18.335291084612702,26.305980748617703,0.6970008554262386,0.4824250367129681,0.36075019215826526,30->60,False
realprize,Affiliate,120,51,18.48106540055431,26.305980748617703,0.702542344920002,0.4824250367129681,0.3636183283795553,30->60,False
realprize,Affiliate,120,52,18.64493983698545,26.305980748617703,0.7087718954544275,0.4824250367129681,0.3668425877687053,30->60,False
realprize,Affiliate,120,53,18.797461263973528,26.305980748617703,0.7145698707683148,0.4824250367129681,0.36984347462892964,30->60,False
realprize,Affiliate,120,54,18.915392610039724,26.305980748617703,0.7190529328975377,0.4824250367129681,0.3721637953458757,30->60,False
realprize,Affiliate,120,55,19.05918353745951,26.305980748617703,0.7245190255246807,0.4824250367129681,0.3749929080366928,30->60,False
realprize,Affiliate,120,56,19.180482080575853,26.305980748617703,0.7291300888518946,0.4824250367129681,0.37737947896898966,30->60,False
realprize,Affiliate,120,57,19.368510144050923,26.305980748617703,0.7362778194486695,0.4824250367129681,0.38107896537020103,30->60,False
realprize,Affiliate,120,58,19.501825875782867,26.305980748617703,0.7413457062157862,0.4824250367129681,0.3837019766776343,30->60,False
realprize,Affiliate,120,59,19.62401251934919,26.305980748617703,0.7459905299436658,0.4824250367129681,0.3861060211480663,30->60,False
realprize,Affiliate,120,60,19.73955763665316,26.305980748617703,0.7503828815692573,0.4824250367129681,0.38837939237942554,30->60,False
realprize,Affiliate,120,61,19.886133409658747,26.305980748617703,0.7559548377873614,0.4824250367129681,0.3912632974144477,60->90,False
realprize,Affiliate,120,62,20.061915320986547,26.305980748617703,0.7626370410858275,0.4824250367129681,0.3947218385413278,60->90,False
realprize,Affiliate,120,63,20.213979530283172,26.305980748617703,0.7684176356490854,0.4824250367129681,0.3977137295601832,60->90,False
realprize,Affiliate,120,64,20.333330003590206,26.305980748617703,0.7729546447211879,0.4824250367129681,0.40006197186410963,60->90,False
realprize,Affiliate,120,65,20.469674859225748,26.305980748617703,0.778137681116541,0.4824250367129681,0.40274458173614985,60->90,False
realprize,Affiliate,120,66,20.62050859651519,26.305980748617703,0.7838715003088692,0.4824250367129681,0.4057122629941136,60->90,False
realprize,Affiliate,120,67,20.762027926279746,26.305980748617703,0.7892512400386641,0.4824250367129681,0.408496681587256,60->90,False
realprize,Affiliate,120,68,20.878244384433707,26.305980748617703,0.7936691121288376,0.4824250367129681,0.41078326157213435,60->90,False
realprize,Affiliate,120,69,21.003783217197505,26.305980748617703,0.798441366543659,0.4824250367129681,0.41325326097568194,60->90,False
realprize,Affiliate,120,70,21.12021729480117,26.305980748617703,0.8028675112563888,0.4824250367129681,0.4155441226628761,60->90,False
realprize,Affiliate,120,71,21.210575693555214,26.305980748617703,0.8063024107044465,0.4824250367129681,0.41732194061859923,60->90,False
realprize,Affiliate,120,72,21.32871280933382,26.305980748617703,0.8107932949983085,0.4824250367129681,0.41964630989212115,60->90,False
realprize,Affiliate,120,73,21.61324382780436,26.305980748617703,0.8216095052430261,0.4824250367129681,0.4252445095124357,60->90,False
realprize,Affiliate,120,74,21.785552305505288,26.305980748617703,0.8281596688483113,0.4824250367129681,0.4286347101999652,60->90,False
realprize,Affiliate,120,75,21.9072517970864,26.305980748617703,0.8327859738982573,0.4824250367129681,0.4310291698663456,60->90,False
realprize,Affiliate,120,76,22.030101213445963,26.305980748617703,0.8374559923831608,0.4824250367129681,0.4334462545122193,60->90,False
realprize,Affiliate,120,77,22.1864936478633,26.305980748617703,0.8434011208279749,0.4824250367129681,0.43652330414878066,60->90,False
realprize,Affiliate,120,78,22.275926958877392,26.305980748617703,0.846800853834272,0.4824250367129681,0.43828292083470055,60->90,False
realprize,Affiliate,120,79,22.386690567053037,26.305980748617703,0.8510114403634006,0.4824250367129681,0.4404622150029312,60->90,False
realprize,Affiliate,120,80,22.519234237941195,26.305980748617703,0.8560499778790612,0.4824250367129681,0.44307003587261956,60->90,False
realprize,Affiliate,120,81,22.60132117960425,26.305980748617703,0.859170444758722,0.4824250367129681,0.44468511140329836,60->90,False
realprize,Affiliate,120,82,22.758470307093646,26.305980748617703,0.865144338261919,0.4824250367129681,0.44777704911389626,60->90,False
realprize,Affiliate,120,83,22.827549359669703,26.305980748617703,0.8677703210464495,0.4824250367129681,0.44913619205719196,60->90,False
realprize,Affiliate,120,84,22.935181578879533,26.305980748617703,0.8718618704259755,0.4824250367129681,0.45125387557708724,60->90,False
realprize,Affiliate,120,85,23.107977618572534,26.305980748617703,0.8784305682952644,0.4824250367129681,0.45465366913562805,60->90,False
realprize,Affiliate,120,86,23.241385570637927,26.305980748617703,0.8835019607417294,0.4824250367129681,0.4572784948949213,60->90,False
realprize,Affiliate,120,87,23.337221930441697,26.305980748617703,0.8871451003273465,0.4824250367129681,0.4591640927321966,60->90,False
realprize,Affiliate,120,88,23.45884287246686,26.305980748617703,0.8917684193811914,0.4824250367129681,0.4615570069217546,60->90,False
realprize,Affiliate,120,89,23.543208769268876,26.305980748617703,0.894975518846831,0.4824250367129681,0.4632169213099409,60->90,False
realprize,Affiliate,120,90,23.663202817795707,26.305980748617703,0.8995369928961547,0.4824250367129681,0.46557782607355436,60->90,False
realprize,Affiliate,120,91,23.820268647670126,26.305980748617703,0.9055077199097322,0.4824250367129681,0.4686681248884036,90->120,False
realprize,Affiliate,120,92,23.962383114709223,26.305980748617703,0.9109100832885073,0.4824250367129681,0.4714642529158363,90->120,False
realprize,Affiliate,120,93,24.100662574207274,26.305980748617703,0.9161666620421931,0.4824250367129681,0.4741849264712907,90->120,False
realprize,Affiliate,120,94,24.218486311709988,26.305980748617703,0.9206456335212894,0.4824250367129681,0.47650312997014754,90->120,False
realprize,Affiliate,120,95,24.281008551594148,26.305980748617703,0.9230223645195224,0.4824250367129681,0.47773326642930114,90->120,False
realprize,Affiliate,120,96,24.4449600165637,26.305980748617703,0.9292548432298312,0.4824250367129681,0.4809590413689765,90->120,False
realprize,Affiliate,120,97,24.491704601744843,26.305980748617703,0.9310317997944937,0.4824250367129681,0.4818787495976943,90->120,False
realprize,Affiliate,120,98,24.575432468466964,26.305980748617703,0.9342146450767979,0.4824250367129681,0.4835261106278312,90->120,False
realprize,Affiliate,120,99,24.635792935188253,26.305980748617703,0.9365091980645043,0.4824250367129681,0.4847137138062035,90->120,False
realprize,Affiliate,120,100,24.70203116351844,26.305980748617703,0.9390271892758248,0.4824250367129681,0.4860169630149598,90->120,False
realprize,Affiliate,120,101,24.787126215517244,26.305980748617703,0.9422620069704009,0.4824250367129681,0.4876912236644702,90->120,False
realprize,Affiliate,120,102,24.87540184225359,26.305980748617703,0.9456177315708222,0.4824250367129681,0.48942806270133465,90->120,False
realprize,Affiliate,120,103,24.925899239468166,26.305980748617703,0.94753734816665,0.4824250367129681,0.49042160819044545,90->120,False
realprize,Affiliate,120,104,25.07357472577052,26.305980748617703,0.9531511090719572,0.4824250367129681,0.493327150284912,90->120,False
realprize,Affiliate,120,105,25.15323195782976,26.305980748617703,0.9561792125599227,0.4824250367129681,0.494894420836525,90->120,False
realprize,Affiliate,120,106,25.310131948482393,26.305980748617703,0.962143635333283,0.4824250367129681,0.4979814567344753,90->120,False
realprize,Affiliate,120,107,25.381600159540024,26.305980748617703,0.9648604399922914,0.4824250367129681,0.49938760680611965,90->120,False
realprize,Affiliate,120,108,25.47007357215213,26.305980748617703,0.9682236832584356,0.4824250367129681,0.5011283373161196,90->120,False
realprize,Affiliate,120,109,25.551216194456146,26.305980748617703,0.971308252622316,0.4824250367129681,0.5027248331913863,90->120,False
realprize,Affiliate,120,110,25.617454422786334,26.305980748617703,0.9738262438336366,0.4824250367129681,0.5040280824001426,90->120,False
realprize,Affiliate,120,111,25.665452293755028,26.305980748617703,0.975650843016133,0.4824250367129681,0.5049724492550368,90->120,False
realprize,Affiliate,120,112,25.788674710479388,26.305980748617703,0.980335040799971,0.4824250367129681,0.507396872751036,90->120,False
realprize,Affiliate,120,113,25.86142644352915,26.305980748617703,0.9831006374810066,0.4824250367129681,0.5088282763516897,90->120,False
realprize,Affiliate,120,114,25.912132460770202,26.305980748617703,0.9850281845937945,0.4824250367129681,0.5098259264778249,90->120,False
realprize,Affiliate,120,115,25.99148048115793,26.305980748617703,0.9880445336569974,0.4824250367129681,0.511387113233473,90->120,False
realprize,Affiliate,120,116,26.08035579848971,26.305980748617703,0.9914230549971094,0.4824250367129681,0.5131357512920459,90->120,False
realprize,Affiliate,120,117,26.126435774280694,26.305980748617703,0.9931747469880421,0.4824250367129681,0.5140423832099431,90->120,False
realprize,Affiliate,120,118,26.16383120758129,26.305980748617703,0.9945963033123605,0.4824250367129681,0.5147781451723126,90->120,False
realprize,Affiliate,120,119,26.224218485694347,26.305980748617703,0.996891875512847,0.4824250367129681,0.5159662758697021,90->120,False
realprize,Affiliate,120,120,26.305980748617703,26.305980748617703,1.0,0.4824250367129681,0.5175749632870319,90->120,False
realprize,Blended,120,1,6.0092356778797145,61.94360163636376,0.0970114026167961,0.0,0.0970114026167961,1->7,False
realprize,Blended,120,2,8.535564525993884,61.94360163636376,0.13779574161834193,0.0,0.13779574161834193,1->7,False
realprize,Blended,120,3,9.780488277268097,61.94360163636376,0.15789343885239146,0.0,0.15789343885239146,1->7,False
realprize,Blended,120,4,11.084848318042818,61.94360163636376,0.17895065874786814,0.0,0.17895065874786814,1->7,False
realprize,Blended,120,5,12.082630784913356,61.94360163636376,0.19505857692685877,0.0,0.19505857692685877,1->7,False
realprize,Blended,120,6,13.104278491335378,61.94360163636376,0.2115517687890231,0.0,0.2115517687890231,1->7,False
realprize,Blended,120,7,13.980657696228343,61.94360163636376,0.2256997870143387,0.0,0.2256997870143387,1->7,False
realprize,Blended,120,8,14.82675500226523,61.94360163636376,0.23935894282196918,0.0,0.23935894282196918,7->14,False
realprize,Blended,120,9,15.541120912173099,61.94360163636376,0.25089146419684033,0.0,0.25089146419684033,7->14,False
realprize,Blended,120,10,16.575204701998715,61.94360163636376,0.2675854206751243,0.0,0.2675854206751243,7->14,False
realprize,Blended,120,11,17.288421882572226,61.94360163636376,0.2790993972882443,0.0,0.2790993972882443,7->14,False
realprize,Blended,120,12,18.02320333632113,61.94360163636376,0.2909615014335989,0.0,0.2909615014335989,7->14,False
realprize,Blended,120,13,18.61644224854647,61.94360163636376,0.3005385827875039,0.0,0.3005385827875039,7->14,False
realprize,Blended,120,14,19.308640155179734,61.94360163636376,0.3117132301820285,0.0,0.3117132301820285,7->14,False
realprize,Blended,120,15,20.024599476516403,61.94360163636376,0.3232714751407196,0.0,0.3232714751407196,14->30,False
realprize,Blended,120,16,20.735868711987727,61.94360163636376,0.3347540046785851,0.0,0.3347540046785851,14->30,False
realprize,Blended,120,17,21.622568793618495,61.94360163636376,0.3490686402213501,0.0,0.3490686402213501,14->30,False
realprize,Blended,120,18,22.170929426675887,61.94360163636376,0.3579212193186475,0.0,0.3579212193186475,14->30,False
realprize,Blended,120,19,22.621946549469207,61.94360163636376,0.3652023122948195,0.0,0.3652023122948195,14->30,False
realprize,Blended,120,20,23.274763031267693,61.94360163636376,0.37574119709571957,0.0,0.37574119709571957,14->30,False
realprize,Blended,120,21,23.83983654382494,61.94360163636376,0.38486358419672284,0.0,0.38486358419672284,14->30,False
realprize,Blended,120,22,24.633605326639337,61.94360163636376,0.39767796311311465,0.0,0.39767796311311465,14->30,False
realprize,Blended,120,23,25.169920847639396,61.94360163636376,0.40633608932522075,0.0,0.40633608932522075,14->30,False
realprize,Blended,120,24,25.583328210885472,61.94360163636376,0.41301002097151024,0.0,0.41301002097151024,14->30,False
realprize,Blended,120,25,25.99094223433741,61.94360163636376,0.41959042657731943,0.0,0.41959042657731943,14->30,False
realprize,Blended,120,26,26.40519990938682,61.94360163636376,0.42627808541706985,0.0,0.42627808541706985,14->30,False
realprize,Blended,120,27,26.73584191488452,61.94360163636376,0.4316158765167659,0.0,0.4316158765167659,14->30,False
realprize,Blended,120,28,27.265738778117314,61.94360163636376,0.44017038173174394,0.0,0.44017038173174394,14->30,False
realprize,Blended,120,29,27.761982073583965,61.94360163636376,0.4481815932589622,0.0,0.4481815932589622,14->30,False
realprize,Blended,120,30,28.26557717817267,61.94360163636376,0.4563114903150783,0.0,0.4563114903150783,14->30,False
realprize,Blended,120,31,28.914863114767297,61.94360163636376,0.4667933789919141,0.0,0.4667933789919141,30->60,False
realprize,Blended,120,32,29.349681783566634,61.94360163636376,0.47381296870437406,0.0,0.47381296870437406,30->60,False
realprize,Blended,120,33,29.750339490931744,61.94360163636376,0.48028107350908245,0.0,0.48028107350908245,30->60,False
realprize,Blended,120,34,30.24779384009164,61.94360163636376,0.48831183594488936,0.0,0.48831183594488936,30->60,False
realprize,Blended,120,35,30.668065324819327,61.94360163636376,0.49509658002862644,0.0,0.49509658002862644,30->60,False
realprize,Blended,120,36,31.20415355660181,61.94360163636376,0.5037510369478343,0.0,0.5037510369478343,30->60,False
realprize,Blended,120,37,31.771839463333645,61.94360163636376,0.5129155978021482,0.0,0.5129155978021482,30->60,False
realprize,Blended,120,38,32.31415987941882,61.94360163636376,0.5216706653435681,0.0,0.5216706653435681,30->60,False
realprize,Blended,120,39,32.80941441049958,61.94360163636376,0.5296659145379583,0.0,0.5296659145379583,30->60,False
realprize,Blended,120,40,33.119386645034744,61.94360163636376,0.5346700186963641,0.0,0.5346700186963641,30->60,False
realprize,Blended,120,41,33.425460622839424,61.94360163636376,0.5396111904997325,0.0,0.5396111904997325,30->60,False
realprize,Blended,120,42,33.85601292018941,61.94360163636376,0.5465619051171601,0.0,0.5465619051171601,30->60,False
realprize,Blended,120,43,34.26990755131867,61.94360163636376,0.5532437030784572,0.0,0.5532437030784572,30->60,False
realprize,Blended,120,44,34.53112792276513,61.94360163636376,0.5574607709360858,0.0,0.5574607709360858,30->60,False
realprize,Blended,120,45,34.9734121608117,61.94360163636376,0.5646008826887567,0.0,0.5646008826887567,30->60,False
realprize,Blended,120,46,35.39326674453245,61.94360163636376,0.5713788964404511,0.0,0.5713788964404511,30->60,False
realprize,Blended,120,47,35.79221038473836,61.94360163636376,0.5778193298293246,0.0,0.5778193298293246,30->60,False
realprize,Blended,120,48,36.21724898675503,61.94360163636376,0.5846810329074219,0.0,0.5846810329074219,30->60,False
realprize,Blended,120,49,36.664634243049015,61.94360163636376,0.5919034940571679,0.0,0.5919034940571679,30->60,False
realprize,Blended,120,50,37.16384342020616,61.94360163636376,0.5999625859402606,0.0,0.5999625859402606,30->60,False
realprize,Blended,120,51,37.53931494237289,61.94360163636376,0.6060240920885617,0.0,0.6060240920885617,30->60,False
realprize,Blended,120,52,38.02416849027768,61.94360163636376,0.6138514307498022,0.0,0.6138514307498022,30->60,False
realprize,Blended,120,53,38.514148188760096,61.94360163636376,0.6217615245373544,0.0,0.6217615245373544,30->60,False
realprize,Blended,120,54,38.87656842849249,61.94360163636376,0.6276123344702343,0.0,0.6276123344702343,30->60,False
realprize,Blended,120,55,39.35624513876714,61.94360163636376,0.6353560997277111,0.0,0.6353560997277111,30->60,False
realprize,Blended,120,56,39.91842241887092,61.94360163636376,0.64443173087044,0.0,0.64443173087044,30->60,False
realprize,Blended,120,57,40.50126185354011,61.94360163636376,0.6538409259974963,0.0,0.6538409259974963,30->60,False
realprize,Blended,120,58,40.93150770541843,61.94360163636376,0.6607866934458287,0.0,0.6607866934458287,30->60,False
realprize,Blended,120,59,41.35280813731217,61.94360163636376,0.6675880485618414,0.0,0.6675880485618414,30->60,False
realprize,Blended,120,60,41.73927030203243,61.94360163636376,0.67382698453765,0.0,0.67382698453765,30->60,False
realprize,Blended,120,61,42.06478540492173,61.94360163636376,0.6790820083704618,0.0,0.6790820083704618,60->90,False
realprize,Blended,120,62,42.43486831547967,61.94360163636376,0.6850565222957335,0.0,0.6850565222957335,60->90,False
realprize,Blended,120,63,42.90952457851566,61.94360163636376,0.6927192388717317,0.0,0.6927192388717317,60->90,False
realprize,Blended,120,64,43.273371977691774,61.94360163636376,0.6985930884633661,0.0,0.6985930884633661,60->90,False
realprize,Blended,120,65,43.689329135853725,61.94360163636376,0.7053081832782236,0.0,0.7053081832782236,60->90,False
realprize,Blended,120,66,43.988969985106976,61.94360163636376,0.7101455004722137,0.0,0.7101455004722137,60->90,False
realprize,Blended,120,67,44.3313546833062,61.94360163636376,0.7156728622844825,0.0,0.7156728622844825,60->90,False
realprize,Blended,120,68,44.80853026825625,61.94360163636376,0.7233762500815188,0.0,0.7233762500815188,60->90,False
realprize,Blended,120,69,45.20453985862056,61.94360163636376,0.7297693169988908,0.0,0.7297693169988908,60->90,False
realprize,Blended,120,70,45.598093510479266,61.94360163636376,0.7361227359390591,0.0,0.7361227359390591,60->90,False
realprize,Blended,120,71,45.937115347998414,61.94360163636376,0.7415958086788289,0.0,0.7415958086788289,60->90,False
realprize,Blended,120,72,46.40842476477933,61.94360163636376,0.74920449471468,0.0,0.74920449471468,60->90,False
realprize,Blended,120,73,46.87819494245706,61.94360163636376,0.7567883317094269,0.0,0.7567883317094269,60->90,False
realprize,Blended,120,74,47.25167088824327,61.94360163636376,0.7628176218365764,0.0,0.7628176218365764,60->90,False
realprize,Blended,120,75,47.51409724807571,61.94360163636376,0.7670541588299046,0.0,0.7670541588299046,60->90,False
realprize,Blended,120,76,47.79377299795024,61.94360163636376,0.7715691651015185,0.0,0.7715691651015185,60->90,False
realprize,Blended,120,77,48.229721047143826,61.94360163636376,0.7786069872119085,0.0,0.7786069872119085,60->90,False
realprize,Blended,120,78,48.528876406459815,61.94360163636376,0.7834364667935473,0.0,0.7834364667935473,60->90,False
realprize,Blended,120,79,48.83204295780961,61.94360163636376,0.7883307019258458,0.0,0.7883307019258458,60->90,False
realprize,Blended,120,80,49.192492601716395,61.94360163636376,0.7941496991165933,0.0,0.7941496991165933,60->90,False
realprize,Blended,120,81,49.47762235903208,61.94360163636376,0.7987527533430737,0.0,0.7987527533430737,60->90,False
realprize,Blended,120,82,49.78154883699202,61.94360163636376,0.8036592565158167,0.0,0.8036592565158167,60->90,False
realprize,Blended,120,83,50.142596408956976,61.94360163636376,0.809487906488165,0.0,0.809487906488165,60->90,False
realprize,Blended,120,84,50.44025854957006,61.94360163636376,0.8142932799690371,0.0,0.8142932799690371,60->90,False
realprize,Blended,120,85,50.75836116512543,61.94360163636376,0.8194286387010458,0.0,0.8194286387010458,60->90,False
realprize,Blended,120,86,51.16468016802227,61.94360163636376,0.825988137860977,0.0,0.825988137860977,60->90,False
realprize,Blended,120,87,51.40319260841329,61.94360163636376,0.8298386152967451,0.0,0.8298386152967451,60->90,False
realprize,Blended,120,88,51.70834090271536,61.94360163636376,0.8347648431272388,0.0,0.8347648431272388,60->90,False
realprize,Blended,120,89,51.975463703399306,61.94360163636376,0.8390771981344931,0.0,0.8390771981344931,60->90,False
realprize,Blended,120,90,52.233033309557186,61.94360163636376,0.8432353290689829,0.0,0.8432353290689829,60->90,False
realprize,Blended,120,91,52.638452387668,61.94360163636376,0.8497803000974808,0.0,0.8497803000974808,90->120,False
realprize,Blended,120,92,53.03060608552764,61.94360163636376,0.856111118575905,0.0,0.856111118575905,90->120,False
realprize,Blended,120,93,53.331495630679804,61.94360163636376,0.8609685943636146,0.0,0.8609685943636146,90->120,False
realprize,Blended,120,94,53.71016557406497,61.94360163636376,0.8670817349202152,0.0,0.8670817349202152,90->120,False
realprize,Blended,120,95,53.97552099239678,61.94360163636376,0.8713655578062264,0.0,0.8713655578062264,90->120,False
realprize,Blended,120,96,54.337446836074264,61.94360163636376,0.8772083863489085,0.0,0.8772083863489085,90->120,False
realprize,Blended,120,97,54.691097763234545,61.94360163636376,0.8829176269777691,0.0,0.8829176269777691,90->120,False
realprize,Blended,120,98,54.94198463367682,61.94360163636376,0.8869678737153593,0.0,0.8869678737153593,90->120,False
realprize,Blended,120,99,55.16917438521595,61.94360163636376,0.8906355608620131,0.0,0.8906355608620131,90->120,False
realprize,Blended,120,100,55.53044912414879,61.94360163636376,0.8964678781536953,0.0,0.8964678781536953,90->120,False
realprize,Blended,120,101,55.82527220525457,61.94360163636376,0.9012274186601793,0.0,0.9012274186601793,90->120,False
realprize,Blended,120,102,56.025062520908385,61.94360163636376,0.9044527770567845,0.0,0.9044527770567845,90->120,False
realprize,Blended,120,103,56.19951298902686,61.94360163636376,0.9072690561156384,0.0,0.9072690561156384,90->120,False
realprize,Blended,120,104,56.61777114554745,61.94360163636376,0.9140212975977522,0.0,0.9140212975977522,90->120,False
realprize,Blended,120,105,56.88951064489609,61.94360163636376,0.9184081832836035,0.0,0.9184081832836035,90->120,False
realprize,Blended,120,106,57.19459570732297,61.94360163636376,0.923333390316573,0.0,0.923333390316573,90->120,False
realprize,Blended,120,107,57.50819073487896,61.94360163636376,0.9283959798217317,0.0,0.9283959798217317,90->120,False
realprize,Blended,120,108,57.845880254119635,61.94360163636376,0.9338475439917175,0.0,0.9338475439917175,90->120,False
realprize,Blended,120,109,58.178944338111656,61.94360163636376,0.9392244364421639,0.0,0.9392244364421639,90->120,False
realprize,Blended,120,110,58.45164512601419,61.94360163636376,0.9436268408987761,0.0,0.9436268408987761,90->120,False
realprize,Blended,120,111,58.931608967363466,61.94360163636376,0.9513752415191804,0.0,0.9513752415191804,90->120,False
realprize,Blended,120,112,59.36673497568146,61.94360163636376,0.9583997928339776,0.0,0.9583997928339776,90->120,False
realprize,Blended,120,113,59.81685588006267,61.94360163636376,0.9656664175133692,0.0,0.9656664175133692,90->120,False
realprize,Blended,120,114,60.290698814481956,61.94360163636376,0.9733160039420202,0.0,0.9733160039420202,90->120,False
realprize,Blended,120,115,60.682374981956485,61.94360163636376,0.9796391133048539,0.0,0.9796391133048539,90->120,False
realprize,Blended,120,116,60.89280757553173,61.94360163636376,0.9830362776287912,0.0,0.9830362776287912,90->120,False
realprize,Blended,120,117,61.25644927407627,61.94360163636376,0.9889068064475589,0.0,0.9889068064475589,90->120,False
realprize,Blended,120,118,61.486511239294614,61.94360163636376,0.9926208618001829,0.0,0.9926208618001829,90->120,False
realprize,Blended,120,119,61.721457193234734,61.94360163636376,0.996413762886551,0.0,0.996413762886551,90->120,False
realprize,Blended,120,120,61.94360163636376,61.94360163636376,1.0,0.0,1.0,90->120,False
lonestar,Web,120,1,4.068507593824527,45.244482652706765,0.08992273433766686,0.2477349776590019,0.06764572775548859,1->7,False
lonestar,Web,120,2,5.369265721099536,45.244482652706765,0.11867227574052763,0.2477349776590019,0.08927300216120511,1->7,False
lonestar,Web,120,3,6.033191916656207,45.244482652706765,0.13334646708122477,0.2477349776590019,0.10031188303795073,1->7,False
lonestar,Web,120,4,7.752136312288192,45.244482652706765,0.17133882095178335,0.2477349776590019,0.12889220197117357,1->7,False
lonestar,Web,120,5,8.825436174218654,45.244482652706765,0.19506104737592064,0.2477349776590019,0.14673760316210543,1->7,False
lonestar,Web,120,6,9.690188276641145,45.244482652706765,0.21417392151485737,0.2477349776590019,0.16111554985323337,1->7,False
lonestar,Web,120,7,10.483450483243383,45.244482652706765,0.23170671579369262,0.2477349776590019,0.17430485773310148,1->7,False
lonestar,Web,120,8,11.166407662510823,45.244482652706765,0.24680153264704838,0.2477349776590019,0.18566016047052442,7->14,False
lonestar,Web,120,9,11.679507277462703,45.244482652706765,0.25814213342019443,0.2477349776590019,0.19419129776449548,7->14,False
lonestar,Web,120,10,12.243297016127578,45.244482652706765,0.2706030945277063,0.2477349776590019,0.20356524295042822,7->14,False
lonestar,Web,120,11,12.838417578605291,45.244482652706765,0.28375653396574374,0.2477349776590019,0.2134601153631444,7->14,False
lonestar,Web,120,12,13.195764815899276,45.244482652706765,0.29165467350326385,0.2477349776590019,0.21940160947878928,7->14,False
lonestar,Web,120,13,13.752898427290512,45.244482652706765,0.3039685199377065,0.2477349776590019,0.22866488544189892,7->14,False
lonestar,Web,120,14,14.05530072219714,45.244482652706765,0.3106522585324838,0.2477349776590019,0.23369282820522044,7->14,False
lonestar,Web,120,15,15.09366181228703,45.244482652706765,0.3336022632448875,0.2477349776590019,0.2509573140129228,14->30,False
lonestar,Web,120,16,15.31694407251814,45.244482652706765,0.33853727956378343,0.2477349776590019,0.25466975417431026,14->30,False
lonestar,Web,120,17,16.07360810052738,45.244482652706765,0.35526117568648496,0.2477349776590019,0.26725055626468286,14->30,False
lonestar,Web,120,18,16.515720303252643,45.244482652706765,0.36503280256348747,0.2477349776590019,0.27460140937561905,14->30,False
lonestar,Web,120,19,16.80326729804199,45.244482652706765,0.37138820719915405,0.2477349776590019,0.27938235798585487,14->30,False
lonestar,Web,120,20,17.092970669236394,45.244482652706765,0.37779127237326915,0.2477349776590019,0.2841991599521114,14->30,False
lonestar,Web,120,21,17.400876452017652,45.244482652706765,0.38459664984094233,0.2477349776590019,0.28931860738486953,14->30,False
lonestar,Web,120,22,17.723690127830746,45.244482652706765,0.39173152368381475,0.2477349776590019,0.2946859234156781,14->30,False
lonestar,Web,120,23,17.962597762759913,45.244482652706765,0.3970118942598915,0.2477349776590019,0.29865816150505925,14->30,False
lonestar,Web,120,24,18.241240122075336,45.244482652706765,0.40317048737397926,0.2477349776590019,0.30329105569161763,14->30,False
lonestar,Web,120,25,18.513769144453924,45.244482652706765,0.40919396264433433,0.2477349776590019,0.3078223054504417,14->30,False
lonestar,Web,120,26,18.813238129121707,45.244482652706765,0.41581286879840584,0.2477349776590019,0.3128014770363073,14->30,False
lonestar,Web,120,27,18.995049949045256,45.244482652706765,0.41983129953877085,0.2477349776590019,0.31582440192698374,14->30,False
lonestar,Web,120,28,19.302126205078178,45.244482652706765,0.4266183426880984,0.2477349776590019,0.32093005709334194,14->30,False
lonestar,Web,120,29,19.816645084995876,45.244482652706765,0.4379903122576724,0.2477349776590019,0.32948479203565867,14->30,False
lonestar,Web,120,30,20.10692637292965,45.244482652706765,0.44440615062987676,0.2477349776590019,0.3343112028320612,14->30,False
lonestar,Web,120,31,20.497748176302295,45.244482652706765,0.4530441497948261,0.2477349776590019,0.34080926746686335,30->60,False
lonestar,Web,120,32,20.765649463890227,45.244482652706765,0.4589653422116855,0.2477349776590019,0.34526357341261743,30->60,False
lonestar,Web,120,33,21.1534372861931,45.244482652706765,0.4675362838948848,0.2477349776590019,0.35171119304941273,30->60,False
lonestar,Web,120,34,21.42158149470071,45.244482652706765,0.4734628453845114,0.2477349776590019,0.356169537960812,30->60,False
lonestar,Web,120,35,21.838251602183135,45.244482652706765,0.4826721474486051,0.2477349776590019,0.36309737378380247,30->60,False
lonestar,Web,120,36,22.393771258673084,45.244482652706765,0.4949503220219354,0.2477349776590019,0.3723338150535154,30->60,False
lonestar,Web,120,37,22.983780624905208,45.244482652706765,0.5079907930725382,0.2477349776590019,0.38214370529973435,30->60,False
lonestar,Web,120,38,23.539844323038196,45.244482652706765,0.5202809921317537,0.2477349776590019,0.3913891921695904,30->60,False
lonestar,Web,120,39,23.763954054001182,45.244482652706765,0.5252342973266265,0.2477349776590019,0.39511539041267313,30->60,False
lonestar,Web,120,40,23.884344143539213,45.244482652706765,0.5278951762333904,0.2477349776590019,0.3971170765429166,30->60,False
lonestar,Web,120,41,24.37464712437362,45.244482652706765,0.5387319225522275,0.2477349776590019,0.4052691817545603,30->60,False
lonestar,Web,120,42,24.5494439086414,45.244482652706765,0.5425953059753402,0.2477349776590019,0.40817546997166004,30->60,False
lonestar,Web,120,43,24.965592748317004,45.244482652706765,0.5517930869041207,0.2477349776590019,0.41509463884753667,30->60,False
lonestar,Web,120,44,25.138863685558043,45.244482652706765,0.555622745838914,0.2477349776590019,0.4179755573116774,30->60,False
lonestar,Web,120,45,25.368049451571853,45.244482652706765,0.5606882422834865,0.2477349776590019,0.4217861531077219,30->60,False
lonestar,Web,120,46,25.542071925408155,45.244482652706765,0.5645345117871536,0.2477349776590019,0.4246795671218276,30->60,False
lonestar,Web,120,47,25.892401847981517,45.244482652706765,0.5722775536352054,0.2477349776590019,0.4305043866706395,30->60,False
lonestar,Web,120,48,26.03378941451446,45.244482652706765,0.575402521769292,0.2477349776590019,0.43285519089384306,30->60,False
lonestar,Web,120,49,26.184554740717576,45.244482652706765,0.5787347584833326,0.2477349776590019,0.4353619160199763,30->60,False
lonestar,Web,120,50,26.376287667854356,45.244482652706765,0.5829724669484398,0.2477349776590019,0.4385497958731549,30->60,False
lonestar,Web,120,51,26.626711301356508,45.244482652706765,0.5885073657652611,0.2477349776590019,0.44271350665524606,30->60,False
lonestar,Web,120,52,26.758731229924262,45.244482652706765,0.5914252890307591,0.2477349776590019,0.44490855826575526,30->60,False
lonestar,Web,120,53,26.930476320138567,45.244482652706765,0.595221223477233,0.2477349776590019,0.44776410697693697,30->60,False
lonestar,Web,120,54,27.16520371963259,45.244482652706765,0.6004092018943092,0.2477349776590019,0.4516668416767634,30->60,False
lonestar,Web,120,55,27.34657455128924,45.244482652706765,0.604417885849187,0.2477349776590019,0.4546824344016375,30->60,False
lonestar,Web,120,56,27.503400248353145,45.244482652706765,0.6078840697432032,0.2477349776590019,0.4572899233061076,30->60,False
lonestar,Web,120,57,27.61112049367408,45.244482652706765,0.6102649179484482,0.2477349776590019,0.45908095213441674,30->60,False
lonestar,Web,120,58,27.74872507296824,45.244482652706765,0.6133062739597525,0.2477349776590019,0.4613688578822075,30->60,False
lonestar,Web,120,59,27.967801786126593,45.244482652706765,0.618148338678228,0.2477349776590019,0.4650113738058281,30->60,False
lonestar,Web,120,60,28.048972799267414,45.244482652706765,0.6199423919722812,0.2477349776590019,0.4663609773471599,30->60,False
lonestar,Web,120,61,28.539840902094625,45.244482652706765,0.6307916286978965,0.2477349776590019,0.4745224786549377,60->90,False
lonestar,Web,120,62,28.89458476934426,45.244482652706765,0.6386322281798846,0.2477349776590019,0.48042068739942234,60->90,False
lonestar,Web,120,63,29.185940971140926,45.244482652706765,0.6450718244513924,0.2477349776590019,0.48526497043247513,60->90,False
lonestar,Web,120,64,29.620180892639866,45.244482652706765,0.6546694570474402,0.2477349776590019,0.4924849337317617,60->90,False
lonestar,Web,120,65,29.87747314062313,45.244482652706765,0.6603561669598559,0.2477349776590019,0.49676284669107185,60->90,False
lonestar,Web,120,66,30.187739703547315,45.244482652706765,0.6672137227265063,0.2477349776590019,0.5019215460330757,60->90,False
lonestar,Web,120,67,30.4851536311967,45.244482652706765,0.6737872077176446,0.2477349776590019,0.5068665488667926,60->90,False
lonestar,Web,120,68,30.838428192064345,45.244482652706765,0.6815953323806969,0.2477349776590019,0.512740327940885,60->90,False
lonestar,Web,120,69,31.172848060128935,45.244482652706765,0.688986727937843,0.2477349776590019,0.5183006162848126,60->90,False
lonestar,Web,120,70,31.41346511455773,45.244482652706765,0.6943048803471822,0.2477349776590019,0.522301276325837,60->90,False
lonestar,Web,120,71,31.732014449394157,45.244482652706765,0.7013455031183958,0.2477349776590019,0.5275976905721186,60->90,False
lonestar,Web,120,72,31.878516610186406,45.244482652706765,0.7045835147433002,0.2477349776590019,0.5300335334594677,60->90,False
lonestar,Web,120,73,32.05369470575178,45.244482652706765,0.7084553259630245,0.2477349776590019,0.5329461616131738,60->90,False
lonestar,Web,120,74,32.312191413846115,45.244482652706765,0.7141686570243726,0.2477349776590019,0.5372441007316803,60->90,False
lonestar,Web,120,75,32.677589861013814,45.244482652706765,0.7222447455492977,0.2477349776590019,0.543319459646311,60->90,False
lonestar,Web,120,76,32.96135998841346,45.244482652706765,0.7285166733239581,0.2477349776590019,0.548037611533837,60->90,False
lonestar,Web,120,77,33.249026898525386,45.244482652706765,0.7348747283451644,0.2477349776590019,0.55282055393641,60->90,False
lonestar,Web,120,78,33.440885248402004,45.244482652706765,0.7391152089215323,0.2477349776590019,0.556010519151928,60->90,False
lonestar,Web,120,79,33.656358776282566,45.244482652706765,0.7438776355257776,0.2477349776590019,0.5595931261077679,60->90,False
lonestar,Web,120,80,34.06987827264953,45.244482652706765,0.7530173023342392,0.2477349776590019,0.5664685777636246,60->90,False
lonestar,Web,120,81,34.409163214888224,45.244482652706765,0.7605162264537394,0.2477349776590019,0.5721097560839139,60->90,False
lonestar,Web,120,82,34.69836690813906,45.244482652706765,0.7669082476747741,0.2477349776590019,0.5769182500705596,60->90,False
lonestar,Web,120,83,35.09765555647106,45.244482652706765,0.7757333822529924,0.2477349776590019,0.5835570901312054,60->90,False
lonestar,Web,120,84,35.30893203007104,45.244482652706765,0.7804030449657197,0.2477349776590019,0.5870699140561201,60->90,False
lonestar,Web,120,85,35.656312496221524,45.244482652706765,0.7880808975078064,0.2477349776590019,0.5928456939702238,60->90,False
lonestar,Web,120,86,35.80063853160302,45.244482652706765,0.7912708120989254,0.2477349776590019,0.5952453551413778,60->90,False
lonestar,Web,120,87,36.00971357600841,45.244482652706765,0.7958918185100325,0.2477349776590019,0.5987215766324673,60->90,False
lonestar,Web,120,88,36.207314197899116,45.244482652706765,0.800259215600358,0.2477349776590019,0.6020070167021929,60->90,False
lonestar,Web,120,89,36.39091001889057,45.244482652706765,0.8043170765864305,0.2477349776590019,0.6050596035875374,60->90,False
lonestar,Web,120,90,36.61181205186555,45.244482652706765,0.809199484783483,0.2477349776590019,0.608732468498971,60->90,False
lonestar,Web,120,91,36.88113201187279,45.244482652706765,0.815152032900223,0.2477349776590019,0.6132103622409962,90->120,False
lonestar,Web,120,92,37.22435746442865,45.244482652706765,0.8227380507400208,0.2477349776590019,0.6189170581207311,90->120,False
lonestar,Web,120,93,37.55135302871828,45.244482652706765,0.8299653532776501,0.2477349776590019,0.6243539050256658,90->120,False
lonestar,Web,120,94,37.88013020545838,45.244482652706765,0.837232033267424,0.2477349776590019,0.6298203742105181,90->120,False
lonestar,Web,120,95,38.07199920948991,45.244482652706765,0.8414727493234413,0.2477349776590019,0.6330105165691396,90->120,False
lonestar,Web,120,96,38.5506012492045,45.244482652706765,0.8520508797750215,0.2477349776590019,0.6409680741096236,90->120,False
lonestar,Web,120,97,38.82881014372309,45.244482652706765,0.858199892388429,0.2477349776590019,0.6455937612206237,90->120,False
lonestar,Web,120,98,39.16724136461581,45.244482652706765,0.8656799474371406,0.2477349776590019,0.6512207449989547,90->120,False
lonestar,Web,120,99,39.590527343531136,45.244482652706765,0.8750354744339777,0.2477349776590019,0.6582585807242421,90->120,False
lonestar,Web,120,100,40.0902969612328,45.244482652706765,0.8860814537092379,0.2477349776590019,0.6665680845705239,90->120,False
lonestar,Web,120,101,40.339396166434085,45.244482652706765,0.8915870798231078,0.2477349776590019,0.6707097745220755,90->120,False
lonestar,Web,120,102,40.51488772533999,45.244482652706765,0.8954658192542329,0.2477349776590019,0.6736276145268857,90->120,False
lonestar,Web,120,103,40.716994169625636,45.244482652706765,0.8999328046729191,0.2477349776590019,0.6769879714126706,90->120,False
lonestar,Web,120,104,41.02128647157671,45.244482652706765,0.9066583164725964,0.2477349776590019,0.6820473386969095,90->120,False
lonestar,Web,120,105,41.275606183812705,45.244482652706765,0.912279326976532,0.2477349776590019,0.6862758282892316,90->120,False
lonestar,Web,120,106,41.545643434108676,45.244482652706765,0.9182477287454008,0.2477349776590019,0.6907656481792297,90->120,False
lonestar,Web,120,107,41.87673096871208,45.244482652706765,0.925565472593746,0.2477349776590019,0.6962705309187908,90->120,False
lonestar,Web,120,108,42.201119695152386,45.244482652706765,0.9327351584299238,0.2477349776590019,0.7016640347945211,90->120,False
lonestar,Web,120,109,42.56592260586032,45.244482652706765,0.9407980843231899,0.2477349776590019,0.7077294919217527,90->120,False
lonestar,Web,120,110,42.73281214637038,45.244482652706765,0.944486700718499,0.2477349776590019,0.7105043090167773,90->120,False
lonestar,Web,120,111,43.00034776139273,45.244482652706765,0.9503998109882293,0.2477349776590019,0.7149525350459407,90->120,False
lonestar,Web,120,112,43.222967341668706,45.244482652706765,0.9553201806603678,0.2477349776590019,0.718653957047278,90->120,False
lonestar,Web,120,113,43.44871567387076,45.244482652706765,0.9603097024532211,0.2477349776590019,0.7224073997702496,90->120,False
lonestar,Web,120,114,43.71136141852482,45.244482652706765,0.9661147361115814,0.2477349776590019,0.7267743235449463,90->120,False
lonestar,Web,120,115,44.07523800005987,45.244482652706765,0.9741571881455264,0.2477349776590019,0.7328243789039384,90->120,False
lonestar,Web,120,116,44.35414232459173,45.244482652706765,0.9803215712521409,0.2477349776590019,0.7374616286993542,90->120,False
lonestar,Web,120,117,44.6137727174987,45.244482652706765,0.9860599591766945,0.2477349776590019,0.7417784172196198,90->120,False
lonestar,Web,120,118,44.866320381154736,45.244482652706765,0.9916418036105137,0.2477349776590019,0.7459774435473308,90->120,False
lonestar,Web,120,119,45.05000544455872,45.244482652706765,0.9957016370450993,0.2477349776590019,0.7490315142367,90->120,False
lonestar,Web,120,120,45.244482652706765,45.244482652706765,1.0,0.2477349776590019,0.7522650223409981,90->120,False
lonestar,Affiliate,120,1,8.556510369768157,49.76896682271107,0.17192461318814367,0.2477349776590019,0.12933287298094637,1->7,False
lonestar,Affiliate,120,2,10.971512346163548,49.76896682271107,0.2204488669665716,0.2477349776590019,0.1658359718336557,1->7,False
lonestar,Affiliate,120,3,12.691653578537183,49.76896682271107,0.255011393420078,0.2477349776590019,0.19183615156836403,1->7,False
lonestar,Affiliate,120,4,13.93201231532617,49.76896682271107,0.2799337258688797,0.2477349776590019,0.21058435054475164,1->7,False
lonestar,Affiliate,120,5,14.923108547559641,49.76896682271107,0.29984766613137287,0.2477349776590019,0.22556491126121336,1->7,False
lonestar,Affiliate,120,6,15.752912545204783,49.76896682271107,0.3165207869659102,0.2477349776590019,0.23810751687830073,1->7,False
lonestar,Affiliate,120,7,16.572050360236602,49.76896682271107,0.33297959387564136,0.2477349776590019,0.25048890162595583,1->7,False
lonestar,Affiliate,120,8,17.44626916155995,49.76896682271107,0.35054513435466167,0.2477349776590019,0.26370284332683774,7->14,False
lonestar,Affiliate,120,9,18.17256036076474,49.76896682271107,0.36513838885785466,0.2477349776590019,0.2746808382517101,7->14,False
lonestar,Affiliate,120,10,18.73127393386619,49.76896682271107,0.3763645325528146,0.2477349776590019,0.2831258734892024,7->14,False
lonestar,Affiliate,120,11,19.37480851109198,49.76896682271107,0.3892949713043003,0.2477349776590019,0.2928529902854677,7->14,False
lonestar,Affiliate,120,12,19.94561124910776,49.76896682271107,0.4007640206829847,0.2477349776590019,0.3014807549725537,7->14,False
lonestar,Affiliate,120,13,20.423968003810312,49.76896682271107,0.4103755675010365,0.2477349776590019,0.308711185454367,7->14,False
lonestar,Affiliate,120,14,20.830185142026572,49.76896682271107,0.4185376243840596,0.2477349776590019,0.3148512153578229,7->14,False
lonestar,Affiliate,120,15,21.352998477599627,49.76896682271107,0.42904243026912936,0.2477349776590019,0.3227536133916427,14->30,False
lonestar,Affiliate,120,16,22.09709334232631,49.76896682271107,0.4439934110153708,0.2477349776590019,0.3340007132567339,14->30,False
lonestar,Affiliate,120,17,22.606253977779858,49.76896682271107,0.4542238953504646,0.2477349776590019,0.34169674878363243,14->30,False
lonestar,Affiliate,120,18,22.989435343334755,49.76896682271107,0.4619230980869787,0.2477349776590019,0.34748858970222407,14->30,False
lonestar,Affiliate,120,19,23.353424623852803,49.76896682271107,0.4692366772861344,0.2477349776590019,0.3529903395218696,14->30,False
lonestar,Affiliate,120,20,23.844924063588145,49.76896682271107,0.4791122980014725,0.2477349776590019,0.3604194235599246,14->30,False
lonestar,Affiliate,120,21,24.287622645029032,49.76896682271107,0.4880073707687631,0.2477349776590019,0.36711087567393536,14->30,False
lonestar,Affiliate,120,22,24.682829199567383,49.76896682271107,0.4959481937307139,0.2477349776590019,0.3730844790368132,14->30,False
lonestar,Affiliate,120,23,25.096742483592248,49.76896682271107,0.5042648880575084,0.2477349776590019,0.37934083728036244,14->30,False
lonestar,Affiliate,120,24,25.439022175091708,49.76896682271107,0.511142259908902,0.2477349776590019,0.38451444356979847,14->30,False
lonestar,Affiliate,120,25,25.780467401095553,49.76896682271107,0.5180028649767179,0.2477349776590019,0.3896754367944117,14->30,False
lonestar,Affiliate,120,26,26.06699367510551,49.76896682271107,0.5237599922048284,0.2477349776590019,0.3940063222372862,14->30,False
lonestar,Affiliate,120,27,26.432518905918688,49.76896682271107,0.531104433010989,0.2477349776590019,0.39953128816441474,14->30,False
lonestar,Affiliate,120,28,26.754907474425146,49.76896682271107,0.537582135665635,0.2477349776590019,0.4044042372966304,14->30,False
lonestar,Affiliate,120,29,27.16245226682621,49.76896682271107,0.5457708688947742,0.2477349776590019,0.4105643348821933,14->30,False
lonestar,Affiliate,120,30,27.51702021513905,49.76896682271107,0.5528951467520159,0.2477349776590019,0.41592367992363466,14->30,False
lonestar,Affiliate,120,31,27.88867482017352,49.76896682271107,0.5603627441075808,0.2477349776590019,0.4215412922151523,30->60,False
lonestar,Affiliate,120,32,28.299684085182697,49.76896682271107,0.568621088438362,0.2477349776590019,0.4277537557976471,30->60,False
lonestar,Affiliate,120,33,28.685528475538103,49.76896682271107,0.5763737989121372,0.2477349776590019,0.4335858487154049,30->60,False
lonestar,Affiliate,120,34,29.026806034042377,49.76896682271107,0.5832310350633314,0.2477349776590019,0.43874430762188044,30->60,False
lonestar,Affiliate,120,35,29.390611262875314,49.76896682271107,0.5905409161410097,0.2477349776590019,0.44424327547409015,30->60,False
lonestar,Affiliate,120,36,29.77251470768923,49.76896682271107,0.5982144418176497,0.2477349776590019,0.45001580043866196,30->60,False
lonestar,Affiliate,120,37,30.13459378784349,49.76896682271107,0.6054896396622035,0.2477349776590019,0.4554886773077304,30->60,False
lonestar,Affiliate,120,38,30.50366341002638,49.76896682271107,0.612905297365077,0.2477349776590019,0.4610672172152558,30->60,False
lonestar,Affiliate,120,39,30.816752412635367,49.76896682271107,0.6191961453090233,0.2477349776590019,0.46579960208435234,30->60,False
lonestar,Affiliate,120,40,31.11939058063311,49.76896682271107,0.6252770062816011,0.2477349776590019,0.4703740210997411,30->60,False
lonestar,Affiliate,120,41,31.492780790324687,49.76896682271107,0.6327794768677735,0.2477349776590019,0.4760178673028607,30->60,False
lonestar,Affiliate,120,42,31.748580295070894,49.76896682271107,0.6379192159677919,0.2477349776590019,0.47988431325176295,30->60,False
lonestar,Affiliate,120,43,32.07317131163635,49.76896682271107,0.6444411720638814,0.2477349776590019,0.48479055270009475,30->60,False
lonestar,Affiliate,120,44,32.43903584585825,49.76896682271107,0.6517924304399131,0.2477349776590019,0.4903206472465747,30->60,False
lonestar,Affiliate,120,45,32.685322399177245,49.76896682271107,0.6567410273074415,0.2477349776590019,0.49404330357968257,30->60,False
lonestar,Affiliate,120,46,32.96687565940871,49.76896682271107,0.6623982325541251,0.2477349776590019,0.4982990212109666,30->60,False
lonestar,Affiliate,120,47,33.31170989305372,49.76896682271107,0.6693269324179055,0.2477349776590019,0.5035112397687874,30->60,False
lonestar,Affiliate,120,48,33.49940927656917,49.76896682271107,0.6730983465238901,0.2477349776590019,0.5063483426854831,30->60,False
lonestar,Affiliate,120,49,33.74333659404085,49.76896682271107,0.6779995396376755,0.2477349776590019,0.5100353388327223,30->60,False
lonestar,Affiliate,120,50,33.9702151715698,49.76896682271107,0.6825581751089952,0.2477349776590019,0.5134646408473992,30->60,False
lonestar,Affiliate,120,51,34.16250585979885,49.76896682271107,0.6864218415763751,0.2477349776590019,0.5163711419888009,30->60,False
lonestar,Affiliate,120,52,34.37299460024365,49.76896682271107,0.6906511586364341,0.2477349776590019,0.5195527092814733,30->60,False
lonestar,Affiliate,120,53,34.544337320433904,49.76896682271107,0.6940939208862638,0.2477349776590019,0.5221425789022562,30->60,False
lonestar,Affiliate,120,54,34.724325462143334,49.76896682271107,0.6977103942269821,0.2477349776590019,0.5248631253007073,30->60,False
lonestar,Affiliate,120,55,34.96244307642455,49.76896682271107,0.702494853890962,0.2477349776590019,0.5284623069567207,30->60,False
lonestar,Affiliate,120,56,35.23882475815103,49.76896682271107,0.7080481474264902,0.2477349776590019,0.532639855442291,30->60,False
lonestar,Affiliate,120,57,35.49130637474328,49.76896682271107,0.7131212207231824,0.2477349776590019,0.5364561510391647,30->60,False
lonestar,Affiliate,120,58,35.70493406560315,49.76896682271107,0.7174136082188051,0.2477349776590019,0.5396851640144554,30->60,False
lonestar,Affiliate,120,59,35.934409882191545,49.76896682271107,0.7220244296048677,0.2477349776590019,0.5431537236674522,30->60,False
lonestar,Affiliate,120,60,36.155433569117015,49.76896682271107,0.7264654236828201,0.2477349776590019,0.5464945281767193,30->60,False
lonestar,Affiliate,120,61,36.42743814011725,49.76896682271107,0.7319307686229548,0.2477349776590019,0.550605916010211,60->90,False
lonestar,Affiliate,120,62,36.678652094090815,49.76896682271107,0.736978370974606,0.2477349776590019,0.5544030507060443,60->90,False
lonestar,Affiliate,120,63,37.017216183328514,49.76896682271107,0.7437810858158391,0.2477349776590019,0.559520495138064,60->90,False
lonestar,Affiliate,120,64,37.27207880877541,49.76896682271107,0.7489020003478764,0.2477349776590019,0.5633727800229134,60->90,False
lonestar,Affiliate,120,65,37.53524104685182,49.76896682271107,0.7541896776873288,0.2477349776590019,0.5673505147348086,60->90,False
lonestar,Affiliate,120,66,37.815785552211004,49.76896682271107,0.7598266141814808,0.2477349776590019,0.5715909848925166,60->90,False
lonestar,Affiliate,120,67,38.130661431429104,49.76896682271107,0.7661533655552789,0.2477349776590019,0.5763503786560727,60->90,False
lonestar,Affiliate,120,68,38.46185581601875,49.76896682271107,0.7728080020834881,0.2477349776590019,0.5813564289526373,60->90,False
lonestar,Affiliate,120,69,38.8217145168778,49.76896682271107,0.7800385861970975,0.2477349776590019,0.5867957444724001,60->90,False
lonestar,Affiliate,120,70,39.248328076105594,49.76896682271107,0.7886104651502511,0.2477349776590019,0.5932440691845986,60->90,False
lonestar,Affiliate,120,71,39.50366878358853,49.76896682271107,0.7937409857092276,0.2477349776590019,0.597103580347518,60->90,False
lonestar,Affiliate,120,72,39.78251370956965,49.76896682271107,0.7993437728230214,0.2477349776590019,0.6013183611208479,60->90,False
lonestar,Affiliate,120,73,40.05107318796898,49.76896682271107,0.8047398960609421,0.2477349776590019,0.6053776758889771,60->90,False
lonestar,Affiliate,120,74,40.25224462427809,49.76896682271107,0.8087820019986789,0.2477349776590019,0.6084184108025333,60->90,False
lonestar,Affiliate,120,75,40.53980290801038,49.76896682271107,0.814559865235355,0.2477349776590019,0.6127648952193547,60->90,False
lonestar,Affiliate,120,76,40.7642598233356,49.76896682271107,0.819069842629999,0.2477349776590019,0.6161575934648941,60->90,False
lonestar,Affiliate,120,77,40.93676306206637,49.76896682271107,0.8225359229958075,0.2477349776590019,0.6187650044887146,60->90,False
lonestar,Affiliate,120,78,41.28366849553826,49.76896682271107,0.8295062391510061,0.2477349776590019,0.6240085295269289,60->90,False
lonestar,Affiliate,120,79,41.51688227664133,49.76896682271107,0.8341921668684498,0.2477349776590019,0.62753358904598,60->90,False
lonestar,Affiliate,120,80,41.720045844482705,49.76896682271107,0.8382743003908331,0.2477349776590019,0.6306044353113947,60->90,False
lonestar,Affiliate,120,81,41.95549776219272,49.76896682271107,0.8430051986340847,0.2477349776590019,0.6341633245840473,60->90,False
lonestar,Affiliate,120,82,42.1929647406894,49.76896682271107,0.8477765851758747,0.2477349776590019,0.6377526717875045,60->90,False
lonestar,Affiliate,120,83,42.364344569505015,49.76896682271107,0.8512200930434605,0.2477349776590019,0.6403431023104453,60->90,False
lonestar,Affiliate,120,84,42.612375404163565,49.76896682271107,0.8562037374808082,0.2477349776590019,0.6440921237044464,60->90,False
lonestar,Affiliate,120,85,42.85439189147271,49.76896682271107,0.8610665365855448,0.2477349776590019,0.6477502373816107,60->90,False
lonestar,Affiliate,120,86,43.04076083817519,49.76896682271107,0.8648112184345045,0.2477349776590019,0.6505672305563783,60->90,False
lonestar,Affiliate,120,87,43.12282852403351,49.76896682271107,0.8664601915014091,0.2477349776590019,0.651807695317393,60->90,False
lonestar,Affiliate,120,88,43.34927638208947,49.76896682271107,0.8710101725942981,0.2477349776590019,0.6552304869458864,60->90,False
lonestar,Affiliate,120,89,43.497952867960365,49.76896682271107,0.8739975057732351,0.2477349776590019,0.6574777532064794,60->90,False
lonestar,Affiliate,120,90,43.71944006665285,49.76896682271107,0.8784478131200095,0.2477349776590019,0.6608255637621249,60->90,False
lonestar,Affiliate,120,91,43.92010149794058,49.76896682271107,0.882479671607298,0.2477349776590019,0.6638585898771407,90->120,False
lonestar,Affiliate,120,92,44.09349493828129,49.76896682271107,0.885963638653638,0.2477349776590019,0.666479456425091,90->120,False
lonestar,Affiliate,120,93,44.25462772111165,49.76896682271107,0.8892012542425723,0.2477349776590019,0.6689150013884323,90->120,False
lonestar,Affiliate,120,94,44.417282755364795,49.76896682271107,0.8924694561892303,0.2477349776590019,0.6713735553988498,90->120,False
lonestar,Affiliate,120,95,44.65559188916308,49.76896682271107,0.8972577640246571,0.2477349776590019,0.6749756318996427,90->120,False
lonestar,Affiliate,120,96,44.83727978113896,49.76896682271107,0.9009083901793671,0.2477349776590019,0.6777218702654743,90->120,False
lonestar,Affiliate,120,97,45.04105590722833,49.76896682271107,0.9050028317380049,0.2477349776590019,0.6808019754360568,90->120,False
lonestar,Affiliate,120,98,45.2619580286509,49.76896682271107,0.9094413832194828,0.2477349776590019,0.6841409424654324,90->120,False
lonestar,Affiliate,120,99,45.44588731236036,49.76896682271107,0.9131370453047468,0.2477349776590019,0.6869210597865684,90->120,False
lonestar,Affiliate,120,100,45.66673792869792,49.76896682271107,0.9175745619026758,0.2477349776590019,0.690259248309248,90->120,False
lonestar,Affiliate,120,101,45.87194011473853,49.76896682271107,0.9216976570589724,0.2477349776590019,0.6933609085791135,90->120,False
lonestar,Affiliate,120,102,46.083177196943275,49.76896682271107,0.9259420104319734,0.2477349776590019,0.6965537871640772,90->120,False
lonestar,Affiliate,120,103,46.22034192905325,49.76896682271107,0.9286980397584127,0.2477349776590019,0.6986270516269035,90->120,False
lonestar,Affiliate,120,104,46.364901459962326,49.76896682271107,0.9316026516106947,0.2477349776590019,0.7008120895268524,90->120,False
lonestar,Affiliate,120,105,46.536087388767065,49.76896682271107,0.9350422634759469,0.2477349776590019,0.7033995892235106,90->120,False
lonestar,Affiliate,120,106,46.729813191109265,49.76896682271107,0.9389347654648328,0.2477349776590019,0.7063277823191423,90->120,False
lonestar,Affiliate,120,107,46.95469923310275,49.76896682271107,0.9434533652339335,0.2477349776590019,0.7097269668753948,90->120,False
lonestar,Affiliate,120,108,47.21384592328695,49.76896682271107,0.948660358802985,0.2477349776590019,0.7136440060089468,90->120,False
lonestar,Affiliate,120,109,47.393791713015105,49.76896682271107,0.9522759811720242,0.2477349776590019,0.7163639122511687,90->120,False
lonestar,Affiliate,120,110,47.60786812416899,49.76896682271107,0.9565773847337351,0.2477349776590019,0.7195997076976168,90->120,False
lonestar,Affiliate,120,111,47.79232839970954,49.76896682271107,0.9602837159541047,0.2477349776590019,0.7223878510359112,90->120,False
lonestar,Affiliate,120,112,47.9335214850684,49.76896682271107,0.9631206863469566,0.2477349776590019,0.7245220046318708,90->120,False
lonestar,Affiliate,120,113,48.12698167923462,49.76896682271107,0.9670078515126586,0.2477349776590019,0.7274461830220906,90->120,False
lonestar,Affiliate,120,114,48.3164339515501,49.76896682271107,0.9708144861368082,0.2477349776590019,0.7303097811026706,90->120,False
lonestar,Affiliate,120,115,48.61672717402905,49.76896682271107,0.9768482304889596,0.2477349776590019,0.7348487559325417,90->120,False
lonestar,Affiliate,120,116,48.91552308261702,49.76896682271107,0.9828518895492804,0.2477349776590019,0.7393650986496816,90->120,False
lonestar,Affiliate,120,117,49.13358761961752,49.76896682271107,0.9872334258945555,0.2477349776590019,0.7426611751863479,90->120,False
lonestar,Affiliate,120,118,49.291779619258286,49.76896682271107,0.9904119527907292,0.2477349776590019,0.7450522697929095,90->120,False
lonestar,Affiliate,120,119,49.564189654656204,49.76896682271107,0.9958854446630501,0.2477349776590019,0.7491697862785243,90->120,False
lonestar,Affiliate,120,120,49.76896682271107,49.76896682271107,1.0,0.2477349776590019,0.7522650223409981,90->120,False
lonestar,Blended,120,1,8.302729825323446,115.97159954549878,0.07159278528417694,0.0,0.07159278528417694,1->7,False
lonestar,Blended,120,2,12.094531506934318,115.97159954549878,0.10428873581405858,0.0,0.10428873581405858,1->7,False
lonestar,Blended,120,3,14.541541838602585,115.97159954549878,0.1253888184313397,0.0,0.1253888184313397,1->7,False
lonestar,Blended,120,4,16.812148087245202,115.97159954549878,0.14496780378241955,0.0,0.14496780378241955,1->7,False
lonestar,Blended,120,5,18.843267971828364,115.97159954549878,0.16248174592466189,0.0,0.16248174592466189,1->7,False
lonestar,Blended,120,6,20.461376314728064,115.97159954549878,0.1764343718196326,0.0,0.1764343718196326,1->7,False
lonestar,Blended,120,7,22.135740746486306,115.97159954549878,0.19087208276196846,0.0,0.19087208276196846,1->7,False
lonestar,Blended,120,8,23.647924968757202,115.97159954549878,0.2039113460660641,0.0,0.2039113460660641,7->14,False
lonestar,Blended,120,9,25.135530351687297,115.97159954549878,0.21673867093491242,0.0,0.21673867093491242,7->14,False
lonestar,Blended,120,10,26.201012481267735,115.97159954549878,0.22592611108194963,0.0,0.22592611108194963,7->14,False
lonestar,Blended,120,11,27.64594902395536,115.97159954549878,0.23838551104151245,0.0,0.23838551104151245,7->14,False
lonestar,Blended,120,12,28.81688382796736,115.97159954549878,0.24848224859278345,0.0,0.24848224859278345,7->14,False
lonestar,Blended,120,13,30.021746990635723,115.97159954549878,0.25887154362182774,0.0,0.25887154362182774,7->14,False
lonestar,Blended,120,14,31.05512071595467,115.97159954549878,0.26778211939528274,0.0,0.26778211939528274,7->14,False
lonestar,Blended,120,15,32.206143108536715,115.97159954549878,0.27770715618957537,0.0,0.27770715618957537,14->30,False
lonestar,Blended,120,16,33.58582757520498,115.97159954549878,0.28960390049658974,0.0,0.28960390049658974,14->30,False
lonestar,Blended,120,17,34.93999685776163,115.97159954549878,0.3012806324539288,0.0,0.3012806324539288,14->30,False
lonestar,Blended,120,18,36.12366911455098,115.97159954549878,0.3114872025230513,0.0,0.3114872025230513,14->30,False
lonestar,Blended,120,19,37.06506173791498,115.97159954549878,0.3196046435780457,0.0,0.3196046435780457,14->30,False
lonestar,Blended,120,20,38.18212111858577,115.97159954549878,0.3292368240864514,0.0,0.3292368240864514,14->30,False
lonestar,Blended,120,21,39.265102935350164,115.97159954549878,0.33857516054993625,0.0,0.33857516054993625,14->30,False
lonestar,Blended,120,22,40.3349745308338,115.97159954549878,0.3478004501870245,0.0,0.3478004501870245,14->30,False
lonestar,Blended,120,23,41.3823879531154,115.97159954549878,0.3568320874705188,0.0,0.3568320874705188,14->30,False
lonestar,Blended,120,24,42.38012208431612,115.97159954549878,0.36543535012371076,0.0,0.36543535012371076,14->30,False
lonestar,Blended,120,25,43.06617767417178,115.97159954549878,0.3713510708048462,0.0,0.3713510708048462,14->30,False
lonestar,Blended,120,26,43.92534016608339,115.97159954549878,0.3787594578175176,0.0,0.3787594578175176,14->30,False
lonestar,Blended,120,27,44.74117565688316,115.97159954549878,0.3857942447308403,0.0,0.3857942447308403,14->30,False
lonestar,Blended,120,28,45.39842231092768,115.97159954549878,0.39146155169754865,0.0,0.39146155169754865,14->30,False
lonestar,Blended,120,29,46.41356376330587,115.97159954549878,0.4002149142135147,0.0,0.4002149142135147,14->30,False
lonestar,Blended,120,30,47.21031616451965,115.97159954549878,0.40708515144690893,0.0,0.40708515144690893,14->30,False
lonestar,Blended,120,31,48.138561872605564,115.97159954549878,0.41508922927047764,0.0,0.41508922927047764,30->60,False
lonestar,Blended,120,32,49.16861181208453,115.97159954549878,0.42397114470077096,0.0,0.42397114470077096,30->60,False
lonestar,Blended,120,33,49.98285537465749,115.97159954549878,0.43099220473412436,0.0,0.43099220473412436,30->60,False
lonestar,Blended,120,34,50.90347981711189,115.97159954549878,0.4389305659023965,0.0,0.4389305659023965,30->60,False
lonestar,Blended,120,35,51.686312030049514,115.97159954549878,0.4456807721253477,0.0,0.4456807721253477,30->60,False
lonestar,Blended,120,36,52.568330115983485,115.97159954549878,0.4532862383721759,0.0,0.4532862383721759,30->60,False
lonestar,Blended,120,37,53.56827279214398,115.97159954549878,0.46190854486858834,0.0,0.46190854486858834,30->60,False
lonestar,Blended,120,38,54.424152512725286,115.97159954549878,0.46928862519804454,0.0,0.46928862519804454,30->60,False
lonestar,Blended,120,39,55.32575380823568,115.97159954549878,0.47706295355984896,0.0,0.47706295355984896,30->60,False
lonestar,Blended,120,40,56.07603895896921,115.97159954549878,0.4835325129491645,0.0,0.4835325129491645,30->60,False
lonestar,Blended,120,41,56.86607744486305,115.97159954549878,0.4903448574282444,0.0,0.4903448574282444,30->60,False
lonestar,Blended,120,42,57.794918094103,115.97159954549878,0.4983540653108652,0.0,0.4983540653108652,30->60,False
lonestar,Blended,120,43,58.505589115103184,115.97159954549878,0.5044820399510819,0.0,0.5044820399510819,30->60,False
lonestar,Blended,120,44,59.41276109696789,115.97159954549878,0.5123044032315746,0.0,0.5123044032315746,30->60,False
lonestar,Blended,120,45,60.266445785633834,115.97159954549878,0.5196655562381003,0.0,0.5196655562381003,30->60,False
lonestar,Blended,120,46,61.1878179556865,115.97159954549878,0.5276103649124962,0.0,0.5276103649124962,30->60,False
lonestar,Blended,120,47,62.08405320608001,115.97159954549878,0.5353384229362359,0.0,0.5353384229362359,30->60,False
lonestar,Blended,120,48,63.00738721580842,115.97159954549878,0.5433001481633348,0.0,0.5433001481633348,30->60,False
lonestar,Blended,120,49,63.753538181422854,115.97159954549878,0.5497340592979458,0.0,0.5497340592979458,30->60,False
lonestar,Blended,120,50,64.64874466975859,115.97159954549878,0.5574532465114025,0.0,0.5574532465114025,30->60,False
lonestar,Blended,120,51,65.55511845819952,115.97159954549878,0.5652687271290113,0.0,0.5652687271290113,30->60,False
lonestar,Blended,120,52,66.1203073073164,115.97159954549878,0.5701422379828056,0.0,0.5701422379828056,30->60,False
lonestar,Blended,120,53,66.86865731741949,115.97159954549878,0.5765951110399673,0.0,0.5765951110399673,30->60,False
lonestar,Blended,120,54,67.54331348692088,115.97159954549878,0.5824125367902839,0.0,0.5824125367902839,30->60,False
lonestar,Blended,120,55,68.37466573599279,115.97159954549878,0.58958112161907,0.0,0.58958112161907,30->60,False
lonestar,Blended,120,56,69.11966925997812,115.97159954549878,0.5960051385930968,0.0,0.5960051385930968,30->60,False
lonestar,Blended,120,57,69.8906776540896,115.97159954549878,0.6026533903817513,0.0,0.6026533903817513,30->60,False
lonestar,Blended,120,58,70.44185938152529,115.97159954549878,0.607406120615669,0.0,0.607406120615669,30->60,False
lonestar,Blended,120,59,71.1707334412224,115.97159954549878,0.6136910564323139,0.0,0.6136910564323139,30->60,False
lonestar,Blended,120,60,71.83187896782151,115.97159954549878,0.6193919826003601,0.0,0.6193919826003601,30->60,False
lonestar,Blended,120,61,72.60200744320719,115.97159954549878,0.626032647025132,0.0,0.626032647025132,60->90,False
lonestar,Blended,120,62,73.50408002433498,115.97159954549878,0.6338110391889297,0.0,0.6338110391889297,60->90,False
lonestar,Blended,120,63,74.14380729845892,115.97159954549878,0.6393272800326455,0.0,0.6393272800326455,60->90,False
lonestar,Blended,120,64,74.78679027957347,115.97159954549878,0.644871594189167,0.0,0.644871594189167,60->90,False
lonestar,Blended,120,65,75.65725851559458,115.97159954549878,0.6523774683810599,0.0,0.6523774683810599,60->90,False
lonestar,Blended,120,66,76.43096564820873,115.97159954549878,0.6590489908542031,0.0,0.6590489908542031,60->90,False
lonestar,Blended,120,67,77.30141617451996,115.97159954549878,0.6665547123387958,0.0,0.6665547123387958,60->90,False
lonestar,Blended,120,68,78.07462138803943,115.97159954549878,0.6732219068635736,0.0,0.6732219068635736,60->90,False
lonestar,Blended,120,69,79.11785504302365,115.97159954549878,0.6822175028463205,0.0,0.6822175028463205,60->90,False
lonestar,Blended,120,70,80.0682903941543,115.97159954549878,0.690412917541431,0.0,0.690412917541431,60->90,False
lonestar,Blended,120,71,80.91872333302558,115.97159954549878,0.6977460313572634,0.0,0.6977460313572634,60->90,False
lonestar,Blended,120,72,81.82482148958894,115.97159954549878,0.7055591352561009,0.0,0.7055591352561009,60->90,False
lonestar,Blended,120,73,82.66613248805741,115.97159954549878,0.7128135923970357,0.0,0.7128135923970357,60->90,False
lonestar,Blended,120,74,83.36249181484794,115.97159954549878,0.7188181601491371,0.0,0.7188181601491371,60->90,False
lonestar,Blended,120,75,84.09756024799795,115.97159954549878,0.7251565088140758,0.0,0.7251565088140758,60->90,False
lonestar,Blended,120,76,84.85510143909933,115.97159954549878,0.7316886355939963,0.0,0.7316886355939963,60->90,False
lonestar,Blended,120,77,85.40619823840991,115.97159954549878,0.73644063350961,0.0,0.73644063350961,60->90,False
lonestar,Blended,120,78,86.2432676893711,115.97159954549878,0.7436585166313546,0.0,0.7436585166313546,60->90,False
lonestar,Blended,120,79,87.0593586211545,115.97159954549878,0.7506955061613924,0.0,0.7506955061613924,60->90,False
lonestar,Blended,120,80,88.08990319701796,115.97159954549878,0.7595816867426919,0.0,0.7595816867426919,60->90,False
lonestar,Blended,120,81,88.84422093295814,115.97159954549878,0.766086018310907,0.0,0.766086018310907,60->90,False
lonestar,Blended,120,82,89.69464105748649,115.97159954549878,0.773419021631213,0.0,0.773419021631213,60->90,False
lonestar,Blended,120,83,90.60216563759293,115.97159954549878,0.7812444252961025,0.0,0.7812444252961025,60->90,False
lonestar,Blended,120,84,91.49722776527248,115.97159954549878,0.7889623677163793,0.0,0.7889623677163793,60->90,False
lonestar,Blended,120,85,92.55487179678916,115.97159954549878,0.7980822215052522,0.0,0.7980822215052522,60->90,False
lonestar,Blended,120,86,93.34101416934915,115.97159954549878,0.804860970575205,0.0,0.804860970575205,60->90,False
lonestar,Blended,120,87,94.37041423721384,115.97159954549878,0.8137372822920304,0.0,0.8137372822920304,60->90,False
lonestar,Blended,120,88,95.25692142316959,115.97159954549878,0.8213814571540659,0.0,0.8213814571540659,60->90,False
lonestar,Blended,120,89,95.83319739845302,115.97159954549878,0.826350570088111,0.0,0.826350570088111,60->90,False
lonestar,Blended,120,90,96.76219680155802,115.97159954549878,0.8343611468736845,0.0,0.8343611468736845,60->90,False
lonestar,Blended,120,91,97.58191646761239,115.97159954549878,0.841429426256455,0.0,0.841429426256455,90->120,False
lonestar,Blended,120,92,98.19337277212183,115.97159954549878,0.8467018921610884,0.0,0.8467018921610884,90->120,False
lonestar,Blended,120,93,98.8582051441923,115.97159954549878,0.8524346092631719,0.0,0.8524346092631719,90->120,False
lonestar,Blended,120,94,99.57307545350385,115.97159954549878,0.8585987935299508,0.0,0.8585987935299508,90->120,False
lonestar,Blended,120,95,100.13054494930395,115.97159954549878,0.8634057419378789,0.0,0.8634057419378789,90->120,False
lonestar,Blended,120,96,100.76901481672068,115.97159954549878,0.8689111404140485,0.0,0.8689111404140485,90->120,False
lonestar,Blended,120,97,101.44309271995554,115.97159954549878,0.8747235798895461,0.0,0.8747235798895461,90->120,False
lonestar,Blended,120,98,102.03968886393493,115.97159954549878,0.8798679095902442,0.0,0.8798679095902442,90->120,False
lonestar,Blended,120,99,102.70082308653508,115.97159954549878,0.8855687382861593,0.0,0.8855687382861593,90->120,False
lonestar,Blended,120,100,103.46401092661412,115.97159954549878,0.8921495549953367,0.0,0.8921495549953367,90->120,False
lonestar,Blended,120,101,103.91558786057426,115.97159954549878,0.896043412937539,0.0,0.896043412937539,90->120,False
lonestar,Blended,120,102,104.51575663553622,115.97159954549878,0.9012185487234905,0.0,0.9012185487234905,90->120,False
lonestar,Blended,120,103,105.16974213142,115.97159954549878,0.9068577353730392,0.0,0.9068577353730392,90->120,False
lonestar,Blended,120,104,105.84825255389684,115.97159954549878,0.9127083955789514,0.0,0.9127083955789514,90->120,False
lonestar,Blended,120,105,106.48046523808372,115.97159954549878,0.9181598396106331,0.0,0.9181598396106331,90->120,False
lonestar,Blended,120,106,107.08130428491968,115.97159954549878,0.9233407550174283,0.0,0.9233407550174283,90->120,False
lonestar,Blended,120,107,107.75648996361548,115.97159954549878,0.9291627466200439,0.0,0.9291627466200439,90->120,False
lonestar,Blended,120,108,108.40352973570705,115.97159954549878,0.9347420416770007,0.0,0.9347420416770007,90->120,False
lonestar,Blended,120,109,108.90669650048123,115.97159954549878,0.9390807484530228,0.0,0.9390807484530228,90->120,False
lonestar,Blended,120,110,109.45769699076047,115.97159954549878,0.943831915915045,0.0,0.943831915915045,90->120,False
lonestar,Blended,120,111,110.14770345781326,115.97159954549878,0.949781704223191,0.0,0.949781704223191,90->120,False
lonestar,Blended,120,112,110.73397810788313,115.97159954549878,0.954837033738068,0.0,0.954837033738068,90->120,False
lonestar,Blended,120,113,111.56825634362201,115.97159954549878,0.9620308487669931,0.0,0.9620308487669931,90->120,False
lonestar,Blended,120,114,112.11615068442492,115.97159954549878,0.9667552325208617,0.0,0.9667552325208617,90->120,False
lonestar,Blended,120,115,112.94633043443794,115.97159954549878,0.9739137071238382,0.0,0.9739137071238382,90->120,False
lonestar,Blended,120,116,113.61089066604828,115.97159954549878,0.9796440776129476,0.0,0.9796440776129476,90->120,False
lonestar,Blended,120,117,114.2337480494523,115.97159954549878,0.9850148527496625,0.0,0.9850148527496625,90->120,False
lonestar,Blended,120,118,114.80340449272104,115.97159954549878,0.989926886777832,0.0,0.989926886777832,90->120,False
lonestar,Blended,120,119,115.363122297091,115.97159954549878,0.9947532219026689,0.0,0.9947532219026689,90->120,False
lonestar,Blended,120,120,115.97159954549878,115.97159954549878,1.0,0.0,1.0,90->120,False
