brand,day,population,ARPU_nominal,growth_step,effective_patch,is_extrapolated
realprize,1,Web,4.594259780587579,,1->7,False
realprize,2,Web,5.672864726664186,1.2347723023051735,1->7,False
realprize,3,Web,6.21782195983637,1.0960638512338783,1->7,False
realprize,4,Web,6.902817627370768,1.1101664975226189,1->7,False
realprize,5,Web,7.359821439196727,1.0662054014021558,1->7,False
realprize,6,Web,7.865011565637782,1.0686416281447437,1->7,False
realprize,7,Web,8.391302547415393,1.0669154746163343,1->7,False
realprize,8,Web,8.931484384817459,1.06437401516031,7->14,False
realprize,9,Web,9.270560021372358,1.0379640854695207,7->14,False
realprize,10,Web,9.820616309128766,1.0593336633912416,7->14,False
realprize,11,Web,10.097228307018677,1.0281664601469853,7->14,False
realprize,12,Web,10.2832327882074,1.0184213405434668,7->14,False
realprize,13,Web,10.60141257311722,1.0309416106260574,7->14,False
realprize,14,Web,10.87201010467581,1.0255246675565448,7->14,False
realprize,15,Web,11.045648497744708,1.0159711397797744,14->30,False
realprize,16,Web,11.43070231210008,1.0348602270327534,14->30,False
realprize,17,Web,11.537984022469525,1.0093853997278786,14->30,False
realprize,18,Web,11.779549993598218,1.0209365839524702,14->30,False
realprize,19,Web,11.88180961608871,1.0086811145201697,14->30,False
realprize,20,Web,12.04062310996679,1.0133661032291779,14->30,False
realprize,21,Web,12.245308610986347,1.0169995771107665,14->30,False
realprize,22,Web,12.522926186538083,1.022671341684493,14->30,False
realprize,23,Web,12.607711937198227,1.0067704424187445,14->30,False
realprize,24,Web,12.81803220719325,1.0166818746369424,14->30,False
realprize,25,Web,12.865425526073604,1.0036973942734952,14->30,False
realprize,26,Web,13.099007499358095,1.0181557907129541,14->30,False
realprize,27,Web,13.5366937673862,1.0334136970338825,14->30,False
realprize,28,Web,13.63596017755563,1.0073331355407176,14->30,False
realprize,29,Web,13.82877949875137,1.0141405019290914,14->30,False
realprize,30,Web,13.94081692516203,1.008101758106764,14->30,False
realprize,31,Web,14.005429676683011,1.0046347894723702,30->60,False
realprize,32,Web,14.100206944798042,1.006767180322416,30->60,False
realprize,33,Web,14.25626146500298,1.0110675340309463,30->60,False
realprize,34,Web,14.622196430262017,1.025668367976931,30->60,False
realprize,35,Web,14.823955101534194,1.0137981097596678,30->60,False
realprize,36,Web,15.004507135955306,1.0121797477923031,30->60,False
realprize,37,Web,15.234221531556145,1.0153096928489156,30->60,False
realprize,38,Web,15.281041234272575,1.0030733242666485,30->60,False
realprize,39,Web,15.351015327019555,1.0045791442922123,30->60,False
realprize,40,Web,15.425690354416215,1.004864500868892,30->60,False
realprize,41,Web,15.459145748375368,1.0021688101595774,30->60,False
realprize,42,Web,15.502899357384004,1.0028302734006653,30->60,False
realprize,43,Web,15.502899357384004,1.0,30->60,False
realprize,44,Web,15.55863231777745,1.0035950023997866,30->60,False
realprize,45,Web,15.755310766839228,1.0126411142730747,30->60,False
realprize,46,Web,15.954938734461459,1.0126705192031118,30->60,False
realprize,47,Web,16.202546578515275,1.0155191974206081,30->60,False
realprize,48,Web,16.557247380891155,1.0218916699703378,30->60,False
realprize,49,Web,16.838310618904128,1.0169752393950064,30->60,False
realprize,50,Web,16.843877221633576,1.0003305915216458,30->60,False
realprize,51,Web,16.843877221633576,1.0,30->60,False
realprize,52,Web,16.849443824363025,1.0003304822670103,30->60,False
realprize,53,Web,16.866143632551374,1.0009911192536933,30->60,False
realprize,54,Web,16.89174048079034,1.0015176467600788,30->60,False
realprize,55,Web,17.036711214302347,1.0085823443520738,30->60,False
realprize,56,Web,17.08463699072188,1.0028130885014532,30->60,False
realprize,57,Web,17.144999266326103,1.0035331318796532,30->60,False
realprize,58,Web,17.23346565443252,1.0051598945402216,30->60,False
realprize,59,Web,17.292807959765955,1.0034434342182457,30->60,False
realprize,60,Web,17.29837346184493,1.0003218391190096,30->60,False
realprize,61,Web,17.29837346184493,1.0,60->90,False
realprize,62,Web,17.29837346184493,1.0,60->90,False
realprize,63,Web,17.29837346184493,1.0,60->90,False
realprize,64,Web,17.58170063093592,1.016378832941486,60->90,False
realprize,65,Web,17.77706565211979,1.0111118386830065,60->90,False
realprize,66,Web,17.77706565211979,1.0,60->90,False
realprize,67,Web,17.77706565211979,1.0,60->90,False
realprize,68,Web,17.806287333627534,1.0016437854300357,60->90,False
realprize,69,Web,17.806287333627534,1.0,60->90,False
realprize,70,Web,17.8763724581855,1.0039359762787614,60->90,False
realprize,71,Web,17.8763724581855,1.0,60->90,False
realprize,72,Web,17.95876587227218,1.0046090678788109,60->90,False
realprize,73,Web,17.95876587227218,1.0,60->90,False
realprize,74,Web,17.95876587227218,1.0,60->90,False
realprize,75,Web,17.95876587227218,1.0,60->90,False
realprize,76,Web,18.054545552967944,1.0053333108397857,60->90,False
realprize,77,Web,18.054545552967944,1.0,60->90,False
realprize,78,Web,18.347641950431893,1.0162339393480755,60->90,False
realprize,79,Web,18.347641950431893,1.0,60->90,False
realprize,80,Web,18.347641950431893,1.0,60->90,False
realprize,81,Web,18.347641950431893,1.0,60->90,False
realprize,82,Web,18.347641950431893,1.0,60->90,False
realprize,83,Web,18.347641950431893,1.0,60->90,False
realprize,84,Web,18.347641950431893,1.0,60->90,False
realprize,85,Web,18.443939733639443,1.0052485100520114,60->90,False
realprize,86,Web,18.51200055311575,1.0036901454059826,60->90,False
realprize,87,Web,18.51200055311575,1.0,60->90,False
realprize,88,Web,18.59934429775528,1.0047182228840648,60->90,False
realprize,89,Web,18.628457581050586,1.0015652854654031,60->90,False
realprize,90,Web,18.628457581050586,1.0,60->90,False
realprize,91,Web,18.781841942362963,1.0082338733974627,90->120,False
realprize,92,Web,18.835972290630302,1.002882057491137,90->120,False
realprize,93,Web,19.197413747973005,1.0191888930269077,90->120,False
realprize,94,Web,19.21741183422385,1.0010417073108588,90->120,False
realprize,95,Web,19.24804177787496,1.0015938641433786,90->120,False
realprize,96,Web,19.260640305080894,1.0006545355289294,90->120,False
realprize,97,Web,19.363450062910413,1.0053378161993087,90->120,False
realprize,98,Web,19.614247391744897,1.0129520993428165,90->120,False
realprize,99,Web,19.774816884447155,1.0081863703202723,90->120,False
realprize,100,Web,19.993143224107598,1.0110406251009159,90->120,False
realprize,101,Web,20.059872099580872,1.0033375880283202,90->120,False
realprize,102,Web,20.150000566317512,1.0044929731500394,90->120,False
realprize,103,Web,20.35013373960343,1.009932167129586,90->120,False
realprize,104,Web,20.404171139311842,1.0026553830259726,90->120,False
realprize,105,Web,20.45642292400987,1.0025608383864884,90->120,False
realprize,106,Web,20.631323012451972,1.0085498862187103,90->120,False
realprize,107,Web,20.862046115612877,1.0111831462781933,90->120,False
realprize,108,Web,21.09821624638125,1.0113205641220218,90->120,False
realprize,109,Web,21.39173708471065,1.0139121163088725,90->120,False
realprize,110,Web,21.41514848151356,1.0010944130768906,90->120,False
realprize,111,Web,21.49779656564044,1.0038593280918982,90->120,False
realprize,112,Web,21.634650714868872,1.006365961684053,90->120,False
realprize,113,Web,21.661626877099582,1.001246896129096,90->120,False
realprize,114,Web,21.806288596990605,1.0066782481626049,90->120,False
realprize,115,Web,22.016546056838838,1.009642056185446,90->120,False
realprize,116,Web,22.016546056838838,1.0,90->120,False
realprize,117,Web,22.1418856432403,1.0056929722799335,90->120,False
realprize,118,Web,22.181478554203544,1.0017881454001336,90->120,False
realprize,119,Web,22.181478554203544,1.0,90->120,False
realprize,120,Web,22.181478554203544,1.0,90->120,False
realprize,121,Web,22.211201087653023,1.0013399707948616,120->150,False
realprize,122,Web,22.246899076365473,1.001607206587864,120->150,False
realprize,123,Web,22.366610299613672,1.0053810296364125,120->150,False
realprize,124,Web,22.51531819323978,1.0066486558148096,120->150,False
realprize,125,Web,22.584262091413347,1.0030620885559711,120->150,False
realprize,126,Web,22.655006244276098,1.0031324535898674,120->150,False
realprize,127,Web,22.655006244276098,1.0,120->150,False
realprize,128,Web,22.684740681022912,1.0013124885699083,120->150,False
realprize,129,Web,22.74128205756959,1.0024924850295502,120->150,False
realprize,130,Web,22.74128205756959,1.0,120->150,False
realprize,131,Web,22.80192935749955,1.0026668373302978,120->150,False
realprize,132,Web,22.973313032551868,1.007516191825932,120->150,False
realprize,133,Web,23.08224296327042,1.0047415856199846,120->150,False
realprize,134,Web,23.114369962781897,1.0013918491180687,120->150,False
realprize,135,Web,23.1976692375434,1.0036037873796964,120->150,False
realprize,136,Web,23.20122832344704,1.000153424288759,120->150,False
realprize,137,Web,23.25020098838224,1.002110778974823,120->150,False
realprize,138,Web,23.339158138433778,1.0038260809055366,120->150,False
realprize,139,Web,23.386747521185487,1.0020390359613418,120->150,False
realprize,140,Web,23.53725471723699,1.006435576213202,120->150,False
realprize,141,Web,23.53725471723699,1.0,120->150,False
realprize,142,Web,23.543194462607953,1.0002523550618931,120->150,False
realprize,143,Web,23.57889245132041,1.0015162763391838,120->150,False
realprize,144,Web,23.639935178787887,1.0025888717035163,120->150,False
realprize,145,Web,23.67563316750034,1.0015100713450553,120->150,False
realprize,146,Web,23.745236032214457,1.0029398523039148,120->150,False
realprize,147,Web,23.79611120116297,1.0021425421452745,120->150,False
realprize,148,Web,23.819905892538824,1.0009999403337253,120->150,False
realprize,149,Web,24.056027554683794,1.0099127873640732,120->150,False
realprize,150,Web,24.1214718834404,1.0027204960838958,120->150,False
realprize,151,Web,24.19727627641449,1.003142610589453,150->180,False
realprize,152,Web,24.32199769305747,1.0051543576730801,150->180,False
realprize,153,Web,24.43178536658241,1.0045139250036308,150->180,False
realprize,154,Web,24.66924556002539,1.0097193139952751,150->180,False
realprize,155,Web,24.722672134766277,1.0021657157942219,150->180,False
realprize,156,Web,24.735098269062103,1.000502621004238,150->180,False
realprize,157,Web,24.823531145857146,1.0035751981186043,150->180,False
realprize,158,Web,24.89014285212943,1.0026834097808603,150->180,False
realprize,159,Web,24.949794928442135,1.0023966144616805,150->180,False
realprize,160,Web,25.038916382185327,1.0035720315136376,150->180,False
realprize,161,Web,25.09070575777783,1.0020683553074745,150->180,False
realprize,162,Web,25.20590655051237,1.0045913731501486,150->180,False
realprize,163,Web,25.239056724661136,1.0013151748413545,150->180,False
realprize,164,Web,25.39736352028979,1.006272294458373,150->180,False
realprize,165,Web,25.401500038644443,1.0001628719591837,150->180,False
realprize,166,Web,25.485204435610473,1.0032952540928168,150->180,False
realprize,167,Web,25.52638853249671,1.0016160002557677,150->180,False
realprize,168,Web,25.540887070777824,1.0005679823553049,150->180,False
realprize,169,Web,25.547095993117768,1.0002430973647367,150->180,False
realprize,170,Web,25.580237877650596,1.0012972857870717,150->180,False
realprize,171,Web,25.62261124428783,1.0016564883735604,150->180,False
realprize,172,Web,25.694303987755095,1.0027980264300052,150->180,False
realprize,173,Web,25.7025894588883,1.0003224633419592,150->180,False
realprize,174,Web,25.725373468302625,1.0008864480153163,150->180,False
realprize,175,Web,25.795806190146834,1.0027378697506955,150->180,False
realprize,176,Web,25.81776123796704,1.000851109194199,150->180,False
realprize,177,Web,25.87783620903699,1.002326885376165,150->180,False
realprize,178,Web,25.900269650593163,1.0008668978880213,150->180,False
realprize,179,Web,25.913238174460012,1.0005007099942125,150->180,False
realprize,180,Web,25.913238174460012,1.0,150->180,False
realprize,181,Web,26.28330807319725,1.0142811136240772,180->270,False
realprize,182,Web,26.318189269851285,1.0013271235324295,180->270,False
realprize,183,Web,26.37278630861166,1.002074498294718,180->270,False
realprize,184,Web,26.448718824670618,1.002879199610174,180->270,False
realprize,185,Web,26.465578980287553,1.0006374658723056,180->270,False
realprize,186,Web,26.533080969128942,1.0025505577977971,180->270,False
realprize,187,Web,26.563205478749357,1.001135356638585,180->270,False
realprize,188,Web,26.728866859516156,1.0062364981101144,180->270,False
realprize,189,Web,26.786817723924912,1.002168100305686,180->270,False
realprize,190,Web,26.831029006223982,1.0016504865473281,180->270,False
realprize,191,Web,26.855563218967564,1.0009143970116796,180->270,False
realprize,192,Web,26.88461619627363,1.001081823422178,180->270,False
realprize,193,Web,26.91894752766109,1.0012769879672754,180->270,False
realprize,194,Web,26.947651552009525,1.0010663130242718,180->270,False
realprize,195,Web,26.985509423135507,1.0014048671756393,180->270,False
realprize,196,Web,27.048742166402988,1.0023432110276662,180->270,False
realprize,197,Web,27.07884905213666,1.0011130604724041,180->270,False
realprize,198,Web,27.093642542673944,1.0005463116437778,180->270,False
realprize,199,Web,27.153181319278797,1.002197518348117,180->270,False
realprize,200,Web,27.195094446745763,1.001543580730896,180->270,False
realprize,201,Web,27.229150457774427,1.0012522850801402,180->270,False
realprize,202,Web,27.242712038627946,1.0004980537631738,180->270,False
realprize,203,Web,27.280051767483496,1.00137063185202,180->270,False
realprize,204,Web,27.323907047270225,1.0016075951820225,180->270,False
realprize,205,Web,27.400875847870044,1.0028169031781093,180->270,False
realprize,206,Web,27.456368180077288,1.0020252028626873,180->270,False
realprize,207,Web,27.483671105429156,1.000994411393845,180->270,False
realprize,208,Web,27.526823192134596,1.0015700990795555,180->270,False
realprize,209,Web,27.560990621375282,1.0012412412795404,180->270,False
realprize,210,Web,27.59410590457704,1.001201527320142,180->270,False
realprize,211,Web,27.629854196459135,1.0012955046271734,180->270,False
realprize,212,Web,27.653977772641454,1.0008730982078584,180->270,False
realprize,213,Web,27.71616189464736,1.002248650176736,180->270,False
realprize,214,Web,27.743812010568195,1.0009976170591706,180->270,False
realprize,215,Web,27.772681699452068,1.0010405811888026,180->270,False
realprize,216,Web,27.84067465453052,1.002448195525886,180->270,False
realprize,217,Web,27.88365578953449,1.001543825195952,180->270,False
realprize,218,Web,27.937919736835305,1.0019460843911716,180->270,False
realprize,219,Web,27.98407317145413,1.0016519996855018,180->270,False
realprize,220,Web,28.05683338789823,1.0026000581115662,180->270,False
realprize,221,Web,28.110032852439396,1.001896132175918,180->270,False
realprize,222,Web,28.126398393674712,1.000582195734926,180->270,False
realprize,223,Web,28.145775857155478,1.0006889422246512,180->270,False
realprize,224,Web,28.16725585032541,1.0007631693394756,180->270,False
realprize,225,Web,28.196486828887647,1.0010377645134323,180->270,False
realprize,226,Web,28.25233988680886,1.0019808516663853,180->270,False
realprize,227,Web,28.295491973514295,1.0015273809843122,180->270,False
realprize,228,Web,28.342521315304563,1.0016620789571105,180->270,False
realprize,229,Web,28.368405517773123,1.00091326393233,180->270,False
realprize,230,Web,28.399056981607348,1.0010804789086585,180->270,False
realprize,231,Web,28.44679832842229,1.0016810891589063,180->270,False
realprize,232,Web,28.478372614214475,1.0011099416330673,180->270,False
realprize,233,Web,28.518888167462226,1.0014226779667714,180->270,False
realprize,234,Web,28.578555316458168,1.002092197586581,180->270,False
realprize,235,Web,28.5922843242358,1.0004803954442625,180->270,False
realprize,236,Web,28.6324385878052,1.0014043741001613,180->270,False
realprize,237,Web,28.701152359851687,1.0023998574845718,180->270,False
realprize,238,Web,28.777606542958424,1.0026638018623142,180->270,False
realprize,239,Web,28.823752928022564,1.0016035518796622,180->270,False
realprize,240,Web,28.84982041891331,1.0009043753239157,180->270,False
realprize,241,Web,28.898795437800686,1.0016975848783887,180->270,False
realprize,242,Web,28.911425173266217,1.000437033283713,180->270,False
realprize,243,Web,28.926045949713362,1.0005057092951843,180->270,False
realprize,244,Web,28.944535169301957,1.0006391893181923,180->270,False
realprize,245,Web,28.993326899767137,1.0016856974962558,180->270,False
realprize,246,Web,29.018593561244014,1.0008714647189068,180->270,False
realprize,247,Web,29.082549165850402,1.0022039525958213,180->270,False
realprize,248,Web,29.11055528428357,1.0009629870570649,180->270,False
realprize,249,Web,29.120592087787248,1.0003447822759017,180->270,False
realprize,250,Web,29.168136047070586,1.0016326577131403,180->270,False
realprize,251,Web,29.220623506587078,1.0017994793850313,180->270,False
realprize,252,Web,29.28985894568135,1.0023694032086161,180->270,False
realprize,253,Web,29.35627103811839,1.0022674090906414,180->270,False
realprize,254,Web,29.39458166689496,1.0013050236771157,180->270,False
realprize,255,Web,29.43509722014271,1.0013783340653348,180->270,False
realprize,256,Web,29.457814410162445,1.0007717722095442,180->270,False
realprize,257,Web,29.488640350475478,1.0010464435644757,180->270,False
realprize,258,Web,29.528979664855733,1.001367961150491,180->270,False
realprize,259,Web,29.547112881932005,1.0006140820740195,180->270,False
realprize,260,Web,29.6452426833516,1.0033211299463238,180->270,False
realprize,261,Web,29.710782393394556,1.0022108002536192,180->270,False
realprize,262,Web,29.747240927912653,1.0012271145887495,180->270,False
realprize,263,Web,29.77531151452355,1.0009436366444513,180->270,False
realprize,264,Web,29.801731483149286,1.000887311241491,180->270,False
realprize,265,Web,29.846146709065803,1.0014903572277882,180->270,False
realprize,266,Web,29.875909929007864,1.0009972215251834,180->270,False
realprize,267,Web,29.92081735483352,1.0015031316512992,180->270,False
realprize,268,Web,29.998361046619095,1.0025916301304867,180->270,False
realprize,269,Web,30.110942435173047,1.0037529179803855,180->270,False
realprize,270,Web,30.157823912553493,1.001556958155042,180->270,False
realprize,271,Web,30.25221002496522,1.0031297388261637,270->365,False
realprize,272,Web,30.433689827424473,1.0059988940414433,270->365,False
realprize,273,Web,30.491397020792853,1.0018961615793422,270->365,False
realprize,274,Web,30.69539235459724,1.0066902586872382,270->365,False
realprize,275,Web,31.05373011583339,1.0116739918844035,270->365,False
realprize,276,Web,31.2459364252212,1.0061894757464196,270->365,False
realprize,277,Web,31.265155271046314,1.0006150830483544,270->365,False
realprize,278,Web,31.314556924189386,1.001580086608072,270->365,False
realprize,279,Web,31.449613315819498,1.0043128948609132,270->365,False
realprize,280,Web,31.512380019786217,1.0019957861909592,270->365,False
realprize,281,Web,31.62337721264859,1.0035223360721304,270->365,False
realprize,282,Web,31.720734799746932,1.003078658754366,270->365,False
realprize,283,Web,31.770144557832893,1.0015576485979245,270->365,False
realprize,284,Web,31.813471556280795,1.001363764598837,270->365,False
realprize,285,Web,31.94756175766912,1.0042148874306631,270->365,False
realprize,286,Web,32.023101851628624,1.0023645026350523,270->365,False
realprize,287,Web,32.19486990627136,1.0053638793468096,270->365,False
realprize,288,Web,32.255626584401654,1.00188715401886,270->365,False
realprize,289,Web,32.38384070219559,1.003974938061068,270->365,False
realprize,290,Web,32.49585709162623,1.0034590211352863,270->365,False
realprize,291,Web,32.54048916824044,1.001373469746878,270->365,False
realprize,292,Web,32.605697486252424,1.0020039132686311,270->365,False
realprize,293,Web,32.66987445028181,1.0019682745341192,270->365,False
realprize,294,Web,32.917162336526815,1.0075692940485994,270->365,False
realprize,295,Web,33.023687627150274,1.0032361626295245,270->365,False
realprize,296,Web,33.05892662203999,1.0010670823709205,270->365,False
realprize,297,Web,33.11219433294102,1.0016112958387924,270->365,False
realprize,298,Web,33.15268460137783,1.0012228204518758,270->365,False
realprize,299,Web,33.23370768920162,1.002443937460812,270->365,False
realprize,300,Web,33.27136933257024,1.0011332362828975,270->365,False
realprize,301,Web,33.306601519307925,1.0010589340758873,270->365,False
realprize,302,Web,33.32288977988329,1.000489040005055,270->365,False
realprize,303,Web,33.35225196173376,1.0008811415229717,270->365,False
realprize,304,Web,33.380394349679456,1.0008437927363343,270->365,False
realprize,305,Web,33.48897829579668,1.003252925803684,270->365,False
realprize,306,Web,33.60808448401931,1.0035565787397456,270->365,False
realprize,307,Web,33.65467372197996,1.0013862509177756,270->365,False
realprize,308,Web,33.6749178430805,1.0006015248065625,270->365,False
realprize,309,Web,33.69152284482397,1.0004930970231567,270->365,False
realprize,310,Web,33.731582761055755,1.0011890206452314,270->365,False
realprize,311,Web,33.797501821772016,1.0019542237665873,270->365,False
realprize,312,Web,33.84307591563584,1.0013484456367265,270->365,False
realprize,313,Web,33.89147458209642,1.0014300906507796,270->365,False
realprize,314,Web,33.96378283007901,1.0021335232200486,270->365,False
realprize,315,Web,34.03649024649888,1.002140733757003,270->365,False
realprize,316,Web,34.11324202942026,1.0022549852339513,270->365,False
realprize,317,Web,34.16153164387427,1.001415568019374,270->365,False
realprize,318,Web,34.24923320463845,1.0025672607914202,270->365,False
realprize,319,Web,34.30877008886397,1.0017383421073924,270->365,False
realprize,320,Web,34.36751066245068,1.001712115398907,270->365,False
realprize,321,Web,34.447113359033196,1.002316219448198,270->365,False
realprize,322,Web,34.47667208574872,1.0008580900932813,270->365,False
realprize,323,Web,34.523255245002204,1.0013511501091992,270->365,False
realprize,324,Web,34.54673526455111,1.0006801218304089,270->365,False
realprize,325,Web,34.59857853173945,1.0015006705204221,270->365,False
realprize,326,Web,34.64048513894608,1.001211223379255,270->365,False
realprize,327,Web,34.68179198037895,1.0011924440800173,270->365,False
realprize,328,Web,34.705484754678686,1.0006831473504352,270->365,False
realprize,329,Web,34.762590156037575,1.0016454287200582,270->365,False
realprize,330,Web,34.85128862477708,1.0025515494772215,270->365,False
realprize,331,Web,34.932481916401535,1.002329707015962,270->365,False
realprize,332,Web,34.985344380158125,1.0015132753488027,270->365,False
realprize,333,Web,35.04102939027575,1.0015916667708782,270->365,False
realprize,334,Web,35.14778972424299,1.003046723678639,270->365,False
realprize,335,Web,35.178979570714894,1.0008873914040288,270->365,False
realprize,336,Web,35.204878915716115,1.0007362164939764,270->365,False
realprize,337,Web,35.245770378825924,1.001161528298612,270->365,False
realprize,338,Web,35.26640758965657,1.000585523045995,270->365,False
realprize,339,Web,35.29880709885462,1.0009187073879209,270->365,False
realprize,340,Web,35.34720171284375,1.0013709985681274,270->365,False
realprize,341,Web,35.413359990949374,1.0018716694646181,270->365,False
realprize,342,Web,35.45623457148522,1.001210689427572,270->365,False
realprize,343,Web,35.47547165343183,1.0005425585141543,270->365,False
realprize,344,Web,35.51172708920924,1.0010219860113938,270->365,False
realprize,345,Web,35.57125181602045,1.0016761991513867,270->365,False
realprize,346,Web,35.59453934317575,1.0006546726911874,270->365,False
realprize,347,Web,35.65104700499658,1.001587537382519,270->365,False
realprize,348,Web,35.66258641743454,1.0003236766773314,270->365,False
realprize,349,Web,35.67958450890812,1.0004766365309183,270->365,False
realprize,350,Web,35.71563124240614,1.0010102901699716,270->365,False
realprize,351,Web,35.7395185353352,1.0006688190044,270->365,False
realprize,352,Web,35.7947342489972,1.0015449484471206,270->365,False
realprize,353,Web,35.803842178568516,1.0002544488669187,270->365,False
realprize,354,Web,35.81355595262077,1.0002713053533139,270->365,False
realprize,355,Web,35.83117204598962,1.0004918833916452,270->365,False
realprize,356,Web,35.86922070038117,1.00106188696096,270->365,False
realprize,357,Web,35.912563908714844,1.0012083677171502,270->365,False
realprize,358,Web,36.01709538338766,1.0029107215775104,270->365,False
realprize,359,Web,36.040784105215955,1.000657707723961,270->365,False
realprize,360,Web,36.0774346569592,1.0010169188227493,270->365,False
realprize,361,Web,36.10882104829614,1.0008699729244992,270->365,False
realprize,362,Web,36.11226159655244,1.0000952827635026,270->365,False
realprize,363,Web,36.16795471161295,1.0015422217440357,270->365,False
realprize,364,Web,36.21453179215927,1.0012877996811738,270->365,False
realprize,365,Web,36.25056434200724,1.0009949748917026,270->365,False
realprize,1,App,5.081968607095927,,1->7,False
realprize,2,App,7.036411805894495,1.3845838787885445,1->7,False
realprize,3,App,8.121098520743379,1.154153387375683,1->7,False
realprize,4,App,8.899278532006754,1.095822013398274,1->7,False
realprize,5,App,9.453063474751266,1.0622280717198358,1->7,False
realprize,6,App,9.9052224873287,1.0478320085108,1->7,False
realprize,7,App,10.42562301670734,1.0525379949864189,1->7,False
realprize,8,App,11.007644663902683,1.0558260783324545,7->14,False
realprize,9,App,11.53259353873006,1.0476894822512612,7->14,False
realprize,10,App,12.071166894355594,1.0467001072930244,7->14,False
realprize,11,App,12.450878873311558,1.0314561120958003,7->14,False
realprize,12,App,12.926659112556665,1.0382125827490734,7->14,False
realprize,13,App,13.257055060175901,1.025559268233375,7->14,False
realprize,14,App,13.616533421078078,1.0271160042159022,7->14,False
realprize,15,App,14.023441830316466,1.0298834069329645,14->30,False
realprize,16,App,14.495694908367314,1.0336759751111821,14->30,False
realprize,17,App,14.921971516964497,1.029407117857532,14->30,False
realprize,18,App,15.337174616819203,1.027824949228905,14->30,False
realprize,19,App,15.790449630167526,1.0295540100880933,14->30,False
realprize,20,App,16.15206608820034,1.0229009601691106,14->30,False
realprize,21,App,16.498495476689296,1.021447992262862,14->30,False
realprize,22,App,16.906544070588932,1.0247324729988967,14->30,False
realprize,23,App,17.244178621944,1.0199706427254063,14->30,False
realprize,24,App,17.584325110798744,1.0197252937534464,14->30,False
realprize,25,App,17.853387639200456,1.0153012712575746,14->30,False
realprize,26,App,18.165575156774374,1.0174861781911042,14->30,False
realprize,27,App,18.53595996760409,1.0203893797819878,14->30,False
realprize,28,App,18.789567187664346,1.0136819037429674,14->30,False
realprize,29,App,19.080667061232493,1.0154926332608267,14->30,False
realprize,30,App,19.324008884370922,1.0127533184430875,14->30,False
realprize,31,App,19.61569091224412,1.0150942813998138,30->60,False
realprize,32,App,19.99420541685203,1.0192965165642798,30->60,False
realprize,33,App,20.708838010298386,1.0357419851675642,30->60,False
realprize,34,App,21.106127219469467,1.0191845244515174,30->60,False
realprize,35,App,21.497562516240645,1.0185460502867667,30->60,False
realprize,36,App,21.931534642442536,1.020187038687481,30->60,False
realprize,37,App,22.23440295865956,1.0138097183418668,30->60,False
realprize,38,App,22.576863064529753,1.0154022622737804,30->60,False
realprize,39,App,22.970406997624618,1.0174312937971066,30->60,False
realprize,40,App,23.278070045268922,1.0133938875212842,30->60,False
realprize,41,App,23.549572016264065,1.0116634227179122,30->60,False
realprize,42,App,23.70834673920507,1.006742148979665,30->60,False
realprize,43,App,24.038793574973468,1.0139379957364112,30->60,False
realprize,44,App,24.434498723533558,1.0164611068074587,30->60,False
realprize,45,App,24.631875350208688,1.008077784975594,30->60,False
realprize,46,App,24.874719561585383,1.0098589412265209,30->60,False
realprize,47,App,25.09540090498922,1.0088717118139752,30->60,False
realprize,48,App,25.27745967771312,1.0072546668376876,30->60,False
realprize,49,App,25.49802613721232,1.008725815897302,30->60,False
realprize,50,App,25.784959934286313,1.011253176835333,30->60,False
realprize,51,App,25.98495579241684,1.0077562989680893,30->60,False
realprize,52,App,26.131125198043808,1.005625155062593,30->60,False
realprize,53,App,26.359447232882847,1.0087375508367367,30->60,False
realprize,54,App,26.57017318692107,1.0079943237115894,30->60,False
realprize,55,App,26.792067497688386,1.0083512557184438,30->60,False
realprize,56,App,27.06715457592974,1.0102674822786666,30->60,False
realprize,57,App,27.281557422767612,1.007921144656577,30->60,False
realprize,58,App,27.47633305352777,1.0071394615689209,30->60,False
realprize,59,App,27.660102623868564,1.0066882858779875,30->60,False
realprize,60,App,27.938688494464802,1.0100717583873258,30->60,False
realprize,61,App,28.074860666748915,1.0048739643706286,60->90,False
realprize,62,App,28.238616168473065,1.005832816186265,60->90,False
realprize,63,App,28.392029011046215,1.0054327323144265,60->90,False
realprize,64,App,28.597205624398047,1.0072265569069405,60->90,False
realprize,65,App,28.807446444073875,1.0073517959215028,60->90,False
realprize,66,App,28.96519832302772,1.005476079917743,60->90,False
realprize,67,App,29.211426745136773,1.0085008367408035,60->90,False
realprize,68,App,29.304158078590135,1.003174488335076,60->90,False
realprize,69,App,29.52839645750669,1.0076521010538906,60->90,False
realprize,70,App,29.685402831255956,1.005317131730306,60->90,False
realprize,71,App,29.873744027026174,1.0063445726790647,60->90,False
realprize,72,App,30.189409377635315,1.0105666484362845,60->90,False
realprize,73,App,30.316503308265904,1.0042098846334087,60->90,False
realprize,74,App,30.813070780304702,1.0163794441261769,60->90,False
realprize,75,App,31.020692708828328,1.0067381122123127,60->90,False
realprize,76,App,31.19343058597415,1.0055684725923821,60->90,False
realprize,77,App,31.3817735973927,1.0060379063116975,60->90,False
realprize,78,App,31.637600262837182,1.0081520779777002,60->90,False
realprize,79,App,32.183260323830545,1.0172472013193212,60->90,False
realprize,80,App,32.394412962098045,1.0065609461609193,60->90,False
realprize,81,App,32.49873575762428,1.0032203946911553,60->90,False
realprize,82,App,32.93240844522817,1.0133442940931063,60->90,False
realprize,83,App,33.415979869645454,1.0146837552200758,60->90,False
realprize,84,App,33.66692861428466,1.0075098424651363,60->90,False
realprize,85,App,34.38594931980128,1.0213568844890575,60->90,False
realprize,86,App,34.472377811639426,1.0025134827901458,60->90,False
realprize,87,App,34.55205027603903,1.0023111972384078,60->90,False
realprize,88,App,34.70898729202207,1.0045420464119859,60->90,False
realprize,89,App,34.807321716223974,1.0028331113026885,60->90,False
realprize,90,App,34.93735263959431,1.003735734809775,60->90,False
realprize,91,App,35.160194752900914,1.0063783342603372,90->120,False
realprize,92,App,35.7572126480308,1.0169799370943653,90->120,False
realprize,93,App,36.14112179897248,1.0107365513839295,90->120,False
realprize,94,App,36.237458005152874,1.002665556612112,90->120,False
realprize,95,App,36.32135574215562,1.0023152213654394,90->120,False
realprize,96,App,36.51120121302185,1.0052268277708007,90->120,False
realprize,97,App,36.87178213300885,1.0098758985737888,90->120,False
realprize,98,App,36.957084349448145,1.002313482329972,90->120,False
realprize,99,App,37.085391821652486,1.0034717963947353,90->120,False
realprize,100,App,37.16403459626905,1.002120586321287,90->120,False
realprize,101,App,37.24338713394553,1.0021351970672325,90->120,False
realprize,102,App,37.3650491100336,1.003266673239212,90->120,False
realprize,103,App,37.468580199766,1.0027708003120113,90->120,False
realprize,104,App,37.60011353406787,1.003510496891011,90->120,False
realprize,105,App,37.655577443585706,1.001475099522441,90->120,False
realprize,106,App,37.74042899351126,1.0022533594140914,90->120,False
realprize,107,App,37.81607490920992,1.0020043734985542,90->120,False
realprize,108,App,37.87832523987763,1.001646134106122,90->120,False
realprize,109,App,38.05092390877874,1.0045566605125245,90->120,False
realprize,110,App,38.16006998031912,1.002868421061261,90->120,False
realprize,111,App,38.285660241719135,1.0032911433722418,90->120,False
realprize,112,App,38.36314552270024,1.0020238721362489,90->120,False
realprize,113,App,38.45804715607755,1.0024737709091438,90->120,False
realprize,114,App,38.51835719858717,1.0015682034572597,90->120,False
realprize,115,App,38.57133033153435,1.0013752697882226,90->120,False
realprize,116,App,38.61296193521396,1.0010793406222127,90->120,False
realprize,117,App,38.694841948688584,1.0021205317947897,90->120,False
realprize,118,App,38.81195028462805,1.0030264585676498,90->120,False
realprize,119,App,38.901107020931995,1.0022971465141566,90->120,False
realprize,120,App,39.08703117933952,1.0047794053343386,90->120,False
realprize,121,App,39.157798770287,1.00181051332916,120->150,False
realprize,122,App,39.22442750713535,1.0017015444928152,120->150,False
realprize,123,App,39.312781524663,1.0022525253558277,120->150,False
realprize,124,App,39.45174155123731,1.0035347289401828,120->150,False
realprize,125,App,39.5068111233375,1.0013958717647145,120->150,False
realprize,126,App,39.626698646584245,1.0030346039034248,120->150,False
realprize,127,App,39.7575516149217,1.0033021415562393,120->150,False
realprize,128,App,39.866764035025994,1.0027469604054617,120->150,False
realprize,129,App,39.96526342977418,1.0024707145697014,120->150,False
realprize,130,App,40.088652239903084,1.0030874013966082,120->150,False
realprize,131,App,40.29889654758586,1.005244484310039,120->150,False
realprize,132,App,40.57841525905367,1.0069361380934525,120->150,False
realprize,133,App,40.700735729319895,1.003014422063684,120->150,False
realprize,134,App,40.90375822544072,1.0049881775472322,120->150,False
realprize,135,App,41.015593796167316,1.0027341147996773,120->150,False
realprize,136,App,41.120550632858574,1.0025589495842204,120->150,False
realprize,137,App,41.224360915121515,1.0025245353154388,120->150,False
realprize,138,App,41.309357039137396,1.0020617936125409,120->150,False
realprize,139,App,41.41798640520682,1.0026296552126557,120->150,False
realprize,140,App,41.49017430156242,1.0017429117786982,120->150,False
realprize,141,App,41.59070075713711,1.0024228978852687,120->150,False
realprize,142,App,41.72790095598423,1.0032988191194057,120->150,False
realprize,143,App,41.81360989910979,1.0020539960353139,120->150,False
realprize,144,App,41.874301439383565,1.0014514781292554,120->150,False
realprize,145,App,42.009474577404184,1.0032280690871056,120->150,False
realprize,146,App,42.16325093135844,1.003660516002668,120->150,False
realprize,147,App,42.26637150336062,1.002445745281123,120->150,False
realprize,148,App,42.440295218385586,1.0041149431294603,120->150,False
realprize,149,App,42.56794375966963,1.003007720389955,120->150,False
realprize,150,App,42.64511842712021,1.0018129761654988,120->150,False
realprize,151,App,42.75667856527914,1.0026160119205574,150->180,False
realprize,152,App,42.818461170226314,1.0014449813928565,150->180,False
realprize,153,App,42.874730732029704,1.0013141425512628,150->180,False
realprize,154,App,42.95186985778428,1.0017991745822663,150->180,False
realprize,155,App,43.0792184007824,1.002964912666661,150->180,False
realprize,156,App,43.201344480329254,1.0028349186470995,150->180,False
realprize,157,App,43.2822408522327,1.0018725429237574,150->180,False
realprize,158,App,43.43582127769724,1.0035483473692794,150->180,False
realprize,159,App,43.57296039981149,1.003157281664769,150->180,False
realprize,160,App,43.84588574557136,1.0062636401854634,150->180,False
realprize,161,App,43.97120820173589,1.0028582489333606,150->180,False
realprize,162,App,44.032549502362,1.0013950333214563,150->180,False
realprize,163,App,44.095703846356365,1.001434264985973,150->180,False
realprize,164,App,44.19689949239051,1.0022949094176326,150->180,False
realprize,165,App,44.29106687798152,1.0021306332949267,150->180,False
realprize,166,App,44.50131976377575,1.0047470720534561,150->180,False
realprize,167,App,44.71454873634592,1.0047915201998963,150->180,False
realprize,168,App,45.00617408097123,1.0065219341996459,150->180,False
realprize,169,App,45.18982914229224,1.0040806637105077,150->180,False
realprize,170,App,45.33805159706737,1.0032799959103278,150->180,False
realprize,171,App,45.4426544892716,1.002307176610364,150->180,False
realprize,172,App,45.53653419372064,1.0020658939382867,150->180,False
realprize,173,App,45.68742693818883,1.0033136633505366,150->180,False
realprize,174,App,45.89152112870455,1.0044671850483469,150->180,False
realprize,175,App,46.081697204122676,1.0041440351232807,150->180,False
realprize,176,App,46.4302066032677,1.0075628594494095,150->180,False
realprize,177,App,46.50908268543864,1.0016988096315167,150->180,False
realprize,178,App,46.57145297150957,1.0013410345349696,150->180,False
realprize,179,App,46.615630505061105,1.000948596849202,150->180,False
realprize,180,App,46.82674353573067,1.004528803501792,150->180,False
realprize,181,App,46.977210990933145,1.0032132803573595,180->270,False
realprize,182,App,47.08968464012154,1.0023942172558968,180->270,False
realprize,183,App,47.747872159321446,1.0139773184770728,180->270,False
realprize,184,App,47.88878384811296,1.0029511616417446,180->270,False
realprize,185,App,48.4571240964367,1.0118679198479195,180->270,False
realprize,186,App,48.52293426870183,1.001358111392128,180->270,False
realprize,187,App,49.237694062935894,1.014730349782146,180->270,False
realprize,188,App,49.35269378755469,1.002335603378822,180->270,False
realprize,189,App,50.2622623810996,1.0184299685334355,180->270,False
realprize,190,App,50.38177697327497,1.0023778195909523,180->270,False
realprize,191,App,51.062776528892236,1.0135167831809209,180->270,False
realprize,192,App,51.10410374179384,1.0008093412797132,180->270,False
realprize,193,App,51.413643624071376,1.006057045513243,180->270,False
realprize,194,App,51.49449913535597,1.0015726469782185,180->270,False
realprize,195,App,51.52008619784469,1.000496889239013,180->270,False
realprize,196,App,51.65324103474387,1.0025845227895747,180->270,False
realprize,197,App,51.692174383289945,1.0007537445427652,180->270,False
realprize,198,App,51.714242380786,1.0004269117668068,180->270,False
realprize,199,App,51.73602485862036,1.0004212084878663,180->270,False
realprize,200,App,51.76793695519065,1.0006168254452772,180->270,False
realprize,201,App,51.84413835533984,1.0014719806241292,180->270,False
realprize,202,App,51.87352015697733,1.000566733338996,180->270,False
realprize,203,App,51.899809063363456,1.0005067885562147,180->270,False
realprize,204,App,51.945217941576324,1.0008749334348692,180->270,False
realprize,205,App,52.05124841061628,1.0020411978858037,180->270,False
realprize,206,App,52.131237517410256,1.0015367375276567,180->270,False
realprize,207,App,52.185365294060205,1.0010382983260635,180->270,False
realprize,208,App,52.22402437495099,1.0007408031097023,180->270,False
realprize,209,App,52.26001954333333,1.000689245396408,180->270,False
realprize,210,App,52.281381477429555,1.000408762459006,180->270,False
realprize,211,App,52.34451226567747,1.0012075195119925,180->270,False
realprize,212,App,52.52649237122405,1.0034765842238234,180->270,False
realprize,213,App,52.799880963530846,1.005204775342215,180->270,False
realprize,214,App,52.91744192609996,1.002226538401674,180->270,False
realprize,215,App,52.945564909524656,1.0005314501684335,180->270,False
realprize,216,App,52.98730563366042,1.0007883705501508,180->270,False
realprize,217,App,53.039756861361006,1.0009898828988064,180->270,False
realprize,218,App,53.10626747102276,1.001253976518701,180->270,False
realprize,219,App,53.27672270904336,1.0032097009663428,180->270,False
realprize,220,App,53.29527867405071,1.00034829404032,180->270,False
realprize,221,App,53.36418596106959,1.0012929341722803,180->270,False
realprize,222,App,53.3835787940508,1.0003634053931856,180->270,False
realprize,223,App,53.478921263538645,1.0017859887186595,180->270,False
realprize,224,App,53.56975027197073,1.0016984076396098,180->270,False
realprize,225,App,53.59941337376752,1.000553728580891,180->270,False
realprize,226,App,53.615846929073044,1.0003065995366578,180->270,False
realprize,227,App,53.638054170147925,1.0004141917426812,180->270,False
realprize,228,App,53.68416348575742,1.0008596381118382,180->270,False
realprize,229,App,53.70383621239716,1.0003664530722352,180->270,False
realprize,230,App,53.79805207474707,1.0017543600046985,180->270,False
realprize,231,App,53.93754601073578,1.0025929179702435,180->270,False
realprize,232,App,54.128394103803856,1.003538316204265,180->270,False
realprize,233,App,54.30193661107262,1.0032061270270822,180->270,False
realprize,234,App,54.31176805163968,1.0001810513801281,180->270,False
realprize,235,App,54.35000096278913,1.0007039526150778,180->270,False
realprize,236,App,54.39289501757796,1.0007892190253722,180->270,False
realprize,237,App,54.45546179900652,1.0011502748917545,180->270,False
realprize,238,App,54.4672623406886,1.0002167007916605,180->270,False
realprize,239,App,54.502548632669544,1.0006478440528226,180->270,False
realprize,240,App,54.571451700186024,1.0012642173484558,180->270,False
realprize,241,App,54.60829217554702,1.000675086958716,180->270,False
realprize,242,App,54.67182662952353,1.001163457992282,180->270,False
realprize,243,App,54.72833842502344,1.0010336547904801,180->270,False
realprize,244,App,54.97669552265611,1.0045379981336893,180->270,False
realprize,245,App,55.015914390863855,1.000713372599697,180->270,False
realprize,246,App,55.144579677220804,1.0023386921362942,180->270,False
realprize,247,App,55.29223272432962,1.0026775622912185,180->270,False
realprize,248,App,55.34031958005889,1.0008696855482218,180->270,False
realprize,249,App,55.440998313568386,1.0018192654880471,180->270,False
realprize,250,App,55.50412910181632,1.001138702227021,180->270,False
realprize,251,App,55.52450929835664,1.0003671834306767,180->270,False
realprize,252,App,55.55192340537993,1.0004937298387633,180->270,False
realprize,253,App,55.641364197525945,1.0016100395209242,180->270,False
realprize,254,App,55.79423114308714,1.0027473615675295,180->270,False
realprize,255,App,55.819674742494634,1.000456025630002,180->270,False
realprize,256,App,55.85271766570524,1.0005919583616896,180->270,False
realprize,257,App,55.98519316271974,1.002371871997481,180->270,False
realprize,258,App,56.11696118983362,1.0023536228004233,180->270,False
realprize,259,App,56.17235622370115,1.000987135309771,180->270,False
realprize,260,App,56.20750608510481,1.0006257501690632,180->270,False
realprize,261,App,56.26121894401984,1.0009556171880976,180->270,False
realprize,262,App,56.272320454806085,1.0001973208365302,180->270,False
realprize,263,App,56.42208606611113,1.0026614436741652,180->270,False
realprize,264,App,56.51012035746071,1.0015602806894879,180->270,False
realprize,265,App,56.62009606123466,1.001946124040761,180->270,False
realprize,266,App,56.757924700280384,1.0024342706677265,180->270,False
realprize,267,App,56.880830365875944,1.0021654362143186,180->270,False
realprize,268,App,57.13678256780936,1.004499797212647,180->270,False
realprize,269,App,57.2656096017579,1.0022547127814845,180->270,False
realprize,270,App,57.39063486405368,1.0021832520978164,180->270,False
realprize,271,App,57.53915872570414,1.0025879459602125,270->365,False
realprize,272,App,57.703800994437344,1.002861395132975,270->365,False
realprize,273,App,57.78994736775224,1.0014929063914386,270->365,False
realprize,274,App,58.268581879894185,1.0082823143806674,270->365,False
realprize,275,App,58.30178989115468,1.0005699128104566,270->365,False
realprize,276,App,58.37279013719876,1.0012178055969918,270->365,False
realprize,277,App,58.42018931938917,1.000812008164746,270->365,False
realprize,278,App,58.89168114787928,1.0080707001121207,270->365,False
realprize,279,App,58.908771834773965,1.0002902054511191,270->365,False
realprize,280,App,59.00640258666931,1.0016573211230608,270->365,False
realprize,281,App,59.053042784284905,1.0007904260482088,270->365,False
realprize,282,App,59.076629772818386,1.000399420375672,270->365,False
realprize,283,App,59.12391635244705,1.0008004278478733,270->365,False
realprize,284,App,59.212451199331156,1.001497445574416,270->365,False
realprize,285,App,59.27294476019146,1.0010216358153567,270->365,False
realprize,286,App,59.322184561179526,1.0008307297905863,270->365,False
realprize,287,App,59.37109738165177,1.0008245283081543,270->365,False
realprize,288,App,59.48721011170942,1.0019557113676247,270->365,False
realprize,289,App,59.552549913592266,1.0010983840351588,270->365,False
realprize,290,App,59.5924653562948,1.0006702558120593,270->365,False
realprize,291,App,59.65609446541275,1.0010677374855617,270->365,False
realprize,292,App,59.715397037639285,1.0009940739962606,270->365,False
realprize,293,App,59.74871115515989,1.0005578815376477,270->365,False
realprize,294,App,59.817209242356114,1.001146436230538,270->365,False
realprize,295,App,59.91329712261224,1.001606358462275,270->365,False
realprize,296,App,59.957412424324254,1.0007363190448646,270->365,False
realprize,297,App,60.00654395361831,1.0008194404546071,270->365,False
realprize,298,App,60.02082282462036,1.0002379552305676,270->365,False
realprize,299,App,60.07071225577231,1.0008312020529562,270->365,False
realprize,300,App,60.165408844760776,1.0015764186145366,270->365,False
realprize,301,App,60.31336319730091,1.0024591265210527,270->365,False
realprize,302,App,60.35588040880978,1.0007049384954672,270->365,False
realprize,303,App,60.40987550259743,1.0008946119818305,270->365,False
realprize,304,App,60.4900517747063,1.00132720472343,270->365,False
realprize,305,App,60.66559592030634,1.002902033317046,270->365,False
realprize,306,App,60.75108508443878,1.0014091869178166,270->365,False
realprize,307,App,60.808634737939784,1.0009473024789766,270->365,False
realprize,308,App,60.863017444391886,1.0008943253978069,270->365,False
realprize,309,App,60.90748354639238,1.000730593123174,270->365,False
realprize,310,App,60.99482415649188,1.0014339881573497,270->365,False
realprize,311,App,61.03474609549605,1.000654513551867,270->365,False
realprize,312,App,61.10629203087778,1.0011722164825556,270->365,False
realprize,313,App,61.13572569088616,1.0004816796933695,270->365,False
realprize,314,App,61.224009347440244,1.0014440600083896,270->365,False
realprize,315,App,61.27893016421141,1.0008970470466823,270->365,False
realprize,316,App,61.3290328906005,1.0008176175115138,270->365,False
realprize,317,App,61.36961853508876,1.0006617688650115,270->365,False
realprize,318,App,61.44071622565744,1.001158516090955,270->365,False
realprize,319,App,61.5200490612702,1.0012912094859276,270->365,False
realprize,320,App,61.61137082155734,1.0014844227480408,270->365,False
realprize,321,App,61.65300237060945,1.0006757121047134,270->365,False
realprize,322,App,61.69527597080688,1.000685669773928,270->365,False
realprize,323,App,61.713985319526564,1.0003032541539896,270->365,False
realprize,324,App,61.74081829344555,1.0004347956752437,270->365,False
realprize,325,App,61.819728869451794,1.0012780941067414,270->365,False
realprize,326,App,61.87632789747966,1.0009155495998274,270->365,False
realprize,327,App,61.92632993119333,1.0008080963336499,270->365,False
realprize,328,App,61.98660370051486,1.000973314087699,270->365,False
realprize,329,App,62.03462544494565,1.000774711656454,270->365,False
realprize,330,App,62.09413698154158,1.0009593277330053,270->365,False
realprize,331,App,62.12713602843269,1.0005314357924149,270->365,False
realprize,332,App,62.176476522096145,1.000794185871386,270->365,False
realprize,333,App,62.21100111715545,1.0005552677956435,270->365,False
realprize,334,App,62.262512458283204,1.000828010162234,270->365,False
realprize,335,App,62.296154639036544,1.0005403280308658,270->365,False
realprize,336,App,62.44131449915506,1.0023301576310708,270->365,False
realprize,337,App,62.46770788999649,1.0004226911469294,270->365,False
realprize,338,App,62.51585631230924,1.0007707729951856,270->365,False
realprize,339,App,62.60287427276068,1.0013919342321207,270->365,False
realprize,340,App,62.66261426263088,1.000954269122052,270->365,False
realprize,341,App,62.69790109041578,1.0005631240924135,270->365,False
realprize,342,App,62.761864759068146,1.0010201883562277,270->365,False
realprize,343,App,62.835987560766604,1.0011810165612989,270->365,False
realprize,344,App,62.88230294330028,1.0007370837052396,270->365,False
realprize,345,App,62.95697793063803,1.0011875358223614,270->365,False
realprize,346,App,62.98738170502446,1.0004829293810755,270->365,False
realprize,347,App,63.05914418379415,1.001139315158483,270->365,False
realprize,348,App,63.119107213353956,1.00095090141701,270->365,False
realprize,349,App,63.24457136962063,1.001987736547708,270->365,False
realprize,350,App,63.3041933433444,1.0009427208127528,270->365,False
realprize,351,App,63.44339068127547,1.0021988644129165,270->365,False
realprize,352,App,63.48872728769555,1.000714599360678,270->365,False
realprize,353,App,63.56578316958394,1.0012136939135543,270->365,False
realprize,354,App,63.650318460092436,1.0013298867140985,270->365,False
realprize,355,App,63.90081476856681,1.0039355075439478,270->365,False
realprize,356,App,63.929372510570886,1.000446907322035,270->365,False
realprize,357,App,64.0109812171911,1.0012765447777032,270->365,False
realprize,358,App,64.08436019235192,1.0011463497944493,270->365,False
realprize,359,App,64.14431997376091,1.0009356382934778,270->365,False
realprize,360,App,64.19484387703959,1.0007876598161667,270->365,False
realprize,361,App,64.3106696871082,1.0018042852521063,270->365,False
realprize,362,App,64.39964303435292,1.0013834927808651,270->365,False
realprize,363,App,64.45808268117844,1.000907452962035,270->365,False
realprize,364,App,64.52497401643602,1.0010377493787463,270->365,False
realprize,365,App,64.60819813673041,1.00128979703693,270->365,False
realprize,1,Affiliate,6.984836787072247,,1->7,False
realprize,2,Affiliate,9.215782794676803,1.3193984448904605,1->7,False
realprize,3,Affiliate,9.98264193599493,1.0832115033962257,1->7,False
realprize,4,Affiliate,10.32394592839037,1.0341897460195162,1->7,False
realprize,5,Affiliate,10.768535757287706,1.0430639439591345,1->7,False
realprize,6,Affiliate,11.273342736058297,1.0468779590975457,1->7,False
realprize,7,Affiliate,11.670299588086184,1.035211991804188,1->7,False
realprize,8,Affiliate,12.210897749858209,1.046322560761328,7->14,False
realprize,9,Affiliate,12.8415698673475,1.0516483005925272,7->14,False
realprize,10,Affiliate,13.158604025964161,1.0246881153855487,7->14,False
realprize,11,Affiliate,13.49225465462256,1.0253560809338171,7->14,False
realprize,12,Affiliate,13.764113317595697,1.0201492389472502,7->14,False
realprize,13,Affiliate,14.157878106895469,1.0286080752325972,7->14,False
realprize,14,Affiliate,14.292979458118378,1.0095424858303526,7->14,False
realprize,15,Affiliate,14.43879599688903,1.0102019693792976,14->30,False
realprize,16,Affiliate,14.65816158056715,1.0151927891858423,14->30,False
realprize,17,Affiliate,14.882493895280597,1.0153042599155717,14->30,False
realprize,18,Affiliate,15.351812080062501,1.031534915322944,14->30,False
realprize,19,Affiliate,15.698423819100654,1.022577903978404,14->30,False
realprize,20,Affiliate,15.837486312358168,1.0088583729717064,14->30,False
realprize,21,Affiliate,16.175778011691172,1.0213601888999917,14->30,False
realprize,22,Affiliate,16.377712033659765,1.012483728561473,14->30,False
realprize,23,Affiliate,16.54952403741064,1.010490598650029,14->30,False
realprize,24,Affiliate,16.70176980039368,1.0091994043235857,14->30,False
realprize,25,Affiliate,16.853351955020397,1.0090758139070473,14->30,False
realprize,26,Affiliate,17.026933530697534,1.0102995283158154,14->30,False
realprize,27,Affiliate,17.190232156324473,1.0095906068660296,14->30,False
realprize,28,Affiliate,17.418753534457007,1.013293676086187,14->30,False
realprize,29,Affiliate,17.653837306653063,1.0134960157585917,14->30,False
realprize,30,Affiliate,17.78861639211029,1.0076345489717655,14->30,False
realprize,31,Affiliate,17.935695066668934,1.0082681345933053,30->60,False
realprize,32,Affiliate,18.016728322780708,1.0045179880573663,30->60,False
realprize,33,Affiliate,18.255306458749313,1.0132420343857294,30->60,False
realprize,34,Affiliate,18.441679104771087,1.010209231296276,30->60,False
realprize,35,Affiliate,18.578199215953088,1.0074028026627295,30->60,False
realprize,36,Affiliate,18.647108517527847,1.0037091485979754,30->60,False
realprize,37,Affiliate,18.79895226625951,1.0081430184518383,30->60,False
realprize,38,Affiliate,19.00286559767746,1.0108470583110067,30->60,False
realprize,39,Affiliate,19.168411974450493,1.0087116532989249,30->60,False
realprize,40,Affiliate,19.307107517555004,1.007235630332308,30->60,False
realprize,41,Affiliate,19.607980394750257,1.0155835293775457,30->60,False
realprize,42,Affiliate,19.7039480304188,1.0048943151582423,30->60,False
realprize,43,Affiliate,19.8607399571275,1.007957386330224,30->60,False
realprize,44,Affiliate,19.934582588944142,1.0037180201732687,30->60,False
realprize,45,Affiliate,20.019384524274486,1.00425401108611,30->60,False
realprize,46,Affiliate,20.09048537347375,1.0035516001559914,30->60,False
realprize,47,Affiliate,20.2731868719732,1.0090939315354062,30->60,False
realprize,48,Affiliate,20.469758518849048,1.0096961394435524,30->60,False
realprize,49,Affiliate,20.7106886550361,1.011770052683582,30->60,False
realprize,50,Affiliate,20.883137624130757,1.0083265685640406,30->60,False
realprize,51,Affiliate,20.99319871122472,1.0052703328912982,30->60,False
realprize,52,Affiliate,21.08425594963187,1.0043374637500317,30->60,False
realprize,53,Affiliate,21.17320773692834,1.0042188724851835,30->60,False
realprize,54,Affiliate,21.29244123352645,1.0056313383441733,30->60,False
realprize,55,Affiliate,21.560534819823708,1.0125910215440739,30->60,False
realprize,56,Affiliate,21.706528678308224,1.0067713468012065,30->60,False
realprize,57,Affiliate,21.8644077691778,1.0072733458771483,30->60,False
realprize,58,Affiliate,22.111782746003353,1.011314048815641,30->60,False
realprize,59,Affiliate,22.241243420496417,1.0058548275360775,30->60,False
realprize,60,Affiliate,22.32326455583472,1.0036877945080496,30->60,False
realprize,61,Affiliate,22.447121024478015,1.0055483134347805,60->90,False
realprize,62,Affiliate,22.64807069696835,1.0089521356556685,60->90,False
realprize,63,Affiliate,22.803414110511493,1.0068590130974793,60->90,False
realprize,64,Affiliate,22.903129477954757,1.004372826233827,60->90,False
realprize,65,Affiliate,23.04396161109397,1.0061490344921977,60->90,False
realprize,66,Affiliate,23.15822179183999,1.0049583566694977,60->90,False
realprize,67,Affiliate,23.24347873397826,1.0036814977809874,60->90,False
realprize,68,Affiliate,23.375452840729334,1.0056778982294998,60->90,False
realprize,69,Affiliate,23.482037914918802,1.004559700935665,60->90,False
realprize,70,Affiliate,23.67331259085005,1.0081455739329048,60->90,False
realprize,71,Affiliate,23.849346540093375,1.0074359660722498,60->90,False
realprize,72,Affiliate,23.94971042171617,1.0042082445090925,60->90,False
realprize,73,Affiliate,24.034505008620137,1.0035405266039075,60->90,False
realprize,74,Affiliate,24.129102506497823,1.003935903728567,60->90,False
realprize,75,Affiliate,24.218727788430147,1.0037144059505814,60->90,False
realprize,76,Affiliate,24.351535009479313,1.0054836580273474,60->90,False
realprize,77,Affiliate,24.39530843267981,1.001797563200162,60->90,False
realprize,78,Affiliate,24.49629200227305,1.0041394668106745,60->90,False
realprize,79,Affiliate,24.60137202329143,1.004289629671651,60->90,False
realprize,80,Affiliate,24.748394752492874,1.0059762003949313,60->90,False
realprize,81,Affiliate,24.82538749660858,1.0031110197200952,60->90,False
realprize,82,Affiliate,24.89882212826964,1.0029580457372957,60->90,False
realprize,83,Affiliate,24.98978775944112,1.0036534110209254,60->90,False
realprize,84,Affiliate,25.055408772526558,1.0026259131817015,60->90,False
realprize,85,Affiliate,25.203884291912633,1.0059258869306047,60->90,False
realprize,86,Affiliate,25.297557085363675,1.0037166014716667,60->90,False
realprize,87,Affiliate,25.411619663685133,1.0045088376690512,60->90,False
realprize,88,Affiliate,25.508380504810788,1.0038077400183953,60->90,False
realprize,89,Affiliate,25.583006545262506,1.002925549916336,60->90,False
realprize,90,Affiliate,25.66764021050385,1.0033081985532704,60->90,False
realprize,91,Affiliate,25.843012697179716,1.0068324351298994,90->120,False
realprize,92,Affiliate,25.99129789844292,1.0057379223932117,90->120,False
realprize,93,Affiliate,26.11351628894474,1.0047022811626942,90->120,False
realprize,94,Affiliate,26.235136581805584,1.0046573694448162,90->120,False
realprize,95,Affiliate,26.354494122894305,1.0045495300059348,90->120,False
realprize,96,Affiliate,26.434984073466133,1.0030541261841905,90->120,False
realprize,97,Affiliate,26.50243828268856,1.0025517022834196,90->120,False
realprize,98,Affiliate,26.601845072170217,1.0037508544844567,90->120,False
realprize,99,Affiliate,26.769855013842687,1.0063157251392398,90->120,False
realprize,100,Affiliate,26.860624681078505,1.0033907418321422,90->120,False
realprize,101,Affiliate,27.044092913066205,1.0068303784504662,90->120,False
realprize,102,Affiliate,27.119217965353208,1.0027778728807246,90->120,False
realprize,103,Affiliate,27.18264524345578,1.0023388313845778,90->120,False
realprize,104,Affiliate,27.291647818807704,1.0040100061776793,90->120,False
realprize,105,Affiliate,27.389434257871667,1.0035830170355846,90->120,False
realprize,106,Affiliate,27.50578791255545,1.0042481218702188,90->120,False
realprize,107,Affiliate,27.582963038867113,1.0028057776987525,90->120,False
realprize,108,Affiliate,27.652710382397018,1.0025286385451637,90->120,False
realprize,109,Affiliate,27.725220843191064,1.0026221827730928,90->120,False
realprize,110,Affiliate,27.830945890090156,1.003813316672825,90->120,False
realprize,111,Affiliate,27.941926816760326,1.0039876807316739,90->120,False
realprize,112,Affiliate,28.031291814714248,1.0031982403554331,90->120,False
realprize,113,Affiliate,28.15327918837104,1.004351828465956,90->120,False
realprize,114,Affiliate,28.334550429343043,1.0064387256546257,90->120,False
realprize,115,Affiliate,28.509717699425213,1.0061821086774954,90->120,False
realprize,116,Affiliate,28.556453011835753,1.0016392765759123,90->120,False
realprize,117,Affiliate,28.637491875206496,1.0028378476604625,90->120,False
realprize,118,Affiliate,28.68056275002837,1.0015040030394269,90->120,False
realprize,119,Affiliate,28.732784351404312,1.0018208011408665,90->120,False
realprize,120,Affiliate,28.806988309815097,1.0025825536955717,90->120,False
realprize,121,Affiliate,28.862857915424232,1.0019394462554803,120->150,False
realprize,122,Affiliate,28.90350038393672,1.00140812350016,120->150,False
realprize,123,Affiliate,28.971694092388553,1.0023593581243098,120->150,False
realprize,124,Affiliate,29.0136934724436,1.001449669457406,120->150,False
realprize,125,Affiliate,29.071782262018314,1.0020021163327546,120->150,False
realprize,126,Affiliate,29.135885358399705,1.0022049936878188,120->150,False
realprize,127,Affiliate,29.189567360330415,1.0018424702482993,120->150,False
realprize,128,Affiliate,29.26235316664695,1.0024935555028285,120->150,False
realprize,129,Affiliate,29.576467835916194,1.0107344295751057,120->150,False
realprize,130,Affiliate,29.723565881549337,1.0049734825148564,120->150,False
realprize,131,Affiliate,29.79580557721266,1.0024303845625793,120->150,False
realprize,132,Affiliate,29.846524252740522,1.0017022085674585,120->150,False
realprize,133,Affiliate,29.89738179429196,1.0017039686470952,120->150,False
realprize,134,Affiliate,29.969877312643337,1.002424811605584,120->150,False
realprize,135,Affiliate,30.067217701889966,1.0032479408651287,120->150,False
realprize,136,Affiliate,30.141655135966754,1.0024757007720109,120->150,False
realprize,137,Affiliate,30.30027382716403,1.005262441311924,120->150,False
realprize,138,Affiliate,30.340363868413707,1.001323091714562,120->150,False
realprize,139,Affiliate,30.44560747367845,1.0034687654281664,120->150,False
realprize,140,Affiliate,30.52785453414711,1.0027014425821448,120->150,False
realprize,141,Affiliate,30.63319725054994,1.0034507081486843,120->150,False
realprize,142,Affiliate,30.731886269071325,1.0032216362436543,120->150,False
realprize,143,Affiliate,30.81245061566791,1.0026215229970334,120->150,False
realprize,144,Affiliate,30.87252072247677,1.001949540059573,120->150,False
realprize,145,Affiliate,30.965487798245103,1.0030113211876686,120->150,False
realprize,146,Affiliate,31.04367578551915,1.002525004217065,120->150,False
realprize,147,Affiliate,31.121343856192297,1.002501896721566,120->150,False
realprize,148,Affiliate,31.166462849043732,1.001449776496154,120->150,False
realprize,149,Affiliate,31.280954710618616,1.0036735596891257,120->150,False
realprize,150,Affiliate,31.356511617423692,1.0024154284133606,120->150,False
realprize,151,Affiliate,31.42613133817162,1.0022202635802524,150->180,False
realprize,152,Affiliate,31.535530302717895,1.0034811464182165,150->180,False
realprize,153,Affiliate,31.658121334365195,1.0038873940114694,150->180,False
realprize,154,Affiliate,31.794987050604153,1.0043232418877108,150->180,False
realprize,155,Affiliate,32.04765242260597,1.0079467046676158,150->180,False
realprize,156,Affiliate,32.19254604530529,1.004521193028077,150->180,False
realprize,157,Affiliate,32.279496946653545,1.0027009637953421,150->180,False
realprize,158,Affiliate,32.379286470416794,1.0030914212798347,150->180,False
realprize,159,Affiliate,32.457320781398685,1.002410007121472,150->180,False
realprize,160,Affiliate,32.52413386672359,1.0020584904642897,150->180,False
realprize,161,Affiliate,32.60761642033016,1.002566787910438,150->180,False
realprize,162,Affiliate,32.684281505565025,1.0023511404282548,150->180,False
realprize,163,Affiliate,32.71925731868821,1.0010701111210667,150->180,False
realprize,164,Affiliate,32.765994743997155,1.00142843784178,150->180,False
realprize,165,Affiliate,32.80584605474147,1.0012162399175022,150->180,False
realprize,166,Affiliate,32.8554883003312,1.001513213392116,150->180,False
realprize,167,Affiliate,32.8971886667771,1.0012692054996934,150->180,False
realprize,168,Affiliate,32.98402540742634,1.0026396401689162,150->180,False
realprize,169,Affiliate,33.065319721487406,1.0024646571501477,150->180,False
realprize,170,Affiliate,33.1361639793737,1.0021425547517164,150->180,False
realprize,171,Affiliate,33.19635536509928,1.0018164862342862,150->180,False
realprize,172,Affiliate,33.26523831804633,1.0020750155307552,150->180,False
realprize,173,Affiliate,33.332212090934334,1.0020133261108088,150->180,False
realprize,174,Affiliate,33.39627383684696,1.0019219170254243,150->180,False
realprize,175,Affiliate,33.50687995740801,1.0033119299806141,150->180,False
realprize,176,Affiliate,33.561752303276045,1.0016376441476433,150->180,False
realprize,177,Affiliate,33.637098318399794,1.0022449964603426,150->180,False
realprize,178,Affiliate,33.7071717511905,1.0020832187166506,150->180,False
realprize,179,Affiliate,33.82850043482166,1.0035994916609068,150->180,False
realprize,180,Affiliate,33.8910671637279,1.0018495271177268,150->180,False
realprize,181,Affiliate,33.93197813088855,1.001207131276304,180->270,False
realprize,182,Affiliate,33.97592408087399,1.001295119011804,180->270,False
realprize,183,Affiliate,34.06698291944464,1.0026800989534208,180->270,False
realprize,184,Affiliate,34.18798703324159,1.0035519468830885,180->270,False
realprize,185,Affiliate,34.24141893646325,1.0015628853248864,180->270,False
realprize,186,Affiliate,34.340084774913166,1.0028814763381446,180->270,False
realprize,187,Affiliate,34.390706684917376,1.0014741346835927,180->270,False
realprize,188,Affiliate,34.46331276110028,1.0021112121029705,180->270,False
realprize,189,Affiliate,34.52793167114584,1.0018750057631864,180->270,False
realprize,190,Affiliate,34.679305657105836,1.0043841023378326,180->270,False
realprize,191,Affiliate,34.73825213915306,1.0016997595808308,180->270,False
realprize,192,Affiliate,34.808421209314304,1.0020199366934226,180->270,False
realprize,193,Affiliate,34.88733644186803,1.0022671304762483,180->270,False
realprize,194,Affiliate,34.958532428617424,1.0020407401083207,180->270,False
realprize,195,Affiliate,35.00521236863457,1.001335294612623,180->270,False
realprize,196,Affiliate,35.07350332394265,1.0019508796172674,180->270,False
realprize,197,Affiliate,35.11300620272066,1.001126288366838,180->270,False
realprize,198,Affiliate,35.16640486310898,1.0015207658404417,180->270,False
realprize,199,Affiliate,35.219638829327494,1.0015137733420785,180->270,False
realprize,200,Affiliate,35.26468485619153,1.0012790030892231,180->270,False
realprize,201,Affiliate,35.304323702868224,1.0011240380238287,180->270,False
realprize,202,Affiliate,35.37472160772787,1.0019940306873496,180->270,False
realprize,203,Affiliate,35.431526063371955,1.0016057923020283,180->270,False
realprize,204,Affiliate,35.456636412189546,1.0007087007421775,180->270,False
realprize,205,Affiliate,35.52937578040845,1.0020515022173366,180->270,False
realprize,206,Affiliate,35.56633909847274,1.001040359343568,180->270,False
realprize,207,Affiliate,35.62517968183472,1.0016543896519423,180->270,False
realprize,208,Affiliate,35.65483139053852,1.0008323244673742,180->270,False
realprize,209,Affiliate,35.72586535564014,1.0019922675926738,180->270,False
realprize,210,Affiliate,35.759088145065014,1.0009299365905948,180->270,False
realprize,211,Affiliate,35.84147799031666,1.0023040253408424,180->270,False
realprize,212,Affiliate,35.88883341027566,1.0013212462937993,180->270,False
realprize,213,Affiliate,35.97202467806959,1.0023180265249332,180->270,False
realprize,214,Affiliate,36.04102886269312,1.0019182735817926,180->270,False
realprize,215,Affiliate,36.08778229706596,1.0012972280716779,180->270,False
realprize,216,Affiliate,36.12925616417815,1.0011492495374417,180->270,False
realprize,217,Affiliate,36.159158545425946,1.0008276500659719,180->270,False
realprize,218,Affiliate,36.23687882656919,1.002149394075241,180->270,False
realprize,219,Affiliate,36.26569629750089,1.0007952525676844,180->270,False
realprize,220,Affiliate,36.327282563178436,1.0016981961458105,180->270,False
realprize,221,Affiliate,36.431645082764064,1.0028728413528902,180->270,False
realprize,222,Affiliate,36.4593237252478,1.0007597417690268,180->270,False
realprize,223,Affiliate,36.511722862398706,1.0014371944347016,180->270,False
realprize,224,Affiliate,36.579989430943314,1.0018697164415353,180->270,False
realprize,225,Affiliate,36.64153894944302,1.0016826007731876,180->270,False
realprize,226,Affiliate,36.7117447667821,1.0019160171584482,180->270,False
realprize,227,Affiliate,36.74423929395512,1.000885126200878,180->270,False
realprize,228,Affiliate,36.806890893724926,1.0017050727127208,180->270,False
realprize,229,Affiliate,36.852968447277604,1.0012518730170858,180->270,False
realprize,230,Affiliate,36.88121466662645,1.000766457100715,180->270,False
realprize,231,Affiliate,36.921392196864474,1.001089376545789,180->270,False
realprize,232,Affiliate,36.9615662160767,1.0010880960013104,180->270,False
realprize,233,Affiliate,37.034876167747974,1.0019834103144523,180->270,False
realprize,234,Affiliate,37.06292528859744,1.0007573704505563,180->270,False
realprize,235,Affiliate,37.085662437856726,1.000613474222076,180->270,False
realprize,236,Affiliate,37.12423361198437,1.0010400562263726,180->270,False
realprize,237,Affiliate,37.16180092002634,1.0010119349111584,180->270,False
realprize,238,Affiliate,37.19862560101056,1.0009909283208172,180->270,False
realprize,239,Affiliate,37.23241563323527,1.0009083677603343,180->270,False
realprize,240,Affiliate,37.28478169792613,1.0014064643349145,180->270,False
realprize,241,Affiliate,37.35973190999033,1.002010209223469,180->270,False
realprize,242,Affiliate,37.416704400456744,1.0015249705378957,180->270,False
realprize,243,Affiliate,37.48427310668753,1.0018058433342398,180->270,False
realprize,244,Affiliate,37.51594597698589,1.0008449642389545,180->270,False
realprize,245,Affiliate,37.58486623105523,1.0018370922623574,180->270,False
realprize,246,Affiliate,37.62901462458407,1.001174632184599,180->270,False
realprize,247,Affiliate,37.65953582830679,1.0008111082372795,180->270,False
realprize,248,Affiliate,37.68157210866499,1.0005851447680785,180->270,False
realprize,249,Affiliate,37.72535269635012,1.0011618567176253,180->270,False
realprize,250,Affiliate,37.744715786552675,1.0005132646567523,180->270,False
realprize,251,Affiliate,37.790466357035584,1.0012121053114198,180->270,False
realprize,252,Affiliate,37.82546136262837,1.0009260273546814,180->270,False
realprize,253,Affiliate,37.86263079895384,1.0009826565225242,180->270,False
realprize,254,Affiliate,37.886068483048945,1.0006190189007087,180->270,False
realprize,255,Affiliate,37.925610116736976,1.001043698522208,180->270,False
realprize,256,Affiliate,37.95639489794443,1.000811714857393,180->270,False
realprize,257,Affiliate,37.97302232778901,1.0004380666259083,180->270,False
realprize,258,Affiliate,38.00007125727058,1.0007123196370327,180->270,False
realprize,259,Affiliate,38.035771140547475,1.0009394688508662,180->270,False
realprize,260,Affiliate,38.07474285891366,1.0010246070264273,180->270,False
realprize,261,Affiliate,38.10416097917049,1.0007726413377456,180->270,False
realprize,262,Affiliate,38.134879949523054,1.0008061841427072,180->270,False
realprize,263,Affiliate,38.22013950215614,1.0022357367519168,180->270,False
realprize,264,Affiliate,38.26315610933255,1.001125495818088,180->270,False
realprize,265,Affiliate,38.303642218985566,1.0010580964502074,180->270,False
realprize,266,Affiliate,38.36940029154433,1.001716757695856,180->270,False
realprize,267,Affiliate,38.42137814568582,1.0013546694435291,180->270,False
realprize,268,Affiliate,38.45136217248148,1.000780399565106,180->270,False
realprize,269,Affiliate,38.51210859811264,1.0015798250620789,180->270,False
realprize,270,Affiliate,38.58057560580913,1.0017778047006194,180->270,False
realprize,271,Affiliate,38.628419740145496,1.0012401093966354,270->365,False
realprize,272,Affiliate,38.67146819756286,1.0011144245016221,270->365,False
realprize,273,Affiliate,38.74955034770565,1.0020191152232414,270->365,False
realprize,274,Affiliate,38.78466125775097,1.0009060985154734,270->365,False
realprize,275,Affiliate,38.834965736470934,1.00129701993233,270->365,False
realprize,276,Affiliate,38.87892169231955,1.001131865446899,270->365,False
realprize,277,Affiliate,38.92842126720262,1.0012731725245572,270->365,False
realprize,278,Affiliate,38.970113671015575,1.001071001660375,270->365,False
realprize,279,Affiliate,39.01148859627766,1.0010617091243657,270->365,False
realprize,280,Affiliate,39.060930394733255,1.0012673650823034,270->365,False
realprize,281,Affiliate,39.11381485122486,1.0013538964883113,270->365,False
realprize,282,Affiliate,39.17713653179643,1.0016189083272093,270->365,False
realprize,283,Affiliate,39.21716053913653,1.0010216164549857,270->365,False
realprize,284,Affiliate,39.286454784946365,1.0017669368423725,270->365,False
realprize,285,Affiliate,39.31433208627413,1.0007095906586727,270->365,False
realprize,286,Affiliate,39.3641008176051,1.0012659182717834,270->365,False
realprize,287,Affiliate,39.406584132854704,1.0010792400783255,270->365,False
realprize,288,Affiliate,39.47391090805915,1.0017085158910872,270->365,False
realprize,289,Affiliate,39.493931082133095,1.0005071748304994,270->365,False
realprize,290,Affiliate,39.51814057243787,1.000612992671062,270->365,False
realprize,291,Affiliate,39.56385584968256,1.001156817516778,270->365,False
realprize,292,Affiliate,39.59552468529214,1.0008004486653146,270->365,False
realprize,293,Affiliate,39.673197797003766,1.0019616639084588,270->365,False
realprize,294,Affiliate,39.739153032186834,1.0016624632962672,270->365,False
realprize,295,Affiliate,39.77316385570936,1.0008558517463868,270->365,False
realprize,296,Affiliate,39.869013898378974,1.0024099174764507,270->365,False
realprize,297,Affiliate,39.93952369252485,1.0017685361951916,270->365,False
realprize,298,Affiliate,40.00822710141391,1.0017201859846394,270->365,False
realprize,299,Affiliate,40.0485656693035,1.0010082568214618,270->365,False
realprize,300,Affiliate,40.092546603244,1.0010981899902152,270->365,False
realprize,301,Affiliate,40.11246172926801,1.0004967288863211,270->365,False
realprize,302,Affiliate,40.14108265406918,1.0007135170360357,270->365,False
realprize,303,Affiliate,40.207939201520574,1.0016655392189482,270->365,False
realprize,304,Affiliate,40.231285080134946,1.0005806285792804,270->365,False
realprize,305,Affiliate,40.27907062100346,1.0011877706807857,270->365,False
realprize,306,Affiliate,40.33892046352514,1.0014858794306558,270->365,False
realprize,307,Affiliate,40.36451985625042,1.000634607779066,270->365,False
realprize,308,Affiliate,40.39560415782221,1.0007700897144942,270->365,False
realprize,309,Affiliate,40.458069930227026,1.00154635074056,270->365,False
realprize,310,Affiliate,40.506267376171294,1.001191293752455,270->365,False
realprize,311,Affiliate,40.541831043311774,1.0008779793707034,270->365,False
realprize,312,Affiliate,40.73650924086623,1.004801909350036,270->365,False
realprize,313,Affiliate,40.796024330268835,1.001460976664709,270->365,False
realprize,314,Affiliate,40.82345382693342,1.0006723571013323,270->365,False
realprize,315,Affiliate,40.85267259185868,1.0007157347599527,270->365,False
realprize,316,Affiliate,40.92221440090616,1.0017022584970692,270->365,False
realprize,317,Affiliate,40.95668475128708,1.000842338345702,270->365,False
realprize,318,Affiliate,40.98282210674801,1.0006381706825065,270->365,False
realprize,319,Affiliate,41.01200340453548,1.000712037294832,270->365,False
realprize,320,Affiliate,41.04479298611765,1.0007995118223985,270->365,False
realprize,321,Affiliate,41.119598752946665,1.0018225397519807,270->365,False
realprize,322,Affiliate,41.15542107173005,1.0008711738409368,270->365,False
realprize,323,Affiliate,41.22791461426023,1.0017614579232181,270->365,False
realprize,324,Affiliate,41.252126205526,1.0005872620891039,270->365,False
realprize,325,Affiliate,41.309905901143914,1.0014006476982555,270->365,False
realprize,326,Affiliate,41.340265487891315,1.000734922679806,270->365,False
realprize,327,Affiliate,41.373476078713566,1.000803347303901,270->365,False
realprize,328,Affiliate,41.40094182512577,1.0006638491375477,270->365,False
realprize,329,Affiliate,41.443848117515586,1.001036360297576,270->365,False
realprize,330,Affiliate,41.516960859940035,1.0017641398119483,270->365,False
realprize,331,Affiliate,41.5677447055934,1.0012232072049947,270->365,False
realprize,332,Affiliate,41.605198303872,1.0009010255077313,270->365,False
realprize,333,Affiliate,41.6467060565572,1.0009976578499167,270->365,False
realprize,334,Affiliate,41.71472128399922,1.0016331478256564,270->365,False
realprize,335,Affiliate,41.76014032574314,1.0010888012755665,270->365,False
realprize,336,Affiliate,41.81602845614214,1.0013383128017066,270->365,False
realprize,337,Affiliate,41.8906603100885,1.001784766672058,270->365,False
realprize,338,Affiliate,41.906189563308274,1.0003707092011638,270->365,False
realprize,339,Affiliate,41.929011952473864,1.0005446066417256,270->365,False
realprize,340,Affiliate,41.9580882022114,1.000693463747023,270->365,False
realprize,341,Affiliate,42.00032043628089,1.0010065338026355,270->365,False
realprize,342,Affiliate,42.05371258766337,1.0012712320008006,270->365,False
realprize,343,Affiliate,42.08399373853349,1.0007200589200538,270->365,False
realprize,344,Affiliate,42.111469650095316,1.0006528827024481,270->365,False
realprize,345,Affiliate,42.14443606256153,1.0007828369026333,270->365,False
realprize,346,Affiliate,42.17621029638119,1.0007539366233895,270->365,False
realprize,347,Affiliate,42.22008653243196,1.0010403076934233,270->365,False
realprize,348,Affiliate,42.248311075924754,1.000668509844742,270->365,False
realprize,349,Affiliate,42.29038702183996,1.000995920188137,270->365,False
realprize,350,Affiliate,42.31870610857769,1.000669634135131,270->365,False
realprize,351,Affiliate,42.35506067081401,1.0008590660154648,270->365,False
realprize,352,Affiliate,42.380095955511216,1.0005910813088377,270->365,False
realprize,353,Affiliate,42.41761059837883,1.000885194854372,270->365,False
realprize,354,Affiliate,42.43403591146441,1.0003872286263624,270->365,False
realprize,355,Affiliate,42.46316877042886,1.0006865446177504,270->365,False
realprize,356,Affiliate,42.55443463291998,1.002149294674275,270->365,False
realprize,357,Affiliate,42.584166849369254,1.0006986866752137,270->365,False
realprize,358,Affiliate,42.60422110569939,1.0004709322223226,270->365,False
realprize,359,Affiliate,42.64451753531455,1.0009458318581905,270->365,False
realprize,360,Affiliate,42.68300048776232,1.000902412658694,270->365,False
realprize,361,Affiliate,42.7423164527503,1.001389685924376,270->365,False
realprize,362,Affiliate,42.776676209711454,1.0008038814882467,270->365,False
realprize,363,Affiliate,42.924403307411545,1.0034534496550378,270->365,False
realprize,364,Affiliate,42.96926092568866,1.0010450376667057,270->365,False
realprize,365,Affiliate,43.03186746248039,1.0014570075315004,270->365,False
realprize,1,Blended,6.9669582904553655,,1->7,False
realprize,2,Blended,10.144309235914587,1.456059992466461,1->7,False
realprize,3,Blended,12.069171115255983,1.1897479497693817,1->7,False
realprize,4,Blended,13.25193738744533,1.0979989645431638,1->7,False
realprize,5,Blended,14.334617314124007,1.0816997466124756,1->7,False
realprize,6,Blended,15.329434171597637,1.0693996104446701,1->7,False
realprize,7,Blended,16.211477038847445,1.0575391666369562,1->7,False
realprize,8,Blended,17.14869322929947,1.0578118938950585,7->14,False
realprize,9,Blended,18.303029312649,1.0673133554793133,7->14,False
realprize,10,Blended,19.173941758880762,1.047582967352289,7->14,False
realprize,11,Blended,19.92366648490069,1.0391012310065393,7->14,False
realprize,12,Blended,20.768801308249053,1.0424186393598214,7->14,False
realprize,13,Blended,21.713309516278144,1.0454772614948147,7->14,False
realprize,14,Blended,22.366178745529062,1.0300676978219958,7->14,False
realprize,15,Blended,23.165321277234785,1.0357299537304945,14->30,False
realprize,16,Blended,23.914954155000594,1.0323601330106522,14->30,False
realprize,17,Blended,24.673454160595377,1.0317165569575713,14->30,False
realprize,18,Blended,25.39098092566671,1.0290809207499312,14->30,False
realprize,19,Blended,25.964342818429174,1.0225813210777877,14->30,False
realprize,20,Blended,26.716286024827262,1.0289606100049014,14->30,False
realprize,21,Blended,27.55495542935558,1.0313916913357248,14->30,False
realprize,22,Blended,28.159283201398914,1.021931727438017,14->30,False
realprize,23,Blended,28.87418354961571,1.0253877324612184,14->30,False
realprize,24,Blended,29.407519247672333,1.0184710226400053,14->30,False
realprize,25,Blended,30.052200272286427,1.0219223192267441,14->30,False
realprize,26,Blended,30.63418328848381,1.0193657373145513,14->30,False
realprize,27,Blended,31.13268935533961,1.0162728694987995,14->30,False
realprize,28,Blended,31.88739792739946,1.0242416761188158,14->30,False
realprize,29,Blended,32.44277691927001,1.0174168802714798,14->30,False
realprize,30,Blended,33.046045511370615,1.0185948506689722,14->30,False
realprize,31,Blended,33.46011732925078,1.01253014729819,30->60,False
realprize,32,Blended,33.86473852086984,1.0120926411475952,30->60,False
realprize,33,Blended,34.68836407881548,1.024321036981817,30->60,False
realprize,34,Blended,35.201254523995516,1.0147856625355607,30->60,False
realprize,35,Blended,35.84903928552486,1.0184023203232082,30->60,False
realprize,36,Blended,36.409512742360974,1.015634267138155,30->60,False
realprize,37,Blended,36.80563946058757,1.0108797588429608,30->60,False
realprize,38,Blended,37.21170129645376,1.011032598314207,30->60,False
realprize,39,Blended,37.703254549963525,1.0132096420315135,30->60,False
realprize,40,Blended,38.24573680653017,1.014388207677079,30->60,False
realprize,41,Blended,38.69875103241972,1.0118448293513385,30->60,False
realprize,42,Blended,39.0603464322298,1.0093438519374218,30->60,False
realprize,43,Blended,39.45973172465158,1.0102248271943701,30->60,False
realprize,44,Blended,39.94235929004553,1.0122308881561006,30->60,False
realprize,45,Blended,40.3168967854045,1.0093769497349725,30->60,False
realprize,46,Blended,40.6431634566163,1.0080925541702384,30->60,False
realprize,47,Blended,41.04625158530071,1.0099177350974335,30->60,False
realprize,48,Blended,41.41678833003954,1.0090272979974504,30->60,False
realprize,49,Blended,41.819876241268204,1.0097324763092823,30->60,False
realprize,50,Blended,42.34693501488914,1.012603068707813,30->60,False
realprize,51,Blended,42.683426237324355,1.0079460584884574,30->60,False
realprize,52,Blended,43.08713020065145,1.0094580964771305,30->60,False
realprize,53,Blended,43.417694884473704,1.0076720051273513,30->60,False
realprize,54,Blended,43.77566703682032,1.0082448447182448,30->60,False
realprize,55,Blended,44.14836268210033,1.0085137627935292,30->60,False
realprize,56,Blended,44.581507542533636,1.0098111194644355,30->60,False
realprize,57,Blended,44.95855056287606,1.00845738605817,30->60,False
realprize,58,Blended,45.48752164223422,1.0117657502907789,30->60,False
realprize,59,Blended,45.9072218669141,1.0092267111842426,30->60,False
realprize,60,Blended,46.254702649849925,1.0075691964968645,30->60,False
realprize,61,Blended,46.62262813864189,1.0079543369152577,60->90,False
realprize,62,Blended,47.00727217307348,1.0082501576978409,60->90,False
realprize,63,Blended,47.36347306272918,1.0075775698777887,60->90,False
realprize,64,Blended,47.87613239590193,1.0108239387870432,60->90,False
realprize,65,Blended,48.23173608722731,1.007427577657794,60->90,False
realprize,66,Blended,48.49677748079444,1.0054951659440126,60->90,False
realprize,67,Blended,48.83352290076606,1.0069436658983162,60->90,False
realprize,68,Blended,49.276699514638246,1.009075253791801,60->90,False
realprize,69,Blended,49.861329235573386,1.0118642223747447,60->90,False
realprize,70,Blended,50.3625218720679,1.0100517303525263,60->90,False
realprize,71,Blended,50.842956932226166,1.0095395353985386,60->90,False
realprize,72,Blended,51.32408167468655,1.0094629575361191,60->90,False
realprize,73,Blended,51.67005293477502,1.0067409147674844,60->90,False
realprize,74,Blended,52.22422629276697,1.0107252330221435,60->90,False
realprize,75,Blended,52.92961489219002,1.013506922926319,60->90,False
realprize,76,Blended,53.259904855737595,1.0062401731850936,60->90,False
realprize,77,Blended,53.58261282537496,1.0060591165251134,60->90,False
realprize,78,Blended,53.954759117222814,1.0069452807958559,60->90,False
realprize,79,Blended,54.4272589774077,1.0087573342540244,60->90,False
realprize,80,Blended,54.950534981810286,1.0096142266620443,60->90,False
realprize,81,Blended,55.216083909369175,1.004832508503271,60->90,False
realprize,82,Blended,55.704192695507274,1.0088399747243806,60->90,False
realprize,83,Blended,56.148628745581235,1.0079785026686117,60->90,False
realprize,84,Blended,56.87123477776023,1.012869522343159,60->90,False
realprize,85,Blended,57.51089885310389,1.011247585494553,60->90,False
realprize,86,Blended,57.834028263929966,1.0056185769527168,60->90,False
realprize,87,Blended,58.176965034674375,1.0059296711821524,60->90,False
realprize,88,Blended,58.49232597984215,1.0054207184059845,60->90,False
realprize,89,Blended,58.76147106769598,1.004601374340056,60->90,False
realprize,90,Blended,59.079987182512525,1.005420492527316,60->90,False
realprize,91,Blended,59.53581474818204,1.0077154310183134,90->120,False
realprize,92,Blended,60.27886523834639,1.0124807310239596,90->120,False
realprize,93,Blended,60.719791719754575,1.0073147774043976,90->120,False
realprize,94,Blended,61.1082916100193,1.0063982414837291,90->120,False
realprize,95,Blended,61.364504086299554,1.0041927612363204,90->120,False
realprize,96,Blended,61.84790082492535,1.0078774650887095,90->120,False
realprize,97,Blended,62.30925551899433,1.0074595044927224,90->120,False
realprize,98,Blended,62.79688150970239,1.0078258998064809,90->120,False
realprize,99,Blended,63.24553642846503,1.0071445413844846,90->120,False
realprize,100,Blended,63.514560311619235,1.0042536422069641,90->120,False
realprize,101,Blended,64.3309456395393,1.0128535145943647,90->120,False
realprize,102,Blended,64.57782841194943,1.0038376984817459,90->120,False
realprize,103,Blended,65.05675442466149,1.0074162607273962,90->120,False
realprize,104,Blended,65.4087547986672,1.0054106660733182,90->120,False
realprize,105,Blended,65.81860436281973,1.006265974110256,90->120,False
realprize,106,Blended,66.29586427893773,1.007251140019426,90->120,False
realprize,107,Blended,66.54796223052168,1.0038026195800578,90->120,False
realprize,108,Blended,66.94817833639172,1.0060139498258969,90->120,False
realprize,109,Blended,67.25122016423566,1.0045265134223855,90->120,False
realprize,110,Blended,67.64954345034411,1.0059229153781255,90->120,False
realprize,111,Blended,67.87423375784695,1.0033213869014175,90->120,False
realprize,112,Blended,68.07100834284509,1.002899105803539,90->120,False
realprize,113,Blended,68.29452114673252,1.0032835242099205,90->120,False
realprize,114,Blended,68.55196575871672,1.0037696232093212,90->120,False
realprize,115,Blended,68.89748458173584,1.0050402467558006,90->120,False
realprize,116,Blended,69.29147226529624,1.005718462523737,90->120,False
realprize,117,Blended,69.48968185315385,1.0028605192151026,90->120,False
realprize,118,Blended,69.73768057702627,1.0035688568037553,90->120,False
realprize,119,Blended,69.99981699277588,1.003758892087902,90->120,False
realprize,120,Blended,70.2384945718054,1.003409688614674,90->120,False
realprize,121,Blended,70.43223717153437,1.0027583535340567,120->150,False
realprize,122,Blended,70.64867559319926,1.0030730022267753,120->150,False
realprize,123,Blended,70.85385020029207,1.0029041536217074,120->150,False
realprize,124,Blended,71.05363885843428,1.002819729027815,120->150,False
realprize,125,Blended,71.2998572312408,1.0034652464921194,120->150,False
realprize,126,Blended,71.55843380564998,1.0036266071833857,120->150,False
realprize,127,Blended,71.93510742126705,1.0052638605344564,120->150,False
realprize,128,Blended,72.17947567336384,1.0033970652280495,120->150,False
realprize,129,Blended,72.54651637754725,1.0050851118099609,120->150,False
realprize,130,Blended,72.75623370186374,1.0028907979981434,120->150,False
realprize,131,Blended,73.0490172884713,1.0040241718367022,120->150,False
realprize,132,Blended,73.40811059977156,1.004915785655024,120->150,False
realprize,133,Blended,73.7162063447554,1.0041970259480402,120->150,False
realprize,134,Blended,73.98790384673097,1.0036857227935048,120->150,False
realprize,135,Blended,74.25319660499126,1.0035856233852747,120->150,False
realprize,136,Blended,74.5330282127469,1.0037686136159805,120->150,False
realprize,137,Blended,74.79232990596743,1.003479017281847,120->150,False
realprize,138,Blended,75.02461114371572,1.0031056826019502,120->150,False
realprize,139,Blended,75.29079362294651,1.0035479354730796,120->150,False
realprize,140,Blended,75.63200822946003,1.004531956565929,120->150,False
realprize,141,Blended,75.86853756357536,1.0031273708004385,120->150,False
realprize,142,Blended,76.11083043000986,1.0031935882015843,120->150,False
realprize,143,Blended,76.31508148859315,1.00268360044726,120->150,False
realprize,144,Blended,76.5178647343519,1.0026571844228334,120->150,False
realprize,145,Blended,76.74939288415042,1.0030258051580807,120->150,False
realprize,146,Blended,76.94348679893551,1.0025289309464385,120->150,False
realprize,147,Blended,77.24823437347871,1.0039606675915214,120->150,False
realprize,148,Blended,77.44498894704537,1.0025470429863212,120->150,False
realprize,149,Blended,77.67348773678502,1.0029504657802442,120->150,False
realprize,150,Blended,77.92601504010968,1.0032511389752499,120->150,False
realprize,151,Blended,78.33904702064866,1.0053003092783122,150->180,False
realprize,152,Blended,78.53870879665651,1.0025486878332235,150->180,False
realprize,153,Blended,78.84421169409521,1.0038898385537465,150->180,False
realprize,154,Blended,79.14720293580633,1.0038429104077633,150->180,False
realprize,155,Blended,79.51113208931216,1.0045981303192861,150->180,False
realprize,156,Blended,79.84775235556145,1.004233624366852,150->180,False
realprize,157,Blended,80.32284642391599,1.0059499992716006,150->180,False
realprize,158,Blended,80.60115434562184,1.0034648662752441,150->180,False
realprize,159,Blended,80.99525562298452,1.0048895239846412,150->180,False
realprize,160,Blended,81.32967693846399,1.0041289000560247,150->180,False
realprize,161,Blended,81.60550749673405,1.003391511790693,150->180,False
realprize,162,Blended,81.83104433476863,1.0027637453028966,150->180,False
realprize,163,Blended,82.04597297117395,1.0026264926490007,150->180,False
realprize,164,Blended,82.26534874062692,1.0026738151978531,150->180,False
realprize,165,Blended,82.53807924176677,1.0033152536920464,150->180,False
realprize,166,Blended,82.73786171985113,1.0024204885783587,150->180,False
realprize,167,Blended,82.99086481620408,1.0030578877806828,150->180,False
realprize,168,Blended,83.27465967435947,1.0034195915271384,150->180,False
realprize,169,Blended,83.58858947809497,1.003769811908726,150->180,False
realprize,170,Blended,83.92233021041721,1.003992658979007,150->180,False
realprize,171,Blended,84.10929976413261,1.0022278880155808,150->180,False
realprize,172,Blended,84.25177371114549,1.0016939143164003,150->180,False
realprize,173,Blended,84.62812074860948,1.0044669331087828,150->180,False
realprize,174,Blended,84.92872629934799,1.0035520764029662,150->180,False
realprize,175,Blended,85.2938283510912,1.004298922963431,150->180,False
realprize,176,Blended,85.58291933116163,1.0033893540207912,150->180,False
realprize,177,Blended,85.92928370119269,1.004047120298512,150->180,False
realprize,178,Blended,86.20886400273487,1.0032536091248518,150->180,False
realprize,179,Blended,86.51778458541234,1.0035833969772259,150->180,False
realprize,180,Blended,86.76351669732378,1.0028402497022892,150->180,False
realprize,181,Blended,87.13811793216361,1.004317497135883,180->270,False
realprize,182,Blended,87.40546664918436,1.0030681029538517,180->270,False
realprize,183,Blended,87.83967497064677,1.0049677478778893,180->270,False
realprize,184,Blended,88.09108603351554,1.0028621583920112,180->270,False
realprize,185,Blended,88.42883918858091,1.003834135441773,180->270,False
realprize,186,Blended,88.7150149002419,1.0032362260353853,180->270,False
realprize,187,Blended,89.04817471536512,1.0037553937797097,180->270,False
realprize,188,Blended,89.37230620206839,1.0036399565486809,180->270,False
realprize,189,Blended,89.75643357796326,1.0042980582265202,180->270,False
realprize,190,Blended,90.00991659707043,1.002824120890309,180->270,False
realprize,191,Blended,90.3231099754943,1.003479543035529,180->270,False
realprize,192,Blended,90.60049029603438,1.0030709784086855,180->270,False
realprize,193,Blended,90.81190250572767,1.0023334554703016,180->270,False
realprize,194,Blended,90.9816107153171,1.0018687881754127,180->270,False
realprize,195,Blended,91.2236700532365,1.002660530364502,180->270,False
realprize,196,Blended,91.47734202312485,1.0027807691769066,180->270,False
realprize,197,Blended,91.71599221466201,1.0026088448380674,180->270,False
realprize,198,Blended,91.91939524443025,1.0022177487792114,180->270,False
realprize,199,Blended,92.1620579626277,1.0026399512045545,180->270,False
realprize,200,Blended,92.51359285873126,1.003814312569345,180->270,False
realprize,201,Blended,92.77016640883457,1.0027733605643778,180->270,False
realprize,202,Blended,93.06581031409438,1.0031868424592116,180->270,False
realprize,203,Blended,93.34814141284596,1.0030336715255443,180->270,False
realprize,204,Blended,93.69611894712652,1.003727739288794,180->270,False
realprize,205,Blended,94.01872505788764,1.003443110711375,180->270,False
realprize,206,Blended,94.32572570832967,1.003265313906916,180->270,False
realprize,207,Blended,94.48828094512714,1.0017233393708533,180->270,False
realprize,208,Blended,94.83343435371339,1.0036528700187348,180->270,False
realprize,209,Blended,95.14311206188347,1.003265490807968,180->270,False
realprize,210,Blended,95.3837913706155,1.0025296556263104,180->270,False
realprize,211,Blended,95.71433762159312,1.0034654341815086,180->270,False
realprize,212,Blended,95.96362260568188,1.0026044685705742,180->270,False
realprize,213,Blended,96.29553913231466,1.003458774456615,180->270,False
realprize,214,Blended,96.45620772998605,1.0016684947103378,180->270,False
realprize,215,Blended,96.62811832540173,1.0017822657500377,180->270,False
realprize,216,Blended,96.77413520520943,1.001511122045407,180->270,False
realprize,217,Blended,96.96023680752536,1.001923051049966,180->270,False
realprize,218,Blended,97.16255509151328,1.0020866108690467,180->270,False
realprize,219,Blended,97.34286787682905,1.0018557847222722,180->270,False
realprize,220,Blended,97.56734561230175,1.0023060522087426,180->270,False
realprize,221,Blended,97.85607273324611,1.0029592597721337,180->270,False
realprize,222,Blended,98.13569120256392,1.0028574462627378,180->270,False
realprize,223,Blended,98.43278723665132,1.0030274004334891,180->270,False
realprize,224,Blended,98.66208053960445,1.0023294403154699,180->270,False
realprize,225,Blended,98.8661137240529,1.0020680000191822,180->270,False
realprize,226,Blended,99.08635173293808,1.0022276389815412,180->270,False
realprize,227,Blended,99.40724217825573,1.0032384928873204,180->270,False
realprize,228,Blended,99.56539034845197,1.0015909119570248,180->270,False
realprize,229,Blended,99.80636972173428,1.0024203126451767,180->270,False
realprize,230,Blended,100.03613042925141,1.0023020645692025,180->270,False
realprize,231,Blended,100.402411709855,1.0036614898940202,180->270,False
realprize,232,Blended,100.67789869766845,1.0027438283913892,180->270,False
realprize,233,Blended,100.89289179240953,1.0021354547276229,180->270,False
realprize,234,Blended,101.09507754310656,1.002003964274441,180->270,False
realprize,235,Blended,101.2993434736084,1.0020205329029472,180->270,False
realprize,236,Blended,101.51279952641775,1.0021071810091737,180->270,False
realprize,237,Blended,101.70482037532167,1.0018915924868563,180->270,False
realprize,238,Blended,101.87332545802393,1.0016568052731465,180->270,False
realprize,239,Blended,102.09928114049777,1.0022180063471762,180->270,False
realprize,240,Blended,102.33953875239521,1.0023531763320335,180->270,False
realprize,241,Blended,102.6635363670875,1.0031659084909126,180->270,False
realprize,242,Blended,102.96537701648947,1.002940095968667,180->270,False
realprize,243,Blended,103.25190194285337,1.0027827308039479,180->270,False
realprize,244,Blended,103.59481682017038,1.0033211482874844,180->270,False
realprize,245,Blended,104.05351300987984,1.0044277909241899,180->270,False
realprize,246,Blended,104.3666765539699,1.003009639319533,180->270,False
realprize,247,Blended,104.59263338391807,1.002165028507268,180->270,False
realprize,248,Blended,104.80843736055417,1.0020632808416245,180->270,False
realprize,249,Blended,105.07941439156372,1.0025854505403735,180->270,False
realprize,250,Blended,105.46368711421339,1.0036569743453054,180->270,False
realprize,251,Blended,105.64879634243653,1.00175519397518,180->270,False
realprize,252,Blended,105.91040156769508,1.0024761780002738,180->270,False
realprize,253,Blended,106.19864694064569,1.0027215964502445,180->270,False
realprize,254,Blended,106.49400244734473,1.0027811607323407,180->270,False
realprize,255,Blended,106.69609869504016,1.0018977242196843,180->270,False
realprize,256,Blended,106.92478823522377,1.0021433730284484,180->270,False
realprize,257,Blended,107.41199380838994,1.004556525958175,180->270,False
realprize,258,Blended,107.78110495205976,1.0034364052894156,180->270,False
realprize,259,Blended,107.97639266052286,1.0018118918761314,180->270,False
realprize,260,Blended,108.14600046610411,1.0015707859968475,180->270,False
realprize,261,Blended,108.33040342384646,1.001705129703804,180->270,False
realprize,262,Blended,108.55104209253598,1.0020367197177902,180->270,False
realprize,263,Blended,108.79225727180336,1.0022221360073333,180->270,False
realprize,264,Blended,109.0867211909093,1.0027066624637657,180->270,False
realprize,265,Blended,109.37632459978836,1.0026547998300566,180->270,False
realprize,266,Blended,109.51981818343491,1.0013119254479577,180->270,False
realprize,267,Blended,109.68204294761107,1.001481236609656,180->270,False
realprize,268,Blended,109.90418748517826,1.0020253501083427,180->270,False
realprize,269,Blended,110.13283609877564,1.0020804358671795,180->270,False
realprize,270,Blended,110.44450391001173,1.0028299263169485,180->270,False
realprize,271,Blended,110.63285791256895,1.0017054176159883,270->365,False
realprize,272,Blended,110.84143792232274,1.0018853350956425,270->365,False
realprize,273,Blended,111.15624181562413,1.002840128197561,270->365,False
realprize,274,Blended,111.40954447174452,1.0022787983111245,270->365,False
realprize,275,Blended,111.75634518311857,1.0031128456095788,270->365,False
realprize,276,Blended,112.0633695511881,1.0027472656480172,270->365,False
realprize,277,Blended,112.23979290299093,1.0015743177499428,270->365,False
realprize,278,Blended,112.52630984915382,1.0025527216217383,270->365,False
realprize,279,Blended,112.79261905881799,1.002366639499875,270->365,False
realprize,280,Blended,113.03231877823988,1.0021251365685275,270->365,False
realprize,281,Blended,113.22021268096069,1.0016623024702291,270->365,False
realprize,282,Blended,113.3990424790111,1.0015794865052439,270->365,False
realprize,283,Blended,113.61160619034587,1.001874475363177,270->365,False
realprize,284,Blended,113.88991028548183,1.0024496097227047,270->365,False
realprize,285,Blended,114.17089580661282,1.002467167815188,270->365,False
realprize,286,Blended,114.38654037127316,1.0018887875332572,270->365,False
realprize,287,Blended,114.81541604483324,1.0037493543573226,270->365,False
realprize,288,Blended,115.06203415357932,1.0021479529251522,270->365,False
realprize,289,Blended,115.5330650382797,1.004093712475756,270->365,False
realprize,290,Blended,115.71011281128918,1.0015324424479763,270->365,False
realprize,291,Blended,115.98161135876919,1.0023463683586826,270->365,False
realprize,292,Blended,116.18869834225539,1.0017855156611475,270->365,False
realprize,293,Blended,116.49449156405926,1.0026318671795693,270->365,False
realprize,294,Blended,116.986146274546,1.0042204116596911,270->365,False
realprize,295,Blended,117.17535739115925,1.0016173805415318,270->365,False
realprize,296,Blended,117.40633015199471,1.001971171805898,270->365,False
realprize,297,Blended,117.72439565212883,1.0027091000947084,270->365,False
realprize,298,Blended,117.92876202529335,1.0017359730073996,270->365,False
realprize,299,Blended,118.1566232518202,1.001932193831374,270->365,False
realprize,300,Blended,118.33506442408466,1.001510208800434,270->365,False
realprize,301,Blended,118.58911376570386,1.002146864438327,270->365,False
realprize,302,Blended,118.84383648021058,1.0021479434867013,270->365,False
realprize,303,Blended,119.12592789565372,1.0023736310085387,270->365,False
realprize,304,Blended,119.31036059278654,1.0015482162480562,270->365,False
realprize,305,Blended,119.52887434646206,1.0018314734159703,270->365,False
realprize,306,Blended,119.74154814162385,1.0017792671128596,270->365,False
realprize,307,Blended,119.95571059647133,1.0017885392177674,270->365,False
realprize,308,Blended,120.14698400373514,1.0015945335683705,270->365,False
realprize,309,Blended,120.53780698472676,1.0032528738380937,270->365,False
realprize,310,Blended,120.7468600791525,1.0017343363020719,270->365,False
realprize,311,Blended,120.94812089333098,1.0016667995676787,270->365,False
realprize,312,Blended,121.33667589468413,1.003212575759617,270->365,False
realprize,313,Blended,121.52123935945282,1.0015210855531338,270->365,False
realprize,314,Blended,121.71856036768897,1.0016237573717668,270->365,False
realprize,315,Blended,121.96723031027113,1.002042991157889,270->365,False
realprize,316,Blended,122.16830393597967,1.0016485872901846,270->365,False
realprize,317,Blended,122.59008759113145,1.0034524802388418,270->365,False
realprize,318,Blended,122.76806544607807,1.0014518127724994,270->365,False
realprize,319,Blended,122.94005924530951,1.0014009652966878,270->365,False
realprize,320,Blended,123.14933928708216,1.001702293321293,270->365,False
realprize,321,Blended,123.35986070211491,1.0017094806699856,270->365,False
realprize,322,Blended,123.55014071200456,1.0015424791241385,270->365,False
realprize,323,Blended,123.7430122882308,1.0015610793732386,270->365,False
realprize,324,Blended,123.99663669248852,1.0020496058691941,270->365,False
realprize,325,Blended,124.19200767719202,1.0015756151934025,270->365,False
realprize,326,Blended,124.37919304455029,1.001507225552266,270->365,False
realprize,327,Blended,124.57344894213766,1.0015618038100456,270->365,False
realprize,328,Blended,124.72826782579537,1.0012427919831426,270->365,False
realprize,329,Blended,124.94336898083365,1.001724558183865,270->365,False
realprize,330,Blended,125.12960139915496,1.0014905346305323,270->365,False
realprize,331,Blended,125.32779181682234,1.0015838811556281,270->365,False
realprize,332,Blended,125.5361949800106,1.00166286471793,270->365,False
realprize,333,Blended,125.72054953831007,1.0014685370886764,270->365,False
realprize,334,Blended,125.95047903081003,1.0018288934732178,270->365,False
realprize,335,Blended,126.20069095134062,1.001986589669654,270->365,False
realprize,336,Blended,126.43064434513087,1.0018221246813848,270->365,False
realprize,337,Blended,126.63756827125746,1.0016366595867512,270->365,False
realprize,338,Blended,126.81429877762146,1.0013955614339138,270->365,False
realprize,339,Blended,126.98393910413793,1.0013377066163016,270->365,False
realprize,340,Blended,127.2567818693719,1.0021486399552484,270->365,False
realprize,341,Blended,127.41342920173041,1.0012309546890734,270->365,False
realprize,342,Blended,127.65864506314769,1.001924568414441,270->365,False
realprize,343,Blended,127.82242497716177,1.001282952000102,270->365,False
realprize,344,Blended,128.09362177085293,1.0021216683515402,270->365,False
realprize,345,Blended,128.2866356057199,1.0015068184676068,270->365,False
realprize,346,Blended,128.4532096724871,1.0012984522197554,270->365,False
realprize,347,Blended,128.70933762198385,1.0019939396621524,270->365,False
realprize,348,Blended,128.94054686770028,1.0017963673031671,270->365,False
realprize,349,Blended,129.169178221376,1.0017731532805605,270->365,False
realprize,350,Blended,129.35539190935927,1.0014416263271733,270->365,False
realprize,351,Blended,129.6289487256382,1.0021147693361758,270->365,False
realprize,352,Blended,129.97161244542573,1.00264341972342,270->365,False
realprize,353,Blended,130.13941834791896,1.0012910965659034,270->365,False
realprize,354,Blended,130.35957129344436,1.0016916699668723,270->365,False
realprize,355,Blended,130.59061368976958,1.001772347009374,270->365,False
realprize,356,Blended,130.79874049428983,1.0015937347918027,270->365,False
realprize,357,Blended,131.03906727784954,1.0018373784231522,270->365,False
realprize,358,Blended,131.22729200660154,1.0014364016217614,270->365,False
realprize,359,Blended,131.4270333652012,1.0015221022665743,270->365,False
realprize,360,Blended,131.66659300927327,1.0018227577533947,270->365,False
realprize,361,Blended,131.9183970085337,1.0019124365072825,270->365,False
realprize,362,Blended,132.11338212529245,1.0014780737272462,270->365,False
realprize,363,Blended,132.49672342789935,1.0029016084248252,270->365,False
realprize,364,Blended,132.78311247917762,1.0021614802530125,270->365,False
realprize,365,Blended,133.16013935967825,1.0028394189099894,270->365,False
lonestar,1,Web,6.349006471332207,,1->7,False
lonestar,2,Web,8.474428658756924,1.334764533163051,1->7,False
lonestar,3,Web,10.094252981209346,1.191142599422157,1->7,False
lonestar,4,Web,11.578104908455789,1.1469996769457496,1->7,False
lonestar,5,Web,13.051623909901224,1.1272677189484859,1->7,False
lonestar,6,Web,13.858190854613339,1.061798206129755,1->7,False
lonestar,7,Web,14.769796067212713,1.0657809682492505,1->7,False
lonestar,8,Web,15.852214758183036,1.0732859604861553,7->14,False
lonestar,9,Web,16.80428773366697,1.0600593033848766,7->14,False
lonestar,10,Web,17.529792395605927,1.0431737823963478,7->14,False
lonestar,11,Web,18.065098638252408,1.0305369413719163,7->14,False
lonestar,12,Web,18.621832205886257,1.030818185872231,7->14,False
lonestar,13,Web,19.227552143910753,1.032527408223184,7->14,False
lonestar,14,Web,19.93782081810677,1.0369401507212115,7->14,False
lonestar,15,Web,20.76617805386435,1.0415470298040446,14->30,False
lonestar,16,Web,21.66950321508332,1.0434998274056921,14->30,False
lonestar,17,Web,22.441324131701382,1.0356178408409855,14->30,False
lonestar,18,Web,22.904156306361763,1.0206241027465295,14->30,False
lonestar,19,Web,23.35108205485053,1.0195128666828313,14->30,False
lonestar,20,Web,23.75565296778614,1.0173255745487637,14->30,False
lonestar,21,Web,24.520847744637987,1.0322110605795383,14->30,False
lonestar,22,Web,25.123047651220404,1.0245586903378616,14->30,False
lonestar,23,Web,25.498898885705657,1.0149604156192809,14->30,False
lonestar,24,Web,26.041404785509286,1.0212756598720327,14->30,False
lonestar,25,Web,26.547558711047458,1.0194365061987678,14->30,False
lonestar,26,Web,26.950827292080643,1.0151904205363098,14->30,False
lonestar,27,Web,27.259116855881196,1.0114389647656992,14->30,False
lonestar,28,Web,27.78865288910243,1.0194260157444164,14->30,False
lonestar,29,Web,28.361822869100802,1.020626044101013,14->30,False
lonestar,30,Web,28.682915656583475,1.0113213028994865,14->30,False
lonestar,31,Web,29.204119453406005,1.0181712278857153,30->60,False
lonestar,32,Web,29.638922999950722,1.0148884319980416,30->60,False
lonestar,33,Web,30.240465802273345,1.020295703805554,30->60,False
lonestar,34,Web,30.684016147980802,1.0146674442320962,30->60,False
lonestar,35,Web,31.390677925021237,1.0230302895694094,30->60,False
lonestar,36,Web,32.22284519505062,1.0265100126864755,30->60,False
lonestar,37,Web,32.669239636244434,1.0138533527530456,30->60,False
lonestar,38,Web,33.04669059494142,1.0115537111637647,30->60,False
lonestar,39,Web,33.341947563126325,1.0089345396730922,30->60,False
lonestar,40,Web,33.63416812724037,1.0087643519791634,30->60,False
lonestar,41,Web,33.98311530756324,1.0103747825426446,30->60,False
lonestar,42,Web,34.47460053926675,1.01446263025786,30->60,False
lonestar,43,Web,34.82920278275461,1.0102858985438847,30->60,False
lonestar,44,Web,35.18477868609429,1.0102091312729025,30->60,False
lonestar,45,Web,35.63353500589268,1.0127542743355595,30->60,False
lonestar,46,Web,36.02149214188671,1.0108874164724289,30->60,False
lonestar,47,Web,36.537673080943506,1.0143298044684985,30->60,False
lonestar,48,Web,36.82537037074713,1.0078739904746061,30->60,False
lonestar,49,Web,37.18362926977001,1.0097285891605714,30->60,False
lonestar,50,Web,37.50284955689147,1.0085849685302501,30->60,False
lonestar,51,Web,37.773597729045946,1.007219402668156,30->60,False
lonestar,52,Web,38.23964742875228,1.012337974874656,30->60,False
lonestar,53,Web,38.55119679239512,1.0081472865099845,30->60,False
lonestar,54,Web,38.74066048182205,1.0049145994207969,30->60,False
lonestar,55,Web,38.90564796176242,1.0042587678652972,30->60,False
lonestar,56,Web,39.112089068326675,1.0053061989037466,30->60,False
lonestar,57,Web,39.573154010936584,1.011788297521118,30->60,False
lonestar,58,Web,39.77809934716143,1.0051788982037724,30->60,False
lonestar,59,Web,39.92448784498647,1.0036801280158574,30->60,False
lonestar,60,Web,40.11122646161684,1.004677295231824,30->60,False
lonestar,61,Web,40.322392960493595,1.005264523613578,60->90,False
lonestar,62,Web,40.39722961765562,1.0018559577363215,60->90,False
lonestar,63,Web,40.51735850123711,1.0029736911347256,60->90,False
lonestar,64,Web,40.72832964386063,1.0052069322983401,60->90,False
lonestar,65,Web,40.912091823736404,1.004511900720767,60->90,False
lonestar,66,Web,41.12250972385583,1.0051431713886931,60->90,False
lonestar,67,Web,41.45452728393881,1.008073864224546,60->90,False
lonestar,68,Web,41.54256650100284,1.002123753974108,60->90,False
lonestar,69,Web,41.642447989959585,1.002404316761564,60->90,False
lonestar,70,Web,42.140372648755516,1.0119571418787865,60->90,False
lonestar,71,Web,42.43139742127128,1.006906079709866,60->90,False
lonestar,72,Web,42.74999624854905,1.0075085631546525,60->90,False
lonestar,73,Web,42.98921478449598,1.0055957557178743,60->90,False
lonestar,74,Web,43.121547829422916,1.003078284764919,60->90,False
lonestar,75,Web,43.39976475774506,1.0064519235121776,60->90,False
lonestar,76,Web,43.646071362995364,1.0056752981640609,60->90,False
lonestar,77,Web,44.11334510604059,1.0107059748667642,60->90,False
lonestar,78,Web,44.4160312057227,1.0068615540026382,60->90,False
lonestar,79,Web,44.808609204313186,1.0088386555019329,60->90,False
lonestar,80,Web,45.43666834954663,1.0140164838049244,60->90,False
lonestar,81,Web,45.768532186676225,1.0073038770047256,60->90,False
lonestar,82,Web,46.0011918766124,1.0050833985452543,60->90,False
lonestar,83,Web,47.32306996422859,1.028735735612282,60->90,False
lonestar,84,Web,49.78253313501182,1.0519717586505342,60->90,False
lonestar,85,Web,50.109240047439826,1.006562681564274,60->90,False
lonestar,86,Web,50.434531427672184,1.0064916446532495,60->90,False
lonestar,87,Web,50.87068908290467,1.0086479965786532,60->90,False
lonestar,88,Web,51.206876378097995,1.006608664070688,60->90,False
lonestar,89,Web,51.586168550186706,1.0074070554370105,60->90,False
lonestar,90,Web,52.18973210292757,1.0117001043051623,60->90,False
lonestar,91,Web,52.318160849324165,1.002460804859916,90->120,False
lonestar,92,Web,52.44026868038979,1.0023339473154895,90->120,False
lonestar,93,Web,52.584360065487736,1.0027477240053086,90->120,False
lonestar,94,Web,52.779053524753195,1.0037024974540527,90->120,False
lonestar,95,Web,52.9158342197514,1.0025915715774263,90->120,False
lonestar,96,Web,53.15867140492898,1.0045891213614646,90->120,False
lonestar,97,Web,53.25406175270403,1.0017944456709316,90->120,False
lonestar,98,Web,53.30969121340844,1.001044605028678,90->120,False
lonestar,99,Web,53.668100369735015,1.0067231519854767,90->120,False
lonestar,100,Web,53.940792971735426,1.0050810928674903,90->120,False
lonestar,101,Web,54.511684504205725,1.0105836696314316,90->120,False
lonestar,102,Web,54.78204875437684,1.004959748586567,90->120,False
lonestar,103,Web,55.09836738471014,1.0057741292544855,90->120,False
lonestar,104,Web,55.210766670807025,1.0020399748927602,90->120,False
lonestar,105,Web,55.25296273845315,1.0007642724452228,90->120,False
lonestar,106,Web,55.377406643908046,1.0022522576037047,90->120,False
lonestar,107,Web,55.532370106342704,1.0027983156277274,90->120,False
lonestar,108,Web,55.656685302464844,1.002238607786487,90->120,False
lonestar,109,Web,55.94661980667938,1.005209338332653,90->120,False
lonestar,110,Web,56.24221880862787,1.0052835900179478,90->120,False
lonestar,111,Web,56.76804534242522,1.0093493205804442,90->120,False
lonestar,112,Web,57.0562783092609,1.0050773805068864,90->120,False
lonestar,113,Web,57.59667860080462,1.0094713554328694,90->120,False
lonestar,114,Web,57.88172858584159,1.0049490698415549,90->120,False
lonestar,115,Web,57.97592451100881,1.0016273861798637,90->120,False
lonestar,116,Web,58.19443177101819,1.0037689310149402,90->120,False
lonestar,117,Web,58.5245377450748,1.0056724666606507,90->120,False
lonestar,118,Web,58.74547503728635,1.0037751223798455,90->120,False
lonestar,119,Web,59.61113410941562,1.0147357574618272,90->120,False
lonestar,120,Web,60.22222156650123,1.0102512301806565,90->120,False
lonestar,121,Web,60.48876863133826,1.004426058320394,120->150,False
lonestar,122,Web,60.64202784062159,1.0025336804294596,120->150,False
lonestar,123,Web,60.76326115678935,1.0019991632945782,120->150,False
lonestar,124,Web,61.09337881363314,1.0054328495633567,120->150,False
lonestar,125,Web,61.303916252170914,1.0034461580391556,120->150,False
lonestar,126,Web,61.52944899206467,1.0036789287484675,120->150,False
lonestar,127,Web,61.718410970905396,1.0030710819280226,120->150,False
lonestar,128,Web,61.81459225666406,1.0015583888866486,120->150,False
lonestar,129,Web,62.04544115667313,1.003734537292595,120->150,False
lonestar,130,Web,62.23740541909564,1.0030939301718844,120->150,False
lonestar,131,Web,62.30527913074531,1.0010905613945926,120->150,False
lonestar,132,Web,62.46966797103661,1.0026384415989267,120->150,False
lonestar,133,Web,62.54215101683563,1.001160291836874,120->150,False
lonestar,134,Web,62.66433520962863,1.0019536295251519,120->150,False
lonestar,135,Web,62.755006936636356,1.0014469430929795,120->150,False
lonestar,136,Web,62.998076788525886,1.0038733140789062,120->150,False
lonestar,137,Web,63.290629062761944,1.0046438286555652,120->150,False
lonestar,138,Web,63.48763320153455,1.0031126904834087,120->150,False
lonestar,139,Web,63.761524809796356,1.0043140938549775,120->150,False
lonestar,140,Web,63.95255200978191,1.002995963483549,120->150,False
lonestar,141,Web,64.22254110986032,1.0042217095580035,120->150,False
lonestar,142,Web,64.33507609215384,1.0017522661101343,120->150,False
lonestar,143,Web,64.50969664121621,1.002714235525458,120->150,False
lonestar,144,Web,64.63440192336658,1.0019331246098389,120->150,False
lonestar,145,Web,64.8217200138044,1.002898117486411,120->150,False
lonestar,146,Web,65.02709555066242,1.0031683135963423,120->150,False
lonestar,147,Web,65.09358323875672,1.0010224612914242,120->150,False
lonestar,148,Web,65.43930632360464,1.0053111699747705,120->150,False
lonestar,149,Web,65.67526417090511,1.0036057510471403,120->150,False
lonestar,150,Web,65.81978130138472,1.002200480383353,120->150,False
lonestar,151,Web,65.98041068683948,1.0024404424062008,150->180,False
lonestar,152,Web,66.20113790640758,1.0033453447359661,150->180,False
lonestar,153,Web,66.34944569640277,1.0022402604348712,150->180,False
lonestar,154,Web,66.50157136295394,1.0022927948373113,150->180,False
lonestar,155,Web,66.73988955138498,1.0035836474769948,150->180,False
lonestar,156,Web,67.06210132527507,1.0048278739454912,150->180,False
lonestar,157,Web,67.17669040365915,1.0017087009819194,150->180,False
lonestar,158,Web,67.4343530864374,1.0038355965622894,150->180,False
lonestar,159,Web,67.50059705669622,1.0009823475309967,150->180,False
lonestar,160,Web,67.67000286652284,1.0025096935021822,150->180,False
lonestar,161,Web,67.76320362570598,1.0013772832161243,150->180,False
lonestar,162,Web,67.83734139296081,1.0010940711667697,150->180,False
lonestar,163,Web,68.0178958715017,1.0026615795199725,150->180,False
lonestar,164,Web,68.29140479460922,1.0040211317860264,150->180,False
lonestar,165,Web,68.40013217158355,1.0015921092456852,150->180,False
lonestar,166,Web,68.84397644896335,1.0064889388848899,150->180,False
lonestar,167,Web,68.99756827394617,1.0022310132695007,150->180,False
lonestar,168,Web,69.57718761904742,1.0084005764203159,150->180,False
lonestar,169,Web,69.78824405760037,1.0030334143384543,150->180,False
lonestar,170,Web,70.35059498869362,1.0080579607452096,150->180,False
lonestar,171,Web,70.47308959334114,1.0017412021130343,150->180,False
lonestar,172,Web,70.64603764193863,1.0024541005594543,150->180,False
lonestar,173,Web,70.85065471265978,1.0028963700945015,150->180,False
lonestar,174,Web,71.2772305760316,1.0060207751798742,150->180,False
lonestar,175,Web,71.5518918996664,1.0038534230555132,150->180,False
lonestar,176,Web,71.85587932425108,1.0042484889849026,150->180,False
lonestar,177,Web,72.11766484453912,1.0036432025152282,150->180,False
lonestar,178,Web,72.35067553944758,1.0032309794751502,150->180,False
lonestar,179,Web,72.65993526975248,1.0042744553246954,150->180,False
lonestar,180,Web,72.9550817589943,1.0040620252157682,150->180,False
lonestar,181,Web,73.50996936757632,1.0076058801553411,180->270,False
lonestar,182,Web,73.78926406722098,1.0037994125429177,180->270,False
lonestar,183,Web,74.15413033922053,1.0049447067484933,180->270,False
lonestar,184,Web,74.64126153720636,1.006569171477805,180->270,False
lonestar,185,Web,75.26271552709748,1.0083258773645103,180->270,False
lonestar,186,Web,75.71322157471137,1.0059857798706677,180->270,False
lonestar,187,Web,76.5044969771791,1.0104509540871527,180->270,False
lonestar,188,Web,77.079909063209,1.007521284483467,180->270,False
lonestar,189,Web,77.47351477767592,1.0051064631400142,180->270,False
lonestar,190,Web,77.81981330022538,1.0044698955964917,180->270,False
lonestar,191,Web,78.29310158836152,1.0060818481574894,180->270,False
lonestar,192,Web,78.83721778560964,1.0069497335807296,180->270,False
lonestar,193,Web,79.15578580356555,1.0040408328312933,180->270,False
lonestar,194,Web,79.5442292368364,1.004907328369335,180->270,False
lonestar,195,Web,80.26298575972292,1.00903593547618,180->270,False
lonestar,196,Web,80.44823286813777,1.002308001710395,180->270,False
lonestar,197,Web,80.78962545967352,1.0042436307096432,180->270,False
lonestar,198,Web,81.1547574892016,1.0045195410605083,180->270,False
lonestar,199,Web,81.56693800862821,1.0050789446260309,180->270,False
lonestar,200,Web,82.47553477668397,1.0111392776318224,180->270,False
lonestar,201,Web,82.81715784820027,1.0041421140516553,180->270,False
lonestar,202,Web,83.17027669670351,1.0042638368386234,180->270,False
lonestar,203,Web,83.70116381343779,1.0063831351513985,180->270,False
lonestar,204,Web,84.11804565409946,1.0049805978993418,180->270,False
lonestar,205,Web,84.5958000798171,1.005679571155067,180->270,False
lonestar,206,Web,84.91743254077913,1.0038019908867648,180->270,False
lonestar,207,Web,85.11206347697183,1.0022920021292356,180->270,False
lonestar,208,Web,85.33091832948314,1.0025713728885275,180->270,False
lonestar,209,Web,85.72820937180167,1.0046558861675963,180->270,False
lonestar,210,Web,85.94802612545615,1.0025641122713895,180->270,False
lonestar,211,Web,86.14218904617819,1.0022590736457242,180->270,False
lonestar,212,Web,86.23100615295242,1.0010310523537616,180->270,False
lonestar,213,Web,86.69468483700331,1.005377168894776,180->270,False
lonestar,214,Web,86.84463323085242,1.0017296146139874,180->270,False
lonestar,215,Web,86.98777776160348,1.0016482829787599,180->270,False
lonestar,216,Web,87.32680675742078,1.003897432542149,180->270,False
lonestar,217,Web,87.52942688232552,1.0023202511625964,180->270,False
lonestar,218,Web,87.74501268205209,1.002463009383306,180->270,False
lonestar,219,Web,88.01887934297216,1.0031211649819054,180->270,False
lonestar,220,Web,88.13521058537863,1.0013216623896468,180->270,False
lonestar,221,Web,88.43942534495662,1.003451682449698,180->270,False
lonestar,222,Web,88.68509583764906,1.0027778390885536,180->270,False
lonestar,223,Web,88.903729617526,1.0024652821064453,180->270,False
lonestar,224,Web,89.09084643598682,1.0021047128086282,180->270,False
lonestar,225,Web,89.29531745624524,1.0022950844945147,180->270,False
lonestar,226,Web,89.51887598182817,1.002503586212037,180->270,False
lonestar,227,Web,89.6417876628618,1.0013730252942248,180->270,False
lonestar,228,Web,89.79574593800446,1.0017174833206326,180->270,False
lonestar,229,Web,89.91258517710267,1.0013011667521408,180->270,False
lonestar,230,Web,90.4002337791264,1.005423585597758,180->270,False
lonestar,231,Web,90.62311027211392,1.0024654415555172,180->270,False
lonestar,232,Web,91.2220289643191,1.0066088957927708,180->270,False
lonestar,233,Web,91.4143386378509,1.0021081494866446,180->270,False
lonestar,234,Web,91.57747142731968,1.0017845426866243,180->270,False
lonestar,235,Web,91.83537146999826,1.0028161952788057,180->270,False
lonestar,236,Web,92.08385005551445,1.0027056958722855,180->270,False
lonestar,237,Web,92.51955129213555,1.0047315705887452,180->270,False
lonestar,238,Web,93.07940597948121,1.006051204091748,180->270,False
lonestar,239,Web,93.26795036271919,1.002025629420965,180->270,False
lonestar,240,Web,93.62745444741711,1.0038545296996428,180->270,False
lonestar,241,Web,93.8545454314768,1.002425474294906,180->270,False
lonestar,242,Web,93.9687764838568,1.0012171072999698,180->270,False
lonestar,243,Web,94.18037356881867,1.0022517807816538,180->270,False
lonestar,244,Web,94.58924505423943,1.0043413661459093,180->270,False
lonestar,245,Web,94.89134551277174,1.0031938140362477,180->270,False
lonestar,246,Web,95.26755939605647,1.0039646806697888,180->270,False
lonestar,247,Web,96.18957809522203,1.0096782021604274,180->270,False
lonestar,248,Web,96.47525567922486,1.0029699432065293,180->270,False
lonestar,249,Web,96.61298628227051,1.001427626204004,180->270,False
lonestar,250,Web,96.90305709692221,1.0030023998409925,180->270,False
lonestar,251,Web,97.04991752939983,1.0015155397247244,180->270,False
lonestar,252,Web,97.20218483407325,1.0015689586199523,180->270,False
lonestar,253,Web,97.40504014263156,1.002086941861488,180->270,False
lonestar,254,Web,97.77769569723763,1.003825834413295,180->270,False
lonestar,255,Web,97.91659751487816,1.0014205879638505,180->270,False
lonestar,256,Web,98.23020550958007,1.0032028073141968,180->270,False
lonestar,257,Web,98.41684725706065,1.0019000443551183,180->270,False
lonestar,258,Web,98.59337375560075,1.0017936613848137,180->270,False
lonestar,259,Web,98.71255072021553,1.0012087725581864,180->270,False
lonestar,260,Web,98.84206635824167,1.001312048337128,180->270,False
lonestar,261,Web,99.09101060739195,1.0025186062809333,180->270,False
lonestar,262,Web,99.30582735657131,1.002167873229495,180->270,False
lonestar,263,Web,99.69891096332732,1.0039583135976964,180->270,False
lonestar,264,Web,99.9234196308707,1.0022518667994875,180->270,False
lonestar,265,Web,100.36707477865583,1.0044399516091829,180->270,False
lonestar,266,Web,100.51021695757036,1.001426186617775,180->270,False
lonestar,267,Web,100.70956332601729,1.001983344325394,180->270,False
lonestar,268,Web,100.90090169105981,1.0018999026380755,180->270,False
lonestar,269,Web,101.29846084274341,1.003940095133152,180->270,False
lonestar,270,Web,101.41855972728023,1.001185594366762,180->270,False
lonestar,271,Web,101.79295732185946,1.0036916082774792,270->365,False
lonestar,272,Web,102.13964671877099,1.003405828910298,270->365,False
lonestar,273,Web,102.49850391209965,1.0035133976360495,270->365,False
lonestar,274,Web,102.7563836111822,1.002515936225798,270->365,False
lonestar,275,Web,102.96080325982537,1.0019893620372693,270->365,False
lonestar,276,Web,103.29043734225917,1.0032015492497854,270->365,False
lonestar,277,Web,103.96395171098466,1.0065205878303503,270->365,False
lonestar,278,Web,104.23854227407608,1.0026412093670196,270->365,False
lonestar,279,Web,104.56947724226123,1.0031747850743635,270->365,False
lonestar,280,Web,104.93792052558014,1.003523430479291,270->365,False
lonestar,281,Web,105.20568227452186,1.0025516204971534,270->365,False
lonestar,282,Web,105.43065692128998,1.0021384267646407,270->365,False
lonestar,283,Web,105.59896277757139,1.001596365432941,270->365,False
lonestar,284,Web,105.91905758852528,1.003031230634605,270->365,False
lonestar,285,Web,106.14618923094794,1.0021443888153256,270->365,False
lonestar,286,Web,106.47178521686573,1.0030674298180349,270->365,False
lonestar,287,Web,106.73536506958109,1.0024755840449044,270->365,False
lonestar,288,Web,106.94726899151861,1.0019853206273233,270->365,False
lonestar,289,Web,107.23390528848235,1.00268016471731,270->365,False
lonestar,290,Web,107.45970427545024,1.0021056678516038,270->365,False
lonestar,291,Web,107.76305812478142,1.0028229544402394,270->365,False
lonestar,292,Web,107.99436999134079,1.0021464857306808,270->365,False
lonestar,293,Web,108.23572610045584,1.0022348952925453,270->365,False
lonestar,294,Web,108.4252507744551,1.0017510361950486,270->365,False
lonestar,295,Web,108.67277187812694,1.0022828732412778,270->365,False
lonestar,296,Web,108.82785986568808,1.0014271098903695,270->365,False
lonestar,297,Web,109.00216517965046,1.001601660771217,270->365,False
lonestar,298,Web,109.28228199905061,1.0025698280299156,270->365,False
lonestar,299,Web,109.6535109837342,1.0033969732137074,270->365,False
lonestar,300,Web,110.07474213745137,1.0038414743854362,270->365,False
lonestar,301,Web,110.28682998925088,1.0019267621952244,270->365,False
lonestar,302,Web,110.48467999764081,1.0017939586114608,270->365,False
lonestar,303,Web,110.69776441487451,1.00192863315745,270->365,False
lonestar,304,Web,110.92876025648913,1.0020867254441461,270->365,False
lonestar,305,Web,111.19850510376129,1.0024316944194496,270->365,False
lonestar,306,Web,111.38098860822473,1.0016410607704946,270->365,False
lonestar,307,Web,111.70442927057765,1.0029039126550636,270->365,False
lonestar,308,Web,112.21295353680695,1.0045524091528861,270->365,False
lonestar,309,Web,112.42803442908836,1.001916720712737,270->365,False
lonestar,310,Web,112.74858070424897,1.0028511240705074,270->365,False
lonestar,311,Web,112.97505521543734,1.0020086683998484,270->365,False
lonestar,312,Web,113.11274845432091,1.0012187932868986,270->365,False
lonestar,313,Web,113.38417709587532,1.0023996290892359,270->365,False
lonestar,314,Web,113.63990648766196,1.0022554239783423,270->365,False
lonestar,315,Web,113.83977136408579,1.0017587560796306,270->365,False
lonestar,316,Web,114.03963122424064,1.0017556242230639,270->365,False
lonestar,317,Web,114.36502655939985,1.0028533530989712,270->365,False
lonestar,318,Web,114.60501155499804,1.0020984124501868,270->365,False
lonestar,319,Web,114.79103821743973,1.0016231983219375,270->365,False
lonestar,320,Web,115.0216511505234,1.002008980288573,270->365,False
lonestar,321,Web,115.1755452660711,1.00133795780193,270->365,False
lonestar,322,Web,115.56250694231555,1.0033597555396896,270->365,False
lonestar,323,Web,115.749687346619,1.0016197329848242,270->365,False
lonestar,324,Web,116.0127421631828,1.0022726179447559,270->365,False
lonestar,325,Web,116.22113971311441,1.001796333282412,270->365,False
lonestar,326,Web,116.47853785037643,1.0022147273542266,270->365,False
lonestar,327,Web,116.81047105608542,1.002849737057443,270->365,False
lonestar,328,Web,117.22268797447417,1.003528938070893,270->365,False
lonestar,329,Web,117.40114508704913,1.0015223769021047,270->365,False
lonestar,330,Web,117.68463952755171,1.0024147502163832,270->365,False
lonestar,331,Web,117.93332273353354,1.0021131322403687,270->365,False
lonestar,332,Web,118.16195758455576,1.0019386789562337,270->365,False
lonestar,333,Web,118.30953454538812,1.0012489380156617,270->365,False
lonestar,334,Web,118.58110865874251,1.0022954541609679,270->365,False
lonestar,335,Web,118.78299341946918,1.0017025035691618,270->365,False
lonestar,336,Web,119.14117174439802,1.003015400728823,270->365,False
lonestar,337,Web,119.51655921605281,1.003150778745572,270->365,False
lonestar,338,Web,119.75537374889272,1.0019981710852988,270->365,False
lonestar,339,Web,120.01676316416042,1.0021826946640056,270->365,False
lonestar,340,Web,120.35170111497888,1.0027907597404566,270->365,False
lonestar,341,Web,120.64119166898315,1.0024053715179955,270->365,False
lonestar,342,Web,121.11058736520332,1.0038908410114855,270->365,False
lonestar,343,Web,121.34808261930566,1.001960978468267,270->365,False
lonestar,344,Web,121.50115072256396,1.0012613969661022,270->365,False
lonestar,345,Web,121.7727532614425,1.002235390671309,270->365,False
lonestar,346,Web,121.95590225758846,1.001504022790326,270->365,False
lonestar,347,Web,122.37377083901006,1.0034263907993481,270->365,False
lonestar,348,Web,122.58783510078143,1.0017492658786578,270->365,False
lonestar,349,Web,122.81847645938923,1.0018814375701977,270->365,False
lonestar,350,Web,123.05577775109164,1.0019321302343371,270->365,False
lonestar,351,Web,123.25850858918359,1.0016474711045427,270->365,False
lonestar,352,Web,123.60117159420665,1.0027800353009717,270->365,False
lonestar,353,Web,123.85857641982726,1.0020825435738239,270->365,False
lonestar,354,Web,124.3693998093318,1.0041242472202576,270->365,False
lonestar,355,Web,124.81253533752525,1.0035630591517914,270->365,False
lonestar,356,Web,125.09700627838616,1.0022791856610527,270->365,False
lonestar,357,Web,125.37997735482683,1.0022620131756868,270->365,False
lonestar,358,Web,125.69800713505715,1.0025365276572853,270->365,False
lonestar,359,Web,125.94168744879215,1.0019386171609959,270->365,False
lonestar,360,Web,126.22612996412897,1.0022585255216028,270->365,False
lonestar,361,Web,126.49538321704266,1.0021331023377664,270->365,False
lonestar,362,Web,126.79186310580346,1.002343800075708,270->365,False
lonestar,363,Web,127.03569892387638,1.0019231188193003,270->365,False
lonestar,364,Web,127.364481912676,1.0025881149282032,270->365,False
lonestar,365,Web,127.64227285536651,1.0021810707233196,270->365,False
lonestar,1,Affiliate,4.9237045551965695,,1->7,False
lonestar,2,Affiliate,6.178271251719393,1.2548013761708612,1->7,False
lonestar,3,Affiliate,7.033808857682094,1.138475241876861,1->7,False
lonestar,4,Affiliate,7.63169292728959,1.0850014667308605,1->7,False
lonestar,5,Affiliate,7.9845721857906,1.0462386605256582,1->7,False
lonestar,6,Affiliate,8.344387581971144,1.0450638290703758,1->7,False
lonestar,7,Affiliate,8.726612910655447,1.0458062769651468,1->7,False
lonestar,8,Affiliate,9.1340136025107,1.0466848588365603,7->14,False
lonestar,9,Affiliate,9.389022026805677,1.027918550967001,7->14,False
lonestar,10,Affiliate,9.672301559403758,1.0301713566960773,7->14,False
lonestar,11,Affiliate,9.869811947954855,1.020420205815344,7->14,False
lonestar,12,Affiliate,10.11459068466691,1.024800749801801,7->14,False
lonestar,13,Affiliate,10.37330650747823,1.0255784767646126,7->14,False
lonestar,14,Affiliate,10.537731578181837,1.0158507868812199,7->14,False
lonestar,15,Affiliate,10.748940577978964,1.0200431182204746,14->30,False
lonestar,16,Affiliate,10.97769859456865,1.0212819128480752,14->30,False
lonestar,17,Affiliate,11.172207525906353,1.017718552724151,14->30,False
lonestar,18,Affiliate,11.39741553880692,1.0201578794860684,14->30,False
lonestar,19,Affiliate,11.582294640247682,1.0162211424871954,14->30,False
lonestar,20,Affiliate,11.770700339466583,1.0162666988771123,14->30,False
lonestar,21,Affiliate,11.937882939280147,1.0142032840011235,14->30,False
lonestar,22,Affiliate,12.120236236638847,1.0152751788810634,14->30,False
lonestar,23,Affiliate,12.288433694676696,1.0138774075648291,14->30,False
lonestar,24,Affiliate,12.505379783614355,1.0176544948142283,14->30,False
lonestar,25,Affiliate,12.663894013528628,1.012675682998606,14->30,False
lonestar,26,Affiliate,12.799906250351999,1.0107401591231,14->30,False
lonestar,27,Affiliate,12.892013219566007,1.007195909674063,14->30,False
lonestar,28,Affiliate,12.998565984987113,1.0082650214211224,14->30,False
lonestar,29,Affiliate,13.118787191223596,1.0092488053201665,14->30,False
lonestar,30,Affiliate,13.250062441577365,1.01000666055789,14->30,False
lonestar,31,Affiliate,13.347559552990866,1.0073582378832846,30->60,False
lonestar,32,Affiliate,13.476293245235473,1.0096447363080512,30->60,False
lonestar,33,Affiliate,13.6805566085707,1.0151572364609567,30->60,False
lonestar,34,Affiliate,13.790146092073455,1.008010601223206,30->60,False
lonestar,35,Affiliate,13.880093947094494,1.0065226179926217,30->60,False
lonestar,36,Affiliate,13.969114556258969,1.0064135451462928,30->60,False
lonestar,37,Affiliate,14.048905924410349,1.0057119846666036,30->60,False
lonestar,38,Affiliate,14.108413154916825,1.0042357199077745,30->60,False
lonestar,39,Affiliate,14.1868065444356,1.0055564994204507,30->60,False
lonestar,40,Affiliate,14.263118974717422,1.0053791126313592,30->60,False
lonestar,41,Affiliate,14.394529047063756,1.0092132774450855,30->60,False
lonestar,42,Affiliate,14.496704097454758,1.0070981864051916,30->60,False
lonestar,43,Affiliate,14.634576524584185,1.0095106050452967,30->60,False
lonestar,44,Affiliate,14.703832257634918,1.0047323359807776,30->60,False
lonestar,45,Affiliate,14.759219439198977,1.003766853470142,30->60,False
lonestar,46,Affiliate,14.841822120500229,1.0055966835943821,30->60,False
lonestar,47,Affiliate,14.877701046777855,1.0024174205826162,30->60,False
lonestar,48,Affiliate,14.9409952533527,1.0042543002024196,30->60,False
lonestar,49,Affiliate,15.018689135529966,1.0052000473100902,30->60,False
lonestar,50,Affiliate,15.096528987195668,1.005182865892174,30->60,False
lonestar,51,Affiliate,15.167799626455572,1.004720995092339,30->60,False
lonestar,52,Affiliate,15.246251558599559,1.0051722684948416,30->60,False
lonestar,53,Affiliate,15.300478273198125,1.0035567243784576,30->60,False
lonestar,54,Affiliate,15.366286153742985,1.004301034214083,30->60,False
lonestar,55,Affiliate,15.42647336454427,1.0039168352195904,30->60,False
lonestar,56,Affiliate,15.522665435668431,1.0062355192175838,30->60,False
lonestar,57,Affiliate,15.596416433522824,1.004751181307105,30->60,False
lonestar,58,Affiliate,15.647301144148239,1.0032625898931529,30->60,False
lonestar,59,Affiliate,15.749478663343373,1.0065300410756999,30->60,False
lonestar,60,Affiliate,15.807298818638888,1.0036712424919874,30->60,False
lonestar,61,Affiliate,15.902494817107172,1.006022281198103,60->90,False
lonestar,62,Affiliate,16.002550281373885,1.0062918092675042,60->90,False
lonestar,63,Affiliate,16.098059567794884,1.0059683790859364,60->90,False
lonestar,64,Affiliate,16.2405115029029,1.0088490127961136,60->90,False
lonestar,65,Affiliate,16.375598200975496,1.0083178844489258,60->90,False
lonestar,66,Affiliate,16.461895937870977,1.0052698982862405,60->90,False
lonestar,67,Affiliate,16.561530882842366,1.0060524586807875,60->90,False
lonestar,68,Affiliate,16.66933793382225,1.0065094858526376,60->90,False
lonestar,69,Affiliate,16.785289070560303,1.006955953331703,60->90,False
lonestar,70,Affiliate,16.90021692931038,1.0068469394996389,60->90,False
lonestar,71,Affiliate,17.04205029368293,1.0083923990423205,60->90,False
lonestar,72,Affiliate,17.132441845192005,1.0053040303221368,60->90,False
lonestar,73,Affiliate,17.2502672133665,1.0068773248576681,60->90,False
lonestar,74,Affiliate,17.367537668503473,1.0067981819461966,60->90,False
lonestar,75,Affiliate,17.4581887457265,1.0052195699213842,60->90,False
lonestar,76,Affiliate,17.534393760885727,1.004365001219149,60->90,False
lonestar,77,Affiliate,17.610242224825726,1.0043256963984233,60->90,False
lonestar,78,Affiliate,17.671579846038576,1.0034830651634297,60->90,False
lonestar,79,Affiliate,17.774227722311707,1.0058086417381715,60->90,False
lonestar,80,Affiliate,17.929966104656753,1.0087620337028511,60->90,False
lonestar,81,Affiliate,18.00471182517884,1.0041687597224556,60->90,False
lonestar,82,Affiliate,18.051336228484242,1.002589566762196,60->90,False
lonestar,83,Affiliate,18.12946144553368,1.0043279464777881,60->90,False
lonestar,84,Affiliate,18.21302829434562,1.0046094501517875,60->90,False
lonestar,85,Affiliate,18.296109306503315,1.0045616253823912,60->90,False
lonestar,86,Affiliate,18.385946032268727,1.00491015462689,60->90,False
lonestar,87,Affiliate,18.448992242130497,1.0034290435613766,60->90,False
lonestar,88,Affiliate,18.51840582756216,1.0037624594623193,60->90,False
lonestar,89,Affiliate,18.560237367048753,1.0022589168784892,60->90,False
lonestar,90,Affiliate,18.634747232502203,1.0040144888225262,60->90,False
lonestar,91,Affiliate,18.710045206328296,1.0040407295514457,90->120,False
lonestar,92,Affiliate,18.793159312736222,1.0044422183640591,90->120,False
lonestar,93,Affiliate,18.903682096454265,1.0058810113764716,90->120,False
lonestar,94,Affiliate,19.02137989359643,1.0062261836895914,90->120,False
lonestar,95,Affiliate,19.09072398333453,1.003645586709587,90->120,False
lonestar,96,Affiliate,19.173222302250938,1.0043213824152728,90->120,False
lonestar,97,Affiliate,19.252575580807612,1.0041387554635173,90->120,False
lonestar,98,Affiliate,19.323190742102547,1.0036678293248893,90->120,False
lonestar,99,Affiliate,19.404340193180396,1.0041995885752468,90->120,False
lonestar,100,Affiliate,19.485077616449185,1.004160791991122,90->120,False
lonestar,101,Affiliate,19.574541703721355,1.0045914154941136,90->120,False
lonestar,102,Affiliate,19.657563576652965,1.004241318861418,90->120,False
lonestar,103,Affiliate,19.732479002224483,1.0038110229316768,90->120,False
lonestar,104,Affiliate,19.832903828574352,1.0050893162657641,90->120,False
lonestar,105,Affiliate,19.91711789361745,1.004246179267091,90->120,False
lonestar,106,Affiliate,19.98044107477869,1.0031793345553037,90->120,False
lonestar,107,Affiliate,20.072298510799232,1.004597367779658,90->120,False
lonestar,108,Affiliate,20.137332761333766,1.0032400001673722,90->120,False
lonestar,109,Affiliate,20.20377482535109,1.0032994470918661,90->120,False
lonestar,110,Affiliate,20.27738177730725,1.0036432276934606,90->120,False
lonestar,111,Affiliate,20.392451678888143,1.0056747908997634,90->120,False
lonestar,112,Affiliate,20.472548860451514,1.0039277857721391,90->120,False
lonestar,113,Affiliate,20.558819999815217,1.0042139911327974,90->120,False
lonestar,114,Affiliate,20.67306745406651,1.0055571017330915,90->120,False
lonestar,115,Affiliate,20.764476289797123,1.004421638730378,90->120,False
lonestar,116,Affiliate,20.833234028211805,1.003311315799882,90->120,False
lonestar,117,Affiliate,20.875978507008924,1.0020517447622024,90->120,False
lonestar,118,Affiliate,20.94144641197079,1.003136040063458,90->120,False
lonestar,119,Affiliate,20.983672080081767,1.0020163682718133,90->120,False
lonestar,120,Affiliate,21.04113122587608,1.0027382788663026,90->120,False
lonestar,121,Affiliate,21.11682273012318,1.003597311543498,120->150,False
lonestar,122,Affiliate,21.208527976156645,1.0043427577721078,120->150,False
lonestar,123,Affiliate,21.315527009458823,1.005045094757282,120->150,False
lonestar,124,Affiliate,21.380866822218312,1.003065362293435,120->150,False
lonestar,125,Affiliate,21.449656686722026,1.0032173562033617,120->150,False
lonestar,126,Affiliate,21.531872721043797,1.0038329767008656,120->150,False
lonestar,127,Affiliate,21.60108597555558,1.0032144558631046,120->150,False
lonestar,128,Affiliate,21.70605671022889,1.0048595119149146,120->150,False
lonestar,129,Affiliate,21.77303709476407,1.0030857923863996,120->150,False
lonestar,130,Affiliate,21.824764408065132,1.0023757509380031,120->150,False
lonestar,131,Affiliate,21.90157075297412,1.003519229049758,120->150,False
lonestar,132,Affiliate,21.96380445295801,1.00284151765578,120->150,False
lonestar,133,Affiliate,22.019030861357834,1.0025144281592067,120->150,False
lonestar,134,Affiliate,22.094297702643363,1.0034182631269943,120->150,False
lonestar,135,Affiliate,22.170124228388122,1.0034319500336817,120->150,False
lonestar,136,Affiliate,22.21573087310375,1.0020571217484309,120->150,False
lonestar,137,Affiliate,22.30094913822112,1.0038359424501555,120->150,False
lonestar,138,Affiliate,22.368589756023873,1.003033082465841,120->150,False
lonestar,139,Affiliate,22.481271480740613,1.0050374979355323,120->150,False
lonestar,140,Affiliate,22.558937613679888,1.0034547037522237,120->150,False
lonestar,141,Affiliate,22.694747953824944,1.0060202453888032,120->150,False
lonestar,142,Affiliate,22.761564550357118,1.0029441435819477,120->150,False
lonestar,143,Affiliate,22.83500036517096,1.0032263078687484,120->150,False
lonestar,144,Affiliate,22.896215895049515,1.0026807763914873,120->150,False
lonestar,145,Affiliate,22.98503538388253,1.0038792213193717,120->150,False
lonestar,146,Affiliate,23.07669913387568,1.003987975152626,120->150,False
lonestar,147,Affiliate,23.137717107838657,1.0026441378643016,120->150,False
lonestar,148,Affiliate,23.21781940584926,1.0034619793144357,120->150,False
lonestar,149,Affiliate,23.26454768757102,1.0020126042375017,120->150,False
lonestar,150,Affiliate,23.29898982336697,1.001480455853193,120->150,False
lonestar,151,Affiliate,23.36453468130956,1.0028132059990367,150->180,False
lonestar,152,Affiliate,23.407616002219196,1.0018438766916296,150->180,False
lonestar,153,Affiliate,23.45007094818154,1.0018137236170621,150->180,False
lonestar,154,Affiliate,23.50510830079912,1.0023470015395346,150->180,False
lonestar,155,Affiliate,23.565250173635953,1.0025586724412068,150->180,False
lonestar,156,Affiliate,23.6147015209405,1.0020984859884863,150->180,False
lonestar,157,Affiliate,23.65979673461434,1.0019096245461265,150->180,False
lonestar,158,Affiliate,23.729592974479782,1.0029499932162702,150->180,False
lonestar,159,Affiliate,23.790844232571825,1.0025812182348814,150->180,False
lonestar,160,Affiliate,23.842679950818223,1.002178809534444,150->180,False
lonestar,161,Affiliate,23.883554530886478,1.0017143450380817,150->180,False
lonestar,162,Affiliate,23.93523153168787,1.0021637064422115,150->180,False
lonestar,163,Affiliate,23.9917369334295,1.0023607626968982,150->180,False
lonestar,164,Affiliate,24.047190052103453,1.0023113423937509,150->180,False
lonestar,165,Affiliate,24.10070017606776,1.0022252131682898,150->180,False
lonestar,166,Affiliate,24.153698439383366,1.0021990341744607,150->180,False
lonestar,167,Affiliate,24.212691892464278,1.0024424190452226,150->180,False
lonestar,168,Affiliate,24.2637547322333,1.0021089286559217,150->180,False
lonestar,169,Affiliate,24.32235565620046,1.002415163053446,150->180,False
lonestar,170,Affiliate,24.388527289306527,1.0027206095512051,150->180,False
lonestar,171,Affiliate,24.43775467416523,1.0020184648410602,150->180,False
lonestar,172,Affiliate,24.480086436511762,1.0017322279771996,150->180,False
lonestar,173,Affiliate,24.541878006597276,1.0025241565321172,150->180,False
lonestar,174,Affiliate,24.583665507255773,1.0017027018326496,150->180,False
lonestar,175,Affiliate,24.640311960802027,1.0023042313819936,150->180,False
lonestar,176,Affiliate,24.705357097580375,1.0026397854411024,150->180,False
lonestar,177,Affiliate,24.760157565527734,1.002218161337677,150->180,False
lonestar,178,Affiliate,24.823862405119264,1.0025728769868663,150->180,False
lonestar,179,Affiliate,24.86207166735882,1.0015392150349527,150->180,False
lonestar,180,Affiliate,24.914989643401547,1.0021284620505782,150->180,False
lonestar,181,Affiliate,24.974397865989744,1.002384436977036,180->270,False
lonestar,182,Affiliate,25.03441445918666,1.0024031247327347,180->270,False
lonestar,183,Affiliate,25.098184010552423,1.0025472755302396,180->270,False
lonestar,184,Affiliate,25.156659088899026,1.0023298529615536,180->270,False
lonestar,185,Affiliate,25.218102614820165,1.0024424358458732,180->270,False
lonestar,186,Affiliate,25.31072697785998,1.0036729314831712,180->270,False
lonestar,187,Affiliate,25.436081977910423,1.0049526432077631,180->270,False
lonestar,188,Affiliate,25.486167540226848,1.0019690753615247,180->270,False
lonestar,189,Affiliate,25.541378724756488,1.0021663196101374,180->270,False
lonestar,190,Affiliate,25.582823982831833,1.0016226711377634,180->270,False
lonestar,191,Affiliate,25.66598210582799,1.0032505450943165,180->270,False
lonestar,192,Affiliate,25.73994838936011,1.0028818801177035,180->270,False
lonestar,193,Affiliate,25.81047149243087,1.0027398307876916,180->270,False
lonestar,194,Affiliate,25.876236661780048,1.0025480034089445,180->270,False
lonestar,195,Affiliate,25.930688772450274,1.0021043288242395,180->270,False
lonestar,196,Affiliate,26.006261869388506,1.0029144269017074,180->270,False
lonestar,197,Affiliate,26.07480401899957,1.002635601762195,180->270,False
lonestar,198,Affiliate,26.145349629214486,1.0027055087418304,180->270,False
lonestar,199,Affiliate,26.18388725192105,1.001473976185176,180->270,False
lonestar,200,Affiliate,26.229748602899303,1.0017515104055028,180->270,False
lonestar,201,Affiliate,26.26454262953409,1.001326510107342,180->270,False
lonestar,202,Affiliate,26.30127485881363,1.0013985482175591,180->270,False
lonestar,203,Affiliate,26.362675799620664,1.0023345233695566,180->270,False
lonestar,204,Affiliate,26.425662310987008,1.0023892305866482,180->270,False
lonestar,205,Affiliate,26.491718533849518,1.0024996998026061,180->270,False
lonestar,206,Affiliate,26.547527402941157,1.0021066534064345,180->270,False
lonestar,207,Affiliate,26.59600334736486,1.0018260060037958,180->270,False
lonestar,208,Affiliate,26.63059720739328,1.001300716486481,180->270,False
lonestar,209,Affiliate,26.685029201982363,1.00204396447309,180->270,False
lonestar,210,Affiliate,26.74453154264376,1.0022298023438916,180->270,False
lonestar,211,Affiliate,26.79737478107502,1.001975852085762,180->270,False
lonestar,212,Affiliate,26.84238078435282,1.0016794929968134,180->270,False
lonestar,213,Affiliate,26.906151578474823,1.0023757502970518,180->270,False
lonestar,214,Affiliate,26.960095898942026,1.0020049065846472,180->270,False
lonestar,215,Affiliate,27.016984226110875,1.0021100936503375,180->270,False
lonestar,216,Affiliate,27.070855969613174,1.0019939954456587,180->270,False
lonestar,217,Affiliate,27.11639238125772,1.0016821193868293,180->270,False
lonestar,218,Affiliate,27.173211031226252,1.0020953616974433,180->270,False
lonestar,219,Affiliate,27.286128692445182,1.0041554772856682,180->270,False
lonestar,220,Affiliate,27.34912848059078,1.002308857693068,180->270,False
lonestar,221,Affiliate,27.429931083394035,1.0029544854732975,180->270,False
lonestar,222,Affiliate,27.478628749617,1.0017753477423954,180->270,False
lonestar,223,Affiliate,27.516399904064468,1.0013745647496328,180->270,False
lonestar,224,Affiliate,27.556169098213037,1.0014452906007771,180->270,False
lonestar,225,Affiliate,27.602851523331417,1.0016940825465253,180->270,False
lonestar,226,Affiliate,27.64053719520461,1.0013652818384122,180->270,False
lonestar,227,Affiliate,27.67686180043473,1.0013141786996969,180->270,False
lonestar,228,Affiliate,27.747012550535395,1.0025346352706637,180->270,False
lonestar,229,Affiliate,27.794613428859506,1.00171553165363,180->270,False
lonestar,230,Affiliate,27.85639617421215,1.002222831611268,180->270,False
lonestar,231,Affiliate,27.960704517245794,1.003744502425271,180->270,False
lonestar,232,Affiliate,28.000881666845444,1.0014369147807012,180->270,False
lonestar,233,Affiliate,28.049160013025677,1.0017241723583796,180->270,False
lonestar,234,Affiliate,28.102467793742527,1.0019005125533917,180->270,False
lonestar,235,Affiliate,28.14715559839651,1.0015901736809012,180->270,False
lonestar,236,Affiliate,28.198423436157086,1.0018214216204318,180->270,False
lonestar,237,Affiliate,28.2429289781797,1.0015782989472224,180->270,False
lonestar,238,Affiliate,28.294023161467194,1.0018090964760407,180->270,False
lonestar,239,Affiliate,28.355872899666657,1.0021859647829685,180->270,False
lonestar,240,Affiliate,28.421881566390066,1.0023278657989818,180->270,False
lonestar,241,Affiliate,28.480531301699802,1.0020635416122166,180->270,False
lonestar,242,Affiliate,28.522531823266867,1.0014747099034826,180->270,False
lonestar,243,Affiliate,28.580686933304754,1.0020389182278149,180->270,False
lonestar,244,Affiliate,28.634328932601964,1.0018768617921041,180->270,False
lonestar,245,Affiliate,28.688515259135894,1.0018923553843875,180->270,False
lonestar,246,Affiliate,28.75383784155986,1.0022769593279375,180->270,False
lonestar,247,Affiliate,28.790884405319794,1.0012884041415295,180->270,False
lonestar,248,Affiliate,28.829943021271763,1.0013566313351858,180->270,False
lonestar,249,Affiliate,28.856720110199596,1.000928794375628,180->270,False
lonestar,250,Affiliate,28.90179612207938,1.0015620628993054,180->270,False
lonestar,251,Affiliate,28.974291893568168,1.0025083483110382,180->270,False
lonestar,252,Affiliate,29.011339700084346,1.0012786440701387,180->270,False
lonestar,253,Affiliate,29.06800358547477,1.0019531633484082,180->270,False
lonestar,254,Affiliate,29.109298715281316,1.001420638664954,180->270,False
lonestar,255,Affiliate,29.139974413410286,1.0010538109636034,180->270,False
lonestar,256,Affiliate,29.16807487204166,1.000964326812121,180->270,False
lonestar,257,Affiliate,29.192247972377352,1.000828751998263,180->270,False
lonestar,258,Affiliate,29.229181362468275,1.0012651780063622,180->270,False
lonestar,259,Affiliate,29.276229853867143,1.0016096410917372,180->270,False
lonestar,260,Affiliate,29.313556037782924,1.0012749655301278,180->270,False
lonestar,261,Affiliate,29.344898267513035,1.0010692059908977,180->270,False
lonestar,262,Affiliate,29.387869464560385,1.0014643498387903,180->270,False
lonestar,263,Affiliate,29.416929993818723,1.000988861383551,180->270,False
lonestar,264,Affiliate,29.500876024276266,1.0028536638757064,180->270,False
lonestar,265,Affiliate,29.53462389870128,1.0011439617724316,180->270,False
lonestar,266,Affiliate,29.576555820123442,1.0014197547111479,180->270,False
lonestar,267,Affiliate,29.615737484685567,1.0013247541329835,180->270,False
lonestar,268,Affiliate,29.65102538265341,1.001191525214798,180->270,False
lonestar,269,Affiliate,29.734332973600544,1.0028096023618756,180->270,False
lonestar,270,Affiliate,29.773688276894184,1.0013235643566842,180->270,False
lonestar,271,Affiliate,29.804853941353056,1.001046751889421,270->365,False
lonestar,272,Affiliate,29.838751965634103,1.0011373323401533,270->365,False
lonestar,273,Affiliate,29.87681511949437,1.0012756282134088,270->365,False
lonestar,274,Affiliate,29.91725324901768,1.0013534953227636,270->365,False
lonestar,275,Affiliate,29.9475806648277,1.001013709900357,270->365,False
lonestar,276,Affiliate,30.005166519047663,1.0019228883583104,270->365,False
lonestar,277,Affiliate,30.083568321802396,1.0026129434310909,270->365,False
lonestar,278,Affiliate,30.121569051568063,1.0012631722859195,270->365,False
lonestar,279,Affiliate,30.184850171789748,1.00210085736614,270->365,False
lonestar,280,Affiliate,30.243020101651858,1.0019271233592697,270->365,False
lonestar,281,Affiliate,30.3132866272807,1.0023233964528895,270->365,False
lonestar,282,Affiliate,30.38187541210396,1.0022626640808237,270->365,False
lonestar,283,Affiliate,30.45823664332953,1.0025133810928324,270->365,False
lonestar,284,Affiliate,30.506759523767332,1.0015930955230932,270->365,False
lonestar,285,Affiliate,30.564754865125806,1.0019010652807385,270->365,False
lonestar,286,Affiliate,30.59396697873561,1.0009557450644937,270->365,False
lonestar,287,Affiliate,30.662107230273552,1.002227244723945,270->365,False
lonestar,288,Affiliate,30.70152543464956,1.0012855673643033,270->365,False
lonestar,289,Affiliate,30.77304852497158,1.0023296266002892,270->365,False
lonestar,290,Affiliate,30.80666327816198,1.0010923439438613,270->365,False
lonestar,291,Affiliate,30.852959448865978,1.0015027973099837,270->365,False
lonestar,292,Affiliate,30.904761001921393,1.0016789816594829,270->365,False
lonestar,293,Affiliate,30.972320037885268,1.0021860397483635,270->365,False
lonestar,294,Affiliate,31.058118872019165,1.0027701778242297,270->365,False
lonestar,295,Affiliate,31.115618675495178,1.0018513614334774,270->365,False
lonestar,296,Affiliate,31.17682251583568,1.001966981308609,270->365,False
lonestar,297,Affiliate,31.236077642572692,1.0019006146860192,270->365,False
lonestar,298,Affiliate,31.27513522966911,1.0012503998595261,270->365,False
lonestar,299,Affiliate,31.31700326888137,1.0013387005013663,270->365,False
lonestar,300,Affiliate,31.351884161775462,1.0011138004678997,270->365,False
lonestar,301,Affiliate,31.397386352710456,1.001451338321493,270->365,False
lonestar,302,Affiliate,31.44647966999617,1.0015636115928317,270->365,False
lonestar,303,Affiliate,31.492149485790765,1.0014523029691673,270->365,False
lonestar,304,Affiliate,31.559061400263964,1.0021247172887766,270->365,False
lonestar,305,Affiliate,31.58765311536701,1.000905974824169,270->365,False
lonestar,306,Affiliate,31.63383861387141,1.0014621377009465,270->365,False
lonestar,307,Affiliate,31.68496229846079,1.0016161075237628,270->365,False
lonestar,308,Affiliate,31.751011061796717,1.0020845460604868,270->365,False
lonestar,309,Affiliate,31.807500017732824,1.0017791230592992,270->365,False
lonestar,310,Affiliate,31.8724709656565,1.0020426298164726,270->365,False
lonestar,311,Affiliate,31.91067462595696,1.0011986413084077,270->365,False
lonestar,312,Affiliate,31.948703459000274,1.001191727642523,270->365,False
lonestar,313,Affiliate,31.98782471369916,1.0012245021069193,270->365,False
lonestar,314,Affiliate,32.00915360922644,1.0006667816807857,270->365,False
lonestar,315,Affiliate,32.052937147947226,1.0013678443127645,270->365,False
lonestar,316,Affiliate,32.08507522311805,1.0010026561691516,270->365,False
lonestar,317,Affiliate,32.12751826036507,1.0013228280423805,270->365,False
lonestar,318,Affiliate,32.178813208318054,1.0015966047404372,270->365,False
lonestar,319,Affiliate,32.23290617330827,1.0016810118086095,270->365,False
lonestar,320,Affiliate,32.26447958399464,1.000979539682727,270->365,False
lonestar,321,Affiliate,32.300755070954445,1.0011243165061865,270->365,False
lonestar,322,Affiliate,32.344277224322916,1.0013474035908099,270->365,False
lonestar,323,Affiliate,32.378810681120754,1.0010676836757963,270->365,False
lonestar,324,Affiliate,32.40929142144998,1.000941379244266,270->365,False
lonestar,325,Affiliate,32.44196061126315,1.0010080192556,270->365,False
lonestar,326,Affiliate,32.46802453602217,1.0008034016523024,270->365,False
lonestar,327,Affiliate,32.50757243826804,1.001218056928656,270->365,False
lonestar,328,Affiliate,32.539308872834944,1.0009762782080136,270->365,False
lonestar,329,Affiliate,32.558103748043806,1.0005776052368633,270->365,False
lonestar,330,Affiliate,32.586794458807645,1.0008812156563498,270->365,False
lonestar,331,Affiliate,32.62941133845358,1.0013077960061338,270->365,False
lonestar,332,Affiliate,32.668694746577486,1.0012039263508752,270->365,False
lonestar,333,Affiliate,32.73796708767175,1.0021204502240335,270->365,False
lonestar,334,Affiliate,32.827049876844654,1.0027210849389134,270->365,False
lonestar,335,Affiliate,32.894036774841844,1.0020406006098173,270->365,False
lonestar,336,Affiliate,32.944449329616916,1.0015325742814767,270->365,False
lonestar,337,Affiliate,32.98599275110215,1.0012610142931693,270->365,False
lonestar,338,Affiliate,33.03227710848147,1.0014031518689936,270->365,False
lonestar,339,Affiliate,33.058158983689694,1.0007835328797716,270->365,False
lonestar,340,Affiliate,33.09085242190615,1.0009889672994974,270->365,False
lonestar,341,Affiliate,33.127719942958414,1.0011141302914233,270->365,False
lonestar,342,Affiliate,33.21437121665287,1.0026156727309836,270->365,False
lonestar,343,Affiliate,33.2607429926348,1.0013961358979055,270->365,False
lonestar,344,Affiliate,33.288572822906715,1.0008367170353973,270->365,False
lonestar,345,Affiliate,33.30635971064375,1.0005343241307356,270->365,False
lonestar,346,Affiliate,33.33399256927054,1.000829657124551,270->365,False
lonestar,347,Affiliate,33.36938330038751,1.0010617009361666,270->365,False
lonestar,348,Affiliate,33.41666744306082,1.0014169918049627,270->365,False
lonestar,349,Affiliate,33.436369208552456,1.000589579003508,270->365,False
lonestar,350,Affiliate,33.4864233706835,1.0014969975304089,270->365,False
lonestar,351,Affiliate,33.5251471952961,1.0011564037217096,270->365,False
lonestar,352,Affiliate,33.5569327484235,1.00094811077017,270->365,False
lonestar,353,Affiliate,33.61147362494512,1.0016253236531036,270->365,False
lonestar,354,Affiliate,33.66825617681763,1.0016893800166609,270->365,False
lonestar,355,Affiliate,33.702963351663605,1.0010308575134899,270->365,False
lonestar,356,Affiliate,33.73506827491486,1.000952584581844,270->365,False
lonestar,357,Affiliate,33.76623207411193,1.0009237805284137,270->365,False
lonestar,358,Affiliate,33.80750708442546,1.0012223753666958,270->365,False
lonestar,359,Affiliate,33.83611580076798,1.0008462237771947,270->365,False
lonestar,360,Affiliate,33.86970319678544,1.0009926492808816,270->365,False
lonestar,361,Affiliate,33.90626431750084,1.0010794638648879,270->365,False
lonestar,362,Affiliate,33.94661801284042,1.0011901545673596,270->365,False
lonestar,363,Affiliate,33.979847278594015,1.0009788682260197,270->365,False
lonestar,364,Affiliate,34.00674781678906,1.0007916615391026,270->365,False
lonestar,365,Affiliate,34.037150887617315,1.000894030531589,270->365,False
lonestar,1,Blended,7.023107549975219,,1->7,False
lonestar,2,Blended,10.059153863098189,1.432293865859093,1->7,False
lonestar,3,Blended,11.902227545569687,1.1832235302844685,1->7,False
lonestar,4,Blended,13.354341511096425,1.1220035459721363,1->7,False
lonestar,5,Blended,14.952722203865848,1.1196899668502032,1->7,False
lonestar,6,Blended,16.041855416047138,1.0728384569265728,1->7,False
lonestar,7,Blended,17.82084613690181,1.110896818024871,1->7,False
lonestar,8,Blended,19.118328543552987,1.0728070034769261,7->14,False
lonestar,9,Blended,20.21337592945536,1.0572773599641712,7->14,False
lonestar,10,Blended,21.07628402170462,1.042689954179886,7->14,False
lonestar,11,Blended,21.810114625182575,1.0348178361385834,7->14,False
lonestar,12,Blended,22.624787058708257,1.0373529643253245,7->14,False
lonestar,13,Blended,23.373934303156194,1.033111792058153,7->14,False
lonestar,14,Blended,24.260840461258002,1.0379442393650455,7->14,False
lonestar,15,Blended,25.22942862647909,1.0399239328401595,14->30,False
lonestar,16,Blended,26.098934555559946,1.034463956435711,14->30,False
lonestar,17,Blended,27.070789471345925,1.0372373406169924,14->30,False
lonestar,18,Blended,27.781809925879063,1.0262652278865285,14->30,False
lonestar,19,Blended,28.656009823854824,1.0314666287152672,14->30,False
lonestar,20,Blended,29.53904393167503,1.0308149708646848,14->30,False
lonestar,21,Blended,30.33775014529964,1.0270390001610088,14->30,False
lonestar,22,Blended,31.098806738901555,1.0250861250408125,14->30,False
lonestar,23,Blended,31.860454569660842,1.0244912236393475,14->30,False
lonestar,24,Blended,32.68608463695785,1.0259139449969812,14->30,False
lonestar,25,Blended,33.43723534947509,1.0229807491738523,14->30,False
lonestar,26,Blended,34.08364309653969,1.0193319734813169,14->30,False
lonestar,27,Blended,34.737483847254204,1.0191834173613001,14->30,False
lonestar,28,Blended,35.36756200918462,1.0181382786588966,14->30,False
lonestar,29,Blended,36.20793995132075,1.0237612629877597,14->30,False
lonestar,30,Blended,36.95960716999828,1.0207597344584667,14->30,False
lonestar,31,Blended,37.67074971721935,1.019241074288212,30->60,False
lonestar,32,Blended,38.329721383564696,1.01749292677454,30->60,False
lonestar,33,Blended,38.984471464028324,1.0170820464336685,30->60,False
lonestar,34,Blended,39.772630714794886,1.0202172614163516,30->60,False
lonestar,35,Blended,40.534147703525655,1.019146759342914,30->60,False
lonestar,36,Blended,41.43082227460543,1.0221214610860507,30->60,False
lonestar,37,Blended,42.0544459888881,1.0150521684109781,30->60,False
lonestar,38,Blended,42.94391817168421,1.021150491033246,30->60,False
lonestar,39,Blended,43.55158453691065,1.0141502310710697,30->60,False
lonestar,40,Blended,44.1735038253335,1.0142800611053717,30->60,False
lonestar,41,Blended,44.944076683870655,1.0174442322163095,30->60,False
lonestar,42,Blended,45.92518157373044,1.021829459235768,30->60,False
lonestar,43,Blended,46.66807064573002,1.0161760726151274,30->60,False
lonestar,44,Blended,47.47320032669036,1.0172522598389013,30->60,False
lonestar,45,Blended,48.163412909814745,1.0145389941772334,30->60,False
lonestar,46,Blended,48.742090046884364,1.0120148698380902,30->60,False
lonestar,47,Blended,49.181267247996374,1.0090102250578417,30->60,False
lonestar,48,Blended,49.90409535507692,1.0146972241165664,30->60,False
lonestar,49,Blended,50.49046883131312,1.011750007129957,30->60,False
lonestar,50,Blended,51.05166433477357,1.011114880024889,30->60,False
lonestar,51,Blended,51.619168358824794,1.0111162688121154,30->60,False
lonestar,52,Blended,52.331729499409235,1.0138041964494886,30->60,False
lonestar,53,Blended,52.986036609446046,1.0125030668066148,30->60,False
lonestar,54,Blended,53.49779366013725,1.00965833799692,30->60,False
lonestar,55,Blended,54.17270200358556,1.012615629491861,30->60,False
lonestar,56,Blended,54.852884959105666,1.0125558248040698,30->60,False
lonestar,57,Blended,55.550745387792034,1.012722401551106,30->60,False
lonestar,58,Blended,56.19339957789554,1.0115687770815176,30->60,False
lonestar,59,Blended,56.72633745383039,1.0094839942046234,30->60,False
lonestar,60,Blended,57.165964464210894,1.007749962894014,30->60,False
lonestar,61,Blended,57.68658340496349,1.0091071487314542,60->90,False
lonestar,62,Blended,58.07003390097478,1.0066471347994288,60->90,False
lonestar,63,Blended,58.563573240619306,1.0084990365338196,60->90,False
lonestar,64,Blended,59.161258132140006,1.0102057449443018,60->90,False
lonestar,65,Blended,59.67052803061295,1.008608165454079,60->90,False
lonestar,66,Blended,60.25626708659155,1.0098162204242285,60->90,False
lonestar,67,Blended,60.89008289622316,1.0105186703437965,60->90,False
lonestar,68,Blended,61.45933094487022,1.0093487809766533,60->90,False
lonestar,69,Blended,61.99859689763543,1.0087743544303946,60->90,False
lonestar,70,Blended,62.66699951183183,1.0107809313055904,60->90,False
lonestar,71,Blended,63.27128744365173,1.0096428413124487,60->90,False
lonestar,72,Blended,63.76061547389513,1.0077338086518184,60->90,False
lonestar,73,Blended,64.49583799586983,1.0115309821981835,60->90,False
lonestar,74,Blended,65.00653250680364,1.007918255298373,60->90,False
lonestar,75,Blended,65.41739874523547,1.0063203838535586,60->90,False
lonestar,76,Blended,65.9873716341958,1.0087128638541567,60->90,False
lonestar,77,Blended,66.43945164619525,1.006851008015679,60->90,False
lonestar,78,Blended,66.89828140423627,1.0069059835184129,60->90,False
lonestar,79,Blended,67.5493838505942,1.0097327230638946,60->90,False
lonestar,80,Blended,68.30915195245211,1.0112475948491013,60->90,False
lonestar,81,Blended,68.7898311806711,1.0070368203158717,60->90,False
lonestar,82,Blended,69.13657960320576,1.0050406930295257,60->90,False
lonestar,83,Blended,69.70282673604218,1.008190268249981,60->90,False
lonestar,84,Blended,70.74767343637568,1.0149900190460026,60->90,False
lonestar,85,Blended,71.27958743739202,1.007518466335076,60->90,False
lonestar,86,Blended,71.85385111323328,1.0080564955057527,60->90,False
lonestar,87,Blended,72.24998154322931,1.0055130020709924,60->90,False
lonestar,88,Blended,72.73445760151918,1.0067055526927713,60->90,False
lonestar,89,Blended,73.29767177117412,1.0077434298436725,60->90,False
lonestar,90,Blended,73.67071199922387,1.0050893871392577,60->90,False
lonestar,91,Blended,74.09949828526999,1.0058203087008395,90->120,False
lonestar,92,Blended,74.65161483579668,1.0074510160433359,90->120,False
lonestar,93,Blended,75.15724620030703,1.0067732140238699,90->120,False
lonestar,94,Blended,75.66196835563431,1.0067155488105846,90->120,False
lonestar,95,Blended,76.09835475110602,1.0057675792073046,90->120,False
lonestar,96,Blended,76.6461243526189,1.007198179294473,90->120,False
lonestar,97,Blended,77.11678279095457,1.0061406684592473,90->120,False
lonestar,98,Blended,77.67830874399829,1.0072815012857301,90->120,False
lonestar,99,Blended,78.28226390587021,1.0077750812503186,90->120,False
lonestar,100,Blended,78.73089496817032,1.0057309413386353,90->120,False
lonestar,101,Blended,79.21327606614608,1.0061269606825984,90->120,False
lonestar,102,Blended,79.66707835937105,1.0057288666213733,90->120,False
lonestar,103,Blended,80.11628358809982,1.0056385302182471,90->120,False
lonestar,104,Blended,80.587702431424,1.005884182618204,90->120,False
lonestar,105,Blended,80.9516756247173,1.0045164855469482,90->120,False
lonestar,106,Blended,81.46030816762357,1.006283162627346,90->120,False
lonestar,107,Blended,81.96793464899999,1.0062315806654187,90->120,False
lonestar,108,Blended,82.31082099172421,1.0041831765579128,90->120,False
lonestar,109,Blended,82.73907521204062,1.0052028908855066,90->120,False
lonestar,110,Blended,83.0430813519003,1.0036742752935126,90->120,False
lonestar,111,Blended,83.56829887408544,1.00632463913471,90->120,False
lonestar,112,Blended,84.05079165297933,1.005773634086065,90->120,False
lonestar,113,Blended,84.45410421636602,1.004798438604265,90->120,False
lonestar,114,Blended,84.85895200351582,1.0047937017496817,90->120,False
lonestar,115,Blended,85.3358093031372,1.0056194106616072,90->120,False
lonestar,116,Blended,85.91846068177458,1.006827747734455,90->120,False
lonestar,117,Blended,86.34131958345577,1.0049216303263089,90->120,False
lonestar,118,Blended,86.80087048861962,1.0053224911013743,90->120,False
lonestar,119,Blended,87.19580325007992,1.0045498709775276,90->120,False
lonestar,120,Blended,87.67290029555338,1.0054715597275379,90->120,False
lonestar,121,Blended,88.20626070026901,1.0060835264137222,120->150,False
lonestar,122,Blended,88.67873890586566,1.005356515533542,120->150,False
lonestar,123,Blended,89.1731108977924,1.0055748649341025,120->150,False
lonestar,124,Blended,89.50453020390587,1.0037165834271873,120->150,False
lonestar,125,Blended,90.05863941236625,1.0061908509792523,120->150,False
lonestar,126,Blended,90.55184819255633,1.005476529330315,120->150,False
lonestar,127,Blended,91.00453165061987,1.004999163099365,120->150,False
lonestar,128,Blended,91.4778245073924,1.0052007614147125,120->150,False
lonestar,129,Blended,91.81684824787162,1.0037060756779566,120->150,False
lonestar,130,Blended,92.27150688244646,1.0049517996233919,120->150,False
lonestar,131,Blended,92.634837661055,1.0039376270192641,120->150,False
lonestar,132,Blended,93.07832873379158,1.0047875192954867,120->150,False
lonestar,133,Blended,93.54134236404988,1.0049744514814243,120->150,False
lonestar,134,Blended,94.11581506956288,1.006141377609028,120->150,False
lonestar,135,Blended,94.47384375561083,1.0038041288361932,120->150,False
lonestar,136,Blended,94.8897446241318,1.004402285881337,120->150,False
lonestar,137,Blended,95.57749078110801,1.0072478449562747,120->150,False
lonestar,138,Blended,96.10678800394892,1.0055378857355977,120->150,False
lonestar,139,Blended,96.82456073917909,1.007468491561706,120->150,False
lonestar,140,Blended,97.55922191957285,1.0075875498405074,120->150,False
lonestar,141,Blended,98.34488011006755,1.0080531412103961,120->150,False
lonestar,142,Blended,98.80388227167504,1.0046672705390842,120->150,False
lonestar,143,Blended,99.26747194311348,1.0046920187828625,120->150,False
lonestar,144,Blended,99.80602813565493,1.0054253037979055,120->150,False
lonestar,145,Blended,100.40616595106673,1.0060130417633302,120->150,False
lonestar,146,Blended,101.02767389645268,1.0061899380331767,120->150,False
lonestar,147,Blended,101.6246959661412,1.0059094904065635,120->150,False
lonestar,148,Blended,102.05385835032376,1.004223012724442,120->150,False
lonestar,149,Blended,102.42829576702822,1.0036690177398204,120->150,False
lonestar,150,Blended,102.8973912178069,1.0045797447596476,120->150,False
lonestar,151,Blended,103.40552159810065,1.0049382241306601,150->180,False
lonestar,152,Blended,103.826644441943,1.0040725373010457,150->180,False
lonestar,153,Blended,104.13235244444431,1.0029444079999354,150->180,False
lonestar,154,Blended,104.5665703163255,1.0041698651925957,150->180,False
lonestar,155,Blended,104.90338907433176,1.0032210940550823,150->180,False
lonestar,156,Blended,105.45294559900728,1.005238691805144,150->180,False
lonestar,157,Blended,105.83323073341354,1.0036062068465335,150->180,False
lonestar,158,Blended,106.19256196417317,1.0033952590152402,150->180,False
lonestar,159,Blended,106.56325523072398,1.0034907648868654,150->180,False
lonestar,160,Blended,106.92777538782273,1.0034206927735974,150->180,False
lonestar,161,Blended,107.4516721503192,1.0048995385959945,150->180,False
lonestar,162,Blended,108.09312859683193,1.005969720467592,150->180,False
lonestar,163,Blended,108.50573712742737,1.0038171578152242,150->180,False
lonestar,164,Blended,108.95765516570185,1.0041649229823097,150->180,False
lonestar,165,Blended,109.50260276961285,1.005001462293606,150->180,False
lonestar,166,Blended,109.85568805250841,1.0032244464877098,150->180,False
lonestar,167,Blended,110.40116497769837,1.0049653953733304,150->180,False
lonestar,168,Blended,110.84902621901686,1.0040566713350259,150->180,False
lonestar,169,Blended,111.31338395575987,1.0041891007308041,150->180,False
lonestar,170,Blended,111.7742525812713,1.0041402804328956,150->180,False
lonestar,171,Blended,112.35191414223347,1.0051681093599096,150->180,False
lonestar,172,Blended,112.83111567731667,1.0042651835417469,150->180,False
lonestar,173,Blended,113.31465844659688,1.004285544518261,150->180,False
lonestar,174,Blended,113.81463902991035,1.0044123204373343,150->180,False
lonestar,175,Blended,114.33753399406959,1.004594268089027,150->180,False
lonestar,176,Blended,114.80025870226089,1.0040470061932183,150->180,False
lonestar,177,Blended,115.28884699050225,1.0042559859512907,150->180,False
lonestar,178,Blended,115.90969481337783,1.0053851507676776,150->180,False
lonestar,179,Blended,116.56274964227975,1.0056341691689672,150->180,False
lonestar,180,Blended,117.00922522466833,1.0038303453183695,150->180,False
lonestar,181,Blended,117.41524787378863,1.0034700054490635,180->270,False
lonestar,182,Blended,117.8560916016599,1.003754569664965,180->270,False
lonestar,183,Blended,118.50369758405975,1.0054948876515326,180->270,False
lonestar,184,Blended,118.93375146618068,1.0036290334469595,180->270,False
lonestar,185,Blended,119.34704991472638,1.0034750307919382,180->270,False
lonestar,186,Blended,119.92040737380886,1.0048041192429318,180->270,False
lonestar,187,Blended,120.4360149490271,1.0042995815850677,180->270,False
lonestar,188,Blended,120.98220461103828,1.0045351024130311,180->270,False
lonestar,189,Blended,121.45059402665522,1.0038715562931162,180->270,False
lonestar,190,Blended,121.99620669320545,1.0044924660181611,180->270,False
lonestar,191,Blended,122.58862266666587,1.004856019621579,180->270,False
lonestar,192,Blended,123.18797003932349,1.0048890945963829,180->270,False
lonestar,193,Blended,123.72409755805289,1.0043521093704058,180->270,False
lonestar,194,Blended,124.18223317926788,1.003702881089919,180->270,False
lonestar,195,Blended,124.8088726108046,1.0050461279000524,180->270,False
lonestar,196,Blended,125.30410135164752,1.00396789691697,180->270,False
lonestar,197,Blended,125.75594975422854,1.003606014469654,180->270,False
lonestar,198,Blended,126.29564298442239,1.0042915920181001,180->270,False
lonestar,199,Blended,126.70119339783102,1.0032111195907103,180->270,False
lonestar,200,Blended,127.17325042572108,1.0037257504466264,180->270,False
lonestar,201,Blended,127.59254039676641,1.003296998147344,180->270,False
lonestar,202,Blended,128.05198367695638,1.003600863175553,180->270,False
lonestar,203,Blended,128.52889579848758,1.0037243634017754,180->270,False
lonestar,204,Blended,128.8360573053132,1.002389824520917,180->270,False
lonestar,205,Blended,129.3353248101724,1.0038752156446082,180->270,False
lonestar,206,Blended,129.8497918723313,1.0039777768596012,180->270,False
lonestar,207,Blended,130.14206902005006,1.0022508865320794,180->270,False
lonestar,208,Blended,130.55973715497777,1.0032093245333555,180->270,False
lonestar,209,Blended,130.986550632224,1.003269104905899,180->270,False
lonestar,210,Blended,131.35653102656917,1.0028245678091332,180->270,False
lonestar,211,Blended,131.69939191951696,1.0026101548987956,180->270,False
lonestar,212,Blended,131.99785928610183,1.0022662774841609,180->270,False
lonestar,213,Blended,132.61204813375844,1.0046530212760902,180->270,False
lonestar,214,Blended,133.0259184725141,1.0031209105400303,180->270,False
lonestar,215,Blended,133.50096707534823,1.0035710980859138,180->270,False
lonestar,216,Blended,133.98392218030855,1.003617615029618,180->270,False
lonestar,217,Blended,134.35039659462527,1.0027352118698505,180->270,False
lonestar,218,Blended,134.78798419344895,1.0032570622038728,180->270,False
lonestar,219,Blended,135.18979960527204,1.0029810922258946,180->270,False
lonestar,220,Blended,135.62551041174626,1.0032229562270705,180->270,False
lonestar,221,Blended,136.03525407406454,1.0030211400574591,180->270,False
lonestar,222,Blended,136.46016441586644,1.0031235310632827,180->270,False
lonestar,223,Blended,136.81002807941948,1.0025638519860405,180->270,False
lonestar,224,Blended,137.18210795715999,1.002719682781766,180->270,False
lonestar,225,Blended,137.60011303864954,1.003047081632687,180->270,False
lonestar,226,Blended,137.9729422651226,1.0027095125014058,180->270,False
lonestar,227,Blended,138.31733994070746,1.0024961247468585,180->270,False
lonestar,228,Blended,138.6627460054573,1.0024972000249421,180->270,False
lonestar,229,Blended,139.02185915844797,1.002589831539731,180->270,False
lonestar,230,Blended,139.70458171152305,1.0049109007548012,180->270,False
lonestar,231,Blended,140.22956028115118,1.0037577763248464,180->270,False
lonestar,232,Blended,140.7009871168656,1.0033618221063323,180->270,False
lonestar,233,Blended,141.10727483061456,1.0028875967544668,180->270,False
lonestar,234,Blended,141.4036572127168,1.0021004046918065,180->270,False
lonestar,235,Blended,141.78059136725827,1.002665660577466,180->270,False
lonestar,236,Blended,142.11470012431468,1.0023565197029751,180->270,False
lonestar,237,Blended,142.44803380217382,1.0023455256744556,180->270,False
lonestar,238,Blended,142.859161293811,1.0028861577142452,180->270,False
lonestar,239,Blended,143.22691549243265,1.0025742430187259,180->270,False
lonestar,240,Blended,143.60793895297465,1.0026602783368754,180->270,False
lonestar,241,Blended,143.9488732263238,1.002374062853592,180->270,False
lonestar,242,Blended,144.38025978314937,1.0029968039843378,180->270,False
lonestar,243,Blended,144.79773218275614,1.002891478379619,180->270,False
lonestar,244,Blended,145.38455259697955,1.0040526906421625,180->270,False
lonestar,245,Blended,145.7449484953206,1.0024789146570483,180->270,False
lonestar,246,Blended,146.11784613215625,1.0025585630286706,180->270,False
lonestar,247,Blended,146.49539118102484,1.0025838394067699,180->270,False
lonestar,248,Blended,146.98249889709732,1.0033250719503561,180->270,False
lonestar,249,Blended,147.41697535599997,1.0029559740932614,180->270,False
lonestar,250,Blended,147.84529478016756,1.0029054959453159,180->270,False
lonestar,251,Blended,148.2954061721698,1.0030444755964099,180->270,False
lonestar,252,Blended,148.70705981096862,1.0027759028376164,180->270,False
lonestar,253,Blended,149.1084436248775,1.0026991577563238,180->270,False
lonestar,254,Blended,149.59701307639824,1.0032766048631683,180->270,False
lonestar,255,Blended,149.97348265310447,1.0025165581114508,180->270,False
lonestar,256,Blended,150.33577106796787,1.002415683149143,180->270,False
lonestar,257,Blended,150.7565122576446,1.0027986765005283,180->270,False
lonestar,258,Blended,151.13977028652172,1.0025422319947421,180->270,False
lonestar,259,Blended,151.65243519509988,1.003391992111714,180->270,False
lonestar,260,Blended,151.99116706319487,1.0022336065204571,180->270,False
lonestar,261,Blended,152.2810794586796,1.0019074292347805,180->270,False
lonestar,262,Blended,152.57143958467154,1.001906738033537,180->270,False
lonestar,263,Blended,152.94658822875033,1.0024588392499933,180->270,False
lonestar,264,Blended,153.35954922020906,1.002700034019988,180->270,False
lonestar,265,Blended,153.7245979421491,1.0023803455591531,180->270,False
lonestar,266,Blended,154.19666548685612,1.0030708653724023,180->270,False
lonestar,267,Blended,154.55127346010494,1.002299712332489,180->270,False
lonestar,268,Blended,154.93151826777407,1.0024603149437477,180->270,False
lonestar,269,Blended,155.2611903575562,1.0021278568329288,180->270,False
lonestar,270,Blended,155.56848245670074,1.0019791945330117,180->270,False
lonestar,271,Blended,155.8911996946932,1.0020744384267057,270->365,False
lonestar,272,Blended,156.41221279038083,1.003342158484302,270->365,False
lonestar,273,Blended,156.85100922222153,1.0028053847203655,270->365,False
lonestar,274,Blended,157.28345951344784,1.002757076880606,270->365,False
lonestar,275,Blended,157.6733071794954,1.00247863104775,270->365,False
lonestar,276,Blended,158.20712271121533,1.003385579596629,270->365,False
lonestar,277,Blended,158.63734963483122,1.0027193903551435,270->365,False
lonestar,278,Blended,158.91379828559042,1.0017426454198557,270->365,False
lonestar,279,Blended,159.2802608773522,1.0023060463956892,270->365,False
lonestar,280,Blended,159.68300099018577,1.0025284998317758,270->365,False
lonestar,281,Blended,160.15441726815274,1.0029522007667926,270->365,False
lonestar,282,Blended,160.5471967858873,1.0024525050537751,270->365,False
lonestar,283,Blended,160.98888312389383,1.0027511308004684,270->365,False
lonestar,284,Blended,161.4040108073314,1.0025786108666777,270->365,False
lonestar,285,Blended,161.91375228726875,1.0031581710850161,270->365,False
lonestar,286,Blended,162.3327930161045,1.002588049025584,270->365,False
lonestar,287,Blended,162.7384598808656,1.0024989828439708,270->365,False
lonestar,288,Blended,163.04414570733192,1.001878387116912,270->365,False
lonestar,289,Blended,163.44608974772098,1.0024652466891424,270->365,False
lonestar,290,Blended,163.85302224527464,1.0024897046982388,270->365,False
lonestar,291,Blended,164.23329715292667,1.0023208293777015,270->365,False
lonestar,292,Blended,164.6627570727267,1.0026149381839429,270->365,False
lonestar,293,Blended,165.09820003027093,1.0026444532162906,270->365,False
lonestar,294,Blended,165.51732541511296,1.0025386429698517,270->365,False
lonestar,295,Blended,165.9769510493153,1.0027769034634266,270->365,False
lonestar,296,Blended,166.37161773302088,1.0023778403037922,270->365,False
lonestar,297,Blended,166.9622512142974,1.00355008558145,270->365,False
lonestar,298,Blended,167.4890711510415,1.003155323631016,270->365,False
lonestar,299,Blended,168.01294916407377,1.003127834009897,270->365,False
lonestar,300,Blended,168.39062969661802,1.0022479251416236,270->365,False
lonestar,301,Blended,168.81856823069097,1.00254134410474,270->365,False
lonestar,302,Blended,169.1465935532692,1.0019430642376377,270->365,False
lonestar,303,Blended,169.48466769678436,1.0019987050073738,270->365,False
lonestar,304,Blended,170.0058234582416,1.003074943406619,270->365,False
lonestar,305,Blended,170.40567672476496,1.002351997469202,270->365,False
lonestar,306,Blended,170.8691219512742,1.0027196583788567,270->365,False
lonestar,307,Blended,171.36845826458568,1.0029223320609904,270->365,False
lonestar,308,Blended,171.92851091104356,1.0032681197702857,270->365,False
lonestar,309,Blended,172.41219695517208,1.002813297466287,270->365,False
lonestar,310,Blended,172.77485754879694,1.0021034509160576,270->365,False
lonestar,311,Blended,173.26880188648025,1.0028588901457713,270->365,False
lonestar,312,Blended,173.65534363348786,1.0022308790895944,270->365,False
lonestar,313,Blended,174.02319922453353,1.0021183085032042,270->365,False
lonestar,314,Blended,174.396476114824,1.002144983496188,270->365,False
lonestar,315,Blended,174.87414049053072,1.0027389565795597,270->365,False
lonestar,316,Blended,175.18735534680755,1.0017910873237075,270->365,False
lonestar,317,Blended,175.61237159124238,1.0024260669018803,270->365,False
lonestar,318,Blended,176.0010925929415,1.0022135171809188,270->365,False
lonestar,319,Blended,176.43197126581043,1.0024481590797023,270->365,False
lonestar,320,Blended,176.83087266223927,1.0022609360059116,270->365,False
lonestar,321,Blended,177.18915460243147,1.0020261277615055,270->365,False
lonestar,322,Blended,177.6923840720794,1.002840069251287,270->365,False
lonestar,323,Blended,178.204367533749,1.002881290970028,270->365,False
lonestar,324,Blended,178.63205758204447,1.0023999975657973,270->365,False
lonestar,325,Blended,179.04646403200695,1.0023198884655524,270->365,False
lonestar,326,Blended,179.48056906766902,1.0024245384459782,270->365,False
lonestar,327,Blended,180.04441007040745,1.0031415155727852,270->365,False
lonestar,328,Blended,180.5972950050093,1.00307082532796,270->365,False
lonestar,329,Blended,181.07343786749493,1.0026364894472668,270->365,False
lonestar,330,Blended,181.49033006768965,1.0023023376874294,270->365,False
lonestar,331,Blended,181.72926374075536,1.0013165091108522,270->365,False
lonestar,332,Blended,182.2638265147234,1.0029415338122463,270->365,False
lonestar,333,Blended,182.706060439397,1.0024263395163486,270->365,False
lonestar,334,Blended,183.02666255217255,1.001754742628704,270->365,False
lonestar,335,Blended,183.4095495565963,1.0020919739183607,270->365,False
lonestar,336,Blended,183.8405232124843,1.0023497885302588,270->365,False
lonestar,337,Blended,184.26921612846849,1.002331873889897,270->365,False
lonestar,338,Blended,184.62566559760933,1.001934395102068,270->365,False
lonestar,339,Blended,184.93056950346352,1.0016514708551882,270->365,False
lonestar,340,Blended,185.31135043474336,1.0020590480649156,270->365,False
lonestar,341,Blended,185.91160244475617,1.0032391540432068,270->365,False
lonestar,342,Blended,186.38936652075944,1.0025698453981389,270->365,False
lonestar,343,Blended,186.77348562705757,1.0020608423831696,270->365,False
lonestar,344,Blended,187.0635655522478,1.001553110840205,270->365,False
lonestar,345,Blended,187.49921708995208,1.002328895722789,270->365,False
lonestar,346,Blended,187.855639530368,1.00190092761958,270->365,False
lonestar,347,Blended,188.3393981185742,1.00257516138145,270->365,False
lonestar,348,Blended,188.68959694009556,1.0018594028919052,270->365,False
lonestar,349,Blended,189.13863381633314,1.0023797648811563,270->365,False
lonestar,350,Blended,189.62844722139727,1.0025897057369029,270->365,False
lonestar,351,Blended,190.11331003501047,1.0025569096869054,270->365,False
lonestar,352,Blended,190.5246126438997,1.0021634603532676,270->365,False
lonestar,353,Blended,190.9917235774756,1.0024517091366507,270->365,False
lonestar,354,Blended,191.5977181715763,1.003172884053559,270->365,False
lonestar,355,Blended,191.976073402291,1.001974737665591,270->365,False
lonestar,356,Blended,192.43550830549128,1.0023931883544546,270->365,False
lonestar,357,Blended,192.8755803146554,1.0022868545053831,270->365,False
lonestar,358,Blended,193.35127121096298,1.0024663096050395,270->365,False
lonestar,359,Blended,193.7964346924318,1.002302356114241,270->365,False
lonestar,360,Blended,194.26788743367857,1.0024327214378066,270->365,False
lonestar,361,Blended,194.72946423583264,1.0023759809624309,270->365,False
lonestar,362,Blended,195.41574255746843,1.0035242654434906,270->365,False
lonestar,363,Blended,195.86336807528826,1.002290631818919,270->365,False
lonestar,364,Blended,196.3095401616752,1.0022779761768184,270->365,False
lonestar,365,Blended,196.77839151564498,1.0023883268922318,270->365,False
lonestar,1,App,6.235239158756747,,1->7,False
lonestar,2,App,8.754297412990882,1.4040034696498174,1->7,False
lonestar,3,App,9.578994974874375,1.0942048828110054,1->7,False
lonestar,4,App,10.944982319002422,1.1426023656668598,1->7,False
lonestar,5,App,11.506863949376514,1.0513369153094534,1->7,False
lonestar,6,App,11.864624976735534,1.031091097360059,1->7,False
lonestar,7,App,12.67292015633725,1.0681264836593354,1->7,False
lonestar,8,App,13.528477384166885,1.067510661889699,7->14,False
lonestar,9,App,14.225840993608479,1.0515478268277076,7->14,False
lonestar,10,App,14.706535029760683,1.033790201673713,7->14,False
lonestar,11,App,15.558653265886228,1.0579414684969075,7->14,False
lonestar,12,App,15.985976141372634,1.0274652868846528,7->14,False
lonestar,13,App,16.412322060342944,1.0266699959514454,7->14,False
lonestar,14,App,16.96775457956914,1.033842409208401,7->14,False
lonestar,15,App,17.474808894409076,1.0298834069329645,14->30,True
lonestar,16,App,18.06329012380986,1.0336759751111821,14->30,True
lonestar,17,App,18.59447942537553,1.029407117857532,14->30,True
lonestar,18,App,19.111869871324522,1.027824949228905,14->30,True
lonestar,19,App,19.676702266303973,1.0295540100880933,14->30,True
lonestar,20,App,20.127317641164048,1.0229009601691106,14->30,True
lonestar,21,App,20.5590081942039,1.021447992262862,14->30,True
lonestar,22,App,21.067483309251145,1.0247324729988967,14->30,True
lonestar,23,App,21.48821449154366,1.0199706427254063,14->30,True
lonestar,24,App,21.91207583462642,1.0197252937534464,14->30,True
lonestar,25,App,22.247358450788585,1.0153012712575746,14->30,True
lonestar,26,App,22.636379724940443,1.0174861781911042,14->30,True
lonestar,27,App,23.097921468041545,1.0203893797819878,14->30,True
lonestar,28,App,23.41394500622991,1.0136819037429674,14->30,True
lonestar,29,App,23.776688669400595,1.0154926332608267,14->30,True
lonestar,30,App,24.07992035152361,1.0127533184430875,14->30,True
lonestar,31,App,24.44338944539461,1.0150942813998138,30->60,True
lonestar,32,App,24.91506171471481,1.0192965165642798,30->60,True
lonestar,33,App,25.805575480971093,1.0357419851675642,30->60,True
lonestar,34,App,26.300643174771263,1.0191845244515174,30->60,True
lonestar,35,App,26.78841622566488,1.0185460502867667,30->60,True
lonestar,36,App,27.329195020388717,1.020187038687481,30->60,True
lonestar,37,App,27.706603506130236,1.0138097183418668,30->60,True
lonestar,38,App,28.133347880047296,1.0154022622737804,30->60,True
lonestar,39,App,28.623748532440608,1.0174312937971066,30->60,True
lonestar,40,App,29.00713180072164,1.0133938875212842,30->60,True
lonestar,41,App,29.345454240747653,1.0116634227179122,30->60,True
lonestar,42,App,29.54330566511472,1.006742148979665,30->60,True
lonestar,43,App,29.95508013351458,1.0139379957364112,30->60,True
lonestar,44,App,30.44817390701835,1.0164611068074587,30->60,True
lonestar,45,App,30.694127708738737,1.008077784975594,30->60,True
lonestar,46,App,30.99673930981852,1.0098589412265209,30->60,True
lonestar,47,App,31.271733448148144,1.0088717118139752,30->60,True
lonestar,48,App,31.49859945575143,1.0072546668376876,30->60,True
lonestar,49,App,31.773450435625175,1.008725815897302,30->60,True
lonestar,50,App,32.13100269204595,1.011253176835333,30->60,True
lonestar,51,App,32.380220355069945,1.0077562989680893,30->60,True
lonestar,52,App,32.56236411552814,1.005625155062593,30->60,True
lonestar,53,App,32.846879427351894,1.0087375508367367,30->60,True
lonestar,54,App,33.10946801440969,1.0079943237115894,30->60,True
lonestar,55,App,33.385973648499665,1.0083512557184438,30->60,True
lonestar,56,App,33.72876354129166,1.0102674822786666,30->60,True
lonestar,57,App,33.99593395638971,1.007921144656577,30->60,True
lonestar,58,App,34.23864662037093,1.0071394615689209,30->60,True
lonestar,59,App,34.467644477043365,1.0066882858779875,30->60,True
lonestar,60,App,34.81479426439639,1.0100717583873258,30->60,True
lonestar,61,App,34.98448033121182,1.0048739643706286,60->90,True
lonestar,62,App,35.18853837435579,1.005832816186265,60->90,True
lonestar,63,App,35.37970828387959,1.0054327323144265,60->90,True
lonestar,64,App,35.635381759143996,1.0072265569069405,60->90,True
lonestar,65,App,35.89736581342207,1.0073517959215028,60->90,True
lonestar,66,App,36.09394265745282,1.005476079917743,60->90,True
lonestar,67,App,36.40077137131575,1.0085008367408035,60->90,True
lonestar,68,App,36.51632519542176,1.003174488335076,60->90,True
lonestar,69,App,36.795751805933854,1.0076521010538906,60->90,True
lonestar,70,App,36.99139966540165,1.005317131730306,60->90,True
lonestar,71,App,37.22609428907912,1.0063445726790647,60->90,True
lonestar,72,App,37.6194493400878,1.0105666484362845,60->90,True
lonestar,73,App,37.77782288178193,1.0042098846334087,60->90,True
lonestar,74,App,38.39660262088268,1.0163794441261769,60->90,True
lonestar,75,App,38.65532323791377,1.0067381122123127,60->90,True
lonestar,76,App,38.87057434591377,1.0055684725923821,60->90,True
lonestar,77,App,39.105271232096264,1.0060379063116975,60->90,True
lonestar,78,App,39.42406045251943,1.0081520779777002,60->90,True
lonestar,79,App,40.10401515996912,1.0172472013193212,60->90,True
lonestar,80,App,40.367135444270374,1.0065609461609193,60->90,True
lonestar,81,App,40.49713355295225,1.0032203946911553,60->90,True
lonestar,82,App,41.037539213010646,1.0133442940931063,60->90,True
lonestar,83,App,41.640124393648755,1.0146837552200758,60->90,True
lonestar,84,App,41.95283516807373,1.0075098424651363,60->90,True
lonestar,85,App,42.84881702274675,1.0213568844890575,60->90,True
lonestar,86,App,42.956516786911536,1.0025134827901458,60->90,True
lonestar,87,App,43.05579776988106,1.0023111972384078,60->90,True
lonestar,88,App,43.25135920165694,1.0045420464119859,60->90,True
lonestar,89,App,43.373895116267796,1.0028331113026885,60->90,True
lonestar,90,App,43.53592848608917,1.003735734809775,60->90,True
lonestar,91,App,43.81361519030758,1.0063783342603372,90->120,True
lonestar,92,App,44.557567620115734,1.0169799370943653,90->120,True
lonestar,93,App,45.03596223441202,1.0107365513839295,90->120,True
lonestar,94,App,45.15600814132878,1.002665556612112,90->120,True
lonestar,95,App,45.26055429615554,1.0023152213654394,90->120,True
lonestar,96,App,45.49712341827252,1.0052268277708007,90->120,True
lonestar,97,App,45.94644839455053,1.0098758985737888,90->120,True
lonestar,98,App,46.05274469103629,1.002313482329972,90->120,True
lonestar,99,App,46.212630444022295,1.0034717963947353,90->120,True
lonestar,100,App,46.310628316012576,1.002120586321287,90->120,True
lonestar,101,App,46.40951063377462,1.0021351970672325,90->120,True
lonestar,102,App,46.5611153402069,1.003266673239212,90->120,True
lonestar,103,App,46.690126893119135,1.0027708003120113,90->120,True
lonestar,104,App,46.854032438418336,1.003510496891011,90->120,True
lonestar,105,App,46.92314679929269,1.001475099522441,90->120,True
lonestar,106,App,47.02888151387167,1.0022533594140914,90->120,True
lonestar,107,App,47.12314495764472,1.0020043734985542,90->120,True
lonestar,108,App,47.20071597374723,1.001646134106122,90->120,True
lonestar,109,App,47.41579361238769,1.0045566605125245,90->120,True
lonestar,110,App,47.55180207342187,1.002868421061261,90->120,True
lonestar,111,App,47.708301871653966,1.0032911433722418,90->120,True
lonestar,112,App,47.80485737447976,1.0020238721362489,90->120,True
lonestar,113,App,47.923115639968515,1.0024737709091438,90->120,True
lonestar,114,App,47.99826883559777,1.0015682034572597,90->120,True
lonestar,115,App,48.06427940461435,1.0013752697882226,90->120,True
lonestar,116,App,48.116157133853136,1.0010793406222127,90->120,True
lonestar,117,App,48.21818897489857,1.0021205317947897,90->120,True
lonestar,118,App,48.36411932603821,1.0030264585676498,90->120,True
lonestar,119,App,48.475218794158266,1.0022971465141566,90->120,True
lonestar,120,App,48.7069015134463,1.0047794053343386,90->120,True
lonestar,121,App,48.79508600785847,1.00181051332916,120->150,True
lonestar,122,App,48.87811301773159,1.0017015444928152,120->150,True
lonestar,123,App,48.988212206649045,1.0022525253558277,120->150,True
lonestar,124,App,49.16137225806371,1.0035347289401828,120->150,True
lonestar,125,App,49.22999522951336,1.0013958717647145,120->150,True
lonestar,126,App,49.37938876520242,1.0030346039034248,120->150,True
lonestar,127,App,49.54244649686569,1.0033021415562393,120->150,True
lonestar,128,App,49.67853763578229,1.0027469604054617,120->150,True
lonestar,129,App,49.80127912252048,1.0024707145697014,120->150,True
lonestar,130,App,49.955035661236224,1.0030874013966082,120->150,True
lonestar,131,App,50.21702406196901,1.005244484310039,120->150,True
lonestar,132,App,50.56533627550506,1.0069361380934525,120->150,True
lonestar,133,App,50.717761540831546,1.003014422063684,120->150,True
lonestar,134,App,50.9707507401954,1.0049881775472322,120->150,True
lonestar,135,App,51.11011062414483,1.0027341147996773,120->150,True
lonestar,136,App,51.24089882047595,1.0025589495842204,120->150,True
lonestar,137,App,51.370258279143066,1.0025245353154388,120->150,True
lonestar,138,App,51.47617314953758,1.0020617936125409,120->150,True
lonestar,139,App,51.61153773658783,1.0026296552126557,120->150,True
lonestar,140,App,51.70149209362565,1.0017429117786982,120->150,True
lonestar,141,App,51.826759529484534,1.0024228978852687,120->150,True
lonestar,142,App,51.99772663471724,1.0032988191194057,120->150,True
lonestar,143,App,52.10452975907028,1.0020539960353139,120->150,True
lonestar,144,App,52.18015834445071,1.0014514781292554,120->150,True
lonestar,145,App,52.348599500562706,1.0032280690871056,120->150,True
lonestar,146,App,52.54022238675177,1.003660516002668,120->150,True
lonestar,147,App,52.66872238772333,1.002445745281123,120->150,True
lonestar,148,App,52.88545118505014,1.0041149431294603,120->150,True
lonestar,149,App,53.04451583491138,1.003007720389955,120->150,True
lonestar,150,App,53.140684277830495,1.0018129761654988,120->150,True
lonestar,151,App,53.27970094136788,1.0026160119205574,150->180,True
lonestar,152,App,53.356689117845114,1.0014449813928565,150->180,True
lonestar,153,App,53.42680741340938,1.0013141425512628,150->180,True
lonestar,154,App,53.52293156731922,1.0017991745822663,150->180,True
lonestar,155,App,53.68162238508,1.002964912666661,150->180,True
lonestar,156,App,53.83380541738602,1.0028349186470995,150->180,True
lonestar,157,App,53.93461152877928,1.0018725429237574,150->180,True
lonestar,158,App,54.125990265710534,1.0035483473692794,150->180,True
lonestar,159,App,54.296881262363925,1.003157281664769,150->180,True
lonestar,160,App,54.63697738978421,1.0062636401854634,150->180,True
lonestar,161,App,54.79314347213061,1.0028582489333606,150->180,True
lonestar,162,App,54.869581733061565,1.0013950333214563,150->180,True
lonestar,163,App,54.94827925293629,1.001434264985973,150->180,True
lonestar,164,App,55.07438057647656,1.0022949094176326,150->180,True
lonestar,165,App,55.191723885430264,1.0021306332949267,150->180,True
lonestar,166,App,55.45372297546886,1.0047470720534561,150->180,True
lonestar,167,App,55.71943060926527,1.0047915201998963,150->180,True
lonestar,168,App,56.082829069340626,1.0065219341996459,150->180,True
lonestar,169,App,56.31168423470649,1.0040806637105077,150->180,True
lonestar,170,App,56.4963863287,1.0032799959103278,150->180,True
lonestar,171,App,56.62673346980766,1.002307176610364,150->180,True
lonestar,172,App,56.743718295227914,1.0020658939382867,150->180,True
lonestar,173,App,56.931747874915985,1.0033136633505366,150->180,True
lonestar,174,App,57.18607252779906,1.0044671850483469,150->180,True
lonestar,175,App,57.42305362091674,1.0041440351232807,150->180,True
lonestar,176,App,57.85733610460764,1.0075628594494095,150->180,True
lonestar,177,App,57.95562470443605,1.0016988096315167,150->180,True
lonestar,178,App,58.033345198660435,1.0013410345349696,150->180,True
lonestar,179,App,58.088395447064535,1.000948596849202,150->180,True
lonestar,180,App,58.351466375778685,1.004528803501792,150->180,True
lonestar,181,App,58.538965996507095,1.0032132803573595,180->270,True
lonestar,182,App,58.67912099903829,1.0023942172558968,180->270,True
lonestar,183,App,59.49929776119654,1.0139773184770728,180->270,True
lonestar,184,App,59.67488980646012,1.0029511616417446,180->270,True
lonestar,185,App,60.38310661561662,1.0118679198479195,180->270,True
lonestar,186,App,60.46511360060337,1.001358111392128,180->270,True
lonestar,187,App,61.35578587355745,1.014730349782146,180->270,True
lonestar,188,App,61.49908865435401,1.002335603378822,180->270,True
lonestar,189,App,62.63251492308871,1.0184299685334355,180->270,True
lonestar,190,App,62.78144374410345,1.0023778195909523,180->270,True
lonestar,191,App,63.630046906977675,1.0135167831809209,180->270,True
lonestar,192,App,63.681545330569584,1.0008093412797132,180->270,True
lonestar,193,App,64.06726734899048,1.006057045513243,180->270,True
lonestar,194,App,64.16802254338958,1.0015726469782185,180->270,True
lonestar,195,App,64.19990694328013,1.000496889239013,180->270,True
lonestar,196,App,64.36583306586361,1.0025845227895747,180->270,True
lonestar,197,App,64.41434846127754,1.0007537445427652,180->270,True
lonestar,198,App,64.44184770458685,1.0004269117668068,180->270,True
lonestar,199,App,64.4689911578138,1.0004212084878663,180->270,True
lonestar,200,App,64.5087572719913,1.0006168254452772,180->270,True
lonestar,201,App,64.60371291278233,1.0014719806241292,180->270,True
lonestar,202,App,64.64032599071292,1.000566733338996,180->270,True
lonestar,203,App,64.673084968195,1.0005067885562147,180->270,True
lonestar,204,App,64.72966961256981,1.0008749334348692,180->270,True
lonestar,205,App,64.86179567733176,1.0020411978858037,180->270,True
lonestar,206,App,64.96147123286032,1.0015367375276567,180->270,True
lonestar,207,App,65.02892061970002,1.0010382983260635,180->270,True
lonestar,208,App,65.07709424631567,1.0007408031097023,180->270,True
lonestar,209,App,65.12194833393656,1.000689245396408,180->270,True
lonestar,210,App,65.14856774167279,1.000408762459006,180->270,True
lonestar,211,App,65.22723590839922,1.0012075195119925,180->270,True
lonestar,212,App,65.45400388772197,1.0034765842238234,180->270,True
lonestar,213,App,65.79467727320603,1.005204775342215,180->270,True
lonestar,214,App,65.94117164878057,1.002226538401674,180->270,True
lonestar,215,App,65.97621609556002,1.0005314501684335,180->270,True
lonestar,216,App,66.02822980134015,1.0007883705501508,180->270,True
lonestar,217,App,66.09359001685895,1.0009898828988064,180->270,True
lonestar,218,App,66.17646982677674,1.001253976518701,180->270,True
lonestar,219,App,66.38887650592889,1.0032097009663428,180->270,True
lonestar,220,App,66.41199935595945,1.00034829404032,180->270,True
lonestar,221,App,66.49786569937622,1.0012929341722803,180->270,True
lonestar,222,App,66.52203138240671,1.0003634053931856,180->270,True
lonestar,223,App,66.64083897999801,1.0017859887186595,180->270,True
lonestar,224,App,66.75402229003164,1.0016984076396098,180->270,True
lonestar,225,App,66.79098590006306,1.000553728580891,180->270,True
lonestar,226,App,66.81146398539293,1.0003065995366578,180->270,True
lonestar,227,App,66.83913674209212,1.0004141917426812,180->270,True
lonestar,228,App,66.896594211398,1.0008596381118382,180->270,True
lonestar,229,App,66.92110867386883,1.0003664530722352,180->270,True
lonestar,230,App,67.03851239039635,1.0017543600046985,180->270,True
lonestar,231,App,67.21233775387181,1.0025929179702435,180->270,True
lonestar,232,App,67.45015625767287,1.003538316204265,180->270,True
lonestar,233,App,67.66641002663152,1.0032061270270822,180->270,True
lonestar,234,App,67.67866112355516,1.0001810513801281,180->270,True
lonestar,235,App,67.72630369403805,1.0007039526150778,180->270,True
lonestar,236,App,67.77975458143152,1.0007892190253722,180->270,True
lonestar,237,App,67.85771993129582,1.0011502748917545,180->270,True
lonestar,238,App,67.8724247529252,1.0002167007916605,180->270,True
lonestar,239,App,67.91639549965203,1.0006478440528226,180->270,True
lonestar,240,App,68.00225658508727,1.0012642173484558,180->270,True
lonestar,241,App,68.04816402167111,1.000675086958716,180->270,True
lonestar,242,App,68.12733520196224,1.001163457992282,180->270,True
lonestar,243,App,68.1977553483564,1.0010336547904801,180->270,True
lonestar,244,App,68.50723663484904,1.0045379981336893,180->270,True
lonestar,245,App,68.5561078203453,1.000713372599697,180->270,True
lonestar,246,App,68.71643945059968,1.0023386921362942,180->270,True
lonestar,247,App,68.90043199765941,1.0026775622912185,180->270,True
lonestar,248,App,68.96035370763401,1.0008696855482218,180->270,True
lonestar,249,App,69.08581089917783,1.0018192654880471,180->270,True
lonestar,250,App,69.16447906590427,1.001138702227021,180->270,True
lonestar,251,App,69.18987511660866,1.0003671834306767,180->270,True
lonestar,252,App,69.22403622249404,1.0004937298387633,180->270,True
lonestar,253,App,69.33548965661014,1.0016100395209242,180->270,True
lonestar,254,App,69.52597931615854,1.0027473615675295,180->270,True
lonestar,255,App,69.55768494467769,1.000456025630002,180->270,True
lonestar,256,App,69.59886019790046,1.0005919583616896,180->270,True
lonestar,257,App,69.76393978546047,1.002371871997481,180->270,True
lonestar,258,App,69.92813778478688,1.0023536228004233,180->270,True
lonestar,259,App,69.99716631874078,1.000987135309771,180->270,True
lonestar,260,App,70.04096705739867,1.0006257501690632,180->270,True
lonestar,261,App,70.1078994093897,1.0009556171880976,180->270,True
lonestar,262,App,70.12173315874854,1.0001973208365302,180->270,True
lonestar,263,App,70.3083582018854,1.0026614436741652,180->270,True
lonestar,264,App,70.4180589754974,1.0015602806894879,180->270,True
lonestar,265,App,70.55510125297334,1.001946124040761,180->270,True
lonestar,266,App,70.72685146641193,1.0024342706677265,180->270,True
lonestar,267,App,70.88000595190204,1.0021654362143186,180->270,True
lonestar,268,App,71.1989516051168,1.004499797212647,180->270,True
lonestar,269,App,71.35948479132915,1.0022547127814845,180->270,True
lonestar,270,App,71.51528053619892,1.0021832520978164,180->270,True
lonestar,271,App,71.70035821755603,1.0025879459602125,270->365,True
lonestar,272,App,71.90552127359231,1.002861395132975,270->365,True
lonestar,273,App,72.01286948588138,1.0014929063914386,270->365,True
lonestar,274,App,72.60930271041742,1.0082823143806674,270->365,True
lonestar,275,App,72.65068368219042,1.0005699128104566,270->365,True
lonestar,276,App,72.73915809140387,1.0012178055969918,270->365,True
lonestar,277,App,72.79822288167084,1.000812008164746,270->365,True
lonestar,278,App,73.38575550724413,1.0080707001121207,270->365,True
lonestar,279,App,73.40705245352683,1.0002902054511191,270->365,True
lonestar,280,App,73.5287115121397,1.0016573211230608,270->365,True
lonestar,281,App,73.58683052101011,1.0007904260482088,270->365,True
lonestar,282,App,73.61622260050133,1.000399420375672,270->365,True
lonestar,283,App,73.675147075126,1.0008004278478733,270->365,True
lonestar,284,App,73.7854715980581,1.001497445574416,270->365,True
lonestar,285,App,73.86085347849566,1.0010216358153567,270->365,True
lonestar,286,App,73.92221188983837,1.0008307297905863,270->365,True
lonestar,287,App,73.98316284614292,1.0008245283081543,270->365,True
lonestar,288,App,74.12785255873395,1.0019557113676247,270->365,True
lonestar,289,App,74.20927340854507,1.0010983840351588,270->365,True
lonestar,290,App,74.25901260535585,1.0006702558120593,270->365,True
lonestar,291,App,74.33830173675538,1.0010677374855617,270->365,True
lonestar,292,App,74.41219950943807,1.0009940739962606,270->365,True
lonestar,293,App,74.45371270172014,1.0005578815376477,270->365,True
lonestar,294,App,74.53906913545946,1.001146436230538,270->365,True
lonestar,295,App,74.6588055999353,1.001606358462275,270->365,True
lonestar,296,App,74.71377830036538,1.0007363190448646,270->365,True
lonestar,297,App,74.77500179282124,1.0008194404546071,270->365,True
lonestar,298,App,74.79279489561354,1.0002379552305676,270->365,True
lonestar,299,App,74.85496282027711,1.0008312020529562,270->365,True
lonestar,300,App,74.97296557705744,1.0015764186145366,270->365,True
lonestar,301,App,75.15733358506995,1.0024591265210527,270->365,True
lonestar,302,App,75.21031488273073,1.0007049384954672,270->365,True
lonestar,303,App,75.27759893158206,1.0008946119818305,270->365,True
lonestar,304,App,75.37750771645253,1.00132720472343,270->365,True
lonestar,305,App,75.59625575520157,1.002902033317046,270->365,True
lonestar,306,App,75.70278500984772,1.0014091869178166,270->365,True
lonestar,307,App,75.77449844575297,1.0009473024789766,270->365,True
lonestar,308,App,75.84226550421909,1.0008943253978069,270->365,True
lonestar,309,App,75.8976753418424,1.000730593123174,270->365,True
lonestar,310,App,76.00651170945298,1.0014339881573497,270->365,True
lonestar,311,App,76.05625900139695,1.000654513551867,270->365,True
lonestar,312,App,76.14541340179991,1.0011722164825556,270->365,True
lonestar,313,App,76.18209110117878,1.0004816796933695,270->365,True
lonestar,314,App,76.29210261229349,1.0014440600083896,270->365,True
lonestar,315,App,76.36054021762703,1.0008970470466823,270->365,True
lonestar,316,App,76.42297393249761,1.0008176175115138,270->365,True
lonestar,317,App,76.47354827721772,1.0006617688650115,270->365,True
lonestar,318,App,76.5621441134293,1.001158516090955,270->365,True
lonestar,319,App,76.66100188017151,1.0012912094859276,270->365,True
lonestar,320,App,76.77479921525004,1.0014844227480408,270->365,True
lonestar,321,App,76.82667687641673,1.0006757121047134,270->365,True
lonestar,322,App,76.87935460658221,1.000685669773928,270->365,True
lonestar,323,App,76.90266859022269,1.0003032541539896,270->365,True
lonestar,324,App,76.93610553794042,1.0004347956752437,270->365,True
lonestar,325,App,77.0344371210241,1.0012780941067414,270->365,True
lonestar,326,App,77.10496596910318,1.0009155495998274,270->365,True
lonestar,327,App,77.167274209409,1.0008080963336499,270->365,True
lonestar,328,App,77.24238220450636,1.000973314087699,270->365,True
lonestar,329,App,77.30222277837247,1.000774711656454,270->365,True
lonestar,330,App,77.37638094450672,1.0009593277330053,270->365,True
lonestar,331,App,77.41750152282816,1.0005314357924149,270->365,True
lonestar,332,App,77.4789854087356,1.000794185871386,270->365,True
lonestar,333,App,77.5220069941722,1.0005552677956435,270->365,True
lonestar,334,App,77.58619600376015,1.000828010162234,270->365,True
lonestar,335,App,77.62811800026923,1.0005403280308658,270->365,True
lonestar,336,App,77.80900375181322,1.0023301576310708,270->365,True
lonestar,337,App,77.84189292885051,1.0004226911469294,270->365,True
lonestar,338,App,77.9018913578142,1.0007707729951856,270->365,True
lonestar,339,App,78.01032566714208,1.0013919342321207,270->365,True
lonestar,340,App,78.08476851212747,1.000954269122052,270->365,True
lonestar,341,App,78.12873992652719,1.0005631240924135,270->365,True
lonestar,342,App,78.20844595728698,1.0010201883562277,270->365,True
lonestar,343,App,78.30081142719598,1.0011810165612989,270->365,True
lonestar,344,App,78.35852567940601,1.0007370837052396,270->365,True
lonestar,345,App,78.45157923563774,1.0011875358223614,270->365,True
lonestar,346,App,78.4894658082424,1.0004829293810755,270->365,True
lonestar,347,App,78.57889004641898,1.001139315158483,270->365,True
lonestar,348,App,78.65361082431119,1.00095090141701,270->365,True
lonestar,349,App,78.80995348115586,1.001987736547708,270->365,True
lonestar,350,App,78.88424926455463,1.0009427208127528,270->365,True
lonestar,351,App,79.0577050330021,1.0021988644129165,270->365,True
lonestar,352,App,79.11419961847535,1.000714599360678,270->365,True
lonestar,353,App,79.21022004102802,1.0012136939135543,270->365,True
lonestar,354,App,79.3155606602814,1.0013298867140985,270->365,True
lonestar,355,App,79.6277076476124,1.0039355075439478,270->365,True
lonestar,356,App,79.66329385319698,1.000446907322035,270->365,True
lonestar,357,App,79.76498761493991,1.0012765447777032,270->365,True
lonestar,358,App,79.85642619209655,1.0011463497944493,270->365,True
lonestar,359,App,79.93114292242215,1.0009356382934778,270->365,True
lonestar,360,App,79.99410147176242,1.0007876598161667,270->365,True
lonestar,361,App,80.13843364930341,1.0018042852521063,270->365,True
lonestar,362,App,80.24930459372706,1.0013834927808651,270->365,True
lonestar,363,App,80.32212706288189,1.000907452962035,270->365,True
lonestar,364,App,80.40548130034098,1.0010377493787463,270->365,True
lonestar,365,App,80.5091880518751,1.00128979703693,270->365,True
