brand,day,population,ARPU_nominal,growth_step,effective_patch,is_extrapolated
realprize,1,Web,6.972201469723691,,1->7,False
realprize,2,Web,9.321034019204385,1.3368853524500601,1->7,False
realprize,3,Web,10.302941994904954,1.105343245575278,1->7,False
realprize,4,Web,11.317099431706831,1.0984337713735943,1->7,False
realprize,5,Web,12.017015657456392,1.0618459022979532,1->7,False
realprize,6,Web,12.613215539878496,1.0496129737546085,1->7,False
realprize,7,Web,13.20890625122476,1.047227505901481,1->7,False
realprize,8,Web,14.05793603816405,1.0642770696370538,7->14,False
realprize,9,Web,14.556127673061216,1.0354384621999055,7->14,False
realprize,10,Web,15.320057372534086,1.0524816569785014,7->14,False
realprize,11,Web,15.66401589699219,1.022451516733531,7->14,False
realprize,12,Web,16.073214540504125,1.0261234823944803,7->14,False
realprize,13,Web,16.436347411683286,1.0225924235792458,7->14,False
realprize,14,Web,16.781139681273512,1.0209774264898501,7->14,False
realprize,15,Web,17.072541711093773,1.0173648533624593,14->30,False
realprize,16,Web,17.61300516707818,1.0316568830306745,14->30,False
realprize,17,Web,17.89134795254706,1.0158032534952723,14->30,False
realprize,18,Web,18.362467438272017,1.026332252157551,14->30,False
realprize,19,Web,18.564167831937326,1.0109843840073973,14->30,False
realprize,20,Web,18.834116238655213,1.0145413685742204,14->30,False
realprize,21,Web,19.08140704694224,1.0131299395816347,14->30,False
realprize,22,Web,19.80771537945361,1.0380636674604016,14->30,False
realprize,23,Web,20.077287576209198,1.0136094542753382,14->30,False
realprize,24,Web,20.27116605268508,1.0096566070361825,14->30,False
realprize,25,Web,20.602325734078384,1.0163364890077176,14->30,False
realprize,26,Web,21.12428347891412,1.0253348943013925,14->30,False
realprize,27,Web,21.44792559904649,1.015320856702923,14->30,False
realprize,28,Web,21.65644557414693,1.0097221511766952,14->30,False
realprize,29,Web,21.881791289809335,1.010405480201766,14->30,False
realprize,30,Web,22.123352094505766,1.0110393523773773,14->30,False
realprize,31,Web,22.16461579801307,1.0018651650677093,30->60,False
realprize,32,Web,22.44507310996859,1.0126533802575843,30->60,False
realprize,33,Web,22.743223305532474,1.0132835475341564,30->60,False
realprize,34,Web,23.41564356237074,1.0295657413113775,30->60,False
realprize,35,Web,23.74920906251963,1.0142454124423441,30->60,False
realprize,36,Web,24.028086125271404,1.0117425831747757,30->60,False
realprize,37,Web,24.456245047383177,1.0178191021906426,30->60,False
realprize,38,Web,24.530044162066783,1.003017597940347,30->60,False
realprize,39,Web,24.705747197366144,1.0071627688127471,30->60,False
realprize,40,Web,25.1571177649784,1.0182698610168073,30->60,False
realprize,41,Web,25.563108892185213,1.0161382210394547,30->60,False
realprize,42,Web,25.81971522230352,1.0100381503361178,30->60,False
realprize,43,Web,25.997118428521908,1.00687084286914,30->60,False
realprize,44,Web,26.395091489418355,1.015308352808049,30->60,False
realprize,45,Web,26.72288243406569,1.0124186326377669,30->60,False
realprize,46,Web,27.16284153481108,1.0164637591708499,30->60,False
realprize,47,Web,27.55465029463133,1.0144244393326125,30->60,False
realprize,48,Web,28.090664917070175,1.019452782623167,30->60,False
realprize,49,Web,28.448007998696074,1.012721061700777,30->60,False
realprize,50,Web,28.507053197916623,1.002075547757975,30->60,False
realprize,51,Web,28.507053197916623,1.0,30->60,False
realprize,52,Web,28.514422771306076,1.0002585175443526,30->60,False
realprize,53,Web,28.691549212383542,1.0062118192781973,30->60,False
realprize,54,Web,28.896555089273065,1.0071451658246826,30->60,False
realprize,55,Web,29.182240515416705,1.0098864873429045,30->60,False
realprize,56,Web,29.2870390981253,1.0035911767176764,30->60,False
realprize,57,Web,29.4128524845675,1.0042958725196038,30->60,False
realprize,58,Web,29.61786692729382,1.006970233262275,30->60,False
realprize,59,Web,29.750711241197976,1.0044852762094671,30->60,False
realprize,60,Web,29.796485596217526,1.0015385969985202,30->60,False
realprize,61,Web,29.89267132125467,1.0032280895921952,60->90,False
realprize,62,Web,29.89267132125467,1.0,60->90,False
realprize,63,Web,29.940740125312743,1.0016080464519708,60->90,False
realprize,64,Web,30.4698838299963,1.0176730335478983,60->90,False
realprize,65,Web,30.566069555033444,1.0031567473500655,60->90,False
realprize,66,Web,30.701910359326266,1.00444416983506,60->90,False
realprize,67,Web,30.701910359326266,1.0,60->90,False
realprize,68,Web,30.97598434122299,1.0089269357733457,60->90,False
realprize,69,Web,30.99999468479154,1.000775127702289,60->90,False
realprize,70,Web,30.99999468479154,1.0,60->90,False
realprize,71,Web,30.99999468479154,1.0,60->90,False
realprize,72,Web,31.144297330807742,1.0046549248631644,60->90,False
realprize,73,Web,31.144297330807742,1.0,60->90,False
realprize,74,Web,31.216376478434373,1.0023143610164333,60->90,False
realprize,75,Web,31.45686484948771,1.0077039169238453,60->90,False
realprize,76,Web,31.504020875554815,1.0014990694811048,60->90,False
realprize,77,Web,31.504020875554815,1.0,60->90,False
realprize,78,Web,31.504020875554815,1.0,60->90,False
realprize,79,Web,31.504020875554815,1.0,60->90,False
realprize,80,Web,31.537618734207868,1.00106646255682,60->90,False
realprize,81,Web,31.96049993653918,1.0134087866904367,60->90,False
realprize,82,Web,32.109455249795005,1.0046606064846166,60->90,False
realprize,83,Web,32.109455249795005,1.0,60->90,False
realprize,84,Web,32.148108168239965,1.001203786179001,60->90,False
realprize,85,Web,32.27153103154371,1.0038391952228678,60->90,False
realprize,86,Web,32.38253614551552,1.003439722579735,60->90,False
realprize,87,Web,32.406520882951675,1.0007406689003102,60->90,False
realprize,88,Web,32.449637654233705,1.0013304967675414,60->90,False
realprize,89,Web,32.449637654233705,1.0,60->90,False
realprize,90,Web,32.449637654233705,1.0,60->90,False
realprize,91,Web,32.84404664442104,1.0121544959728042,90->120,False
realprize,92,Web,32.98323616684653,1.004237891997061,90->120,False
realprize,93,Web,33.894073558335826,1.0276151614378226,90->120,False
realprize,94,Web,33.90795073979805,1.0004094279620401,90->120,False
realprize,95,Web,33.96355228960323,1.0016397791253104,90->120,False
realprize,96,Web,34.04226700451942,1.0023176231462774,90->120,False
realprize,97,Web,34.167440109548274,1.0036769908717371,90->120,False
realprize,98,Web,34.39476597845126,1.0066532894525937,90->120,False
realprize,99,Web,34.668461126468905,1.0079574650453826,90->120,False
realprize,100,Web,35.215983232522106,1.015793089403532,90->120,False
realprize,101,Web,35.364362326618235,1.0042134019975084,90->120,False
realprize,102,Web,35.503359866271246,1.0039304410007244,90->120,False
realprize,103,Web,36.01780839862275,1.0144901365473367,90->120,False
realprize,104,Web,36.14285054820386,1.0034716756832405,90->120,False
realprize,105,Web,36.27716538221812,1.0037162213820165,90->120,False
realprize,106,Web,36.72675148695971,1.012393088048769,90->120,False
realprize,107,Web,37.31983238330437,1.016148471409328,90->120,False
realprize,108,Web,37.77400846684037,1.0121698318168004,90->120,False
realprize,109,Web,38.11138118091411,1.0089313453288893,90->120,False
realprize,110,Web,38.11138118091411,1.0,90->120,False
realprize,111,Web,38.21784130665226,1.0027933945829144,90->120,False
realprize,112,Web,38.31036298182615,1.002420902699122,90->120,False
realprize,113,Web,38.379680146775016,1.0018093580836533,90->120,False
realprize,114,Web,38.50466313040584,1.00325648841139,90->120,False
realprize,115,Web,38.81231622321696,1.0079900216700812,90->120,False
realprize,116,Web,38.81231622321696,1.0,90->120,False
realprize,117,Web,39.04078456160835,1.005886490697371,90->120,False
realprize,118,Web,39.11015266441641,1.001776811188274,90->120,False
realprize,119,Web,39.11015266441641,1.0,90->120,False
realprize,120,Web,39.11015266441641,1.0,90->120,False
realprize,121,Web,39.20165528759346,1.0023396130401787,120->150,False
realprize,122,Web,39.35176647645638,1.0038292053680302,120->150,False
realprize,123,Web,39.80687993788036,1.0115652612874766,120->150,False
realprize,124,Web,39.99906108779965,1.0048278375551964,120->150,False
realprize,125,Web,40.37058444871771,1.0092883020454542,120->150,False
realprize,126,Web,40.443753579941145,1.0018124367586598,120->150,False
realprize,127,Web,40.48032898796449,1.0009043524595473,120->150,False
realprize,128,Web,40.59016510309515,1.0027133207134586,120->150,False
realprize,129,Web,40.855263367405435,1.0065310959843834,120->150,False
realprize,130,Web,40.96511779771288,1.0026888684897106,120->150,False
realprize,131,Web,41.05295738553457,1.0021442532706837,120->150,False
realprize,132,Web,41.37521292092294,1.0078497520254637,120->150,False
realprize,133,Web,41.541626814938446,1.0040220673748208,120->150,False
realprize,134,Web,41.658770685603066,1.002819915339052,120->150,False
realprize,135,Web,41.658770685603066,1.0,120->150,False
realprize,136,Web,41.75941258199177,1.002415863327995,120->150,False
realprize,137,Web,41.82885732201764,1.001662972147645,120->150,False
realprize,138,Web,42.09390210601177,1.0063364098606302,120->150,False
realprize,139,Web,42.29134557252258,1.0046905479566508,120->150,False
realprize,140,Web,42.48359998314899,1.0045459516131197,120->150,False
realprize,141,Web,42.508294335997185,1.0005812678976826,120->150,False
realprize,142,Web,42.51743360920882,1.000214999763091,120->150,False
realprize,143,Web,42.572360824362555,1.001291875131942,120->150,False
realprize,144,Web,42.663918393069935,1.0021506340483468,120->150,False
realprize,145,Web,42.6913728430584,1.0006435051214828,120->150,False
realprize,146,Web,42.816765136736244,1.002937181105391,120->150,False
realprize,147,Web,42.973818510204644,1.003668034541303,120->150,False
realprize,148,Web,43.09926574941281,1.0029191550473546,120->150,False
realprize,149,Web,43.245469212158625,1.0033922495013226,120->150,False
realprize,150,Web,43.520141918280785,1.0063514793833,120->150,False
realprize,151,Web,43.69696085901019,1.0040629219698185,150->180,False
realprize,152,Web,43.98788210924194,1.0066576998608763,150->180,False
realprize,153,Web,44.234252991554115,1.0056008807539387,150->180,False
realprize,154,Web,44.29511335745119,1.0013758651221871,150->180,False
realprize,155,Web,44.439080269059346,1.0032501759380628,150->180,False
realprize,156,Web,44.45356300585266,1.0003259009121166,150->180,False
realprize,157,Web,44.66827711989122,1.0048300765904927,150->180,False
realprize,158,Web,44.823653489005736,1.0034784500126896,150->180,False
realprize,159,Web,44.89131049306415,1.0015094040488022,150->180,False
realprize,160,Web,45.03821649144477,1.003272481840407,150->180,False
realprize,161,Web,45.15419440237429,1.00257509999206,150->180,False
realprize,162,Web,45.46640469560928,1.0069143143259927,150->180,False
realprize,163,Web,45.73224702778908,1.005847005804826,150->180,False
realprize,164,Web,46.1759524499464,1.0097022440617822,150->180,False
realprize,165,Web,46.229078376968566,1.0011505106923295,150->180,False
realprize,166,Web,46.438858595768316,1.004537841249811,150->180,False
realprize,167,Web,46.519483450085886,1.00173615064529,150->180,False
realprize,168,Web,46.71958305182883,1.0043014149535354,150->180,False
realprize,169,Web,46.76589638840946,1.000991304578409,150->180,False
realprize,170,Web,46.79678580366619,1.000660511561677,150->180,False
realprize,171,Web,46.964888225144534,1.0035921787915865,150->180,False
realprize,172,Web,46.96971258139276,1.000102722617482,150->180,False
realprize,173,Web,46.99386336677972,1.0005141778405628,150->180,False
realprize,174,Web,47.03765092566525,1.0009317718473958,150->180,False
realprize,175,Web,47.06662606730044,1.0006159989086398,150->180,False
realprize,176,Web,47.206774099714096,1.002977651982389,150->180,False
realprize,177,Web,47.32756698888471,1.0025588041435636,150->180,False
realprize,178,Web,47.37313656248703,1.000962854769463,150->180,False
realprize,179,Web,47.40049578648029,1.0005775261251104,150->180,False
realprize,180,Web,47.40049578648029,1.0,150->180,False
realprize,181,Web,48.00038093186093,1.0126556723812103,180->270,False
realprize,182,Web,48.05917831157653,1.0012249356895535,180->270,False
realprize,183,Web,48.147746286822304,1.001842894080951,180->270,False
realprize,184,Web,48.30499629846968,1.0032659890394582,180->270,False
realprize,185,Web,48.36008148940601,1.001140362181087,180->270,False
realprize,186,Web,48.473338869776754,1.002341960081179,180->270,False
realprize,187,Web,48.55779644504769,1.0017423510993917,180->270,False
realprize,188,Web,48.8343108004691,1.0056945408495694,180->270,False
realprize,189,Web,48.94930869938655,1.0023548586441062,180->270,False
realprize,190,Web,49.064570949374264,1.0023547268194446,180->270,False
realprize,191,Web,49.18017530074703,1.0023561675794954,180->270,False
realprize,192,Web,49.24800726704035,1.001379254260045,180->270,False
realprize,193,Web,49.306009001868,1.0011777478530886,180->270,False
realprize,194,Web,49.357269784404025,1.001039645746507,180->270,False
realprize,195,Web,49.44659193770319,1.0018097061221038,180->270,False
realprize,196,Web,49.52530894806603,1.0015919602803367,180->270,False
realprize,197,Web,49.591072755986126,1.0013278828404495,180->270,False
realprize,198,Web,49.67706201245828,1.0017339664518907,180->270,False
realprize,199,Web,49.773925946291335,1.0019498724342588,180->270,False
realprize,200,Web,49.825197095536,1.0010300804742625,180->270,False
realprize,201,Web,49.93995656015479,1.0023032415586586,180->270,False
realprize,202,Web,49.98139747793381,1.0008298148543462,180->270,False
realprize,203,Web,50.07516435756136,1.0018760355724137,180->270,False
realprize,204,Web,50.173832098697375,1.0019703927566064,180->270,False
realprize,205,Web,50.269138434557625,1.0018995227566587,180->270,False
realprize,206,Web,50.35980048494821,1.0018035330068091,180->270,False
realprize,207,Web,50.41367108638377,1.0010697143538458,180->270,False
realprize,208,Web,50.45795507400666,1.0008784122772374,180->270,False
realprize,209,Web,50.51156391604913,1.001062445792023,180->270,False
realprize,210,Web,50.55636623910388,1.0008869716077138,180->270,False
realprize,211,Web,50.613854821853984,1.001137118567387,180->270,False
realprize,212,Web,50.67599546510523,1.0012277397852813,180->270,False
realprize,213,Web,50.74282186066068,1.0013186992172944,180->270,False
realprize,214,Web,50.82232933255715,1.0015668713126518,180->270,False
realprize,215,Web,50.92643182069645,1.0020483612126099,180->270,False
realprize,216,Web,51.014738036549126,1.0017339957404356,180->270,False
realprize,217,Web,51.0823367518981,1.001325082083153,180->270,False
realprize,218,Web,51.13516809079273,1.0010342388828302,180->270,False
realprize,219,Web,51.25484915033724,1.0023404843283592,180->270,False
realprize,220,Web,51.37349872237232,1.002314894570991,180->270,False
realprize,221,Web,51.4696007031205,1.0018706528295362,180->270,False
realprize,222,Web,51.49754934960761,1.0005430126930326,180->270,False
realprize,223,Web,51.53717609337503,1.000769487951716,180->270,False
realprize,224,Web,51.59336883754542,1.0010903341709794,180->270,False
realprize,225,Web,51.668719259278184,1.0014604671768967,180->270,False
realprize,226,Web,51.73345935472031,1.0012529843272726,180->270,False
realprize,227,Web,51.80934107027077,1.0014667821656804,180->270,False
realprize,228,Web,52.01685147707063,1.004005270140734,180->270,False
realprize,229,Web,52.08858910084317,1.0013791227599418,180->270,False
realprize,230,Web,52.16266700909066,1.0014221523279134,180->270,False
realprize,231,Web,52.22819756606642,1.0012562731304429,180->270,False
realprize,232,Web,52.26808347754979,1.0007636853910746,180->270,False
realprize,233,Web,52.36574305627078,1.0018684361894183,180->270,False
realprize,234,Web,52.48878292941391,1.0023496252695376,180->270,False
realprize,235,Web,52.52295678443793,1.0006510696784487,180->270,False
realprize,236,Web,52.61413976193756,1.001736059488689,180->270,False
realprize,237,Web,52.6804555970926,1.001260418500713,180->270,False
realprize,238,Web,52.80817603918563,1.0024244369310291,180->270,False
realprize,239,Web,52.909961567944414,1.0019274577611477,180->270,False
realprize,240,Web,52.96668560593248,1.0010720861687874,180->270,False
realprize,241,Web,53.07988747257846,1.0021372276809652,180->270,False
realprize,242,Web,53.1295498641432,1.000935615991846,180->270,False
realprize,243,Web,53.177480341529396,1.0009021434871697,180->270,False
realprize,244,Web,53.251029547636364,1.001383089338468,180->270,False
realprize,245,Web,53.320963364105964,1.001313285716045,180->270,False
realprize,246,Web,53.37625316795401,1.0010369243231878,180->270,False
realprize,247,Web,53.50527763832656,1.0024172635341517,180->270,False
realprize,248,Web,53.574954878757374,1.0013022498621875,180->270,False
realprize,249,Web,53.648003891172586,1.0013634918140486,180->270,False
realprize,250,Web,53.73840936552439,1.0016851600766954,180->270,False
realprize,251,Web,53.87959616213771,1.002627297649489,180->270,False
realprize,252,Web,53.934775560538775,1.0010241242015812,180->270,False
realprize,253,Web,53.968169320737815,1.000619150814145,180->270,False
realprize,254,Web,54.126558529997375,1.002934863480698,180->270,False
realprize,255,Web,54.19649493814414,1.0012920904274378,180->270,False
realprize,256,Web,54.23430232454566,1.0006975983676558,180->270,False
realprize,257,Web,54.2721200776558,1.0006973032101314,180->270,False
realprize,258,Web,54.3366191471221,1.001188438361612,180->270,False
realprize,259,Web,54.359920916462386,1.0004288409861717,180->270,False
realprize,260,Web,54.4648268245211,1.001929839232473,180->270,False
realprize,261,Web,54.51637269154466,1.000946406516441,180->270,False
realprize,262,Web,54.56532428973165,1.0008979247108747,180->270,False
realprize,263,Web,54.58396881521645,1.000341691829518,180->270,False
realprize,264,Web,54.6492246544133,1.0011955129063217,180->270,False
realprize,265,Web,54.73448751561122,1.0015601842795958,180->270,False
realprize,266,Web,54.78213550018702,1.0008705294730713,180->270,False
realprize,267,Web,54.915277730897536,1.0024303950456634,180->270,False
realprize,268,Web,55.112707031882714,1.0035951616588856,180->270,False
realprize,269,Web,55.325649594008716,1.0038637652475102,180->270,False
realprize,270,Web,55.407533893028074,1.0014800422520158,180->270,False
realprize,271,Web,55.631096586693204,1.004034878976869,270->365,False
realprize,272,Web,55.80978303602352,1.003211988623159,270->365,False
realprize,273,Web,55.95939771640889,1.0026807966676523,270->365,False
realprize,274,Web,56.33949815446131,1.0067924326129938,270->365,False
realprize,275,Web,56.86793575722143,1.0093795227162186,270->365,False
realprize,276,Web,57.339820494856,1.0082979051613394,270->365,False
realprize,277,Web,57.3798085205199,1.0006973866558841,270->365,False
realprize,278,Web,57.459232052691945,1.0013841721368526,270->365,False
realprize,279,Web,57.647020125493974,1.003268196703879,270->365,False
realprize,280,Web,57.72855673489511,1.001414411520728,270->365,False
realprize,281,Web,57.87257686558616,1.0024947814190546,270->365,False
realprize,282,Web,57.99000248577719,1.0020290373532832,270->365,False
realprize,283,Web,58.06620208856473,1.0013140127525642,270->365,False
realprize,284,Web,58.12964183416427,1.0010925416734295,270->365,False
realprize,285,Web,58.3001659527874,1.0029335140083886,270->365,False
realprize,286,Web,58.42249891613555,1.0020983295904717,270->365,False
realprize,287,Web,58.655725850156905,1.003992073915841,270->365,False
realprize,288,Web,58.74364748801503,1.0014989438214903,270->365,False
realprize,289,Web,58.86752825977907,1.0021088369051192,270->365,False
realprize,290,Web,59.028110195513314,1.0027278525272134,270->365,False
realprize,291,Web,59.08212284438544,1.0009150326631366,270->365,False
realprize,292,Web,59.17819661322478,1.0016261055665245,270->365,False
realprize,293,Web,59.232199062370945,1.0009125396216298,270->365,False
realprize,294,Web,59.59819837927035,1.0061790600837563,270->365,False
realprize,295,Web,59.75951979513737,1.0027068169886681,270->365,False
realprize,296,Web,59.803354035467166,1.0007335105850927,270->365,False
realprize,297,Web,59.86835178920857,1.0010868579996843,270->365,False
realprize,298,Web,59.89510822035838,1.000446921125272,270->365,False
realprize,299,Web,59.985607838955346,1.0015109684461043,270->365,False
realprize,300,Web,60.02500004762674,1.000656694332033,270->365,False
realprize,301,Web,60.068068390533455,1.000717506753395,270->365,False
realprize,302,Web,60.108198396382846,1.0006680755170698,270->365,False
realprize,303,Web,60.157123931927636,1.0008139577769766,270->365,False
realprize,304,Web,60.183362726984484,1.0004361710358118,270->365,False
realprize,305,Web,60.24148076555939,1.000965682805704,270->365,False
realprize,306,Web,60.41404992923941,1.0028646235365895,270->365,False
realprize,307,Web,60.51780664166539,1.0017174268658946,270->365,False
realprize,308,Web,60.53690817847499,1.000315634981993,270->365,False
realprize,309,Web,60.57283671320298,1.00059349801318,270->365,False
realprize,310,Web,60.62375530070155,1.0008406175153999,270->365,False
realprize,311,Web,60.70033680672873,1.0012632260348657,270->365,False
realprize,312,Web,60.77986407011385,1.001310161814066,270->365,False
realprize,313,Web,60.83746702252729,1.0009477308528856,270->365,False
realprize,314,Web,60.924896523607394,1.001437099625593,270->365,False
realprize,315,Web,61.005948646025004,1.001330361265139,270->365,False
realprize,316,Web,61.12546342508775,1.0019590676272605,270->365,False
realprize,317,Web,61.192480724571126,1.0010963892251796,270->365,False
realprize,318,Web,61.287552370333955,1.001553649151613,270->365,False
realprize,319,Web,61.35432232646258,1.0010894537886774,270->365,False
realprize,320,Web,61.388726002158116,1.0005607376039862,270->365,False
realprize,321,Web,61.47998040047681,1.0014865009304068,270->365,False
realprize,322,Web,61.52992080875557,1.0008123035816447,270->365,False
realprize,323,Web,61.60909516162217,1.0012867618197119,270->365,False
realprize,324,Web,61.64553113271716,1.0005914057169547,270->365,False
realprize,325,Web,61.71765594497984,1.0011699925515671,270->365,False
realprize,326,Web,61.77217858015044,1.0008834203816686,270->365,False
realprize,327,Web,61.82213173808667,1.000808667576317,270->365,False
realprize,328,Web,61.82926389647092,1.000115365778949,270->365,False
realprize,329,Web,61.895011330071085,1.0010633707965577,270->365,False
realprize,330,Web,62.00485217903793,1.0017746316965852,270->365,False
realprize,331,Web,62.11289532630264,1.0017424950381744,270->365,False
realprize,332,Web,62.16794834722366,1.0008863380242026,270->365,False
realprize,333,Web,62.2410905821518,1.0011765264396313,270->365,False
realprize,334,Web,62.37851404007201,1.0022079217545012,270->365,False
realprize,335,Web,62.42286499851942,1.000710997354296,270->365,False
realprize,336,Web,62.45597330901682,1.000530387551071,270->365,False
realprize,337,Web,62.4895941557442,1.0005383127497034,270->365,False
realprize,338,Web,62.514292792179646,1.0003952439885253,270->365,False
realprize,339,Web,62.53085204729133,1.0002648875060738,270->365,False
realprize,340,Web,62.56066584630054,1.0004767854272425,270->365,False
realprize,341,Web,62.604406937632895,1.000699178800939,270->365,False
realprize,342,Web,62.61918634056287,1.000236076079192,270->365,False
realprize,343,Web,62.63447827972281,1.0002442053315221,270->365,False
realprize,344,Web,62.69030647981754,1.000891333361881,270->365,False
realprize,345,Web,62.76803604150054,1.0012398976181114,270->365,False
realprize,346,Web,62.78460294640669,1.000263938557759,270->365,False
realprize,347,Web,62.84552080976025,1.000970267557566,270->365,False
realprize,348,Web,62.85673285853236,1.0001784064898762,270->365,False
realprize,349,Web,62.89673363385372,1.0006363801219416,270->365,False
realprize,350,Web,62.92706506895588,1.0004822418168602,270->365,False
realprize,351,Web,62.95049638943961,1.0003723567984308,270->365,False
realprize,352,Web,63.027120275328166,1.0012172086049096,270->365,False
realprize,353,Web,63.04902928671091,1.0003476124450401,270->365,False
realprize,354,Web,63.059726249321564,1.000169661019871,270->365,False
realprize,355,Web,63.08826508258455,1.0004525683024716,270->365,False
realprize,356,Web,63.120616063428706,1.0005127891978296,270->365,False
realprize,357,Web,63.18382121533096,1.0010013392746158,270->365,False
realprize,358,Web,63.331982103274605,1.002344918130841,270->365,False
realprize,359,Web,63.3686756174503,1.0005793836377308,270->365,False
realprize,360,Web,63.39721445071331,1.000450361838636,270->365,False
realprize,361,Web,63.43544047371594,1.0006029606085036,270->365,False
realprize,362,Web,63.44741750193578,1.000188806574533,270->365,False
realprize,363,Web,63.474600689620154,1.0004284364715639,270->365,False
realprize,364,Web,63.51283691234878,1.000602386187754,270->365,False
realprize,365,Web,63.56965703579404,1.0008946242398788,270->365,False
realprize,1,App,5.584091289782244,,1->7,False
realprize,2,App,7.850808588396526,1.4059241120864043,1->7,False
realprize,3,App,9.217340871021772,1.1740626162564933,1->7,False
realprize,4,App,10.034754073397286,1.0886821062401375,1->7,False
realprize,5,App,11.019821075072326,1.0981655349468413,1->7,False
realprize,6,App,11.626886325567224,1.0550884852266909,1->7,False
realprize,7,App,12.315922795797162,1.0592623382508493,1->7,False
realprize,8,App,12.848524442421954,1.0432449647058963,7->14,False
realprize,9,App,13.440741541025773,1.0460922264854395,7->14,False
realprize,10,App,14.032685363033078,1.0440410092107262,7->14,False
realprize,11,App,14.490973825379733,1.0326586430530214,7->14,False
realprize,12,App,14.88513109341476,1.0272001918425036,7->14,False
realprize,13,App,15.31188625231967,1.0286698958999232,7->14,False
realprize,14,App,15.624957625076323,1.020446296922381,7->14,False
realprize,15,App,16.094147127997424,1.0300282096233082,14->30,False
realprize,16,App,16.704208373087884,1.0379057827816918,14->30,False
realprize,17,App,17.304217424583612,1.0359196340284165,14->30,False
realprize,18,App,18.001962337897908,1.0403222460856871,14->30,False
realprize,19,App,18.5716630504008,1.0316465895111642,14->30,False
realprize,20,App,19.03803231373256,1.0251118740452108,14->30,False
realprize,21,App,19.524370494229842,1.0255456116726136,14->30,False
realprize,22,App,20.055395508079293,1.027198060700927,14->30,False
realprize,23,App,20.495135178522922,1.021926252726678,14->30,False
realprize,24,App,20.950568713558344,1.0222215433598445,14->30,False
realprize,25,App,21.306181499134,1.0169738965293824,14->30,False
realprize,26,App,21.576791016050446,1.012700986186917,14->30,False
realprize,27,App,22.01704237385723,1.0204039311257773,14->30,False
realprize,28,App,22.349463168061373,1.0150983401203268,14->30,False
realprize,29,App,22.61411319574276,1.0118414489731273,14->30,False
realprize,30,App,22.992551687170646,1.0167346155983303,14->30,False
realprize,31,App,23.311185420611736,1.0138581283963746,30->60,False
realprize,32,App,23.762863090941615,1.0193760060751997,30->60,False
realprize,33,App,24.563087188741775,1.033675407493519,30->60,False
realprize,34,App,25.019599631821844,1.0185853040203068,30->60,False
realprize,35,App,25.49297049898716,1.0189200016839297,30->60,False
realprize,36,App,25.977761847598007,1.0190166676978702,30->60,False
realprize,37,App,26.342280422934376,1.0140319469196333,30->60,False
realprize,38,App,26.759262924452177,1.0158294002957604,30->60,False
realprize,39,App,27.20350242921974,1.0166013356205572,30->60,False
realprize,40,App,27.58857619762312,1.0141553011199678,30->60,False
realprize,41,App,27.913172945295596,1.0117656215872584,30->60,False
realprize,42,App,28.114099992390997,1.0071982876145675,30->60,False
realprize,43,App,28.45207072491417,1.012021396118483,30->60,False
realprize,44,App,28.89837007228706,1.0156860058337367,30->60,False
realprize,45,App,29.11025947063446,1.0073322266209954,30->60,False
realprize,46,App,29.373808801079367,1.0090534861329823,30->60,False
realprize,47,App,29.632545672573446,1.0088084209046997,30->60,False
realprize,48,App,29.794123729073423,1.00545272276926,30->60,False
realprize,49,App,30.06709052881633,1.0091617663343642,30->60,False
realprize,50,App,30.416328335414306,1.01161528436758,30->60,False
realprize,51,App,30.63721507605575,1.0072621106073563,30->60,False
realprize,52,App,30.848541399621904,1.0068977001676407,30->60,False
realprize,53,App,31.036002417444152,1.0060768194967087,30->60,False
realprize,54,App,31.245105728747003,1.0067374434532625,30->60,False
realprize,55,App,31.46538406970221,1.0070500110598934,30->60,False
realprize,56,App,31.726068866151603,1.0082848121564931,30->60,False
realprize,57,App,31.944754559676007,1.0068929338345387,30->60,False
realprize,58,App,32.221287383482434,1.0086565956639246,30->60,False
realprize,59,App,32.461382121553285,1.0074514321918102,30->60,False
realprize,60,App,32.79867611837962,1.0103906234048605,30->60,False
realprize,61,App,32.96148243375714,1.0049638075265572,60->90,False
realprize,62,App,33.28725647897827,1.009883476748227,60->90,False
realprize,63,App,33.45862937649073,1.0051483034542268,60->90,False
realprize,64,App,33.74101297025119,1.0084397836678534,60->90,False
realprize,65,App,33.925365513390375,1.005463752475414,60->90,False
realprize,66,App,34.09457113130997,1.0049875842266993,60->90,False
realprize,67,App,34.40016756720759,1.0089631992941241,60->90,False
realprize,68,App,34.50813982638454,1.0031387131753358,60->90,False
realprize,69,App,34.79608561044366,1.0083442858846583,60->90,False
realprize,70,App,34.92100438589745,1.0035900237990072,60->90,False
realprize,71,App,35.08597277394958,1.004724044767703,60->90,False
realprize,72,App,35.40356234472965,1.0090517533267847,60->90,False
realprize,73,App,35.516833244034856,1.0031994209566335,60->90,False
realprize,74,App,36.03270786962251,1.014524792287733,60->90,False
realprize,75,App,36.2487829614651,1.0059966376278024,60->90,False
realprize,76,App,36.389999791606186,1.0038957674880067,60->90,False
realprize,77,App,36.59422153429499,1.0056120292349082,60->90,False
realprize,78,App,36.79217094314084,1.0054093078236501,60->90,False
realprize,79,App,37.320349917110065,1.014355743638653,60->90,False
realprize,80,App,37.528747207711554,1.0055840122363362,60->90,False
realprize,81,App,37.60753749376403,1.002099464861334,60->90,False
realprize,82,App,38.001260220155054,1.0104692503851471,60->90,False
realprize,83,App,38.52935868715732,1.0138968672076347,60->90,False
realprize,84,App,38.78325683324367,1.006589731953441,60->90,False
realprize,85,App,39.550915596103934,1.0197935610761357,60->90,False
realprize,86,App,39.647687774102714,1.0024467746584433,60->90,False
realprize,87,App,39.79320511819474,1.0036702605438463,60->90,False
realprize,88,App,39.95273588145428,1.0040089950730458,60->90,False
realprize,89,App,40.07245254503373,1.0029964572122085,60->90,False
realprize,90,App,40.251129146736865,1.0044588386873088,60->90,False
realprize,91,App,40.371089074324225,1.0029802872647384,90->120,False
realprize,92,App,40.511566798648275,1.0034796614989858,90->120,False
realprize,93,App,40.79063293077149,1.0068885544099104,90->120,False
realprize,94,App,40.914316897766554,1.0030321659191948,90->120,False
realprize,95,App,41.006150180938484,1.0022445268584441,90->120,False
realprize,96,App,41.18325910959519,1.0043190820858632,90->120,False
realprize,97,App,41.44469902547419,1.0063482085082986,90->120,False
realprize,98,App,41.54324205551548,1.002377699256079,90->120,False
realprize,99,App,41.62985392745438,1.0020848606813872,90->120,False
realprize,100,App,41.71016004547556,1.0019290511602834,90->120,False
realprize,101,App,41.76702403008229,1.0013633125489025,90->120,False
realprize,102,App,41.92715546556619,1.0038339201607605,90->120,False
realprize,103,App,42.028102498399726,1.0024076766408931,90->120,False
realprize,104,App,42.184282860226325,1.003716093578875,90->120,False
realprize,105,App,42.24675492965539,1.001480932356633,90->120,False
realprize,106,App,42.313702548213904,1.0015846807327566,90->120,False
realprize,107,App,42.464683336264294,1.003568129919105,90->120,False
realprize,108,App,42.59040985849005,1.0029607314207472,90->120,False
realprize,109,App,42.78710510339668,1.0046182989447663,90->120,False
realprize,110,App,42.943134109056864,1.0036466361835683,90->120,False
realprize,111,App,43.023108147130856,1.0018623242046305,90->120,False
realprize,112,App,43.16893981346052,1.0033896125270854,90->120,False
realprize,113,App,43.28272312933184,1.002635768132435,90->120,False
realprize,114,App,43.344859353734954,1.0014355895357472,90->120,False
realprize,115,App,43.588648580357756,1.0056244092207856,90->120,False
realprize,116,App,43.65752203670521,1.0015800778090305,90->120,False
realprize,117,App,43.75014222133928,1.0021215172165796,90->120,False
realprize,118,App,43.92769580579827,1.0040583544519859,90->120,False
realprize,119,App,44.070091837753736,1.0032416003012083,90->120,False
realprize,120,App,44.37009745543547,1.006807465225764,90->120,False
realprize,121,App,44.477736842859706,1.002425944354356,120->150,False
realprize,122,App,44.607723922140394,1.0029225200854965,120->150,False
realprize,123,App,44.686843014546874,1.0017736635149683,120->150,False
realprize,124,App,44.837559339064256,1.0033727225811928,120->150,False
realprize,125,App,45.046260071669785,1.0046545961841349,120->150,False
realprize,126,App,45.17138684653098,1.0027777394763098,120->150,False
realprize,127,App,45.2622074072896,1.002010577206035,120->150,False
realprize,128,App,45.46476697894833,1.0044752473036944,120->150,False
realprize,129,App,45.53683363780545,1.0015851100455544,120->150,False
realprize,130,App,45.69472485502338,1.0034673297329757,120->150,False
realprize,131,App,45.93325156197489,1.0052200053224587,120->150,False
realprize,132,App,46.10791802805235,1.0038026148843784,120->150,False
realprize,133,App,46.25599265493438,1.0032114793557136,120->150,False
realprize,134,App,46.47246954364044,1.0046799749887751,120->150,False
realprize,135,App,46.568040085258936,1.0020564980203763,120->150,False
realprize,136,App,46.65538104094686,1.0018755557572965,120->150,False
realprize,137,App,46.75969362143044,1.002235810278605,120->150,False
realprize,138,App,46.827847655245286,1.0014575380747064,120->150,False
realprize,139,App,46.894847153008605,1.0014307618461686,120->150,False
realprize,140,App,47.096647146959285,1.0043032445183635,120->150,False
realprize,141,App,47.22492145297672,1.0027236398722221,120->150,False
realprize,142,App,47.33263144747912,1.002280787160433,120->150,False
realprize,143,App,47.387328765108094,1.001155594268822,120->150,False
realprize,144,App,47.464738393958115,1.0016335512228116,120->150,False
realprize,145,App,47.5524147332673,1.0018471889296316,120->150,False
realprize,146,App,47.74179781058161,1.003982617462785,120->150,False
realprize,147,App,47.85904858652082,1.0024559354971174,120->150,False
realprize,148,App,48.05719852550113,1.0041402816151284,120->150,False
realprize,149,App,48.24526378789565,1.0039133629958628,120->150,False
realprize,150,App,48.36355326014877,1.0024518359516732,120->150,False
realprize,151,App,48.494773171835256,1.0027131983247932,150->180,False
realprize,152,App,48.56666350564044,1.0014824346852897,150->180,False
realprize,153,App,48.62666931765843,1.0012355349881308,150->180,False
realprize,154,App,48.67566384896516,1.0010075650254115,150->180,False
realprize,155,App,48.78452816368897,1.0022365244994214,150->180,False
realprize,156,App,48.88221389815789,1.0020023917038032,150->180,False
realprize,157,App,48.94636311008854,1.0013123221477713,150->180,False
realprize,158,App,49.095179963026716,1.003040406753071,150->180,False
realprize,159,App,49.21491327567233,1.002438799750521,150->180,False
realprize,160,App,49.49451693774007,1.0056812791785605,150->180,False
realprize,161,App,49.62299438774852,1.0025957915736416,150->180,False
realprize,162,App,49.693082733478484,1.0014124166950165,150->180,False
realprize,163,App,49.75402354668431,1.0012263439870026,150->180,False
realprize,164,App,49.8082504884845,1.0010899006338514,150->180,False
realprize,165,App,49.88936575039708,1.0016285507143308,150->180,False
realprize,166,App,50.04483002398755,1.0031161805978508,150->180,False
realprize,167,App,50.20474102563522,1.0031953550760593,150->180,False
realprize,168,App,50.28311538941691,1.0015610948723284,150->180,False
realprize,169,App,50.45138980469958,1.0033465391708423,150->180,False
realprize,170,App,50.56893884199504,1.0023299464643194,150->180,False
realprize,171,App,50.66498832438525,1.0018993770601023,150->180,False
realprize,172,App,50.73032270504564,1.0012895370712824,150->180,False
realprize,173,App,50.85583879677689,1.002474182797161,150->180,False
realprize,174,App,51.0907953703519,1.0046200510921452,150->180,False
realprize,175,App,51.26126735113541,1.0033366476201393,150->180,False
realprize,176,App,51.609427082738996,1.0067918674194831,150->180,False
realprize,177,App,51.675536201005684,1.0012809504387774,150->180,False
realprize,178,App,51.74055396337086,1.0012581923119728,150->180,False
realprize,179,App,51.8091600664151,1.0013259638289302,150->180,False
realprize,180,App,52.07904002883876,1.0052091167291208,150->180,False
realprize,181,App,52.243393616323104,1.0031558490208985,180->270,False
realprize,182,App,52.367841943185134,1.0023820873463156,180->270,False
realprize,183,App,52.50524484301231,1.0026238029815369,180->270,False
realprize,184,App,52.60704016763187,1.001938764878136,180->270,False
realprize,185,App,52.64837304043782,1.0007856909013364,180->270,False
realprize,186,App,52.696714576921,1.0009181962080016,180->270,False
realprize,187,App,52.89543904139146,1.0037710978011805,180->270,False
realprize,188,App,53.142051091368444,1.004662255469399,180->270,False
realprize,189,App,53.17766927290731,1.0006702447648779,180->270,False
realprize,190,App,53.5059818923542,1.0061738813290593,180->270,False
realprize,191,App,53.7390729912783,1.0043563558817226,180->270,False
realprize,192,App,54.45556036363801,1.013332708073993,180->270,False
realprize,193,App,54.563047045595944,1.0019738421795712,180->270,False
realprize,194,App,54.6769357090847,1.0020872856201302,180->270,False
realprize,195,App,54.738630616587315,1.0011283534218316,180->270,False
realprize,196,App,55.37259224690736,1.0115816128971253,180->270,False
realprize,197,App,55.582775791639456,1.0037958046788722,180->270,False
realprize,198,App,55.66057747374896,1.0013997444532305,180->270,False
realprize,199,App,55.832783988876486,1.0030938686399498,180->270,False
realprize,200,App,56.33655078207373,1.0090227776085392,180->270,False
realprize,201,App,56.71492528492941,1.0067163235519927,180->270,False
realprize,202,App,56.9295274272522,1.00378387419616,180->270,False
realprize,203,App,57.013075619622484,1.0014675722098176,180->270,False
realprize,204,App,57.1350123672491,1.0021387505638206,180->270,False
realprize,205,App,57.28007303822482,1.002538910292752,180->270,False
realprize,206,App,57.400949152728344,1.0021102646713258,180->270,False
realprize,207,App,57.4863937571227,1.00148855734366,180->270,False
realprize,208,App,57.604932236223,1.002062026704982,180->270,False
realprize,209,App,57.65582141346779,1.000883417014295,180->270,False
realprize,210,App,57.69630577977528,1.0007021730905048,180->270,False
realprize,211,App,58.17247702037654,1.0082530628983213,180->270,False
realprize,212,App,58.349144558419674,1.0030369608978702,180->270,False
realprize,213,App,58.51814584024929,1.0028963797688655,180->270,False
realprize,214,App,58.552699146132596,1.0005904716457974,180->270,False
realprize,215,App,58.602523447721815,1.000850930910373,180->270,False
realprize,216,App,58.71088197010691,1.0018490419185064,180->270,False
realprize,217,App,58.73568805758922,1.000422512601581,180->270,False
realprize,218,App,58.83025622810819,1.0016100632110796,180->270,False
realprize,219,App,58.881983305520215,1.0008792597674818,180->270,False
realprize,220,App,58.89617245544061,1.000240976086807,180->270,False
realprize,221,App,58.90358203843836,1.0001258075472281,180->270,False
realprize,222,App,58.93727835275822,1.0005720588316322,180->270,False
realprize,223,App,58.97671481354012,1.0006691259230849,180->270,False
realprize,224,App,59.07446064089581,1.0016573630400527,180->270,False
realprize,225,App,59.134044888483494,1.001008629565827,180->270,False
realprize,226,App,59.176856283863,1.0007239720445344,180->270,False
realprize,227,App,59.425846273301886,1.0042075568908986,180->270,False
realprize,228,App,59.53142593690453,1.001776662348519,180->270,False
realprize,229,App,59.57700558473526,1.0007656401155087,180->270,False
realprize,230,App,59.61982970771225,1.0007188028763225,180->270,False
realprize,231,App,59.727993073602704,1.0018142179610496,180->270,False
realprize,232,App,59.77633461008589,1.000809361473499,180->270,False
realprize,233,App,59.80155010195371,1.0004218306798551,180->270,False
realprize,234,App,59.81702049668678,1.000258695547301,180->270,False
realprize,235,App,59.8744728716971,1.0009604686848872,180->270,False
realprize,236,App,59.98009283935843,1.0017640233407592,180->270,False
realprize,237,App,60.12640717868562,1.0024393816748343,180->270,False
realprize,238,App,60.196792913998635,1.0011706293227174,180->270,False
realprize,239,App,60.223276923081634,1.0004399571439102,180->270,False
realprize,240,App,60.299396441057965,1.0012639550995133,180->270,False
realprize,241,App,60.36237471463948,1.0010444262678992,180->270,False
realprize,242,App,60.48217322589,1.0019846553721066,180->270,False
realprize,243,App,60.56889059003202,1.0014337673320393,180->270,False
realprize,244,App,60.610004972414615,1.0006788036231484,180->270,False
realprize,245,App,60.77117878179598,1.002659194788958,180->270,False
realprize,246,App,60.959926931110864,1.0031058826420431,180->270,False
realprize,247,App,61.100310210013866,1.0023028780704026,180->270,False
realprize,248,App,61.17792734195997,1.0012703230422124,180->270,False
realprize,249,App,61.219472341390514,1.0006790847816456,180->270,False
realprize,250,App,61.261867968585776,1.0006925186639775,180->270,False
realprize,251,App,61.3477389474956,1.0014017035679332,180->270,False
realprize,252,App,61.396494130896784,1.0007947348058404,180->270,False
realprize,253,App,61.4588339033382,1.001015363716184,180->270,False
realprize,254,App,61.58374678750814,1.002032464273019,180->270,False
realprize,255,App,61.632934709223534,1.0007987159645404,180->270,False
realprize,256,App,61.90485346551689,1.0044119066790544,180->270,False
realprize,257,App,62.14197497030865,1.003830418642762,180->270,False
realprize,258,App,62.39670722747584,1.0040991979622291,180->270,False
realprize,259,App,62.863973392375826,1.0074886349883256,180->270,False
realprize,260,App,62.99863561621301,1.002142120781909,180->270,False
realprize,261,App,63.10169945804774,1.0016359694273793,180->270,False
realprize,262,App,63.26586637410241,1.0026016243217635,180->270,False
realprize,263,App,63.61243885339603,1.005478032613104,180->270,False
realprize,264,App,64.02265144133996,1.0064486222402087,180->270,False
realprize,265,App,64.17004762645269,1.0023022505596753,180->270,False
realprize,266,App,64.4553430876942,1.0044459287750926,180->270,False
realprize,267,App,64.7429380015465,1.0044619251108635,180->270,False
realprize,268,App,64.93785055057265,1.0030105607660482,180->270,False
realprize,269,App,65.08928562661801,1.0023320001318403,180->270,False
realprize,270,App,65.32344372246395,1.0035974906406129,180->270,False
realprize,271,App,65.52404385793355,1.0030708750800383,270->365,False
realprize,272,App,65.71513153852649,1.0029162986491988,270->365,False
realprize,273,App,65.81611481733276,1.0015366822897869,270->365,False
realprize,274,App,66.40110241380216,1.0088882122272484,270->365,False
realprize,275,App,66.42264732950134,1.0003244662349868,270->365,False
realprize,276,App,66.46193303030238,1.0005914503920048,270->365,False
realprize,277,App,66.51838769053175,1.000849428502232,270->365,False
realprize,278,App,67.11657410192699,1.0089927978137145,270->365,False
realprize,279,App,67.14961086906501,1.0004922296404442,270->365,False
realprize,280,App,67.23343370197654,1.0012482996077963,270->365,False
realprize,281,App,67.26448114009649,1.000461785698133,270->365,False
realprize,282,App,67.3067479965801,1.0006283681337789,270->365,False
realprize,283,App,67.34517383048745,1.0005709061134451,270->365,False
realprize,284,App,67.37962242528096,1.000511522843199,270->365,False
realprize,285,App,67.45989085791413,1.00119128647125,270->365,False
realprize,286,App,67.52655608277544,1.000988220170734,270->365,False
realprize,287,App,67.56738982776956,1.0006047064645807,270->365,False
realprize,288,App,67.62254475520255,1.0008162950733126,270->365,False
realprize,289,App,67.6917299860097,1.0010231089506851,270->365,False
realprize,290,App,67.73155913403892,1.0005883901628374,270->365,False
realprize,291,App,67.77636018569103,1.0006614501751459,270->365,False
realprize,292,App,67.89180937700738,1.0017033843511225,270->365,False
realprize,293,App,67.92313350496937,1.0004613830187976,270->365,False
realprize,294,App,67.99900753534224,1.0011170572742691,270->365,False
realprize,295,App,68.14550700262308,1.0021544353747323,270->365,False
realprize,296,App,68.21142161760525,1.0009672628157222,270->365,False
realprize,297,App,68.28445638452224,1.0010707116958568,270->365,False
realprize,298,App,68.30288109015672,1.0002698228353861,270->365,False
realprize,299,App,68.35350681771406,1.0007411946135993,270->365,False
realprize,300,App,68.39986584601515,1.0006782245777779,270->365,False
realprize,301,App,68.57786964438587,1.0026023998171496,270->365,False
realprize,302,App,68.60990181455898,1.0004670919399978,270->365,False
realprize,303,App,68.67626055221065,1.0009671889318692,270->365,False
realprize,304,App,68.70020486546301,1.0003486548781169,270->365,False
realprize,305,App,68.79647874126573,1.0014013622811062,270->365,False
realprize,306,App,68.9475258544117,1.0021955645973397,270->365,False
realprize,307,App,69.0009482777569,1.0007748272716561,270->365,False
realprize,308,App,69.07221364860719,1.0010328172674297,270->365,False
realprize,309,App,69.11275083884755,1.0005868812956622,270->365,False
realprize,310,App,69.20763275190656,1.0013728568449005,270->365,False
realprize,311,App,69.24676662802506,1.0005654560712802,270->365,False
realprize,312,App,69.30846846279708,1.0008910428280857,270->365,False
realprize,313,App,69.34633382240905,1.0005463309239375,270->365,False
realprize,314,App,69.40927153847547,1.000907585341535,270->365,False
realprize,315,App,69.4799707593413,1.0010185846832673,270->365,False
realprize,316,App,69.52336140226022,1.000624505774034,270->365,False
realprize,317,App,69.5592459463877,1.0005161508794125,270->365,False
realprize,318,App,69.61399080528558,1.0007870249044974,270->365,False
realprize,319,App,69.66886478610975,1.0007882608106415,270->365,False
realprize,320,App,69.7188832149369,1.000717945225327,270->365,False
realprize,321,App,69.77244469266425,1.0007682492211218,270->365,False
realprize,322,App,69.83763140052355,1.0009342758182895,270->365,False
realprize,323,App,69.86810417512545,1.000436337458628,270->365,False
realprize,324,App,69.89219889413808,1.0003448600659355,270->365,False
realprize,325,App,69.92339531909606,1.000446350600662,270->365,False
realprize,326,App,69.95855621286749,1.000502848776307,270->365,False
realprize,327,App,69.98918223107422,1.000437773731544,270->365,False
realprize,328,App,70.04291681731813,1.0007677555949503,270->365,False
realprize,329,App,70.10003553316837,1.0008154816853103,270->365,False
realprize,330,App,70.15532951498349,1.0007887867872616,270->365,False
realprize,331,App,70.1761720641606,1.0002970914586418,270->365,False
realprize,332,App,70.21162809376352,1.0005052431410837,270->365,False
realprize,333,App,70.2611286159633,1.0007050188628823,270->365,False
realprize,334,App,70.29771836445741,1.0005207680151866,270->365,False
realprize,335,App,70.34634341161855,1.0006917016411407,270->365,False
realprize,336,App,70.51402880726505,1.0023837116119216,270->365,False
realprize,337,App,70.5704763728831,1.0008005153949202,270->365,False
realprize,338,App,70.61641823803772,1.0006510068730707,270->365,False
realprize,339,App,70.72549504945384,1.001544638118694,270->365,False
realprize,340,App,70.77569935709793,1.0007098473840161,270->365,False
realprize,341,App,70.7893110784034,1.0001923219611972,270->365,False
realprize,342,App,70.80589686078008,1.0002342978357044,270->365,False
realprize,343,App,70.8665898418204,1.0008571741017511,270->365,False
realprize,344,App,70.9214709172559,1.0007744280564086,270->365,False
realprize,345,App,71.00103982121155,1.001121929691059,270->365,False
realprize,346,App,71.0352174018521,1.0004813673254167,270->365,False
realprize,347,App,71.09039645096361,1.0007767844053939,270->365,False
realprize,348,App,71.136065883043,1.000642413523617,270->365,False
realprize,349,App,71.17761760270413,1.0005841160759361,270->365,False
realprize,350,App,71.236180781422,1.0008227752022376,270->365,False
realprize,351,App,71.31064298413939,1.0010452862843093,270->365,False
realprize,352,App,71.37404184994251,1.0008890519444233,270->365,False
realprize,353,App,71.439857140366,1.0009221180238308,270->365,False
realprize,354,App,71.5417017049882,1.0014255986601721,270->365,False
realprize,355,App,71.74101204011728,1.0027859322657848,270->365,False
realprize,356,App,71.76950967492381,1.000397229339204,270->365,False
realprize,357,App,71.84383282325908,1.0010355811077978,270->365,False
realprize,358,App,71.89886004768805,1.0007659282956736,270->365,False
realprize,359,App,71.93488932188677,1.0005011105068262,270->365,False
realprize,360,App,71.9744531314521,1.000549994723538,270->365,False
realprize,361,App,72.00380070069643,1.0004077498052084,270->365,False
realprize,362,App,72.03698219790567,1.0004608298018485,270->365,False
realprize,363,App,72.1036431660002,1.0009253714697735,270->365,False
realprize,364,App,72.13270695079116,1.000403083443704,270->365,False
realprize,365,App,72.18589099519555,1.0007373083120348,270->365,False
realprize,1,Affiliate,7.07756697833879,,1->7,False
realprize,2,Affiliate,8.933201729780276,1.2621854031365212,1->7,False
realprize,3,Affiliate,9.699695418419827,1.0858027963349715,1->7,False
realprize,4,Affiliate,10.145715264142124,1.0459828712636998,1->7,False
realprize,5,Affiliate,10.66517373383201,1.0511997879070982,1->7,False
realprize,6,Affiliate,11.18926215521272,1.0491401672828076,1->7,False
realprize,7,Affiliate,11.60403844475612,1.037069136801855,1->7,False
realprize,8,Affiliate,12.017200670959166,1.0356050376918353,7->14,False
realprize,9,Affiliate,12.51689637571308,1.0415817059593155,7->14,False
realprize,10,Affiliate,12.821106585570025,1.0243039648748082,7->14,False
realprize,11,Affiliate,13.066892991736598,1.0191704518269276,7->14,False
realprize,12,Affiliate,13.335583302434843,1.0205626778200574,7->14,False
realprize,13,Affiliate,13.735519043193186,1.0299901197936592,7->14,False
realprize,14,Affiliate,13.900659750460065,1.0120228952941328,7->14,False
realprize,15,Affiliate,14.10888880244846,1.0149797963353144,14->30,False
realprize,16,Affiliate,14.370151893634564,1.0185176235240272,14->30,False
realprize,17,Affiliate,14.542429876689136,1.0119885986125787,14->30,False
realprize,18,Affiliate,14.822756473403361,1.019276461986836,14->30,False
realprize,19,Affiliate,15.132292009792355,1.0208824544169228,14->30,False
realprize,20,Affiliate,15.444432919976297,1.0206274707084657,14->30,False
realprize,21,Affiliate,15.81824740203938,1.0242038334460037,14->30,False
realprize,22,Affiliate,16.052999105730528,1.014840563415444,14->30,False
realprize,23,Affiliate,16.271862801075383,1.0136338196933385,14->30,False
realprize,24,Affiliate,16.539738876957443,1.0164625328493033,14->30,False
realprize,25,Affiliate,16.83092973710133,1.0176055294651334,14->30,False
realprize,26,Affiliate,17.01875600519477,1.0111595895786676,14->30,False
realprize,27,Affiliate,17.227365233755563,1.0122576073419889,14->30,False
realprize,28,Affiliate,17.45731413312205,1.0133478855440947,14->30,False
realprize,29,Affiliate,17.675404643454694,1.0124927871876268,14->30,False
realprize,30,Affiliate,17.96665525819451,1.0164777339254674,14->30,False
realprize,31,Affiliate,18.139769330921915,1.009635297735701,30->60,False
realprize,32,Affiliate,18.23974728712483,1.0055115340431857,30->60,False
realprize,33,Affiliate,18.47680702246334,1.0129968760864274,30->60,False
realprize,34,Affiliate,18.624672925312748,1.0080027843917858,30->60,False
realprize,35,Affiliate,18.74354416523438,1.0063824605349216,30->60,False
realprize,36,Affiliate,18.81203056620576,1.0036538661187893,30->60,False
realprize,37,Affiliate,18.932138871279868,1.0063846539400096,30->60,False
realprize,38,Affiliate,19.152129466185098,1.0116199546390903,30->60,False
realprize,39,Affiliate,19.27587061925698,1.0064609605574335,30->60,False
realprize,40,Affiliate,19.394803225857277,1.0061700251547383,30->60,False
realprize,41,Affiliate,19.67019124771059,1.0141990624316397,30->60,False
realprize,42,Affiliate,19.86227587949324,1.0097652650837854,30->60,False
realprize,43,Affiliate,19.98355114936118,1.006105809354564,30->60,False
realprize,44,Affiliate,20.069200592258014,1.0042859971311742,30->60,False
realprize,45,Affiliate,20.19161726090664,1.0060997281922555,30->60,False
realprize,46,Affiliate,20.30125257239989,1.005429743941587,30->60,False
realprize,47,Affiliate,20.497234206825865,1.0096536720444738,30->60,False
realprize,48,Affiliate,20.787975031931506,1.0141843929855092,30->60,False
realprize,49,Affiliate,20.946796441500947,1.0076400615897163,30->60,False
realprize,50,Affiliate,21.134275314778908,1.0089502408543254,30->60,False
realprize,51,Affiliate,21.203677968673222,1.0032838908768158,30->60,False
realprize,52,Affiliate,21.284455024289507,1.0038095775523297,30->60,False
realprize,53,Affiliate,21.36457973421538,1.0037644708231634,30->60,False
realprize,54,Affiliate,21.46498983851156,1.0046998399006826,30->60,False
realprize,55,Affiliate,21.57738227133404,1.0052360813430636,30->60,False
realprize,56,Affiliate,21.689325121691713,1.0051879717822114,30->60,False
realprize,57,Affiliate,21.821712535469295,1.0061038051223263,30->60,False
realprize,58,Affiliate,22.052769222472094,1.0105883846937878,30->60,False
realprize,59,Affiliate,22.16754330260872,1.005204520075405,30->60,False
realprize,60,Affiliate,22.25227566787252,1.0038223615538773,30->60,False
realprize,61,Affiliate,22.418972562143544,1.0074912290661444,60->90,False
realprize,62,Affiliate,22.711104337957995,1.013030560388291,60->90,False
realprize,63,Affiliate,22.885628753151316,1.0076845411212185,60->90,False
realprize,64,Affiliate,23.01925388390493,1.0058388227911463,60->90,False
realprize,65,Affiliate,23.194043757336114,1.0075932032511878,60->90,False
realprize,66,Affiliate,23.329581250572616,1.0058436335920782,60->90,False
realprize,67,Affiliate,23.454021653341666,1.0053340178476626,60->90,False
realprize,68,Affiliate,23.58918480365654,1.0057628986752307,60->90,False
realprize,69,Affiliate,23.68475110660843,1.0040512761991283,60->90,False
realprize,70,Affiliate,23.80819253051761,1.005211852273792,60->90,False
realprize,71,Affiliate,23.997259115744384,1.0079412406038144,60->90,False
realprize,72,Affiliate,24.100241104899972,1.0042914063084822,60->90,False
realprize,73,Affiliate,24.22920662781322,1.0053512129755011,60->90,False
realprize,74,Affiliate,24.34052470104469,1.0045943754965416,60->90,False
realprize,75,Affiliate,24.42868291377671,1.0036218698575647,60->90,False
realprize,76,Affiliate,24.479910362485807,1.0020970204938968,60->90,False
realprize,77,Affiliate,24.544668130652926,1.0026453433533138,60->90,False
realprize,78,Affiliate,24.63777175680368,1.003793232226859,60->90,False
realprize,79,Affiliate,24.756259743367536,1.0048092005938458,60->90,False
realprize,80,Affiliate,24.835257306581358,1.0031910136681688,60->90,False
realprize,81,Affiliate,24.96960257805939,1.0054094576037442,60->90,False
realprize,82,Affiliate,25.07995965235016,1.0044196568185566,60->90,False
realprize,83,Affiliate,25.231038421525483,1.0060238840600035,60->90,False
realprize,84,Affiliate,25.306941651064157,1.0030083276110395,60->90,False
realprize,85,Affiliate,25.396166377371475,1.003525701664688,60->90,False
realprize,86,Affiliate,25.48124607693694,1.0033501001017726,60->90,False
realprize,87,Affiliate,25.58869310708641,1.004216710196395,60->90,False
realprize,88,Affiliate,25.67898969625341,1.0035287690852017,60->90,False
realprize,89,Affiliate,25.794546201418786,1.004500040949128,60->90,False
realprize,90,Affiliate,25.8787294077267,1.0032636048585837,60->90,False
realprize,91,Affiliate,25.976856439379212,1.0037918025304293,90->120,False
realprize,92,Affiliate,26.069646068753997,1.0035720114784221,90->120,False
realprize,93,Affiliate,26.172502615225742,1.0039454523548375,90->120,False
realprize,94,Affiliate,26.28148995320452,1.004164192457292,90->120,False
realprize,95,Affiliate,26.345420780587517,1.0024325419714342,90->120,False
realprize,96,Affiliate,26.469130434901757,1.0046956795772795,90->120,False
realprize,97,Affiliate,26.577626106423228,1.0040989511079068,90->120,False
realprize,98,Affiliate,26.641272629450782,1.0023947407030522,90->120,False
realprize,99,Affiliate,26.724782259077575,1.0031345961128928,90->120,False
realprize,100,Affiliate,26.824448234025947,1.0037293465661266,90->120,False
realprize,101,Affiliate,26.92183093395694,1.0036303710362051,90->120,False
realprize,102,Affiliate,27.035842437387895,1.0042349089744542,90->120,False
realprize,103,Affiliate,27.119741143800546,1.0031032399529236,90->120,False
realprize,104,Affiliate,27.22989134661897,1.004061624417223,90->120,False
realprize,105,Affiliate,27.376918716494266,1.0053994842654248,90->120,False
realprize,106,Affiliate,27.479463641382097,1.0037456707947943,90->120,False
realprize,107,Affiliate,27.552558782287832,1.0026599915434906,90->120,False
realprize,108,Affiliate,27.656648009144778,1.0037778424747925,90->120,False
realprize,109,Affiliate,27.76965413379555,1.0040860383591463,90->120,False
realprize,110,Affiliate,27.95430113619034,1.006649236663343,90->120,False
realprize,111,Affiliate,28.130349377910722,1.0062977157204787,90->120,False
realprize,112,Affiliate,28.200166560537838,1.0024819166548262,90->120,False
realprize,113,Affiliate,28.35499783940973,1.005490438453245,90->120,False
realprize,114,Affiliate,28.490280940146125,1.0047710495871867,90->120,False
realprize,115,Affiliate,28.6367025944081,1.0051393545247793,90->120,False
realprize,116,Affiliate,28.740737252290867,1.0036329133055661,90->120,False
realprize,117,Affiliate,28.86052179849107,1.004167761778298,90->120,False
realprize,118,Affiliate,28.932708251381964,1.0025012178710735,90->120,False
realprize,119,Affiliate,28.97847252157278,1.001581748579953,90->120,False
realprize,120,Affiliate,29.04853727817883,1.0024178209032202,90->120,False
realprize,121,Affiliate,29.097283594557933,1.0016780988286016,120->150,False
realprize,122,Affiliate,29.18387291312609,1.0029758557456667,120->150,False
realprize,123,Affiliate,29.247089391359182,1.0021661442407344,120->150,False
realprize,124,Affiliate,29.31364828503985,1.002275744187397,120->150,False
realprize,125,Affiliate,29.374786208067963,1.0020856470144426,120->150,False
realprize,126,Affiliate,29.487242091691726,1.0038283132625108,120->150,False
realprize,127,Affiliate,29.638635686254315,1.0051342066542481,120->150,False
realprize,128,Affiliate,29.733705895143565,1.0032076445722953,120->150,False
realprize,129,Affiliate,29.910724549451174,1.0059534675876551,120->150,False
realprize,130,Affiliate,29.9869418504702,1.0025481596372905,120->150,False
realprize,131,Affiliate,30.056494477374894,1.0023194304791572,120->150,False
realprize,132,Affiliate,30.13510893107496,1.002615556307115,120->150,False
realprize,133,Affiliate,30.222750313263308,1.0029082815790977,120->150,False
realprize,134,Affiliate,30.26307109525672,1.001334120209957,120->150,False
realprize,135,Affiliate,30.31728802212177,1.0017915209825994,120->150,False
realprize,136,Affiliate,30.37972500454706,1.0020594514383916,120->150,False
realprize,137,Affiliate,30.44156740405659,1.0020356471133387,120->150,False
realprize,138,Affiliate,30.488073182933206,1.001527706450175,120->150,False
realprize,139,Affiliate,30.568075145188114,1.0026240412693477,120->150,False
realprize,140,Affiliate,30.653278212743878,1.0027873219740229,120->150,False
realprize,141,Affiliate,30.741580361283997,1.0028806755325572,120->150,False
realprize,142,Affiliate,30.817455899571396,1.0024681729890164,120->150,False
realprize,143,Affiliate,30.932390429440236,1.003729526870855,120->150,False
realprize,144,Affiliate,30.989070912041004,1.0018323990423585,120->150,False
realprize,145,Affiliate,31.021968884283005,1.0010615991791227,120->150,False
realprize,146,Affiliate,31.08863976542778,1.00214915053888,120->150,False
realprize,147,Affiliate,31.151940586250493,1.0020361399308666,120->150,False
realprize,148,Affiliate,31.224572041087516,1.002331522642576,120->150,False
realprize,149,Affiliate,31.300561507305233,1.002433643161473,120->150,False
realprize,150,Affiliate,31.37078519857078,1.0022435281631978,120->150,False
realprize,151,Affiliate,31.45466729533909,1.0026738921655085,150->180,False
realprize,152,Affiliate,31.60778558851798,1.0048679037594392,150->180,False
realprize,153,Affiliate,31.710926601681763,1.0032631521393656,150->180,False
realprize,154,Affiliate,31.875893218357355,1.0052022010819086,150->180,False
realprize,155,Affiliate,32.14158284579682,1.0083351272894356,150->180,False
realprize,156,Affiliate,32.268247277437666,1.0039408274399098,150->180,False
realprize,157,Affiliate,32.36985016363073,1.0031486955371172,150->180,False
realprize,158,Affiliate,32.45438073915132,1.0026113984183826,150->180,False
realprize,159,Affiliate,32.539525114079645,1.0026235094612548,150->180,False
realprize,160,Affiliate,32.648976989394974,1.0033636592707362,150->180,False
realprize,161,Affiliate,32.748244931083356,1.0030404610141574,150->180,False
realprize,162,Affiliate,32.82823978859526,1.002442721974269,150->180,False
realprize,163,Affiliate,32.85662893633809,1.0008647782496305,150->180,False
realprize,164,Affiliate,32.932152628634526,1.0022985831091427,150->180,False
realprize,165,Affiliate,33.0016485260457,1.0021102749703263,150->180,False
realprize,166,Affiliate,33.05828043394338,1.001716032696154,150->180,False
realprize,167,Affiliate,33.09478914274552,1.0011043741030357,150->180,False
realprize,168,Affiliate,33.17151959549298,1.0023185055634138,150->180,False
realprize,169,Affiliate,33.244818280555535,1.0022096872846462,150->180,False
realprize,170,Affiliate,33.30364893386917,1.0017696187362841,150->180,False
realprize,171,Affiliate,33.3673820815519,1.0019136986403288,150->180,False
realprize,172,Affiliate,33.42619287450087,1.001762523436967,150->180,False
realprize,173,Affiliate,33.483633475301204,1.0017184308430216,150->180,False
realprize,174,Affiliate,33.53023024010783,1.0013916280872264,150->180,False
realprize,175,Affiliate,33.70039091283977,1.0050748435520256,150->180,False
realprize,176,Affiliate,33.78221393313768,1.0024279546343997,150->180,False
realprize,177,Affiliate,33.85221324814044,1.0020720760084374,150->180,False
realprize,178,Affiliate,33.92845365570157,1.0022521542979266,150->180,False
realprize,179,Affiliate,34.050700632819094,1.0036030813062706,150->180,False
realprize,180,Affiliate,34.122911140508094,1.002120676119639,150->180,False
realprize,181,Affiliate,34.161494882799055,1.0011307283288957,180->270,False
realprize,182,Affiliate,34.22947164582151,1.0019898650002195,180->270,False
realprize,183,Affiliate,34.3431352409233,1.0033206353950739,180->270,False
realprize,184,Affiliate,34.49824818173415,1.004516563200264,180->270,False
realprize,185,Affiliate,34.583689659321934,1.0024766903275113,180->270,False
realprize,186,Affiliate,34.69242461029235,1.003144110765553,180->270,False
realprize,187,Affiliate,34.75096772191154,1.0016874897697934,180->270,False
realprize,188,Affiliate,34.82545329082537,1.0021434099191104,180->270,False
realprize,189,Affiliate,34.91122615527262,1.002462936052288,180->270,False
realprize,190,Affiliate,35.10885964317426,1.0056610296935042,180->270,False
realprize,191,Affiliate,35.1843627602528,1.0021505431348643,180->270,False
realprize,192,Affiliate,35.26370431789994,1.0022550232950864,180->270,False
realprize,193,Affiliate,35.357456980605555,1.0026586164023052,180->270,False
realprize,194,Affiliate,35.44378836013844,1.0024416738901851,180->270,False
realprize,195,Affiliate,35.498121184587646,1.0015329293781223,180->270,False
realprize,196,Affiliate,35.583150728423895,1.0023953251890179,180->270,False
realprize,197,Affiliate,35.64605837648613,1.0017679055051183,180->270,False
realprize,198,Affiliate,35.730915782917734,1.0023805551103395,180->270,False
realprize,199,Affiliate,35.769234239857816,1.0010724174318084,180->270,False
realprize,200,Affiliate,35.80572886001053,1.0010202796041983,180->270,False
realprize,201,Affiliate,35.86606376552358,1.0016850629056857,180->270,False
realprize,202,Affiliate,35.92806974519214,1.0017288203153245,180->270,False
realprize,203,Affiliate,35.97835026138818,1.0013994772486425,180->270,False
realprize,204,Affiliate,36.00564708073752,1.0007587012509196,180->270,False
realprize,205,Affiliate,36.06326728250538,1.0016003101302042,180->270,False
realprize,206,Affiliate,36.14249147374026,1.0021968112488053,180->270,False
realprize,207,Affiliate,36.197458449407456,1.0015208408005611,180->270,False
realprize,208,Affiliate,36.242032722416916,1.0012314199647956,180->270,False
realprize,209,Affiliate,36.37196591040053,1.0035851517760825,180->270,False
realprize,210,Affiliate,36.41863303146609,1.0012830519301739,180->270,False
realprize,211,Affiliate,36.53298890210433,1.0031400374236845,180->270,False
realprize,212,Affiliate,36.5875899926387,1.0014945694884336,180->270,False
realprize,213,Affiliate,36.6531758341771,1.0017925706927293,180->270,False
realprize,214,Affiliate,36.68181174840156,1.0007812669317937,180->270,False
realprize,215,Affiliate,36.7392788149458,1.0015666365374318,180->270,False
realprize,216,Affiliate,36.79175575971415,1.0014283607751986,180->270,False
realprize,217,Affiliate,36.88825427483816,1.0026228298468343,180->270,False
realprize,218,Affiliate,36.958054874647964,1.001892217487164,180->270,False
realprize,219,Affiliate,37.02746356006285,1.001878039459877,180->270,False
realprize,220,Affiliate,37.05960220965767,1.0008679678947678,180->270,False
realprize,221,Affiliate,37.103579218035854,1.00118665624443,180->270,False
realprize,222,Affiliate,37.17147661900812,1.0018299420811472,180->270,False
realprize,223,Affiliate,37.202637215167435,1.000838293202035,180->270,False
realprize,224,Affiliate,37.26751923082406,1.0017440165674645,180->270,False
realprize,225,Affiliate,37.338988296646896,1.0019177307021747,180->270,False
realprize,226,Affiliate,37.38773075395464,1.0013054038026017,180->270,False
realprize,227,Affiliate,37.404711624553954,1.0004541829701048,180->270,False
realprize,228,Affiliate,37.48884694810632,1.0022493242134003,180->270,False
realprize,229,Affiliate,37.522731935397225,1.0009038684848806,180->270,False
realprize,230,Affiliate,37.5778825988144,1.001469793391167,180->270,False
realprize,231,Affiliate,37.62928443371318,1.0013678747003272,180->270,False
realprize,232,Affiliate,37.67884608994892,1.0013171033406985,180->270,False
realprize,233,Affiliate,37.75959902527745,1.002143190243559,180->270,False
realprize,234,Affiliate,37.812749615993,1.001407604743895,180->270,False
realprize,235,Affiliate,37.84924609910464,1.000965189875962,180->270,False
realprize,236,Affiliate,37.89941409258162,1.0013254687648367,180->270,False
realprize,237,Affiliate,37.94194768038489,1.001122275602978,180->270,False
realprize,238,Affiliate,37.98051875455516,1.0010165812913767,180->270,False
realprize,239,Affiliate,38.02095912171056,1.001064766055902,180->270,False
realprize,240,Affiliate,38.08297478876553,1.0016310916002,180->270,False
realprize,241,Affiliate,38.17513536677403,1.0024199941973988,180->270,False
realprize,242,Affiliate,38.22701751346871,1.0013590559980001,180->270,False
realprize,243,Affiliate,38.29641534155899,1.0018154130927381,180->270,False
realprize,244,Affiliate,38.353251610211316,1.0014841145873683,180->270,False
realprize,245,Affiliate,38.44543110097882,1.0024034335264278,180->270,False
realprize,246,Affiliate,38.477867824001606,1.0008437081362824,180->270,False
realprize,247,Affiliate,38.51399506865436,1.00093890973424,180->270,False
realprize,248,Affiliate,38.544084463431936,1.0007812587274818,180->270,False
realprize,249,Affiliate,38.59969155178568,1.0014426880058989,180->270,False
realprize,250,Affiliate,38.64523940712923,1.0011800056817148,180->270,False
realprize,251,Affiliate,38.682668114886845,1.0009685205301304,180->270,False
realprize,252,Affiliate,38.714100330457384,1.0008125658622407,180->270,False
realprize,253,Affiliate,38.75830933311047,1.0011419354260005,180->270,False
realprize,254,Affiliate,38.806612877295535,1.00124627583133,180->270,False
realprize,255,Affiliate,38.84098782278365,1.0008858012317852,180->270,False
realprize,256,Affiliate,38.875657488373676,1.00089260514558,180->270,False
realprize,257,Affiliate,38.893680870787286,1.0004636161438298,180->270,False
realprize,258,Affiliate,38.914943566179275,1.0005466876602045,180->270,False
realprize,259,Affiliate,38.96507579084491,1.0012882512493015,180->270,False
realprize,260,Affiliate,38.994957540220724,1.0007668854421383,180->270,False
realprize,261,Affiliate,39.03659467218939,1.0010677568228077,180->270,False
realprize,262,Affiliate,39.08072667875012,1.0011305291081696,180->270,False
realprize,263,Affiliate,39.16694824058029,1.0022062425435159,180->270,False
realprize,264,Affiliate,39.21265109410639,1.0011668729778327,180->270,False
realprize,265,Affiliate,39.249235218257695,1.0009329673748277,180->270,False
realprize,266,Affiliate,39.324773358964016,1.0019245761168663,180->270,False
realprize,267,Affiliate,39.38077275665999,1.0014240234059277,180->270,False
realprize,268,Affiliate,39.43492487409349,1.001375090269765,180->270,False
realprize,269,Affiliate,39.508412642207205,1.0018635199217025,180->270,False
realprize,270,Affiliate,39.58425183707578,1.0019195707900337,180->270,False
realprize,271,Affiliate,39.6274816312264,1.0010920957740606,270->365,False
realprize,272,Affiliate,39.68131433427483,1.001358468942069,270->365,False
realprize,273,Affiliate,39.763125100799364,1.0020616949790362,270->365,False
realprize,274,Affiliate,39.79918287206135,1.0009068143203177,270->365,False
realprize,275,Affiliate,39.84905233569842,1.0012530273246407,270->365,False
realprize,276,Affiliate,39.888025494799315,1.0009780197223406,270->365,False
realprize,277,Affiliate,39.94662090899545,1.0014689976119218,270->365,False
realprize,278,Affiliate,39.998222630677326,1.0012917668755872,270->365,False
realprize,279,Affiliate,40.045865589149905,1.0011911268886242,270->365,False
realprize,280,Affiliate,40.09633287265389,1.0012602370497308,270->365,False
realprize,281,Affiliate,40.14653649889941,1.0012520752559833,270->365,False
realprize,282,Affiliate,40.21311523899548,1.0016583931243457,270->365,False
realprize,283,Affiliate,40.2514476282783,1.000953231030598,270->365,False
realprize,284,Affiliate,40.331587951523794,1.0019909923236945,270->365,False
realprize,285,Affiliate,40.3591176277072,1.0006825834930302,270->365,False
realprize,286,Affiliate,40.40477511841017,1.0011312806965738,270->365,False
realprize,287,Affiliate,40.45260339601178,1.0011837283455098,270->365,False
realprize,288,Affiliate,40.48473948603394,1.0007944133955375,270->365,False
realprize,289,Affiliate,40.503375874275775,1.0004603311884535,270->365,False
realprize,290,Affiliate,40.52456594842587,1.0005231680987745,270->365,False
realprize,291,Affiliate,40.568645859243446,1.0010877330771089,270->365,False
realprize,292,Affiliate,40.6118088261547,1.0010639489190991,270->365,False
realprize,293,Affiliate,40.700162830901384,1.0021755742307588,270->365,False
realprize,294,Affiliate,40.7606773392193,1.0014868370077372,270->365,False
realprize,295,Affiliate,40.79485368168216,1.0008384635559031,270->365,False
realprize,296,Affiliate,40.886663364947665,1.0022505212050001,270->365,False
realprize,297,Affiliate,40.94303379437221,1.0013786996733236,270->365,False
realprize,298,Affiliate,40.96712742853123,1.000588467241583,270->365,False
realprize,299,Affiliate,40.999993293366174,1.0008022496791429,270->365,False
realprize,300,Affiliate,41.026026002641274,1.0006349442325229,270->365,False
realprize,301,Affiliate,41.04449383856432,1.000450149276507,270->365,False
realprize,302,Affiliate,41.0657748606886,1.000518486650316,270->365,False
realprize,303,Affiliate,41.10471678513168,1.000948281740091,270->365,False
realprize,304,Affiliate,41.1262739813442,1.000524445803269,270->365,False
realprize,305,Affiliate,41.172402747913374,1.001121637389035,270->365,False
realprize,306,Affiliate,41.234119905389804,1.0014989933391623,270->365,False
realprize,307,Affiliate,41.25909993779714,1.0006058097629984,270->365,False
realprize,308,Affiliate,41.289258263067524,1.0007309496648218,270->365,False
realprize,309,Affiliate,41.34574430436258,1.0013680565762448,270->365,False
realprize,310,Affiliate,41.390096599769485,1.0010727173050848,270->365,False
realprize,311,Affiliate,41.42448894367102,1.000830931713789,270->365,False
realprize,312,Affiliate,41.617476755375336,1.0046587855789058,270->365,False
realprize,313,Affiliate,41.67206804720838,1.001311739588489,270->365,False
realprize,314,Affiliate,41.69673497858294,1.0005919296192984,270->365,False
realprize,315,Affiliate,41.72848833840043,1.0007615310847193,270->365,False
realprize,316,Affiliate,41.8223742077431,1.0022499226087773,270->365,False
realprize,317,Affiliate,41.86924013520297,1.0011205946182555,270->365,False
realprize,318,Affiliate,41.89523047099012,1.0006207501187798,270->365,False
realprize,319,Affiliate,41.949765724172416,1.0013017055299422,270->365,False
realprize,320,Affiliate,41.98660459154596,1.0008781662242352,270->365,False
realprize,321,Affiliate,42.041310946346336,1.001302947817109,270->365,False
realprize,322,Affiliate,42.07772366734089,1.00086611763941,270->365,False
realprize,323,Affiliate,42.15669349475206,1.0018767609207069,270->365,False
realprize,324,Affiliate,42.17950329260893,1.0005410717958634,270->365,False
realprize,325,Affiliate,42.22795398851882,1.001148678673947,270->365,False
realprize,326,Affiliate,42.24954437155527,1.0005112817694723,270->365,False
realprize,327,Affiliate,42.293896666962155,1.001049769791997,270->365,False
realprize,328,Affiliate,42.32802489427202,1.0008069303138134,270->365,False
realprize,329,Affiliate,42.37361497782746,1.0010770661676116,270->365,False
realprize,330,Affiliate,42.44597247411608,1.0017076073477915,270->365,False
realprize,331,Affiliate,42.48239794160701,1.0008581607480695,270->365,False
realprize,332,Affiliate,42.509271000976845,1.0006325692680242,270->365,False
realprize,333,Affiliate,42.55295657423972,1.0010276716639501,270->365,False
realprize,334,Affiliate,42.627520133068636,1.0017522533058032,270->365,False
realprize,335,Affiliate,42.672790635548175,1.00106200178519,270->365,False
realprize,336,Affiliate,42.72854415521789,1.0013065355895254,270->365,False
realprize,337,Affiliate,42.78583471861785,1.0013408030751492,270->365,False
realprize,338,Affiliate,42.803430395621845,1.0004112500578688,270->365,False
realprize,339,Affiliate,42.8260323452044,1.0005280406120176,270->365,False
realprize,340,Affiliate,42.852744063786716,1.0006237262038893,270->365,False
realprize,341,Affiliate,42.89723151798857,1.0010381471519219,270->365,False
realprize,342,Affiliate,42.96666176186168,1.0016185250519953,270->365,False
realprize,343,Affiliate,42.99209021830836,1.0005918182936253,270->365,False
realprize,344,Affiliate,43.018872674203934,1.0006229624044696,270->365,False
realprize,345,Affiliate,43.04960539564456,1.0007144009019804,270->365,False
realprize,346,Affiliate,43.0743441575454,1.000574657111801,270->365,False
realprize,347,Affiliate,43.11853063366606,1.0010258188948635,270->365,False
realprize,348,Affiliate,43.15964026632699,1.0009534098694177,270->365,False
realprize,349,Affiliate,43.200912158441845,1.0009562612630731,270->365,False
realprize,350,Affiliate,43.229588904466226,1.0006637995493985,270->365,False
realprize,351,Affiliate,43.27084380125259,1.0009543208212675,270->365,False
realprize,352,Affiliate,43.29941271880758,1.0006602348150688,270->365,False
realprize,353,Affiliate,43.33821489112368,1.0008961362263291,270->365,False
realprize,354,Affiliate,43.355028783016316,1.000387969184584,270->365,False
realprize,355,Affiliate,43.384516711477055,1.0006801501299496,270->365,False
realprize,356,Affiliate,43.47252414932214,1.0020285448477015,270->365,False
realprize,357,Affiliate,43.50905422995003,1.0008403027278199,270->365,False
realprize,358,Affiliate,43.571202241970795,1.0014283926212761,270->365,False
realprize,359,Affiliate,43.60512721433837,1.0007786099676381,270->365,False
realprize,360,Affiliate,43.66128046872792,1.0012877672415341,270->365,False
realprize,361,Affiliate,43.71823617822296,1.001304490131384,270->365,False
realprize,362,Affiliate,43.75767589239304,1.0009021341576843,270->365,False
realprize,363,Affiliate,43.90511742714947,1.0033695010475194,270->365,False
realprize,364,Affiliate,43.95119038473449,1.001049375569066,270->365,False
realprize,365,Affiliate,44.007178623670896,1.0012738730952746,270->365,False
realprize,1,Blended,6.873418785253005,,1->7,False
realprize,2,Blended,9.749119267554972,1.4183799317556227,1->7,False
realprize,3,Blended,11.723571486961498,1.2025262144425184,1->7,False
realprize,4,Blended,12.957857598299682,1.1052824314425778,1->7,False
realprize,5,Blended,14.116467751164882,1.0894137124193455,1->7,False
realprize,6,Blended,15.103968936483282,1.0699538441715997,1->7,False
realprize,7,Blended,16.03436785743481,1.0615996315183203,1->7,False
realprize,8,Blended,16.743925642861964,1.04425230802586,7->14,False
realprize,9,Blended,17.54433398989183,1.0478029085951588,7->14,False
realprize,10,Blended,18.348305807846177,1.0458251546292698,7->14,False
realprize,11,Blended,18.99418607613861,1.0352010847789685,7->14,False
realprize,12,Blended,19.722337921238605,1.0383355118340518,7->14,False
realprize,13,Blended,20.62414134041223,1.0457249755467626,7->14,False
realprize,14,Blended,21.31242049832543,1.0333725000499556,7->14,False
realprize,15,Blended,22.093098492004003,1.0366301891303202,14->30,False
realprize,16,Blended,22.834911864295773,1.0335767014554453,14->30,False
realprize,17,Blended,23.552019517768798,1.0314040035597545,14->30,False
realprize,18,Blended,24.231910425247943,1.0288676267003856,14->30,False
realprize,19,Blended,24.81307396147638,1.023983397347941,14->30,False
realprize,20,Blended,25.623020490785112,1.0326419262106024,14->30,False
realprize,21,Blended,26.29698152926475,1.0263029504551198,14->30,False
realprize,22,Blended,26.8654149307101,1.021615918192465,14->30,False
realprize,23,Blended,27.52291135123505,1.0244737117301457,14->30,False
realprize,24,Blended,28.05191451991538,1.019220465521595,14->30,False
realprize,25,Blended,28.614117576703723,1.0200415218144634,14->30,False
realprize,26,Blended,29.027943926492974,1.014462313879851,14->30,False
realprize,27,Blended,29.542972822226087,1.0177425206910042,14->30,False
realprize,28,Blended,30.278268820618333,1.0248890320827517,14->30,False
realprize,29,Blended,30.849426155433676,1.0188636060469352,14->30,False
realprize,30,Blended,31.342571355591325,1.0159855550528867,14->30,False
realprize,31,Blended,31.804734649205017,1.0147455449130292,30->60,False
realprize,32,Blended,32.221123028832295,1.0130920249522561,30->60,False
realprize,33,Blended,33.08376465667173,1.0267725500153275,30->60,False
realprize,34,Blended,33.57344557120172,1.014801245251611,30->60,False
realprize,35,Blended,34.17032639227699,1.0177783605739668,30->60,False
realprize,36,Blended,34.75648424194599,1.0171540020700967,30->60,False
realprize,37,Blended,35.27594230040521,1.0149456445261604,30->60,False
realprize,38,Blended,35.66065208060957,1.0109057265410013,30->60,False
realprize,39,Blended,36.13930383638671,1.0134224061493649,30->60,False
realprize,40,Blended,36.59571824089849,1.0126293081509845,30->60,False
realprize,41,Blended,37.02190933199572,1.0116459277637821,30->60,False
realprize,42,Blended,37.38838766488874,1.009898958198147,30->60,False
realprize,43,Blended,37.72608325527199,1.0090320982388972,30->60,False
realprize,44,Blended,38.165357771306255,1.0116437880143012,30->60,False
realprize,45,Blended,38.46141150524401,1.007757132416045,30->60,False
realprize,46,Blended,38.82943190552516,1.0095685619918284,30->60,False
realprize,47,Blended,39.237507006277205,1.0105094275328292,30->60,False
realprize,48,Blended,39.594968942463375,1.009110210190698,30->60,False
realprize,49,Blended,39.97838454817758,1.0096834425169359,30->60,False
realprize,50,Blended,40.619264472091146,1.0160306608472698,30->60,False
realprize,51,Blended,40.93498418727953,1.0077726595813992,30->60,False
realprize,52,Blended,41.41046710210747,1.011615563661942,30->60,False
realprize,53,Blended,41.789879633695286,1.0091622374278533,30->60,False
realprize,54,Blended,42.2084456599902,1.010015966304852,30->60,False
realprize,55,Blended,42.534424254858024,1.0077230656038307,30->60,False
realprize,56,Blended,42.89566967054864,1.0084930129423195,30->60,False
realprize,57,Blended,43.31930429538983,1.0098759298571354,30->60,False
realprize,58,Blended,43.864099309614915,1.0125762641641285,30->60,False
realprize,59,Blended,44.463439628187025,1.0136635728991417,30->60,False
realprize,60,Blended,44.99777918404187,1.0120175038261345,30->60,False
realprize,61,Blended,45.345625067165855,1.0077302900150091,60->90,False
realprize,62,Blended,45.77926433608925,1.0095629791910705,60->90,False
realprize,63,Blended,46.08453758056181,1.0066683737473672,60->90,False
realprize,64,Blended,46.48904308087472,1.0087774668370229,60->90,False
realprize,65,Blended,46.846105606124105,1.0076805737779593,60->90,False
realprize,66,Blended,47.194571501100455,1.007438524301384,60->90,False
realprize,67,Blended,47.572410834719,1.0080059914011452,60->90,False
realprize,68,Blended,47.83841157053658,1.0055914916051185,60->90,False
realprize,69,Blended,48.16932234281825,1.0069172608666939,60->90,False
realprize,70,Blended,48.54732761634864,1.0078474276810487,60->90,False
realprize,71,Blended,49.00695250975981,1.0094675632208516,60->90,False
realprize,72,Blended,49.41661779849014,1.0083593300083031,60->90,False
realprize,73,Blended,49.86421996815331,1.0090577257126012,60->90,False
realprize,74,Blended,50.36975251530746,1.010138182197115,60->90,False
realprize,75,Blended,51.043797985761906,1.0133819492214022,60->90,False
realprize,76,Blended,51.46683972849817,1.0082878186857152,60->90,False
realprize,77,Blended,51.81170491595598,1.0067007259291043,60->90,False
realprize,78,Blended,52.24266425530337,1.0083177988457714,60->90,False
realprize,79,Blended,52.69742013227902,1.0087046838720422,60->90,False
realprize,80,Blended,53.35671505311672,1.0125109525130978,60->90,False
realprize,81,Blended,53.61159517488878,1.0047769080521227,60->90,False
realprize,82,Blended,54.036132639648464,1.007918762039719,60->90,False
realprize,83,Blended,54.516359538817156,1.0088871441331893,60->90,False
realprize,84,Blended,55.23416958676695,1.0131668742011046,60->90,False
realprize,85,Blended,55.803742682960866,1.0103119699355518,60->90,False
realprize,86,Blended,56.06748889879458,1.0047263176832446,60->90,False
realprize,87,Blended,56.40436275952136,1.0060083636228985,60->90,False
realprize,88,Blended,56.73511758599954,1.0058639936752471,60->90,False
realprize,89,Blended,57.09708759557311,1.0063799992839513,60->90,False
realprize,90,Blended,57.46617114745775,1.006464139721082,60->90,False
realprize,91,Blended,57.83947894841886,1.006496131437106,90->120,False
realprize,92,Blended,58.259452554523826,1.0072610198732859,90->120,False
realprize,93,Blended,58.638691374258556,1.006509481347766,90->120,False
realprize,94,Blended,59.03141863332605,1.0066974083128992,90->120,False
realprize,95,Blended,59.34539163426201,1.0053187439537274,90->120,False
realprize,96,Blended,59.866170480847,1.008775388151358,90->120,False
realprize,97,Blended,60.32858635088388,1.0077241598439108,90->120,False
realprize,98,Blended,60.80364099335878,1.0078744534093984,90->120,False
realprize,99,Blended,61.18115532409667,1.0062087454726456,90->120,False
realprize,100,Blended,61.569014779088484,1.0063395248575675,90->120,False
realprize,101,Blended,62.17886133783388,1.0099050888004875,90->120,False
realprize,102,Blended,62.52112779393364,1.005504546862641,90->120,False
realprize,103,Blended,63.07961194364748,1.008932726734466,90->120,False
realprize,104,Blended,63.48783680112455,1.00647158162358,90->120,False
realprize,105,Blended,63.90863310918982,1.0066279830793954,90->120,False
realprize,106,Blended,64.24827889941035,1.005314552568199,90->120,False
realprize,107,Blended,64.45756171860327,1.0032574074010696,90->120,False
realprize,108,Blended,64.9779827821316,1.0080738558774576,90->120,False
realprize,109,Blended,65.32945097687485,1.005409035179219,90->120,False
realprize,110,Blended,65.75776271982951,1.0065561815773758,90->120,False
realprize,111,Blended,66.02467774774922,1.004059064920699,90->120,False
realprize,112,Blended,66.23572088853648,1.0031964281839216,90->120,False
realprize,113,Blended,66.40234699113076,1.002515653190741,90->120,False
realprize,114,Blended,66.62264561945769,1.0033176331607128,90->120,False
realprize,115,Blended,66.96034559105148,1.0050688466129476,90->120,False
realprize,116,Blended,67.30293164496511,1.005116252774529,90->120,False
realprize,117,Blended,67.61540402015211,1.0046427750998328,90->120,False
realprize,118,Blended,67.91533299552167,1.0044358083740823,90->120,False
realprize,119,Blended,68.1954682612112,1.0041247720261934,90->120,False
realprize,120,Blended,68.59649492896747,1.0058805471680348,90->120,False
realprize,121,Blended,68.76571793493162,1.0024669337134409,120->150,False
realprize,122,Blended,69.01169595890411,1.003577044366864,120->150,False
realprize,123,Blended,69.20056757096148,1.0027368058331712,120->150,False
realprize,124,Blended,69.5343146151987,1.0048228946084146,120->150,False
realprize,125,Blended,69.97376684639985,1.0063199333111008,120->150,False
realprize,126,Blended,70.23187607998725,1.003688657124233,120->150,False
realprize,127,Blended,70.61710389653034,1.0054850850930475,120->150,False
realprize,128,Blended,70.89193928629126,1.0038919096733792,120->150,False
realprize,129,Blended,71.30271788837746,1.0057944331361468,120->150,False
realprize,130,Blended,71.67188990715599,1.0051775308110478,120->150,False
realprize,131,Blended,72.00620753789899,1.0046645572089152,120->150,False
realprize,132,Blended,72.35358237029845,1.0048242345247336,120->150,False
realprize,133,Blended,72.6317501756186,1.003844561612672,120->150,False
realprize,134,Blended,72.87671943256345,1.0033727571806066,120->150,False
realprize,135,Blended,73.12141214966769,1.003357625302147,120->150,False
realprize,136,Blended,73.42287405985256,1.0041227583182861,120->150,False
realprize,137,Blended,73.74287552729236,1.0043583348042047,120->150,False
realprize,138,Blended,73.9838275628895,1.0032674618920707,120->150,False
realprize,139,Blended,74.2817223300905,1.0040264849361542,120->150,False
realprize,140,Blended,74.74094061608176,1.0061821168328677,120->150,False
realprize,141,Blended,75.1088003028939,1.0049217963244763,120->150,False
realprize,142,Blended,75.38788339219786,1.0037157175747515,120->150,False
realprize,143,Blended,75.74443078085918,1.0047295052283987,120->150,False
realprize,144,Blended,76.00278850937401,1.0034109138566545,120->150,False
realprize,145,Blended,76.34217071149408,1.004465391451765,120->150,False
realprize,146,Blended,76.71963807564487,1.004944414871006,120->150,False
realprize,147,Blended,77.11148857095213,1.0051075644402925,120->150,False
realprize,148,Blended,77.45441768972479,1.0044471858231232,120->150,False
realprize,149,Blended,77.91994489139124,1.0060103376353728,120->150,False
realprize,150,Blended,78.31134904765645,1.0050231575087838,120->150,False
realprize,151,Blended,78.62512612262157,1.004006789294029,150->180,False
realprize,152,Blended,78.82581856891713,1.0025525230443837,150->180,False
realprize,153,Blended,79.0903323173621,1.0033556739815357,150->180,False
realprize,154,Blended,79.36692660362544,1.0034971946400917,150->180,False
realprize,155,Blended,79.71662325519416,1.004406075257458,150->180,False
realprize,156,Blended,80.03870078137564,1.0040402805968138,150->180,False
realprize,157,Blended,80.49675195745748,1.0057228712061805,150->180,False
realprize,158,Blended,80.71394415018416,1.0026981485270545,150->180,False
realprize,159,Blended,81.11083856516136,1.0049172967466278,150->180,False
realprize,160,Blended,81.44498371939183,1.0041196116344184,150->180,False
realprize,161,Blended,81.79567230105413,1.0043058340200612,150->180,False
realprize,162,Blended,82.02372373204022,1.0027880623090515,150->180,False
realprize,163,Blended,82.26121945518501,1.0028954516125195,150->180,False
realprize,164,Blended,82.48944773232792,1.0027744334287099,150->180,False
realprize,165,Blended,82.72021834982124,1.0027975774336877,150->180,False
realprize,166,Blended,82.94172399715885,1.002677769132582,150->180,False
realprize,167,Blended,83.12061148916492,1.002156785311241,150->180,False
realprize,168,Blended,83.41446631402599,1.0035352822795267,150->180,False
realprize,169,Blended,83.66831783083023,1.003043255301168,150->180,False
realprize,170,Blended,83.89812357569195,1.002746628004717,150->180,False
realprize,171,Blended,84.06497580249578,1.0019887480159588,150->180,False
realprize,172,Blended,84.19299102164699,1.001522812775822,150->180,False
realprize,173,Blended,84.43070833302625,1.0028234810106478,150->180,False
realprize,174,Blended,84.69440735122674,1.003123259574708,150->180,False
realprize,175,Blended,85.1222636376473,1.0050517655155935,150->180,False
realprize,176,Blended,85.40509741001549,1.0033226768213328,150->180,False
realprize,177,Blended,85.68236318113628,1.00324647801512,150->180,False
realprize,178,Blended,85.93124001554925,1.0029046448437333,150->180,False
realprize,179,Blended,86.20268471857219,1.0031588593737717,150->180,False
realprize,180,Blended,86.46727840148002,1.0030694366860111,150->180,False
realprize,181,Blended,86.75361464826881,1.0033114983156899,180->270,False
realprize,182,Blended,87.01194206112359,1.0029777135385325,180->270,False
realprize,183,Blended,87.40573375725347,1.0045257201115365,180->270,False
realprize,184,Blended,87.66388482167433,1.0029534797469672,180->270,False
realprize,185,Blended,87.84406613003951,1.0020553653164208,180->270,False
realprize,186,Blended,88.0400710658162,1.0022312825943933,180->270,False
realprize,187,Blended,88.18683881344413,1.0016670562148706,180->270,False
realprize,188,Blended,88.49342667925491,1.0034765716736866,180->270,False
realprize,189,Blended,88.6599158249468,1.0018813730232792,180->270,False
realprize,190,Blended,88.93158105768832,1.0030641268967355,180->270,False
realprize,191,Blended,89.19332422214283,1.0029431970211429,180->270,False
realprize,192,Blended,89.62220290808241,1.004808416881867,180->270,False
realprize,193,Blended,89.82791124008803,1.002295283147822,180->270,False
realprize,194,Blended,90.01365834015951,1.0020678105224448,180->270,False
realprize,195,Blended,90.18401233812952,1.0018925349898151,180->270,False
realprize,196,Blended,90.49422451695456,1.0034397690985621,180->270,False
realprize,197,Blended,90.7164484676264,1.0024556699817921,180->270,False
realprize,198,Blended,90.92686765413059,1.0023195262828137,180->270,False
realprize,199,Blended,91.16077010349146,1.0025724239204037,180->270,False
realprize,200,Blended,91.5148916315792,1.003884582454555,180->270,False
realprize,201,Blended,91.79396490933352,1.0030494848737603,180->270,False
realprize,202,Blended,92.04656029269167,1.0027517646024728,180->270,False
realprize,203,Blended,92.19773322419931,1.0016423528595413,180->270,False
realprize,204,Blended,92.48320277721811,1.0030962751798314,180->270,False
realprize,205,Blended,92.67615406351275,1.0020863387134142,180->270,False
realprize,206,Blended,92.97018403977732,1.0031726605321047,180->270,False
realprize,207,Blended,93.11661884156194,1.0015750727321564,180->270,False
realprize,208,Blended,93.46070379244628,1.0036952045205787,180->270,False
realprize,209,Blended,93.71673726487242,1.0027394772566096,180->270,False
realprize,210,Blended,93.91122160688607,1.0020752359470644,180->270,False
realprize,211,Blended,94.25244101328457,1.0036334252771926,180->270,False
realprize,212,Blended,94.3830406662267,1.001385636823175,180->270,False
realprize,213,Blended,94.58567747877558,1.0021469621143642,180->270,False
realprize,214,Blended,94.69660299503403,1.0011727517232547,180->270,False
realprize,215,Blended,94.85355639307484,1.0016574343015139,180->270,False
realprize,216,Blended,94.97030516975315,1.0012308318329626,180->270,False
realprize,217,Blended,95.12787743323148,1.0016591740249405,180->270,False
realprize,218,Blended,95.300891470979,1.001818752214554,180->270,False
realprize,219,Blended,95.52152334798927,1.0023151082178225,180->270,False
realprize,220,Blended,95.616154268952,1.0009906764218781,180->270,False
realprize,221,Blended,95.82899272083851,1.0022259675000924,180->270,False
realprize,222,Blended,96.01434268423677,1.0019341741798142,180->270,False
realprize,223,Blended,96.15825194131617,1.0014988308314798,180->270,False
realprize,224,Blended,96.32919494305554,1.001777725762358,180->270,False
realprize,225,Blended,96.49333559786986,1.0017039554302447,180->270,False
realprize,226,Blended,96.68397554402372,1.0019756799262112,180->270,False
realprize,227,Blended,96.93881501998649,1.0026357984818977,180->270,False
realprize,228,Blended,97.10102101491495,1.001673282213064,180->270,False
realprize,229,Blended,97.2397054205937,1.0014282486860508,180->270,False
realprize,230,Blended,97.3880711201643,1.0015257728201548,180->270,False
realprize,231,Blended,97.55969412146494,1.00176225896382,180->270,False
realprize,232,Blended,97.74560510801435,1.0019056126428394,180->270,False
realprize,233,Blended,97.92674481133515,1.0018531749138044,180->270,False
realprize,234,Blended,98.1013309365884,1.0017828237381892,180->270,False
realprize,235,Blended,98.29400359235741,1.0019640167358541,180->270,False
realprize,236,Blended,98.47270921702741,1.0018180724982078,180->270,False
realprize,237,Blended,98.6625440737975,1.0019277915503646,180->270,False
realprize,238,Blended,98.87639641161357,1.0021675129079999,180->270,False
realprize,239,Blended,99.06334338642955,1.0018907138771294,180->270,False
realprize,240,Blended,99.28185532013265,1.0022057799205375,180->270,False
realprize,241,Blended,99.51130085673984,1.002311052063515,180->270,False
realprize,242,Blended,99.72929761788461,1.0021906734136519,180->270,False
realprize,243,Blended,100.03422051934781,1.0030575057555455,180->270,False
realprize,244,Blended,100.28941175165346,1.0025510393441441,180->270,False
realprize,245,Blended,100.6388407654798,1.0034842064353875,180->270,False
realprize,246,Blended,100.88503023319235,1.0024462669267649,180->270,False
realprize,247,Blended,101.09101108231125,1.002041738488285,180->270,False
realprize,248,Blended,101.32146791840421,1.0022796966181822,180->270,False
realprize,249,Blended,101.5690613547822,1.0024436424132483,180->270,False
realprize,250,Blended,101.90499712696871,1.003307461619765,180->270,False
realprize,251,Blended,102.10122285098468,1.0019255750900173,180->270,False
realprize,252,Blended,102.31131896715785,1.0020577237990558,180->270,False
realprize,253,Blended,102.56546127897846,1.0024840097301668,180->270,False
realprize,254,Blended,102.88265967736233,1.0030926434145417,180->270,False
realprize,255,Blended,103.01077657948585,1.0012452720655287,180->270,False
realprize,256,Blended,103.13755158759278,1.0012306965573559,180->270,False
realprize,257,Blended,103.61012635875561,1.0045819855512226,180->270,False
realprize,258,Blended,103.95011461795399,1.0032814192120676,180->270,False
realprize,259,Blended,104.22705925254505,1.0026642071113525,180->270,False
realprize,260,Blended,104.37382629477924,1.0014081472055982,180->270,False
realprize,261,Blended,104.53142277677583,1.0015099233935478,180->270,False
realprize,262,Blended,104.75642480311028,1.0021524821948988,180->270,False
realprize,263,Blended,105.01871605849747,1.0025038202275438,180->270,False
realprize,264,Blended,105.26561444691443,1.002350994162597,180->270,False
realprize,265,Blended,105.48796842516491,1.0021123134978005,180->270,False
realprize,266,Blended,105.69157632975676,1.0019301528660711,180->270,False
realprize,267,Blended,105.896869184852,1.0019423766985434,180->270,False
realprize,268,Blended,106.14933007313785,1.002384025988957,180->270,False
realprize,269,Blended,106.32544784332265,1.0016591510286825,180->270,False
realprize,270,Blended,106.58844848967674,1.0024735437441246,180->270,False
realprize,271,Blended,106.79780978690762,1.0019642025022173,270->365,False
realprize,272,Blended,107.00720461996467,1.0019606659862674,270->365,False
realprize,273,Blended,107.36211532933544,1.003316699194519,270->365,False
realprize,274,Blended,107.64913562407504,1.0026733852426357,270->365,False
realprize,275,Blended,107.98018920142749,1.0030753017702672,270->365,False
realprize,276,Blended,108.33169517543612,1.0032552820717227,270->365,False
realprize,277,Blended,108.53537161950499,1.0018801186830781,270->365,False
realprize,278,Blended,108.81690424325025,1.0025939250913725,270->365,False
realprize,279,Blended,109.08577539460862,1.00247085830302,270->365,False
realprize,280,Blended,109.32673455051386,1.0022088962106526,270->365,False
realprize,281,Blended,109.52006880050162,1.0017684077987203,270->365,False
realprize,282,Blended,109.71686435102662,1.0017968903113408,270->365,False
realprize,283,Blended,109.94228315367195,1.0020545501731086,270->365,False
realprize,284,Blended,110.22116644715165,1.0025366336361223,270->365,False
realprize,285,Blended,110.49644994562215,1.0024975556632536,270->365,False
realprize,286,Blended,110.76564011183308,1.0024361883693405,270->365,False
realprize,287,Blended,111.19171628518586,1.0038466457009827,270->365,False
realprize,288,Blended,111.46668703023973,1.0024729427176806,270->365,False
realprize,289,Blended,111.94867485460128,1.004324052658269,270->365,False
realprize,290,Blended,112.12626414033919,1.001586345581746,270->365,False
realprize,291,Blended,112.38636822018495,1.0023197426743855,270->365,False
realprize,292,Blended,112.58530401439954,1.0017701060846174,270->365,False
realprize,293,Blended,112.89969527408056,1.0027924715613044,270->365,False
realprize,294,Blended,113.40247987407245,1.0044533742874266,270->365,False
realprize,295,Blended,113.59909203881396,1.001733755425453,270->365,False
realprize,296,Blended,113.82985587906646,1.0020313880693135,270->365,False
realprize,297,Blended,114.11686980624415,1.0025214292415745,270->365,False
realprize,298,Blended,114.2681926867828,1.0013260342734214,270->365,False
realprize,299,Blended,114.42969475181732,1.0014133597568766,270->365,False
realprize,300,Blended,114.5998019400394,1.0014865650790297,270->365,False
realprize,301,Blended,114.89925797709566,1.002613058940651,270->365,False
realprize,302,Blended,115.14589094905558,1.0021465149236133,270->365,False
realprize,303,Blended,115.40286738860904,1.0022317465038084,270->365,False
realprize,304,Blended,115.58033791931705,1.0015378346719097,270->365,False
realprize,305,Blended,115.80607870834379,1.0019531071901202,270->365,False
realprize,306,Blended,116.03734452472821,1.0019970093017903,270->365,False
realprize,307,Blended,116.29378969736499,1.0022100227619577,270->365,False
realprize,308,Blended,116.48682881085735,1.0016599262436516,270->365,False
realprize,309,Blended,116.79485335762008,1.0026442864820613,270->365,False
realprize,310,Blended,116.9917289271733,1.0016856527825793,270->365,False
realprize,311,Blended,117.19391652913775,1.0017282213351195,270->365,False
realprize,312,Blended,117.57636980924384,1.0032634226368824,270->365,False
realprize,313,Blended,117.7413518529972,1.0014031904881995,270->365,False
realprize,314,Blended,117.93558902326612,1.0016496937330177,270->365,False
realprize,315,Blended,118.18756894310187,1.0021365893189886,270->365,False
realprize,316,Blended,118.46349800622568,1.0023346707745266,270->365,False
realprize,317,Blended,118.88390322892664,1.0035488165534237,270->365,False
realprize,318,Blended,119.03330692630063,1.0012567193145256,270->365,False
realprize,319,Blended,119.22211458264076,1.0015861750061017,270->365,False
realprize,320,Blended,119.43399000557234,1.0017771486747513,270->365,False
realprize,321,Blended,119.6367794482649,1.0016979206897727,270->365,False
realprize,322,Blended,119.81817144198533,1.0015161892066717,270->365,False
realprize,323,Blended,120.08750933563293,1.0022478885331514,270->365,False
realprize,324,Blended,120.31790714720071,1.0019185826472914,270->365,False
realprize,325,Blended,120.5217338657311,1.0016940680183293,270->365,False
realprize,326,Blended,120.67485282323719,1.0012704675961324,270->365,False
realprize,327,Blended,120.87399078754291,1.0016502026697924,270->365,False
realprize,328,Blended,121.01972400997033,1.0012056623718462,270->365,False
realprize,329,Blended,121.26911668326926,1.002060760552374,270->365,False
realprize,330,Blended,121.4711397898839,1.001665907298907,270->365,False
realprize,331,Blended,121.69330922567812,1.0018289894717256,270->365,False
realprize,332,Blended,121.89230646686521,1.0016352356793754,270->365,False
realprize,333,Blended,122.09410193314098,1.0016555225848534,270->365,False
realprize,334,Blended,122.36656895284537,1.0022316149215267,270->365,False
realprize,335,Blended,122.56480155597117,1.0016199898781357,270->365,False
realprize,336,Blended,122.80847637091208,1.0019881304570923,270->365,False
realprize,337,Blended,123.01605241603086,1.0016902420032625,270->365,False
realprize,338,Blended,123.18703036834641,1.0013898832628552,270->365,False
realprize,339,Blended,123.34072431669449,1.0012476471580531,270->365,False
realprize,340,Blended,123.55889959314419,1.0017688827243263,270->365,False
realprize,341,Blended,123.75878786849694,1.0016177570050473,270->365,False
realprize,342,Blended,123.9846182278948,1.0018247622111314,270->365,False
realprize,343,Blended,124.15742239697092,1.001393754899164,270->365,False
realprize,344,Blended,124.41263438511453,1.0020555515990628,270->365,False
realprize,345,Blended,124.62183829743981,1.0016815326944826,270->365,False
realprize,346,Blended,124.79277369321652,1.0013716327580462,270->365,False
realprize,347,Blended,125.03606687894599,1.001949577515823,270->365,False
realprize,348,Blended,125.32089556499652,1.0022779722136197,270->365,False
realprize,349,Blended,125.55205610435709,1.0018445490539978,270->365,False
realprize,350,Blended,125.7336301042226,1.001446204908939,270->365,False
realprize,351,Blended,125.98659296336774,1.002011894979374,270->365,False
realprize,352,Blended,126.2756102316536,1.002294031940128,270->365,False
realprize,353,Blended,126.43358286323824,1.001251014596523,270->365,False
realprize,354,Blended,126.66873766806931,1.0018599077832464,270->365,False
realprize,355,Blended,126.86446919899637,1.0015452236639475,270->365,False
realprize,356,Blended,127.10190348487116,1.0018715585803804,270->365,False
realprize,357,Blended,127.33472489663423,1.001831769669687,270->365,False
realprize,358,Blended,127.54822033344601,1.00167664741087,270->365,False
realprize,359,Blended,127.74674446478204,1.0015564633580698,270->365,False
realprize,360,Blended,128.00127374416113,1.0019924521790788,270->365,False
realprize,361,Blended,128.20540058711032,1.0015947250912298,270->365,False
realprize,362,Blended,128.3692550417726,1.0012780620310213,270->365,False
realprize,363,Blended,128.7655316620651,1.0030870056865528,270->365,False
realprize,364,Blended,129.00786355819568,1.0018819624553454,270->365,False
realprize,365,Blended,129.3761369146475,1.0028546582068285,270->365,False
lonestar,1,Web,7.285472825388668,,1->7,False
lonestar,2,Web,9.70359758447899,1.331910476786566,1->7,False
lonestar,3,Web,11.564744956957469,1.1917997275005927,1->7,False
lonestar,4,Web,13.303268662469486,1.1503296191989174,1->7,False
lonestar,5,Web,14.876041372221511,1.1182245318542692,1->7,False
lonestar,6,Web,16.13531928562251,1.0846514124216198,1->7,False
lonestar,7,Web,17.673159450083517,1.0953089391810988,1->7,False
lonestar,8,Web,18.951079801835345,1.072308539701756,7->14,False
lonestar,9,Web,20.231722884550067,1.0675762593005753,7->14,False
lonestar,10,Web,21.15524372289169,1.0456471672537029,7->14,False
lonestar,11,Web,22.04206573967771,1.041919725832627,7->14,False
lonestar,12,Web,22.851077942258637,1.0367031027007887,7->14,False
lonestar,13,Web,24.05456158749295,1.0526663839787052,7->14,False
lonestar,14,Web,25.595597166820124,1.0640641723492656,7->14,False
lonestar,15,Web,26.558699275296323,1.0376276475285633,14->30,False
lonestar,16,Web,27.48493406181456,1.0348750056212195,14->30,False
lonestar,17,Web,28.717068941191414,1.0448294646298129,14->30,False
lonestar,18,Web,29.69797988719056,1.0341577668670823,14->30,False
lonestar,19,Web,30.37805668405745,1.0228997662282149,14->30,False
lonestar,20,Web,31.047743121367123,1.02204507168693,14->30,False
lonestar,21,Web,32.01119131961038,1.031031182990567,14->30,False
lonestar,22,Web,32.882254906854335,1.027211220555554,14->30,False
lonestar,23,Web,33.593440354808315,1.021628244473153,14->30,False
lonestar,24,Web,34.4223390371726,1.0246744207681497,14->30,False
lonestar,25,Web,35.068184708503395,1.0187623993428614,14->30,False
lonestar,26,Web,35.780874989811615,1.020322987552173,14->30,False
lonestar,27,Web,36.55825393898823,1.0217261022654691,14->30,False
lonestar,28,Web,37.669947388987254,1.0304088223648296,14->30,False
lonestar,29,Web,38.53053464184261,1.0228454593782348,14->30,False
lonestar,30,Web,39.33305547928691,1.0208281780905475,14->30,False
lonestar,31,Web,40.13904580806663,1.020491424298429,30->60,False
lonestar,32,Web,40.789982090866076,1.016217034304005,30->60,False
lonestar,33,Web,41.501717837094155,1.0174487879068586,30->60,False
lonestar,34,Web,42.1793218487491,1.0163271316699403,30->60,False
lonestar,35,Web,43.21046622030574,1.0244466797084653,30->60,False
lonestar,36,Web,44.472351105709585,1.0292032231027133,30->60,False
lonestar,37,Web,45.078751592988574,1.0136354492668398,30->60,False
lonestar,38,Web,45.927507826008515,1.018828299432142,30->60,False
lonestar,39,Web,46.51861416795069,1.0128704205806576,30->60,False
lonestar,40,Web,47.21896022076841,1.01505517877831,30->60,False
lonestar,41,Web,47.829248317814375,1.0129246407416135,30->60,False
lonestar,42,Web,48.48799789807354,1.013772944451937,30->60,False
lonestar,43,Web,49.2785410375456,1.0163038932053632,30->60,False
lonestar,44,Web,50.033973400391694,1.0153298443285999,30->60,False
lonestar,45,Web,50.88604973563118,1.017029955394924,30->60,False
lonestar,46,Web,51.586333545685605,1.0137618033565705,30->60,False
lonestar,47,Web,52.288113378861915,1.0136039874311829,30->60,False
lonestar,48,Web,52.764825576862094,1.0091170280814319,30->60,False
lonestar,49,Web,53.464650255003974,1.0132630909036637,30->60,False
lonestar,50,Web,54.046081874730795,1.010875066365414,30->60,False
lonestar,51,Web,54.56208024037054,1.0095473778623905,30->60,False
lonestar,52,Web,55.46879034413606,1.0166179533436235,30->60,False
lonestar,53,Web,56.13062130731092,1.0119315917846552,30->60,False
lonestar,54,Web,56.869369680529815,1.01316123634503,30->60,False
lonestar,55,Web,57.60888766720983,1.0130038013579954,30->60,False
lonestar,56,Web,58.12523239552049,1.0089629352209235,30->60,False
lonestar,57,Web,59.14190642301885,1.0174910961315435,30->60,False
lonestar,58,Web,59.8524251401581,1.012013794618949,30->60,False
lonestar,59,Web,60.265455668656394,1.0069008152557075,30->60,False
lonestar,60,Web,61.044144124663084,1.0129209751650758,30->60,False
lonestar,61,Web,61.39826847943529,1.0058011191712184,60->90,False
lonestar,62,Web,61.580478344061405,1.0029676710620454,60->90,False
lonestar,63,Web,61.94612009753185,1.0059376244437002,60->90,False
lonestar,64,Web,62.11380213604053,1.0027069013885723,60->90,False
lonestar,65,Web,62.61128706662714,1.0080092493693595,60->90,False
lonestar,66,Web,62.97201199385599,1.0057613402331913,60->90,False
lonestar,67,Web,63.42449955073113,1.0071855343754823,60->90,False
lonestar,68,Web,63.58369411288953,1.0025099853098733,60->90,False
lonestar,69,Web,63.88117749123957,1.0046786111203585,60->90,False
lonestar,70,Web,64.5742293907956,1.0108490783478603,60->90,False
lonestar,71,Web,65.0151995489725,1.0068288876590104,60->90,False
lonestar,72,Web,65.37913908734804,1.0055977608451605,60->90,False
lonestar,73,Web,65.62569658154753,1.0037711951800112,60->90,False
lonestar,74,Web,65.79524295087442,1.0025835362999342,60->90,False
lonestar,75,Web,66.18827918344013,1.005973626890612,60->90,False
lonestar,76,Web,66.59911941620288,1.006207144797104,60->90,False
lonestar,77,Web,67.29980614548842,1.0105209608689671,60->90,False
lonestar,78,Web,67.64030457111028,1.0050594265440493,60->90,False
lonestar,79,Web,68.157433207539,1.0076452736235844,60->90,False
lonestar,80,Web,69.00551698893996,1.0124430123244013,60->90,False
lonestar,81,Web,69.4523551206719,1.0064753972034375,60->90,False
lonestar,82,Web,69.84799238715298,1.0056965277245629,60->90,False
lonestar,83,Web,71.60189469448504,1.025110275147359,60->90,False
lonestar,84,Web,74.71816829029311,1.0435222225487852,60->90,False
lonestar,85,Web,75.23205153410868,1.0068776210067014,60->90,False
lonestar,86,Web,75.85755966182451,1.008314383496936,60->90,False
lonestar,87,Web,76.38440498116391,1.0069451920373935,60->90,False
lonestar,88,Web,76.71923140856718,1.004383439623387,60->90,False
lonestar,89,Web,77.15413043551044,1.0056687093830126,60->90,False
lonestar,90,Web,78.03307263703164,1.0113920304274036,60->90,False
lonestar,91,Web,78.36005679748885,1.0041903278879991,90->120,False
lonestar,92,Web,78.52604818950563,1.0021183163821048,90->120,False
lonestar,93,Web,79.14564654790689,1.0078903545089395,90->120,False
lonestar,94,Web,79.69445326968234,1.0069341365660998,90->120,False
lonestar,95,Web,79.86825532713905,1.0021808551326474,90->120,False
lonestar,96,Web,80.30603022809157,1.0054812127691959,90->120,False
lonestar,97,Web,80.50733061578579,1.0025066659019561,90->120,False
lonestar,98,Web,80.95573159579459,1.0055696913135619,90->120,False
lonestar,99,Web,81.60020337485211,1.0079607924769962,90->120,False
lonestar,100,Web,81.82238165609434,1.0027227662683829,90->120,False
lonestar,101,Web,82.11597366236023,1.0035881625580136,90->120,False
lonestar,102,Web,82.33655036100633,1.0026861606677533,90->120,False
lonestar,103,Web,82.63976197810759,1.003682588300965,90->120,False
lonestar,104,Web,82.8160540750322,1.0021332599792738,90->120,False
lonestar,105,Web,82.9653552905208,1.0018028052308956,90->120,False
lonestar,106,Web,83.23956814737342,1.0033051489491294,90->120,False
lonestar,107,Web,83.40031140610414,1.0019310919351014,90->120,False
lonestar,108,Web,83.64058419892991,1.002880957981749,90->120,False
lonestar,109,Web,83.952216768734,1.0037258535768103,90->120,False
lonestar,110,Web,84.25324517587525,1.0035857112382214,90->120,False
lonestar,111,Web,84.47927737060672,1.002682771378831,90->120,False
lonestar,112,Web,84.69865035349106,1.0025967668014246,90->120,False
lonestar,113,Web,84.90931747055807,1.002487254710527,90->120,False
lonestar,114,Web,85.32544571831643,1.0049008549374179,90->120,False
lonestar,115,Web,85.50210702217633,1.0020704410316603,90->120,False
lonestar,116,Web,85.66921615025758,1.001954444561675,90->120,False
lonestar,117,Web,85.78834354963489,1.00139055082713,90->120,False
lonestar,118,Web,85.96482277884176,1.002057146949163,90->120,False
lonestar,119,Web,86.16425352958956,1.0023199111485503,90->120,False
lonestar,120,Web,86.33255794405045,1.0019532974240077,90->120,False
lonestar,121,Web,86.67277506566315,1.0039407742538242,120->150,False
lonestar,122,Web,86.9066960183786,1.0026988976935172,120->150,False
lonestar,123,Web,87.04717457155412,1.001616429568854,120->150,False
lonestar,124,Web,87.48806129493776,1.0050649171044745,120->150,False
lonestar,125,Web,87.7867136353828,1.003413635369496,120->150,False
lonestar,126,Web,88.04443414542396,1.0029357575807154,120->150,False
lonestar,127,Web,88.38183341892471,1.0038321476737924,120->150,False
lonestar,128,Web,88.47822451697488,1.0010906211641173,120->150,False
lonestar,129,Web,88.73405226078967,1.0028914204055452,120->150,False
lonestar,130,Web,89.08491391015147,1.0039540812171028,120->150,False
lonestar,131,Web,89.18229095073757,1.0010930811549563,120->150,False
lonestar,132,Web,89.3864906048466,1.002289688366739,120->150,False
lonestar,133,Web,89.627714835606,1.002698665414954,120->150,False
lonestar,134,Web,89.73880682375216,1.0012394825456603,120->150,False
lonestar,135,Web,89.86016296058258,1.0013523261688644,120->150,False
lonestar,136,Web,90.10509056191677,1.0027256527616317,120->150,False
lonestar,137,Web,90.47568323412732,1.0041128938431718,120->150,False
lonestar,138,Web,90.6804397631872,1.002263111166898,120->150,False
lonestar,139,Web,91.13832486621814,1.0050494362866647,120->150,False
lonestar,140,Web,91.37660344149981,1.0026144717453545,120->150,False
lonestar,141,Web,91.705768269006,1.0036022878407482,120->150,False
lonestar,142,Web,91.82377707006628,1.0012868198291969,120->150,False
lonestar,143,Web,92.0317744287582,1.002265179731533,120->150,False
lonestar,144,Web,92.1430611709855,1.0012092208687495,120->150,False
lonestar,145,Web,92.38091067868208,1.0025813067709484,120->150,False
lonestar,146,Web,92.60763181645918,1.0024541989910196,120->150,False
lonestar,147,Web,92.69128782342021,1.0009033381517285,120->150,False
lonestar,148,Web,93.11933294957653,1.004617965034338,120->150,False
lonestar,149,Web,93.17109797574561,1.000555899881683,120->150,False
lonestar,150,Web,93.36099537701855,1.00203815781287,120->150,False
lonestar,151,Web,93.57236182493942,1.002263969520326,150->180,False
lonestar,152,Web,93.80698097405669,1.002507355211961,150->180,False
lonestar,153,Web,94.07922032113208,1.0029021224673107,150->180,False
lonestar,154,Web,94.31988306766635,1.00255808610778,150->180,False
lonestar,155,Web,94.6571604528021,1.003575888499499,150->180,False
lonestar,156,Web,95.02034079214403,1.003836797317864,150->180,False
lonestar,157,Web,95.11276477797199,1.0009726757982287,150->180,False
lonestar,158,Web,95.50395296560723,1.0041128884072335,150->180,False
lonestar,159,Web,95.56260615826982,1.0006141441358318,150->180,False
lonestar,160,Web,95.82338340027046,1.0027288628103,150->180,False
lonestar,161,Web,96.00985788099368,1.0019460227149806,150->180,False
lonestar,162,Web,96.180414897491,1.001776453171181,150->180,False
lonestar,163,Web,96.45934206714341,1.0029000412396816,150->180,False
lonestar,164,Web,96.73989574586315,1.0029085174406898,150->180,False
lonestar,165,Web,96.87855723847281,1.0014333434157705,150->180,False
lonestar,166,Web,97.41995832232946,1.005588451142227,150->180,False
lonestar,167,Web,97.60644874922004,1.0019142938480177,150->180,False
lonestar,168,Web,98.28083767935134,1.0069092661271184,150->180,False
lonestar,169,Web,98.530130491643,1.0025365352817301,150->180,False
lonestar,170,Web,99.20231247221624,1.0068220957104106,150->180,False
lonestar,171,Web,99.37379117718508,1.0017285756823147,150->180,False
lonestar,172,Web,99.51243672362742,1.0013951922815858,150->180,False
lonestar,173,Web,99.94571641453932,1.0043540255386896,150->180,False
lonestar,174,Web,100.60863048266204,1.006632741170949,150->180,False
lonestar,175,Web,101.1104627469132,1.004987964370886,150->180,False
lonestar,176,Web,101.35241713300096,1.0023929708114716,150->180,False
lonestar,177,Web,101.6256642778514,1.0026960101453908,150->180,False
lonestar,178,Web,101.95462095287587,1.0032369448934186,150->180,False
lonestar,179,Web,102.30499970908755,1.0034366147697575,150->180,False
lonestar,180,Web,102.61739150549263,1.0030535340139133,150->180,False
lonestar,181,Web,102.82070719779682,1.0019812985822516,180->270,False
lonestar,182,Web,103.04313290640502,1.0021632384630492,180->270,False
lonestar,183,Web,103.43616303811623,1.00381422925163,180->270,False
lonestar,184,Web,103.81800157428172,1.0036915380941265,180->270,False
lonestar,185,Web,104.4520110935846,1.0061069324171998,180->270,False
lonestar,186,Web,104.9631485666394,1.0048935149041491,180->270,False
lonestar,187,Web,105.55180464842714,1.0056082166915372,180->270,False
lonestar,188,Web,106.05406461614052,1.0047584214157808,180->270,False
lonestar,189,Web,106.7361819546619,1.0064317887389822,180->270,False
lonestar,190,Web,107.07664332925333,1.0031897466103485,180->270,False
lonestar,191,Web,107.2246461220715,1.0013822136015516,180->270,False
lonestar,192,Web,107.61465564931247,1.003637312328333,180->270,False
lonestar,193,Web,107.96605604913236,1.003265358214452,180->270,False
lonestar,194,Web,108.42637227861401,1.004263527318921,180->270,False
lonestar,195,Web,108.80469872212421,1.0034892474548356,180->270,False
lonestar,196,Web,108.98275738269965,1.0016364978963839,180->270,False
lonestar,197,Web,109.43452717874224,1.00414533277458,180->270,False
lonestar,198,Web,109.64979217754411,1.0019670665588958,180->270,False
lonestar,199,Web,109.796102066614,1.0013343380426383,180->270,False
lonestar,200,Web,110.37171323282506,1.0052425464599994,180->270,False
lonestar,201,Web,110.58835030280999,1.0019627952093844,180->270,False
lonestar,202,Web,110.85784283135598,1.00243689798978,180->270,False
lonestar,203,Web,111.21574521028984,1.0032284804556257,180->270,False
lonestar,204,Web,111.43476121961464,1.0019692895903425,180->270,False
lonestar,205,Web,111.69023950866352,1.0022926265220364,180->270,False
lonestar,206,Web,111.90038483887172,1.0018815012944071,180->270,False
lonestar,207,Web,112.16885343369897,1.0023991749019794,180->270,False
lonestar,208,Web,112.47722813865768,1.0027492008299879,180->270,False
lonestar,209,Web,112.57612989655019,1.0008793047226465,180->270,False
lonestar,210,Web,112.70403287046966,1.0011361464818254,180->270,False
lonestar,211,Web,112.94690312232855,1.0021549384318662,180->270,False
lonestar,212,Web,113.05296559002741,1.0009390471519524,180->270,False
lonestar,213,Web,113.7371273828739,1.0060516925785699,180->270,False
lonestar,214,Web,113.95371325617285,1.0019042671314342,180->270,False
lonestar,215,Web,114.08128857130232,1.0011195362703336,180->270,False
lonestar,216,Web,114.45556365039876,1.00328077534698,180->270,False
lonestar,217,Web,114.57938112878045,1.0010817951913626,180->270,False
lonestar,218,Web,114.91340878650584,1.0029152510201635,180->270,False
lonestar,219,Web,115.1166801083489,1.0017689086416426,180->270,False
lonestar,220,Web,115.3390785120579,1.001931938998759,180->270,False
lonestar,221,Web,115.58916067040907,1.0021682344056966,180->270,False
lonestar,222,Web,115.81671287383573,1.0019686292564707,180->270,False
lonestar,223,Web,116.00295617793626,1.0016080866006223,180->270,False
lonestar,224,Web,116.1861379202178,1.0015791127081328,180->270,False
lonestar,225,Web,116.40065544740496,1.0018463263434616,180->270,False
lonestar,226,Web,116.70360330365435,1.0026026301577509,180->270,False
lonestar,227,Web,116.83116496633424,1.0010930396240465,180->270,False
lonestar,228,Web,117.0447199958258,1.001827894376925,180->270,False
lonestar,229,Web,117.26544597446087,1.0018858260213954,180->270,False
lonestar,230,Web,117.4004789401751,1.001151515389654,180->270,False
lonestar,231,Web,117.66146257951841,1.0022230202269984,180->270,False
lonestar,232,Web,117.79756726252492,1.0011567481826475,180->270,False
lonestar,233,Web,118.01009494518533,1.0018041771795403,180->270,False
lonestar,234,Web,118.21545850492703,1.0017402202738426,180->270,False
lonestar,235,Web,118.41806426985293,1.001713868621653,180->270,False
lonestar,236,Web,118.72199510247232,1.0025665917990922,180->270,False
lonestar,237,Web,118.83590772868148,1.00095949049804,180->270,False
lonestar,238,Web,119.30812548108722,1.0039736958418652,180->270,False
lonestar,239,Web,119.50766285796928,1.0016724542111233,180->270,False
lonestar,240,Web,119.64680179789565,1.0011642679356196,180->270,False
lonestar,241,Web,119.95555194521786,1.0025805131661083,180->270,False
lonestar,242,Web,120.19196800153634,1.0019708638115095,180->270,False
lonestar,243,Web,120.38265859108859,1.001586550189026,180->270,False
lonestar,244,Web,120.46278140457952,1.0006655677356577,180->270,False
lonestar,245,Web,120.71248129434235,1.002072838488796,180->270,False
lonestar,246,Web,120.85366810170618,1.0011696123371001,180->270,False
lonestar,247,Web,121.07911782789704,1.0018654769005533,180->270,False
lonestar,248,Web,121.3575083404588,1.0022992446390093,180->270,False
lonestar,249,Web,121.58604010714306,1.0018831283684824,180->270,False
lonestar,250,Web,121.78013015664146,1.0015963185356425,180->270,False
lonestar,251,Web,122.08269574430251,1.0024845234380344,180->270,False
lonestar,252,Web,122.29859216889757,1.0017684441130563,180->270,False
lonestar,253,Web,122.47973286996643,1.0014811348017703,180->270,False
lonestar,254,Web,122.85806613970144,1.0030889459085992,180->270,False
lonestar,255,Web,123.1617000315424,1.0024714200815736,180->270,False
lonestar,256,Web,123.54385598716067,1.003102879836186,180->270,False
lonestar,257,Web,124.01845267890626,1.0038415240317164,180->270,False
lonestar,258,Web,124.30874812750451,1.0023407439967813,180->270,False
lonestar,259,Web,124.44927620417597,1.0011304761634903,180->270,False
lonestar,260,Web,124.7065088329963,1.0020669676567528,180->270,False
lonestar,261,Web,124.93162066105992,1.0018051329491156,180->270,False
lonestar,262,Web,125.42393823236445,1.0039406962680824,180->270,False
lonestar,263,Web,125.7449619318619,1.0025595090061892,180->270,False
lonestar,264,Web,126.07248078424855,1.0026046280292655,180->270,False
lonestar,265,Web,126.26383351760556,1.001517799381488,180->270,False
lonestar,266,Web,126.51594306471983,1.0019966885218887,180->270,False
lonestar,267,Web,126.71719723713697,1.0015907415898895,180->270,False
lonestar,268,Web,127.14468615159605,1.0033735666806067,180->270,False
lonestar,269,Web,127.74453041581717,1.004717808367594,180->270,False
lonestar,270,Web,128.11472682560066,1.0028979433293814,180->270,False
lonestar,271,Web,128.67165168326744,1.0043470791490263,270->365,False
lonestar,272,Web,129.18608413798674,1.0039980248018079,270->365,False
lonestar,273,Web,129.51579675068055,1.0025522301019794,270->365,False
lonestar,274,Web,129.9152619581627,1.0030842971861658,270->365,False
lonestar,275,Web,130.2210397777635,1.0023536712699643,270->365,False
lonestar,276,Web,130.8059841490905,1.004491934424155,270->365,False
lonestar,277,Web,131.73637417350307,1.0071127481702375,270->365,False
lonestar,278,Web,132.0149402686132,1.002114572356024,270->365,False
lonestar,279,Web,132.40303180458847,1.0029397546609922,270->365,False
lonestar,280,Web,132.9422714647038,1.0040727138402026,270->365,False
lonestar,281,Web,133.24292520833936,1.0022615360812108,270->365,False
lonestar,282,Web,133.47547155446176,1.001745281002791,270->365,False
lonestar,283,Web,133.67298408430196,1.0014797664884787,270->365,False
lonestar,284,Web,134.13731476209685,1.0034736314220536,270->365,False
lonestar,285,Web,134.30174294018394,1.0012258198129187,270->365,False
lonestar,286,Web,134.63978385921553,1.0025170255547773,270->365,False
lonestar,287,Web,134.90595577583466,1.001976918775341,270->365,False
lonestar,288,Web,135.11450539836108,1.0015458889218571,270->365,False
lonestar,289,Web,135.52228544902817,1.003018033108028,270->365,False
lonestar,290,Web,135.77420796469687,1.0018589010274879,270->365,False
lonestar,291,Web,136.18414481244662,1.0030192542007415,270->365,False
lonestar,292,Web,136.4134546166298,1.0016838215968458,270->365,False
lonestar,293,Web,136.70658515046645,1.002148838871213,270->365,False
lonestar,294,Web,136.91890984104512,1.0015531416452614,270->365,False
lonestar,295,Web,137.20633738334496,1.0020992538038282,270->365,False
lonestar,296,Web,137.38073367978396,1.0012710513214251,270->365,False
lonestar,297,Web,137.59336263761648,1.0015477349125834,270->365,False
lonestar,298,Web,137.8030027755218,1.0015236210082128,270->365,False
lonestar,299,Web,138.159625538083,1.002587917210644,270->365,False
lonestar,300,Web,138.64551880144305,1.0035168976570954,270->365,False
lonestar,301,Web,138.91142684026676,1.0019178985453148,270->365,False
lonestar,302,Web,139.07475103982213,1.0011757434450888,270->365,False
lonestar,303,Web,139.33445256519337,1.0018673520781416,270->365,False
lonestar,304,Web,139.6264952762817,1.002095983482274,270->365,False
lonestar,305,Web,140.02642630885157,1.0028642918507589,270->365,False
lonestar,306,Web,140.22285909383513,1.0014028265246897,270->365,False
lonestar,307,Web,140.539396665174,1.0022573892258684,270->365,False
lonestar,308,Web,141.2318227707672,1.004926918159773,270->365,False
lonestar,309,Web,141.39542700390132,1.0011584091313448,270->365,False
lonestar,310,Web,141.83542437927963,1.0031118218226829,270->365,False
lonestar,311,Web,142.14819496045797,1.0022051654764466,270->365,False
lonestar,312,Web,142.32955439953824,1.0012758476400683,270->365,False
lonestar,313,Web,142.60999725815225,1.0019703768468688,270->365,False
lonestar,314,Web,142.8608400289644,1.001758942399796,270->365,False
lonestar,315,Web,143.09684102010178,1.0016519641847936,270->365,False
lonestar,316,Web,143.25643323369397,1.001115274190922,270->365,False
lonestar,317,Web,143.49864073828388,1.0016907268952788,270->365,False
lonestar,318,Web,143.72630803782232,1.0015865467321998,270->365,False
lonestar,319,Web,143.87595367410708,1.0010411847234355,270->365,False
lonestar,320,Web,144.0734904376223,1.001372965797764,270->365,False
lonestar,321,Web,144.21664952687587,1.0009936532308528,270->365,False
lonestar,322,Web,144.73565137566408,1.003598765125184,270->365,False
lonestar,323,Web,144.9323965057932,1.0013593411730912,270->365,False
lonestar,324,Web,145.20206614951638,1.001860658142863,270->365,False
lonestar,325,Web,145.48170929685256,1.001925889587881,270->365,False
lonestar,326,Web,145.82060916503443,1.0023295015560365,270->365,False
lonestar,327,Web,146.11475751322467,1.0020171932477482,270->365,False
lonestar,328,Web,146.61626803386218,1.0034323057381258,270->365,False
lonestar,329,Web,146.79951500696856,1.0012498406593193,270->365,False
lonestar,330,Web,147.24124374380023,1.0030090612820532,270->365,False
lonestar,331,Web,147.52357144380977,1.0019174498451044,270->365,False
lonestar,332,Web,147.72567490876338,1.0013699740521167,270->365,False
lonestar,333,Web,147.94394223499918,1.0014775178815098,270->365,False
lonestar,334,Web,148.22276143738245,1.0018846273674415,270->365,False
lonestar,335,Web,148.4270297773104,1.0013781172199672,270->365,False
lonestar,336,Web,148.9144713032453,1.0032840482401773,270->365,False
lonestar,337,Web,149.34724973607862,1.0029062214642124,270->365,False
lonestar,338,Web,149.6040109088728,1.001719222638836,270->365,False
lonestar,339,Web,149.87180648172264,1.0017900293663449,270->365,False
lonestar,340,Web,150.24403842366956,1.002483668881327,270->365,False
lonestar,341,Web,150.61550027327496,1.0024723899430732,270->365,False
lonestar,342,Web,151.24867235065304,1.004203897183419,270->365,False
lonestar,343,Web,151.49173072650143,1.0016070116323725,270->365,False
lonestar,344,Web,151.68793733051754,1.001295163789305,270->365,False
lonestar,345,Web,151.99882307030035,1.0020495086508125,270->365,False
lonestar,346,Web,152.16027319898242,1.0010621801236408,270->365,False
lonestar,347,Web,152.64747508079705,1.0032018993629008,270->365,False
lonestar,348,Web,152.95266590693473,1.00199931787916,270->365,False
lonestar,349,Web,153.25114669770423,1.00195145857053,270->365,False
lonestar,350,Web,153.44620893373016,1.0012728272527103,270->365,False
lonestar,351,Web,153.70028555385093,1.0016558025244566,270->365,False
lonestar,352,Web,154.08333648540838,1.002492194013675,270->365,False
lonestar,353,Web,154.42898139315574,1.0022432335360294,270->365,False
lonestar,354,Web,155.03058506978883,1.0038956656399973,270->365,False
lonestar,355,Web,155.3567837995952,1.0021040927482763,270->365,False
lonestar,356,Web,155.58283552079467,1.0014550489246163,270->365,False
lonestar,357,Web,155.91415563393582,1.0021295415527818,270->365,False
lonestar,358,Web,156.362839435517,1.0028777618026847,270->365,False
lonestar,359,Web,156.72727351934748,1.0023306949729622,270->365,False
lonestar,360,Web,157.25052972442856,1.0033386416628787,270->365,False
lonestar,361,Web,157.49811979751803,1.0015744943659226,270->365,False
lonestar,362,Web,157.9653369752787,1.0029664936848854,270->365,False
lonestar,363,Web,158.19622196834243,1.0014616180833387,270->365,False
lonestar,364,Web,158.44354816363648,1.0015634140450178,270->365,False
lonestar,365,Web,158.73691834159345,1.0018515754119188,270->365,False
lonestar,1,Affiliate,4.511817459612007,,1->7,False
lonestar,2,Affiliate,5.865101339970222,1.2999420726729911,1->7,False
lonestar,3,Affiliate,6.80778458256483,1.160727528469166,1->7,False
lonestar,4,Affiliate,7.4534824270571765,1.0948469853388163,1->7,False
lonestar,5,Affiliate,7.949599373347259,1.066561765073613,1->7,False
lonestar,6,Affiliate,8.386793529032687,1.0549957469745224,1->7,False
lonestar,7,Affiliate,8.76568007377614,1.045176567591876,1->7,False
lonestar,8,Affiliate,9.077507188195696,1.0355736362489927,7->14,False
lonestar,9,Affiliate,9.371513187696744,1.0323884072362257,7->14,False
lonestar,10,Affiliate,9.69997886779049,1.0350493750064789,7->14,False
lonestar,11,Affiliate,9.915840592913337,1.02225383457686,7->14,False
lonestar,12,Affiliate,10.127156520886473,1.0213109444421846,7->14,False
lonestar,13,Affiliate,10.327845356642607,1.019816898785185,7->14,False
lonestar,14,Affiliate,10.525972870435538,1.0191838187880593,7->14,False
lonestar,15,Affiliate,10.741609346695038,1.0204861326277175,14->30,False
lonestar,16,Affiliate,10.999019638332774,1.0239638478117747,14->30,False
lonestar,17,Affiliate,11.17367942082083,1.0158795772924478,14->30,False
lonestar,18,Affiliate,11.378363224120896,1.018318388741193,14->30,False
lonestar,19,Affiliate,11.522982315106088,1.0127100082970295,14->30,False
lonestar,20,Affiliate,11.693481900287782,1.0147964806782857,14->30,False
lonestar,21,Affiliate,11.880827085347601,1.016021334505611,14->30,False
lonestar,22,Affiliate,12.044787007041535,1.0138003794278045,14->30,False
lonestar,23,Affiliate,12.224350613014556,1.0149079934637322,14->30,False
lonestar,24,Affiliate,12.381215709600367,1.0128321823834803,14->30,False
lonestar,25,Affiliate,12.577766008311068,1.015874878793873,14->30,False
lonestar,26,Affiliate,12.70626293037011,1.010216195942438,14->30,False
lonestar,27,Affiliate,12.801237324116505,1.0074746126588794,14->30,False
lonestar,28,Affiliate,12.927946298836105,1.0098981818328523,14->30,False
lonestar,29,Affiliate,13.033410360237012,1.0081578356657006,14->30,False
lonestar,30,Affiliate,13.153679632632576,1.0092277668753904,14->30,False
lonestar,31,Affiliate,13.226574175081263,1.0055417605175547,30->60,False
lonestar,32,Affiliate,13.329190155400353,1.007758318893521,30->60,False
lonestar,33,Affiliate,13.529636808877056,1.015038171947415,30->60,False
lonestar,34,Affiliate,13.629738892397953,1.007398726583349,30->60,False
lonestar,35,Affiliate,13.705801477860122,1.005580634087172,30->60,False
lonestar,36,Affiliate,13.776066704065402,1.0051266776568144,30->60,False
lonestar,37,Affiliate,13.850650782599116,1.0054140329119998,30->60,False
lonestar,38,Affiliate,13.934080681204282,1.0060235363604706,30->60,False
lonestar,39,Affiliate,14.00329578736766,1.0049673249170104,30->60,False
lonestar,40,Affiliate,14.080179977551353,1.005490435348302,30->60,False
lonestar,41,Affiliate,14.16210957740729,1.0058187892474784,30->60,False
lonestar,42,Affiliate,14.283304049996948,1.0085576567479042,30->60,False
lonestar,43,Affiliate,14.422025822112797,1.0097121626502013,30->60,False
lonestar,44,Affiliate,14.497386696841316,1.0052254014559432,30->60,False
lonestar,45,Affiliate,14.561116993614647,1.0043959851596713,30->60,False
lonestar,46,Affiliate,14.645210557277611,1.0057752137902498,30->60,False
lonestar,47,Affiliate,14.683517356378465,1.0026156536944986,30->60,False
lonestar,48,Affiliate,14.75093466516632,1.0045913596280505,30->60,False
lonestar,49,Affiliate,14.859211960828997,1.007340368466167,30->60,False
lonestar,50,Affiliate,14.933779739110465,1.0050182861970096,30->60,False
lonestar,51,Affiliate,15.018477319635034,1.005671543440724,30->60,False
lonestar,52,Affiliate,15.116757651851717,1.0065439611569804,30->60,False
lonestar,53,Affiliate,15.171645563799748,1.0036309315272582,30->60,False
lonestar,54,Affiliate,15.234994026746678,1.0041754510201637,30->60,False
lonestar,55,Affiliate,15.298709584068419,1.0041821845948795,30->60,False
lonestar,56,Affiliate,15.396623749853601,1.0064001584739635,30->60,False
lonestar,57,Affiliate,15.47606404897682,1.0051595921556487,30->60,False
lonestar,58,Affiliate,15.524415092091381,1.0031242467698211,30->60,False
lonestar,59,Affiliate,15.611822372876833,1.0056303107245554,30->60,False
lonestar,60,Affiliate,15.677620338923662,1.0042146243068422,30->60,False
lonestar,61,Affiliate,15.77209433197012,1.006026041644337,60->90,False
lonestar,62,Affiliate,15.833822948172914,1.0039137869013166,60->90,False
lonestar,63,Affiliate,15.929016775315645,1.0060120558032206,60->90,False
lonestar,64,Affiliate,16.026444134719174,1.0061163448301784,60->90,False
lonestar,65,Affiliate,16.14239439950409,1.007234933951052,60->90,False
lonestar,66,Affiliate,16.2186733161407,1.0047253780789145,60->90,False
lonestar,67,Affiliate,16.314843176668433,1.005929576276256,60->90,False
lonestar,68,Affiliate,16.415704591922943,1.0061821872366354,60->90,False
lonestar,69,Affiliate,16.52407285857359,1.0066014995606078,60->90,False
lonestar,70,Affiliate,16.60211421913387,1.0047228889165656,60->90,False
lonestar,71,Affiliate,16.736692658404372,1.0081061024815383,60->90,False
lonestar,72,Affiliate,16.84525755169258,1.0064866395950511,60->90,False
lonestar,73,Affiliate,16.95995549717312,1.0068089161076088,60->90,False
lonestar,74,Affiliate,17.057863040746522,1.0057728655944718,60->90,False
lonestar,75,Affiliate,17.159167455901343,1.0059388690665902,60->90,False
lonestar,76,Affiliate,17.252803697486588,1.0054569221861076,60->90,False
lonestar,77,Affiliate,17.299846081088564,1.0027266515301991,60->90,False
lonestar,78,Affiliate,17.40316513981601,1.0059722530618576,60->90,False
lonestar,79,Affiliate,17.505464833621946,1.005878223471654,60->90,False
lonestar,80,Affiliate,17.66369883161923,1.0090391200405813,60->90,False
lonestar,81,Affiliate,17.765262243031366,1.0057498382632255,60->90,False
lonestar,82,Affiliate,17.814386134683048,1.002765165578738,60->90,False
lonestar,83,Affiliate,17.90776635384297,1.0052418432189543,60->90,False
lonestar,84,Affiliate,17.991146220339864,1.0046560729489862,60->90,False
lonestar,85,Affiliate,18.081501696121936,1.0050222189667894,60->90,False
lonestar,86,Affiliate,18.179615675935835,1.0054262074833609,60->90,False
lonestar,87,Affiliate,18.247474757071878,1.0037327016338342,60->90,False
lonestar,88,Affiliate,18.334966043557003,1.004794706536104,60->90,False
lonestar,89,Affiliate,18.375161665397748,1.0021922932251555,60->90,False
lonestar,90,Affiliate,18.456370308614705,1.004419479115108,60->90,False
lonestar,91,Affiliate,18.528667565306762,1.0039171979908916,90->120,False
lonestar,92,Affiliate,18.617340033421996,1.0047856904876022,90->120,False
lonestar,93,Affiliate,18.72070400659815,1.0055520269270795,90->120,False
lonestar,94,Affiliate,18.839997469523155,1.0063722744018044,90->120,False
lonestar,95,Affiliate,18.910258933448503,1.003729377567009,90->120,False
lonestar,96,Affiliate,18.954010380770335,1.002313635549667,90->120,False
lonestar,97,Affiliate,19.065265576240446,1.0058697443567397,90->120,False
lonestar,98,Affiliate,19.13301149201991,1.0035533685858482,90->120,False
lonestar,99,Affiliate,19.18996353787439,1.0029766378323786,90->120,False
lonestar,100,Affiliate,19.25153062901852,1.003208296410914,90->120,False
lonestar,101,Affiliate,19.324210883172245,1.0037752974324115,90->120,False
lonestar,102,Affiliate,19.3916362575966,1.0034891657326648,90->120,False
lonestar,103,Affiliate,19.466973837560648,1.00388505533846,90->120,False
lonestar,104,Affiliate,19.563851850840333,1.0049765317448962,90->120,False
lonestar,105,Affiliate,19.640180281589753,1.0039015032076182,90->120,False
lonestar,106,Affiliate,19.677952331850978,1.0019232028280631,90->120,False
lonestar,107,Affiliate,19.756172175496317,1.0039749991425038,90->120,False
lonestar,108,Affiliate,19.810210696497247,1.0027352728312398,90->120,False
lonestar,109,Affiliate,19.86188964717791,1.0026087027277202,90->120,False
lonestar,110,Affiliate,19.921340520819673,1.002993213369817,90->120,False
lonestar,111,Affiliate,20.03310126189952,1.005610101436851,90->120,False
lonestar,112,Affiliate,20.117452017252937,1.004210569010293,90->120,False
lonestar,113,Affiliate,20.196864494649386,1.003947442117836,90->120,False
lonestar,114,Affiliate,20.292379661495055,1.004729207688202,90->120,False
lonestar,115,Affiliate,20.369900177166613,1.0038201786564567,90->120,False
lonestar,116,Affiliate,20.435520887580687,1.0032214546877176,90->120,False
lonestar,117,Affiliate,20.466627425707394,1.001522179850361,90->120,False
lonestar,118,Affiliate,20.540397073835262,1.0036043871124174,90->120,False
lonestar,119,Affiliate,20.57406005023216,1.0016388668766183,90->120,False
lonestar,120,Affiliate,20.624587927551293,1.0024559021017616,90->120,False
lonestar,121,Affiliate,20.71089976265634,1.0041848998587626,120->150,False
lonestar,122,Affiliate,20.824327841320542,1.005476733505742,120->150,False
lonestar,123,Affiliate,20.921217360656566,1.0046527081245702,120->150,False
lonestar,124,Affiliate,20.97731783574524,1.0026815110288072,120->150,False
lonestar,125,Affiliate,21.062485246234875,1.0040599761683788,120->150,False
lonestar,126,Affiliate,21.140797196295757,1.0037180773847607,120->150,False
lonestar,127,Affiliate,21.21742169223561,1.0036244846979223,120->150,False
lonestar,128,Affiliate,21.315982932548494,1.004645297705939,120->150,False
lonestar,129,Affiliate,21.388149473581876,1.0033855600870831,120->150,False
lonestar,130,Affiliate,21.43850522537838,1.0023543762801312,120->150,False
lonestar,131,Affiliate,21.50610022554145,1.0031529716952026,120->150,False
lonestar,132,Affiliate,21.565086780152047,1.0027427824659974,120->150,False
lonestar,133,Affiliate,21.62816349264234,1.0029249459152814,120->150,False
lonestar,134,Affiliate,21.683173069030193,1.0025434233658612,120->150,False
lonestar,135,Affiliate,21.764800821101403,1.0037645667362125,120->150,False
lonestar,136,Affiliate,21.80883832770239,1.0020233360719888,120->150,False
lonestar,137,Affiliate,21.911181914162515,1.0046927573547155,120->150,False
lonestar,138,Affiliate,21.994852339172297,1.003818617605274,120->150,False
lonestar,139,Affiliate,22.148620610639334,1.0069911026951146,120->150,False
lonestar,140,Affiliate,22.242453483928166,1.0042365109294327,120->150,False
lonestar,141,Affiliate,22.380780967376218,1.006219074867258,120->150,False
lonestar,142,Affiliate,22.428636858922708,1.0021382583394318,120->150,False
lonestar,143,Affiliate,22.495963079117512,1.0030017972388732,120->150,False
lonestar,144,Affiliate,22.542602514135655,1.0020732357558604,120->150,False
lonestar,145,Affiliate,22.60762539094923,1.002884444099691,120->150,False
lonestar,146,Affiliate,22.658668403583654,1.0022577785924769,120->150,False
lonestar,147,Affiliate,22.722713389693897,1.0028265114687902,120->150,False
lonestar,148,Affiliate,22.787050874542814,1.0028314173464028,120->150,False
lonestar,149,Affiliate,22.82313795825314,1.0015836662633093,120->150,False
lonestar,150,Affiliate,22.864650132553724,1.001818863575049,120->150,False
lonestar,151,Affiliate,22.92808403824594,1.002774322166509,150->180,False
lonestar,152,Affiliate,22.976129472094886,1.0020954840260006,150->180,False
lonestar,153,Affiliate,23.029108372277836,1.0023058235394824,150->180,False
lonestar,154,Affiliate,23.095853497810847,1.002898293952768,150->180,False
lonestar,155,Affiliate,23.158340814865813,1.0027055643152953,150->180,False
lonestar,156,Affiliate,23.225768048105863,1.0029115744421884,150->180,False
lonestar,157,Affiliate,23.260981494292608,1.0015161369955048,150->180,False
lonestar,158,Affiliate,23.322597355543405,1.0026488934383924,150->180,False
lonestar,159,Affiliate,23.365879072225276,1.0018557845861702,150->180,False
lonestar,160,Affiliate,23.41189262953311,1.0019692628368744,150->180,False
lonestar,161,Affiliate,23.46162240720688,1.0021241246259194,150->180,False
lonestar,162,Affiliate,23.524097878239065,1.0026628794014258,150->180,False
lonestar,163,Affiliate,23.580138250943012,1.0023822538485434,150->180,False
lonestar,164,Affiliate,23.62753486520519,1.0020100227470161,150->180,False
lonestar,165,Affiliate,23.67743142359593,1.0021117970484605,150->180,False
lonestar,166,Affiliate,23.730602033549857,1.0022456240714075,150->180,False
lonestar,167,Affiliate,23.788686371404673,1.0024476554691995,150->180,False
lonestar,168,Affiliate,23.843243753659255,1.0022934171901212,150->180,False
lonestar,169,Affiliate,23.89020791617827,1.0019697052550498,150->180,False
lonestar,170,Affiliate,23.946281964647852,1.0023471561514377,150->180,False
lonestar,171,Affiliate,23.998378539524527,1.0021755600703937,150->180,False
lonestar,172,Affiliate,24.056307688370037,1.002413877618861,150->180,False
lonestar,173,Affiliate,24.12826882494771,1.0029913624946052,150->180,False
lonestar,174,Affiliate,24.17478004792503,1.001927665151394,150->180,False
lonestar,175,Affiliate,24.21306823793127,1.0015838071713719,150->180,False
lonestar,176,Affiliate,24.271924453025296,1.0024307623683075,150->180,False
lonestar,177,Affiliate,24.322851247504595,1.0020981770348643,150->180,False
lonestar,178,Affiliate,24.377969120521243,1.0022660942360655,150->180,False
lonestar,179,Affiliate,24.412849142307927,1.0014308009668174,150->180,False
lonestar,180,Affiliate,24.46633842885429,1.0021910300692296,150->180,False
lonestar,181,Affiliate,24.51620065157825,1.002037992847559,180->270,False
lonestar,182,Affiliate,24.55734736188314,1.0016783477541917,180->270,False
lonestar,183,Affiliate,24.600334391054894,1.00175047526666,180->270,False
lonestar,184,Affiliate,24.65201376061846,1.0021007588247401,180->270,False
lonestar,185,Affiliate,24.69210234064061,1.0016261787134888,180->270,False
lonestar,186,Affiliate,24.750279075892138,1.0023560867539325,180->270,False
lonestar,187,Affiliate,24.81243600481751,1.0025113627500837,180->270,False
lonestar,188,Affiliate,24.860711120560218,1.0019456016222403,180->270,False
lonestar,189,Affiliate,24.89596709293096,1.0014181401408742,180->270,False
lonestar,190,Affiliate,24.942579571496715,1.001872290334887,180->270,False
lonestar,191,Affiliate,25.008225482495273,1.0026318813902302,180->270,False
lonestar,192,Affiliate,25.079748509459886,1.0028599800899378,180->270,False
lonestar,193,Affiliate,25.14430577739173,1.0025740795569578,180->270,False
lonestar,194,Affiliate,25.20132435349477,1.0022676536233626,180->270,False
lonestar,195,Affiliate,25.249741243129424,1.001921204177825,180->270,False
lonestar,196,Affiliate,25.321529700359672,1.0028431363529233,180->270,False
lonestar,197,Affiliate,25.39422981324313,1.002871079028153,180->270,False
lonestar,198,Affiliate,25.442376126122582,1.0018959548383053,180->270,False
lonestar,199,Affiliate,25.481232785657596,1.001527241769495,180->270,False
lonestar,200,Affiliate,25.537743080689523,1.0022177221764457,180->270,False
lonestar,201,Affiliate,25.556923770471098,1.0007510722353565,180->270,False
lonestar,202,Affiliate,25.601583519304945,1.0017474618320632,180->270,False
lonestar,203,Affiliate,25.643332260104202,1.001630709317952,180->270,False
lonestar,204,Affiliate,25.70497294810176,1.0024037705931634,180->270,False
lonestar,205,Affiliate,25.76966933663998,1.0025168821873045,180->270,False
lonestar,206,Affiliate,25.824712520414696,1.0021359677943735,180->270,False
lonestar,207,Affiliate,25.86322354528363,1.0014912469921395,180->270,False
lonestar,208,Affiliate,25.907183888042933,1.0016997240379697,180->270,False
lonestar,209,Affiliate,25.950973359211954,1.0016902443491449,180->270,False
lonestar,210,Affiliate,26.009269315428135,1.0022463880413752,180->270,False
lonestar,211,Affiliate,26.058477216705846,1.0018919370890793,180->270,False
lonestar,212,Affiliate,26.10263054176848,1.0016943939085714,180->270,False
lonestar,213,Affiliate,26.18768222960725,1.0032583569576512,180->270,False
lonestar,214,Affiliate,26.230793078771963,1.0016462262214245,180->270,False
lonestar,215,Affiliate,26.306381469877007,1.0028816662492075,180->270,False
lonestar,216,Affiliate,26.380074000004065,1.0028013176274906,180->270,False
lonestar,217,Affiliate,26.423528891863523,1.0016472619394263,180->270,False
lonestar,218,Affiliate,26.495707191919475,1.0027315919970923,180->270,False
lonestar,219,Affiliate,26.593481837747184,1.0036902070633362,180->270,False
lonestar,220,Affiliate,26.657448218984026,1.0024053405878597,180->270,False
lonestar,221,Affiliate,26.718491298629832,1.0022899070887938,180->270,False
lonestar,222,Affiliate,26.7632792011564,1.0016762886057442,180->270,False
lonestar,223,Affiliate,26.82918955628278,1.0024627159710509,180->270,False
lonestar,224,Affiliate,26.874112422601677,1.001674402658517,180->270,False
lonestar,225,Affiliate,26.923665035202088,1.0018438790394706,180->270,False
lonestar,226,Affiliate,26.96638832778883,1.0015868304902353,180->270,False
lonestar,227,Affiliate,27.003697679626043,1.0013835501952912,180->270,False
lonestar,228,Affiliate,27.06004868200588,1.0020867883742586,180->270,False
lonestar,229,Affiliate,27.10695311042647,1.001733346047222,180->270,False
lonestar,230,Affiliate,27.17855205319763,1.0026413497112525,180->270,False
lonestar,231,Affiliate,27.287842212202023,1.004021191371434,180->270,False
lonestar,232,Affiliate,27.325929772695023,1.001395770328662,180->270,False
lonestar,233,Affiliate,27.4036727201205,1.0028450247831333,180->270,False
lonestar,234,Affiliate,27.46930837174821,1.0023951406914708,180->270,False
lonestar,235,Affiliate,27.509244387850465,1.0014538413403713,180->270,False
lonestar,236,Affiliate,27.54758666375756,1.0013937960405785,180->270,False
lonestar,237,Affiliate,27.587893874510158,1.0014631848243036,180->270,False
lonestar,238,Affiliate,27.635043289631117,1.0017090617839632,180->270,False
lonestar,239,Affiliate,27.71651781787314,1.0029482323363175,180->270,False
lonestar,240,Affiliate,27.779465249010734,1.0022711161463798,180->270,False
lonestar,241,Affiliate,27.836043830768784,1.0020367052155572,180->270,False
lonestar,242,Affiliate,27.878066390638196,1.0015096455561319,180->270,False
lonestar,243,Affiliate,27.935777208944756,1.0020701155344813,180->270,False
lonestar,244,Affiliate,28.013830413895473,1.0027940230324333,180->270,False
lonestar,245,Affiliate,28.06536075725323,1.0018394608161902,180->270,False
lonestar,246,Affiliate,28.117385761482872,1.0018537087294057,180->270,False
lonestar,247,Affiliate,28.162389110797196,1.0016005524018514,180->270,False
lonestar,248,Affiliate,28.202784759979764,1.0014343828935692,180->270,False
lonestar,249,Affiliate,28.235542754204157,1.0011615163007193,180->270,False
lonestar,250,Affiliate,28.264504250558556,1.001025710630269,180->270,False
lonestar,251,Affiliate,28.311710180662022,1.001670148879492,180->270,False
lonestar,252,Affiliate,28.352741561487754,1.0014492724234567,180->270,False
lonestar,253,Affiliate,28.409974257735776,1.002018594784702,180->270,False
lonestar,254,Affiliate,28.456417987339695,1.0016347684507765,180->270,False
lonestar,255,Affiliate,28.49234506584116,1.0012625298980866,180->270,False
lonestar,256,Affiliate,28.516894148303425,1.0008616027359467,180->270,False
lonestar,257,Affiliate,28.552197853281456,1.0012379926367307,180->270,False
lonestar,258,Affiliate,28.58183443392607,1.0010379789603905,180->270,False
lonestar,259,Affiliate,28.62468994857672,1.0014993969246349,180->270,False
lonestar,260,Affiliate,28.67195336653405,1.0016511416557607,180->270,False
lonestar,261,Affiliate,28.702676290731226,1.001071532302122,180->270,False
lonestar,262,Affiliate,28.746928406459666,1.0015417417971832,180->270,False
lonestar,263,Affiliate,28.78169980221251,1.001209569080258,180->270,False
lonestar,264,Affiliate,28.826288619878966,1.0015492072383796,180->270,False
lonestar,265,Affiliate,28.86882078746227,1.0014754645713904,180->270,False
lonestar,266,Affiliate,28.91911584950449,1.0017421931575419,180->270,False
lonestar,267,Affiliate,28.968732691957396,1.001715710905932,180->270,False
lonestar,268,Affiliate,29.01665677802005,1.0016543383713834,180->270,False
lonestar,269,Affiliate,29.077932999215037,1.0021117602094465,180->270,False
lonestar,270,Affiliate,29.113994144698317,1.0012401550510572,180->270,False
lonestar,271,Affiliate,29.148275243712355,1.001177478392132,270->365,False
lonestar,272,Affiliate,29.202150043279644,1.0018483014558095,270->365,False
lonestar,273,Affiliate,29.235816046300503,1.001152860421954,270->365,False
lonestar,274,Affiliate,29.281190968295853,1.0015520319981317,270->365,False
lonestar,275,Affiliate,29.310595093248004,1.0010041983942521,270->365,False
lonestar,276,Affiliate,29.37294143316849,1.0021270922586913,270->365,False
lonestar,277,Affiliate,29.425162865010567,1.0017778754627247,270->365,False
lonestar,278,Affiliate,29.46483090894293,1.001348099383998,270->365,False
lonestar,279,Affiliate,29.529794300004994,1.002204777324629,270->365,False
lonestar,280,Affiliate,29.583957723062646,1.001834195745063,270->365,False
lonestar,281,Affiliate,29.643559018767437,1.0020146491643451,270->365,False
lonestar,282,Affiliate,29.702923609522536,1.0020026134755788,270->365,False
lonestar,283,Affiliate,29.773800165673638,1.0023861811410504,270->365,False
lonestar,284,Affiliate,29.80581227385738,1.0010751771022044,270->365,False
lonestar,285,Affiliate,29.84272764432287,1.0012385292548416,270->365,False
lonestar,286,Affiliate,29.876691287221867,1.001138087754705,270->365,False
lonestar,287,Affiliate,29.931923300854006,1.0018486656738914,270->365,False
lonestar,288,Affiliate,29.97650517704887,1.0014894424172733,270->365,False
lonestar,289,Affiliate,30.04427105959737,1.002260633190836,270->365,False
lonestar,290,Affiliate,30.085911908993683,1.0013859830153213,270->365,False
lonestar,291,Affiliate,30.135039828094307,1.0016329210578436,270->365,False
lonestar,292,Affiliate,30.192302064736772,1.00190018785338,270->365,False
lonestar,293,Affiliate,30.257946916369363,1.002174224790539,270->365,False
lonestar,294,Affiliate,30.31774698874645,1.0019763426957675,270->365,False
lonestar,295,Affiliate,30.35866008684284,1.001349476862894,270->365,False
lonestar,296,Affiliate,30.404212463239567,1.0015004738768583,270->365,False
lonestar,297,Affiliate,30.45676471724846,1.001728453058024,270->365,False
lonestar,298,Affiliate,30.49706737616734,1.0013232744611267,270->365,False
lonestar,299,Affiliate,30.527710610412473,1.0010047928171966,270->365,False
lonestar,300,Affiliate,30.560888836762192,1.0010868232725714,270->365,False
lonestar,301,Affiliate,30.608347535148077,1.0015529227124047,270->365,False
lonestar,302,Affiliate,30.661194565588886,1.001726556142246,270->365,False
lonestar,303,Affiliate,30.70256769762477,1.0013493646487706,270->365,False
lonestar,304,Affiliate,30.764141996955875,1.002005509765096,270->365,False
lonestar,305,Affiliate,30.801353313011244,1.0012095678162924,270->365,False
lonestar,306,Affiliate,30.854476581794348,1.0017247056726128,270->365,False
lonestar,307,Affiliate,30.90772238824153,1.0017257076556145,270->365,False
lonestar,308,Affiliate,30.982921414568885,1.0024330173987832,270->365,False
lonestar,309,Affiliate,31.03795427502024,1.0017762321285002,270->365,False
lonestar,310,Affiliate,31.099625792809544,1.0019869710884566,270->365,False
lonestar,311,Affiliate,31.130505335679615,1.0009929232935404,270->365,False
lonestar,312,Affiliate,31.172049283677513,1.0013345092715307,270->365,False
lonestar,313,Affiliate,31.209458871091126,1.0012001003550703,270->365,False
lonestar,314,Affiliate,31.238170220401482,1.000919956652531,270->365,False
lonestar,315,Affiliate,31.281336820957417,1.0013818543228163,270->365,False
lonestar,316,Affiliate,31.313578918368165,1.0010307135400027,270->365,False
lonestar,317,Affiliate,31.354607644206837,1.0013102534828622,270->365,False
lonestar,318,Affiliate,31.387480205102474,1.001048412446064,270->365,False
lonestar,319,Affiliate,31.424696415768352,1.0011857024018076,270->365,False
lonestar,320,Affiliate,31.461182368380346,1.0011610598278902,270->365,False
lonestar,321,Affiliate,31.490757309294523,1.00094004543656,270->365,False
lonestar,322,Affiliate,31.528850259637398,1.0012096549463303,270->365,False
lonestar,323,Affiliate,31.57409905128493,1.0014351551444125,270->365,False
lonestar,324,Affiliate,31.623753091475074,1.0015726193836756,270->365,False
lonestar,325,Affiliate,31.65056406366734,1.0008478112042778,270->365,False
lonestar,326,Affiliate,31.676264236700536,1.0008119973148504,270->365,False
lonestar,327,Affiliate,31.714974660985018,1.0012220640664953,270->365,False
lonestar,328,Affiliate,31.760558347036046,1.00143729221096,270->365,False
lonestar,329,Affiliate,31.79432709724519,1.0010632291107784,270->365,False
lonestar,330,Affiliate,31.841261061678146,1.0014761741706124,270->365,False
lonestar,331,Affiliate,31.881696192140662,1.0012698972689615,270->365,False
lonestar,332,Affiliate,31.926736120651324,1.0014127205854801,270->365,False
lonestar,333,Affiliate,31.986893658125723,1.0018842369995813,270->365,False
lonestar,334,Affiliate,32.02678235585591,1.001247032555162,270->365,False
lonestar,335,Affiliate,32.07337355983012,1.0014547575668553,270->365,False
lonestar,336,Affiliate,32.11884052824583,1.001417592331873,270->365,False
lonestar,337,Affiliate,32.16607822604978,1.001470716159956,270->365,False
lonestar,338,Affiliate,32.1847369965464,1.0005800760156551,270->365,False
lonestar,339,Affiliate,32.21006422800126,1.0007869329942816,270->365,False
lonestar,340,Affiliate,32.234785478931904,1.0007675008269359,270->365,False
lonestar,341,Affiliate,32.2679460688308,1.00102872066329,270->365,False
lonestar,342,Affiliate,32.32925101001706,1.0018998711927771,270->365,False
lonestar,343,Affiliate,32.37603605542976,1.0014471428799325,270->365,False
lonestar,344,Affiliate,32.39822491018283,1.0006853480986704,270->365,False
lonestar,345,Affiliate,32.42455296068201,1.0008126386730187,270->365,False
lonestar,346,Affiliate,32.45756522604774,1.001018125536095,270->365,False
lonestar,347,Affiliate,32.48936899820652,1.0009798569898045,270->365,False
lonestar,348,Affiliate,32.52022872880294,1.0009498408725057,270->365,False
lonestar,349,Affiliate,32.5561159338172,1.0011035348279231,270->365,False
lonestar,350,Affiliate,32.5863044845068,1.0009272774046807,270->365,False
lonestar,351,Affiliate,32.629778133690145,1.0013341079901839,270->365,False
lonestar,352,Affiliate,32.681377434774944,1.0015813561732902,270->365,False
lonestar,353,Affiliate,32.71413198997989,1.001002239127476,270->365,False
lonestar,354,Affiliate,32.747550785445505,1.0010215400327862,270->365,False
lonestar,355,Affiliate,32.79706706414758,1.0015120605209988,270->365,False
lonestar,356,Affiliate,32.8633667730527,1.0020215133498198,270->365,False
lonestar,357,Affiliate,32.92384672070135,1.001840345454144,270->365,False
lonestar,358,Affiliate,32.9792113049583,1.0016815952499907,270->365,False
lonestar,359,Affiliate,33.04929866164049,1.0021251980841537,270->365,False
lonestar,360,Affiliate,33.07672314452699,1.0008298052907951,270->365,False
lonestar,361,Affiliate,33.12737929181685,1.0015314741750119,270->365,False
lonestar,362,Affiliate,33.168883310097414,1.0012528615051302,270->365,False
lonestar,363,Affiliate,33.20030353899112,1.0009472802747068,270->365,False
lonestar,364,Affiliate,33.22723261199202,1.0008111092408922,270->365,False
lonestar,365,Affiliate,33.253725236338596,1.0007973166064095,270->365,False
lonestar,1,Blended,7.0896030991063155,,1->7,False
lonestar,2,Blended,10.119343505144313,1.4273497914742101,1->7,False
lonestar,3,Blended,12.141515132550625,1.1998322940987538,1->7,False
lonestar,4,Blended,13.897465391643923,1.1446236519843975,1->7,False
lonestar,5,Blended,15.487796204971582,1.114433155148123,1->7,False
lonestar,6,Blended,16.86495969659799,1.0889192673638317,1->7,False
lonestar,7,Blended,18.50879765689538,1.097470613026664,1->7,False
lonestar,8,Blended,20.009709624905497,1.0810918135166365,7->14,False
lonestar,9,Blended,21.15760052862533,1.057366694731596,7->14,False
lonestar,10,Blended,22.252732131553746,1.0517606711331349,7->14,False
lonestar,11,Blended,23.1760114116854,1.0414906032514755,7->14,False
lonestar,12,Blended,24.073511500142168,1.0387253903406453,7->14,False
lonestar,13,Blended,24.927556452244694,1.0354765424270358,7->14,False
lonestar,14,Blended,25.991908889919106,1.042697824783326,7->14,False
lonestar,15,Blended,26.751807863279524,1.0292359817271883,14->30,False
lonestar,16,Blended,27.544103896761527,1.0296165417130383,14->30,False
lonestar,17,Blended,28.514705082847463,1.035238074533986,14->30,False
lonestar,18,Blended,29.36898756672054,1.0299593659268445,14->30,False
lonestar,19,Blended,30.29098379443382,1.031393531207662,14->30,False
lonestar,20,Blended,31.208864986501876,1.0303021254871465,14->30,False
lonestar,21,Blended,32.024658763883345,1.0261398092411982,14->30,False
lonestar,22,Blended,32.770235864737145,1.0232813441151993,14->30,False
lonestar,23,Blended,33.48776708144796,1.0218958209416773,14->30,False
lonestar,24,Blended,34.10850151086225,1.0185361546472942,14->30,False
lonestar,25,Blended,34.80393727013843,1.0203889273486468,14->30,False
lonestar,26,Blended,35.53742568923164,1.021074869012666,14->30,False
lonestar,27,Blended,36.291197246768256,1.0212106404140866,14->30,False
lonestar,28,Blended,37.089585391158636,1.021999498637689,14->30,False
lonestar,29,Blended,37.91774270216411,1.0223285675014013,14->30,False
lonestar,30,Blended,38.620670845813954,1.0185382381322432,14->30,False
lonestar,31,Blended,39.394715448837566,1.0200422360894208,30->60,False
lonestar,32,Blended,40.292175959488674,1.0227812410986101,30->60,False
lonestar,33,Blended,41.10145767597522,1.020085331636103,30->60,False
lonestar,34,Blended,42.04723759310246,1.0230108606994752,30->60,False
lonestar,35,Blended,43.02699245112063,1.0233012895519893,30->60,False
lonestar,36,Blended,43.96966033734037,1.0219087561672044,30->60,False
lonestar,37,Blended,44.63945830831878,1.0152331850152956,30->60,False
lonestar,38,Blended,45.5561450132702,1.020535345626732,30->60,False
lonestar,39,Blended,46.22263553240926,1.0146300903850602,30->60,False
lonestar,40,Blended,46.86559806702646,1.0139101227615286,30->60,False
lonestar,41,Blended,47.74998498057965,1.0188707058061726,30->60,False
lonestar,42,Blended,48.75001586703039,1.0209430618011182,30->60,False
lonestar,43,Blended,49.54176598593801,1.016241022794068,30->60,False
lonestar,44,Blended,50.27024604843744,1.014704362026703,30->60,False
lonestar,45,Blended,50.903354529998225,1.0125940995186449,30->60,False
lonestar,46,Blended,51.556833272091424,1.0128376361072253,30->60,False
lonestar,47,Blended,52.07662401713841,1.0100818982093758,30->60,False
lonestar,48,Blended,52.74799515823975,1.012891986640309,30->60,False
lonestar,49,Blended,53.36519438379258,1.0117009039623455,30->60,False
lonestar,50,Blended,54.10430053851529,1.0138499665045198,30->60,False
lonestar,51,Blended,54.700874476057486,1.0110263681741438,30->60,False
lonestar,52,Blended,55.44139506092288,1.0135376370480058,30->60,False
lonestar,53,Blended,56.13670273645539,1.0125413091566051,30->60,False
lonestar,54,Blended,56.635128092049996,1.0088787786118212,30->60,False
lonestar,55,Blended,57.22941737549408,1.0104932981254704,30->60,False
lonestar,56,Blended,57.84299467329051,1.0107213619487094,30->60,False
lonestar,57,Blended,58.54022794067499,1.0120538929791343,30->60,False
lonestar,58,Blended,59.22024108235412,1.0116161683273297,30->60,False
lonestar,59,Blended,59.723255509588725,1.0084939611531654,30->60,False
lonestar,60,Blended,60.23130281635627,1.0085066914459473,30->60,False
lonestar,61,Blended,60.76650189574133,1.0088857297511373,60->90,False
lonestar,62,Blended,61.064601168147966,1.0049056513557106,60->90,False
lonestar,63,Blended,61.56080715739127,1.0081259187770168,60->90,False
lonestar,64,Blended,62.12491036223388,1.0091633497169779,60->90,False
lonestar,65,Blended,62.64169127913895,1.008318417103411,60->90,False
lonestar,66,Blended,63.203159706662134,1.0089631747811727,60->90,False
lonestar,67,Blended,63.816669783116176,1.0097069526159999,60->90,False
lonestar,68,Blended,64.29893941147974,1.007557110548115,60->90,False
lonestar,69,Blended,64.85010963931485,1.0085719956328971,60->90,False
lonestar,70,Blended,65.40980215809344,1.0086305562456486,60->90,False
lonestar,71,Blended,65.93142136796999,1.0079746336583593,60->90,False
lonestar,72,Blended,66.38550259468835,1.006887174844663,60->90,False
lonestar,73,Blended,67.05296834828546,1.0100543903037427,60->90,False
lonestar,74,Blended,67.67548192573553,1.0092839078236866,60->90,False
lonestar,75,Blended,68.12268824453213,1.006608099507697,60->90,False
lonestar,76,Blended,68.73535833533745,1.0089936276238263,60->90,False
lonestar,77,Blended,69.25977389337703,1.0076294875118148,60->90,False
lonestar,78,Blended,69.75123798394102,1.0070959528588785,60->90,False
lonestar,79,Blended,70.26961557407428,1.007431804869938,60->90,False
lonestar,80,Blended,71.03320486304978,1.010866564200434,60->90,False
lonestar,81,Blended,71.65170840748911,1.0087072453739316,60->90,False
lonestar,82,Blended,72.1250121484272,1.0066056169693314,60->90,False
lonestar,83,Blended,72.78593283618287,1.0091635435207351,60->90,False
lonestar,84,Blended,73.91683600182402,1.0155373864368331,60->90,False
lonestar,85,Blended,74.34285263188853,1.0057634586801578,60->90,False
lonestar,86,Blended,74.91590664827206,1.0077082597196132,60->90,False
lonestar,87,Blended,75.31560596147484,1.0053353063599613,60->90,False
lonestar,88,Blended,75.7825726533221,1.0062001319100602,60->90,False
lonestar,89,Blended,76.30442987943667,1.0068862432066257,60->90,False
lonestar,90,Blended,76.86429767440846,1.0073372908474174,60->90,False
lonestar,91,Blended,77.39761504803191,1.0069384277194926,90->120,False
lonestar,92,Blended,77.99120348751418,1.0076693376031536,90->120,False
lonestar,93,Blended,78.53744689147777,1.007003910435246,90->120,False
lonestar,94,Blended,79.07288900124432,1.0068176663611998,90->120,False
lonestar,95,Blended,79.55147236279619,1.0060524329842602,90->120,False
lonestar,96,Blended,80.02135847571846,1.0059066928488682,90->120,False
lonestar,97,Blended,80.49679989198074,1.0059414314542854,90->120,False
lonestar,98,Blended,81.11217667008174,1.0076447359264813,90->120,False
lonestar,99,Blended,81.70637083197998,1.0073255852116396,90->120,False
lonestar,100,Blended,82.07183312038333,1.0044728738369115,90->120,False
lonestar,101,Blended,82.45914988750414,1.0047192410891164,90->120,False
lonestar,102,Blended,82.86938286209843,1.0049749842819622,90->120,False
lonestar,103,Blended,83.24967889841844,1.0045891018273039,90->120,False
lonestar,104,Blended,83.69073478638872,1.0052979890590144,90->120,False
lonestar,105,Blended,84.03638247760946,1.0041300592246318,90->120,False
lonestar,106,Blended,84.56494148377546,1.006289644920244,90->120,False
lonestar,107,Blended,85.11798662390703,1.0065398867477213,90->120,False
lonestar,108,Blended,85.44683077790748,1.0038633920636943,90->120,False
lonestar,109,Blended,85.82604718463628,1.0044380394600527,90->120,False
lonestar,110,Blended,86.10139260043096,1.0032081800901576,90->120,False
lonestar,111,Blended,86.63783611081426,1.006230369732494,90->120,False
lonestar,112,Blended,87.05835695110599,1.0048537782009452,90->120,False
lonestar,113,Blended,87.40525967685473,1.0039847148269012,90->120,False
lonestar,114,Blended,87.80819817735716,1.004610002899049,90->120,False
lonestar,115,Blended,88.27605812496893,1.0053282034858155,90->120,False
lonestar,116,Blended,88.81184953349965,1.006069498569728,90->120,False
lonestar,117,Blended,89.171780463836,1.0040527354427022,90->120,False
lonestar,118,Blended,89.58943019614946,1.0046836536193515,90->120,False
lonestar,119,Blended,89.92992337675526,1.0038005954481495,90->120,False
lonestar,120,Blended,90.35214793484609,1.004695039673524,90->120,False
lonestar,121,Blended,90.86936604928918,1.005724469492591,120->150,False
lonestar,122,Blended,91.38976266544762,1.0057268652658604,120->150,False
lonestar,123,Blended,91.86837773646573,1.005237075325058,120->150,False
lonestar,124,Blended,92.19317533293058,1.0035354667674286,120->150,False
lonestar,125,Blended,92.75429691671273,1.006086367909076,120->150,False
lonestar,126,Blended,93.24782277752168,1.0053207870386005,120->150,False
lonestar,127,Blended,93.68479725169577,1.004686162755957,120->150,False
lonestar,128,Blended,94.19842695940122,1.0054825299597492,120->150,False
lonestar,129,Blended,94.52628093090887,1.0034804612145907,120->150,False
lonestar,130,Blended,95.0385162343392,1.0054189723575895,120->150,False
lonestar,131,Blended,95.40432775312918,1.0038490870152896,120->150,False
lonestar,132,Blended,95.83492223154816,1.0045133642106174,120->150,False
lonestar,133,Blended,96.3862405298098,1.0057527912103856,120->150,False
lonestar,134,Blended,96.84385248669086,1.004747689653271,120->150,False
lonestar,135,Blended,97.23808048668293,1.0040707591640496,120->150,False
lonestar,136,Blended,97.68139955912648,1.0045591096638755,120->150,False
lonestar,137,Blended,98.33490473051366,1.0066901700255801,120->150,False
lonestar,138,Blended,98.89898205781607,1.0057362879320244,120->150,False
lonestar,139,Blended,99.6240933482745,1.0073318377537448,120->150,False
lonestar,140,Blended,100.41091539604454,1.0078979092438956,120->150,False
lonestar,141,Blended,101.07264551008112,1.0065902209080213,120->150,False
lonestar,142,Blended,101.50098855869686,1.0042379720690404,120->150,False
lonestar,143,Blended,101.91798858463788,1.0041083346267103,120->150,False
lonestar,144,Blended,102.32936276306741,1.004036325521553,120->150,False
lonestar,145,Blended,102.8417744122796,1.0050074742515365,120->150,False
lonestar,146,Blended,103.28433548660196,1.0043033200939162,120->150,False
lonestar,147,Blended,103.80128464431895,1.0050051070695425,120->150,False
lonestar,148,Blended,104.22737070219713,1.0041048245148236,120->150,False
lonestar,149,Blended,104.60207319245966,1.0035950488603722,120->150,False
lonestar,150,Blended,105.1726959533125,1.0054551763979185,120->150,False
lonestar,151,Blended,105.72565268872972,1.0052576073134294,150->180,False
lonestar,152,Blended,106.17291833564435,1.004230436375091,150->180,False
lonestar,153,Blended,106.59292693652493,1.0039558920246763,150->180,False
lonestar,154,Blended,107.02908565558484,1.0040918167048705,150->180,False
lonestar,155,Blended,107.42275509643258,1.0036781538255364,150->180,False
lonestar,156,Blended,107.90369560331092,1.0044770822201181,150->180,False
lonestar,157,Blended,108.30303236167758,1.003700862664007,150->180,False
lonestar,158,Blended,108.73672103671714,1.0040044001131128,150->180,False
lonestar,159,Blended,109.09576839982725,1.0033019881387528,150->180,False
lonestar,160,Blended,109.54586720928715,1.0041257219786044,150->180,False
lonestar,161,Blended,110.01484465341014,1.0042811057693943,150->180,False
lonestar,162,Blended,110.6337902688774,1.0056260190833082,150->180,False
lonestar,163,Blended,111.11648605078771,1.004363005016254,150->180,False
lonestar,164,Blended,111.49878931942838,1.0034405629823997,150->180,False
lonestar,165,Blended,112.01855384589426,1.0046616158761763,150->180,False
lonestar,166,Blended,112.43569465950539,1.0037238546588005,150->180,False
lonestar,167,Blended,113.04538830606927,1.0054225986543708,150->180,False
lonestar,168,Blended,113.59887069772961,1.0048961076604186,150->180,False
lonestar,169,Blended,114.0958871111968,1.00437518797867,150->180,False
lonestar,170,Blended,114.5844480346873,1.0042820204641938,150->180,False
lonestar,171,Blended,115.14709947234462,1.0049103647773125,150->180,False
lonestar,172,Blended,115.64261224651442,1.0043033022667567,150->180,False
lonestar,173,Blended,116.1090593290243,1.0040335225350632,150->180,False
lonestar,174,Blended,116.750472089983,1.005524226659533,150->180,False
lonestar,175,Blended,117.34641729509812,1.005104435078051,150->180,False
lonestar,176,Blended,117.82822033252675,1.004105818043145,150->180,False
lonestar,177,Blended,118.26810154024902,1.0037332415484241,150->180,False
lonestar,178,Blended,118.83708246570843,1.0048109415645416,150->180,False
lonestar,179,Blended,119.43474016116437,1.005029218852023,150->180,False
lonestar,180,Blended,119.97403634018124,1.0045154046325981,150->180,False
lonestar,181,Blended,120.36054018505975,1.0032215624035736,180->270,False
lonestar,182,Blended,120.81579435760482,1.0037824204830346,180->270,False
lonestar,183,Blended,121.42189995680364,1.0050167745237415,180->270,False
lonestar,184,Blended,121.85412641461201,1.0035597075812694,180->270,False
lonestar,185,Blended,122.28465646078821,1.003533159350807,180->270,False
lonestar,186,Blended,122.71055009097394,1.0034828051409892,180->270,False
lonestar,187,Blended,123.1276938254331,1.0033994121463061,180->270,False
lonestar,188,Blended,123.66536596315021,1.0043667847663857,180->270,False
lonestar,189,Blended,124.07810846912157,1.003337575583566,180->270,False
lonestar,190,Blended,124.62977902694932,1.0044461554470347,180->270,False
lonestar,191,Blended,125.1357776062071,1.004060013451106,180->270,False
lonestar,192,Blended,125.7369760615163,1.0048043690366566,180->270,False
lonestar,193,Blended,126.35516432500006,1.004916519251913,180->270,False
lonestar,194,Blended,126.8621616750364,1.0040124782611362,180->270,False
lonestar,195,Blended,127.45125016846703,1.0046435318904592,180->270,False
lonestar,196,Blended,127.97067680870272,1.0040754927044584,180->270,False
lonestar,197,Blended,128.4951339137216,1.0040982599928174,180->270,False
lonestar,198,Blended,129.12131876639722,1.004873218413828,180->270,False
lonestar,199,Blended,129.57646224987639,1.0035249290189066,180->270,False
lonestar,200,Blended,130.07839680621476,1.0038736553508494,180->270,False
lonestar,201,Blended,130.4961258867208,1.0032113639986535,180->270,False
lonestar,202,Blended,130.96369213038665,1.0035829894603288,180->270,False
lonestar,203,Blended,131.38303840597865,1.003202004072812,180->270,False
lonestar,204,Blended,131.7372287511637,1.0026958605119984,180->270,False
lonestar,205,Blended,132.28740340086065,1.0041763035013904,180->270,False
lonestar,206,Blended,132.77776805947676,1.0037068129391744,180->270,False
lonestar,207,Blended,133.07739822255755,1.002256629008454,180->270,False
lonestar,208,Blended,133.52586771201842,1.0033699899115165,180->270,False
lonestar,209,Blended,133.99590904455582,1.0035202267589913,180->270,False
lonestar,210,Blended,134.4004466432287,1.0030190294730443,180->270,False
lonestar,211,Blended,134.79447316966383,1.0029317352455018,180->270,False
lonestar,212,Blended,135.13269538602168,1.0025091697634527,180->270,False
lonestar,213,Blended,135.7343094070503,1.004452024133094,180->270,False
lonestar,214,Blended,136.197267816912,1.0034107692585914,180->270,False
lonestar,215,Blended,136.6061736728615,1.0030023058648958,180->270,False
lonestar,216,Blended,137.1608481435314,1.004060390945421,180->270,False
lonestar,217,Blended,137.55589741980774,1.0028801898036015,180->270,False
lonestar,218,Blended,138.0567512055373,1.0036410927857278,180->270,False
lonestar,219,Blended,138.46742070013383,1.0029746426090032,180->270,False
lonestar,220,Blended,138.93276406328334,1.003360670407498,180->270,False
lonestar,221,Blended,139.3399206252036,1.0029306014651433,180->270,False
lonestar,222,Blended,139.74321377475525,1.002894311606768,180->270,False
lonestar,223,Blended,140.1699297583302,1.0030535721345493,180->270,False
lonestar,224,Blended,140.58165422463338,1.002937323768465,180->270,False
lonestar,225,Blended,141.0512611507593,1.0033404566813215,180->270,False
lonestar,226,Blended,141.44804055922467,1.0028130156740767,180->270,False
lonestar,227,Blended,141.82991184189058,1.0026997283324404,180->270,False
lonestar,228,Blended,142.2176350863338,1.0027337198437762,180->270,False
lonestar,229,Blended,142.6026505165386,1.002707227060632,180->270,False
lonestar,230,Blended,143.2552387793134,1.0045762702194594,180->270,False
lonestar,231,Blended,143.76050150108654,1.0035270104331158,180->270,False
lonestar,232,Blended,144.2253560767361,1.0032335347386503,180->270,False
lonestar,233,Blended,144.69560883181236,1.0032605414739006,180->270,False
lonestar,234,Blended,145.01720349512047,1.0022225599374057,180->270,False
lonestar,235,Blended,145.3934200009796,1.0025942887932726,180->270,False
lonestar,236,Blended,145.74380548981065,1.0024099129714996,180->270,False
lonestar,237,Blended,146.09061734896306,1.0023795993111808,180->270,False
lonestar,238,Blended,146.56094461041258,1.0032194214110688,180->270,False
lonestar,239,Blended,147.01841673920217,1.0031213781407158,180->270,False
lonestar,240,Blended,147.44194275810065,1.0028807684662377,180->270,False
lonestar,241,Blended,147.77788931859453,1.0022785006369934,180->270,False
lonestar,242,Blended,148.18122625134535,1.0027293456051551,180->270,False
lonestar,243,Blended,148.59165499187108,1.002769775570824,180->270,False
lonestar,244,Blended,149.12813545581463,1.0036104346773236,180->270,False
lonestar,245,Blended,149.53705490703626,1.0027420677524852,180->270,False
lonestar,246,Blended,149.8839361341913,1.0023197008084095,180->270,False
lonestar,247,Blended,150.2719459498429,1.0025887351617468,180->270,False
lonestar,248,Blended,150.6923707480066,1.0027977597249191,180->270,False
lonestar,249,Blended,151.03033989961412,1.0022427754632164,180->270,False
lonestar,250,Blended,151.39582374100485,1.0024199365613138,180->270,False
lonestar,251,Blended,151.845954529899,1.002973204793708,180->270,False
lonestar,252,Blended,152.3667567547547,1.0034298063881126,180->270,False
lonestar,253,Blended,152.80795737675493,1.0028956488370384,180->270,False
lonestar,254,Blended,153.27337578152463,1.0030457733534268,180->270,False
lonestar,255,Blended,153.64935035576963,1.0024529672705904,180->270,False
lonestar,256,Blended,154.05504194683192,1.0026403729669076,180->270,False
lonestar,257,Blended,154.53651615387656,1.0031253388461692,180->270,False
lonestar,258,Blended,154.92397027616144,1.0025072010934883,180->270,False
lonestar,259,Blended,155.36873243125962,1.0028708414476168,180->270,False
lonestar,260,Blended,155.81363599859768,1.0028635334817764,180->270,False
lonestar,261,Blended,156.12413113918893,1.0019927340672163,180->270,False
lonestar,262,Blended,156.48518345711545,1.0023125977726315,180->270,False
lonestar,263,Blended,156.88883275997688,1.0025794729823225,180->270,False
lonestar,264,Blended,157.2963500783306,1.0025974909187907,180->270,False
lonestar,265,Blended,157.6494827755744,1.0022450152026283,180->270,False
lonestar,266,Blended,158.13494478637506,1.003079375854926,180->270,False
lonestar,267,Blended,158.60718844594658,1.0029863333509836,180->270,False
lonestar,268,Blended,159.028379824769,1.0026555629851919,180->270,False
lonestar,269,Blended,159.38274059257782,1.0022282863486334,180->270,False
lonestar,270,Blended,159.70262888866077,1.0020070447709308,180->270,False
lonestar,271,Blended,160.03247948404757,1.0020654049196445,270->365,False
lonestar,272,Blended,160.5166797219411,1.003025637292221,270->365,False
lonestar,273,Blended,160.90969235114812,1.0024484223688643,270->365,False
lonestar,274,Blended,161.235538580845,1.0020250254968222,270->365,False
lonestar,275,Blended,161.54571673832612,1.0019237580015623,270->365,False
lonestar,276,Blended,161.91905360631856,1.0023110291967516,270->365,False
lonestar,277,Blended,162.23055588084878,1.001923814817295,270->365,False
lonestar,278,Blended,162.50226817772685,1.0016748527760555,270->365,False
lonestar,279,Blended,162.9035124215651,1.002469160882108,270->365,False
lonestar,280,Blended,163.2852615814168,1.002343406561203,270->365,False
lonestar,281,Blended,163.7051612198554,1.0025715709695528,270->365,False
lonestar,282,Blended,164.07589948182942,1.0022646705773444,270->365,False
lonestar,283,Blended,164.43778843682168,1.0022056192051065,270->365,False
lonestar,284,Blended,164.8330868379012,1.0024039389293502,270->365,False
lonestar,285,Blended,165.23023997768678,1.0024094260891696,270->365,False
lonestar,286,Blended,165.56359466999467,1.0020175162388731,270->365,False
lonestar,287,Blended,165.96319055261057,1.0024135492069521,270->365,False
lonestar,288,Blended,166.26867774877968,1.0018406924761565,270->365,False
lonestar,289,Blended,166.6972805793847,1.002577772533036,270->365,False
lonestar,290,Blended,167.08463571827,1.0023237040072817,270->365,False
lonestar,291,Blended,167.43872575345193,1.0021192255868396,270->365,False
lonestar,292,Blended,167.78948206668318,1.002094833866257,270->365,False
lonestar,293,Blended,168.2259748757628,1.0026014312917788,270->365,False
lonestar,294,Blended,168.55636573040243,1.001963970515752,270->365,False
lonestar,295,Blended,168.92561592542077,1.0021906630071091,270->365,False
lonestar,296,Blended,169.2837914150302,1.0021203148358955,270->365,False
lonestar,297,Blended,169.68108590622165,1.0023469139477,270->365,False
lonestar,298,Blended,170.03008994943846,1.002056823489506,270->365,False
lonestar,299,Blended,170.50530661867003,1.0027948974759284,270->365,False
lonestar,300,Blended,170.82096723887003,1.001851324316292,270->365,False
lonestar,301,Blended,171.18117493188166,1.0021086854783343,270->365,False
lonestar,302,Blended,171.5065403895553,1.0019007081695936,270->365,False
lonestar,303,Blended,171.84671872128365,1.0019834714813538,270->365,False
lonestar,304,Blended,172.31763104080716,1.0027403044005005,270->365,False
lonestar,305,Blended,172.70190779864345,1.0022300489828884,270->365,False
lonestar,306,Blended,173.0743806063177,1.0021567382342327,270->365,False
lonestar,307,Blended,173.6028064422737,1.0030531719027669,270->365,False
lonestar,308,Blended,174.05233869699344,1.0025894296522748,270->365,False
lonestar,309,Blended,174.49461705456514,1.0025410652961213,270->365,False
lonestar,310,Blended,174.7837547894137,1.001657000884779,270->365,False
lonestar,311,Blended,175.21915312209035,1.0024910686533839,270->365,False
lonestar,312,Blended,175.5958478614116,1.002149849103875,270->365,False
lonestar,313,Blended,175.96664871237016,1.0021116720894858,270->365,False
lonestar,314,Blended,176.31718402555853,1.0019920554022788,270->365,False
lonestar,315,Blended,176.76831645352138,1.0025586412944154,270->365,False
lonestar,316,Blended,177.04049279510104,1.001539734874667,270->365,False
lonestar,317,Blended,177.44619270998007,1.0022915656665539,270->365,False
lonestar,318,Blended,177.78049465610604,1.0018839623494902,270->365,False
lonestar,319,Blended,178.1431252628714,1.0020397659904525,270->365,False
lonestar,320,Blended,178.5095135350282,1.00205670733359,270->365,False
lonestar,321,Blended,178.75484751049274,1.0013743467818952,270->365,False
lonestar,322,Blended,179.19490346061525,1.0024617847082256,270->365,False
lonestar,323,Blended,179.7026974193815,1.0028337522382598,270->365,False
lonestar,324,Blended,180.09128893996055,1.002162413398126,270->365,False
lonestar,325,Blended,180.48203983589627,1.0021697379047911,270->365,False
lonestar,326,Blended,180.90533545293928,1.0023453614411046,270->365,False
lonestar,327,Blended,181.46250768946544,1.003079910468816,270->365,False
lonestar,328,Blended,182.03636171820366,1.003162383436915,270->365,False
lonestar,329,Blended,182.50660106767165,1.0025832165894193,270->365,False
lonestar,330,Blended,183.0336931489827,1.0028880713257906,270->365,False
lonestar,331,Blended,183.37675489430362,1.0018743092565021,270->365,False
lonestar,332,Blended,183.90700511607758,1.0028915890788863,270->365,False
lonestar,333,Blended,184.4351795991026,1.0028719650058553,270->365,False
lonestar,334,Blended,184.75056914807203,1.001710029234417,270->365,False
lonestar,335,Blended,185.11164544325732,1.0019543988245898,270->365,False
lonestar,336,Blended,185.51169728385648,1.0021611381587647,270->365,False
lonestar,337,Blended,185.8735759365911,1.001950705308792,270->365,False
lonestar,338,Blended,186.25021982928595,1.0020263444698743,270->365,False
lonestar,339,Blended,186.56893468115675,1.0017112186614487,270->365,False
lonestar,340,Blended,186.92342528584004,1.0019000516098198,270->365,False
lonestar,341,Blended,187.55971886104024,1.0034040333587253,270->365,False
lonestar,342,Blended,188.08437695090112,1.0027972855421563,270->365,False
lonestar,343,Blended,188.56276461072346,1.0025434736663281,270->365,False
lonestar,344,Blended,188.8900807399539,1.0017358471059021,270->365,False
lonestar,345,Blended,189.3449464623761,1.0024080974535048,270->365,False
lonestar,346,Blended,189.70689423993613,1.0019115787578305,270->365,False
lonestar,347,Blended,190.20368848929806,1.0026187464158978,270->365,False
lonestar,348,Blended,190.54575612214515,1.0017984279672176,270->365,False
lonestar,349,Blended,190.9942630252873,1.002353801586925,270->365,False
lonestar,350,Blended,191.4378157610513,1.0023223353871382,270->365,False
lonestar,351,Blended,191.91136224599865,1.002473630839679,270->365,False
lonestar,352,Blended,192.33637944783717,1.0022146536654444,270->365,False
lonestar,353,Blended,192.72580799915525,1.0020247264320772,270->365,False
lonestar,354,Blended,193.11877354815266,1.0020389876845095,270->365,False
lonestar,355,Blended,193.45893127536573,1.0017613912980254,270->365,False
lonestar,356,Blended,193.84906569749748,1.0020166265757793,270->365,False
lonestar,357,Blended,194.2560528406966,1.0020995053122115,270->365,False
lonestar,358,Blended,194.6366783898038,1.0019594012312159,270->365,False
lonestar,359,Blended,195.1395023400861,1.0025833977153848,270->365,False
lonestar,360,Blended,195.567811057852,1.00219488474978,270->365,False
lonestar,361,Blended,196.00094333695571,1.0022147421743939,270->365,False
lonestar,362,Blended,196.53671689814826,1.002733525421209,270->365,False
lonestar,363,Blended,197.0740449924748,1.0027339832617892,270->365,False
lonestar,364,Blended,197.52908662871565,1.002308988158528,270->365,False
lonestar,365,Blended,197.9338432777473,1.0020490989754458,270->365,False
