brand,population,goal_horizon,day,raw_goal_ratio,organic_share,adjusted_goal_ratio
realprize,Web,7,1,0.5278409383121492,0.5551675576176407,0.23480077377878958
realprize,Web,7,2,0.7056628188530081,0.5551675576176407,0.31390171520880394
realprize,Web,7,3,0.7799996304727835,0.5551675576176407,0.346969140680546
realprize,Web,7,4,0.8567779357702295,0.5551675576176407,0.3811226217479874
realprize,Web,7,5,0.909766140276917,0.5551675576176407,0.40469349417615313
realprize,Web,7,6,0.9549023439173072,0.5551675576176407,0.4247715418813754
realprize,Web,7,7,1.0,0.5551675576176407,0.4448324423823593
realprize,Web,30,1,0.3151512230126829,0.5713472661352199,0.13509043332521553
realprize,Web,30,2,0.42132105385237806,0.5713472661352199,0.18060042156861209
realprize,Web,30,3,0.4657043810943841,0.5713472661352199,0.19962545612891316
realprize,Web,30,4,0.5115454196707099,0.5713472661352199,0.21927534263785603
realprize,Web,30,5,0.5431824077166301,0.5713472661352199,0.2328366240549871
realprize,Web,30,6,0.5701313022546403,0.5713472661352199,0.2443883413733388
realprize,Web,30,7,0.5970571816964905,0.5713472661352199,0.25593019320780136
realprize,Web,30,8,0.6354342677416988,0.5713472661352199,0.27238063605884383
realprize,Web,30,9,0.6579530810195876,0.5713472661352199,0.28203338693380137
realprize,Web,30,10,0.6924835489256057,0.5713472661352199,0.2968349664033461
realprize,Web,30,11,0.7080308549120039,0.5713472661352199,0.30349936161864793
realprize,Web,30,12,0.7265270864850465,0.5713472661352199,0.3114278218486287
realprize,Web,30,13,0.742941094164712,0.5713472661352199,0.3184637311141948
realprize,Web,30,14,0.7585260863538411,0.5713472661352199,0.32514428062332623
realprize,Web,30,15,0.7716977806149757,0.5713472661352199,0.33079036337799267
realprize,Web,30,16,0.7961273269909351,0.5713472661352199,0.34126215521912406
realprize,Web,30,17,0.8087087289538866,0.5713472661352199,0.3466552075663949
realprize,Web,30,18,0.8300038511267129,0.5713472661352199,0.35578341990376144
realprize,Web,30,19,0.8391209321551074,0.5713472661352199,0.3596914816114494
realprize,Web,30,20,0.8513228989079182,0.5713472661352199,0.36492188801856895
realprize,Web,30,21,0.8625007171350412,0.5713472661352199,0.3697132903602688
realprize,Web,30,22,0.8953306576164273,0.5713472661352199,0.38378593410023293
realprize,Web,30,23,0.9075156192625665,0.5713472661352199,0.389009051221888
realprize,Web,30,24,0.9162791409769829,0.5713472661352199,0.39276555876305597
realprize,Web,30,25,0.9312479250915542,0.5713472661352199,0.39918196899639863
realprize,Web,30,26,0.9548409928421399,0.5713472661352199,0.40929520198794417
realprize,Web,30,27,0.9694699748675512,0.5713472661352199,0.41556595512679545
realprize,Web,30,28,0.9788953085244803,0.5713472661352199,0.41960615016642583
realprize,Web,30,29,0.9890811842769333,0.5713472661352199,0.4239723536545218
realprize,Web,30,30,1.0,0.5713472661352199,0.4286527338647801
realprize,Web,60,1,0.23399408790037868,0.6277940706800403,0.08709398694233678
realprize,Web,60,2,0.3128232686739281,0.6277940706800403,0.11643467542968684
realprize,Web,60,3,0.34577708708750693,0.6277940706800403,0.12870028203695413
realprize,Web,60,4,0.379813229824106,0.6277940706800403,0.14136873617469678
realprize,Web,60,5,0.40330312172727767,0.6277940706800403,0.1501118132201422
realprize,Web,60,6,0.4233121889206848,0.6277940706800403,0.1575593066696898
realprize,Web,60,7,0.4433041678211053,0.6277940706800403,0.16500043975526588
realprize,Web,60,8,0.47179846068653863,0.6277940706800403,0.17560618451155957
realprize,Web,60,9,0.4885182726015522,0.6277940706800403,0.1818293976434421
realprize,Web,60,10,0.5141565210119569,0.6277940706800403,0.19137210571917276
realprize,Web,60,11,0.5257001147471109,0.6277940706800403,0.19566869975305784
realprize,Web,60,12,0.5394332324394833,0.6277940706800403,0.2007802475862077
realprize,Web,60,13,0.5516203365194778,0.6277940706800403,0.20531635998602113
realprize,Web,60,14,0.5631919115791216,0.6277940706800403,0.20962336883479152
realprize,Web,60,15,0.5729716565386163,0.6277940706800403,0.21326344789595242
realprize,Web,60,16,0.5911101532495511,0.6277940706800403,0.22001470392071293
realprize,Web,60,17,0.600451616844983,0.6277940706800403,0.22349165205945926
realprize,Web,60,18,0.6162628602281544,0.6277940706800403,0.2293766905965966
realprize,Web,60,19,0.6230321281343975,0.6277940706800403,0.2318962522484556
realprize,Web,60,20,0.6320918679431806,0.6277940706800403,0.23526834112338077
realprize,Web,60,21,0.6403911959793172,0.6277940706800403,0.23835740022780216
realprize,Web,60,22,0.6647668335076428,0.6277940706800403,0.24743015704679908
realprize,Web,60,23,0.6738139473320264,0.6277940706800403,0.25079754645546726
realprize,Web,60,24,0.6803207038369107,0.6277940706800403,0.2532193998072264
realprize,Web,60,25,0.691434755536865,0.6277940706800403,0.2573561157487179
realprize,Web,60,26,0.7089521819847007,0.6277940706800403,0.2638762057390287
realprize,Web,60,27,0.7198139367741129,0.6277940706800403,0.2679190152744674
realprize,Web,60,28,0.7268120766865229,0.6277940706800403,0.27052376444407705
realprize,Web,60,29,0.7343749053608889,0.6277940706800403,0.27333869411910705
realprize,Web,60,30,0.7424819287182709,0.6277940706800403,0.27635617628186004
realprize,Web,60,31,0.7438667800751216,0.6277940706800403,0.2768716261681067
realprize,Web,60,32,0.753279209304397,0.6277940706800403,0.2803749881365475
realprize,Web,60,33,0.7632854294876836,0.6277940706800403,0.28409936261884783
realprize,Web,60,34,0.7858525290426602,0.6277940706800403,0.29249897088076393
realprize,Web,60,35,0.797047322437732,0.6277940706800403,0.2966657393599216
realprize,Web,60,36,0.8064067169156894,0.6277940706800403,0.3001493614794618
realprize,Web,60,37,0.8207761606116307,0.6277940706800403,0.30549775362412046
realprize,Web,60,38,0.8232529330633783,0.6277940706800403,0.30641962301623726
realprize,Web,60,39,0.8291497034973272,0.6277940706800403,0.3086144359355917
realprize,Web,60,40,0.8442981533423504,0.6277940706800403,0.3142527787879153
realprize,Web,60,41,0.8579236235641926,0.6277940706800403,0.31932425959425753
realprize,Web,60,42,0.866535589874437,0.6277940706800403,0.32252968451803427
realprize,Web,60,43,0.8724894197529818,0.6277940706800403,0.32474573530099093
realprize,Web,60,44,0.8858457956118504,0.6277940706800403,0.32971705758988784
realprize,Web,60,45,0.8968467891212643,0.6277940706800403,0.33381169260250204
realprize,Web,60,46,0.9116122586705068,0.6277940706800403,0.3393074879179234
realprize,Web,60,47,0.9247617543905654,0.6277940706800403,0.3442018081924967
realprize,Web,60,48,0.9427509437769435,0.6277940706800403,0.3508974911457663
realprize,Web,60,49,0.9547437367011956,0.6277940706800403,0.3553612797812794
realprize,Web,60,50,0.9567253529233465,0.6277940706800403,0.3560988490888006
realprize,Web,60,51,0.9567253529233465,0.6277940706800403,0.3560988490888006
realprize,Web,60,52,0.9569726832122041,0.6277940706800403,0.3561909068888138
realprize,Web,60,53,0.9629172245744898,0.6277940706800403,0.35840350043094427
realprize,Web,60,54,0.9697974278195177,0.6277940706800403,0.36096435287367007
realprize,Web,60,55,0.9793853178148367,0.6277940706800403,0.36453302237959534
realprize,Web,60,56,0.9829024635658075,0.6277940706800403,0.36584212488238915
realprize,Web,60,57,0.9871248872484907,0.6277940706800403,0.3674137360131849
realprize,Web,60,58,0.9940053779716096,0.6277940706800403,0.3699746954569607
realprize,Web,60,59,0.998463766645508,0.6277940706800403,0.37163413415659863
realprize,Web,60,60,1.0,0.6277940706800403,0.37220592931995966
realprize,Web,90,1,0.21486222878713804,0.6233165313590386,0.08093504961946697
realprize,Web,90,2,0.2872461664602985,0.6233165313590386,0.10820088233608421
realprize,Web,90,3,0.31750560991428295,0.6233165313590386,0.11959911445547611
realprize,Web,90,4,0.34875888453041903,0.6233165313590386,0.13137170634427076
realprize,Web,90,5,0.37032819242863046,0.6233165313590386,0.13949650805955394
realprize,Web,90,6,0.3887012753201837,0.6233165313590386,0.14641734465277212
realprize,Web,90,7,0.40705866709428096,0.6233165313590386,0.15333227066144012
realprize,Web,90,8,0.4332232053854663,0.6233165313590386,0.16318801970035307
realprize,Web,90,9,0.44857596957364104,0.6233165313590386,0.16897115216798145
realprize,Web,90,10,0.47211797973760355,0.6233165313590386,0.17783903821532362
realprize,Web,90,11,0.48271774445988325,0.6233165313590386,0.18183179435769004
realprize,Web,90,12,0.4953280129587842,0.6233165313590386,0.1865818740363499
realprize,Web,90,13,0.5065186732382152,0.6233165313590386,0.1907972107667886
realprize,Web,90,14,0.5171441314718063,0.6233165313590386,0.19479964523011734
realprize,Web,90,15,0.5261242634820706,0.6233165313590386,0.19818231250459745
realprize,Web,90,16,0.5427797177507223,0.6233165313590386,0.20445614679030408
realprize,Web,90,17,0.5513574032224294,0.6233165313590386,0.20768721910669788
realprize,Web,90,18,0.565875885393015,0.6233165313590386,0.213156091330116
realprize,Web,90,19,0.5720916834186979,0.6233165313590386,0.21549747969080188
realprize,Web,90,20,0.5804106794455354,0.6233165313590386,0.2186311079698014
realprize,Web,90,21,0.5880314365991908,0.6233165313590386,0.22150172120811074
realprize,Web,90,22,0.6104140696581646,0.6233165313590386,0.22993288906608284
realprize,Web,90,23,0.6187214720282004,0.6233165313590386,0.23306215020622406
realprize,Web,90,24,0.6246962221484251,0.6233165313590386,0.23531273980577333
realprize,Web,90,25,0.6349015651147155,0.6233165313590386,0.23915692379298623
realprize,Web,90,26,0.6509867291586855,0.6233165313590386,0.24521593917872772
realprize,Web,90,27,0.6609604035516303,0.6233165313590386,0.2489728574441577
realprize,Web,90,28,0.6673863605167687,0.6233165313590386,0.2513934092031236
realprize,Web,90,29,0.6743308360780546,0.6233165313590386,0.2540092783454411
realprize,Web,90,30,0.6817750117964516,0.6233165313590386,0.25681337627621975
realprize,Web,90,31,0.6830466347324915,0.6233165313590386,0.25729237561457063
realprize,Web,90,32,0.6916894835354249,0.6233165313590386,0.260547993880599
realprize,Web,90,33,0.700877573668844,0.6233165313590386,0.26400899554224105
realprize,Web,90,34,0.7215995387028828,0.6233165313590386,0.27181461720831956
realprize,Web,90,35,0.7318790217499106,0.6233165313590386,0.27568672853830994
realprize,Web,90,36,0.7404731720366825,0.6233165313590386,0.2789240028783529
realprize,Web,90,37,0.7536677391586334,0.6233165313590386,0.2838941781890653
realprize,Web,90,38,0.7559420053760245,0.6233165313590386,0.2847508566764452
realprize,Web,90,39,0.7613566431963774,0.6233165313590386,0.28679046123205026
realprize,Web,90,40,0.7752665232517981,0.6233165313590386,0.29203008309970585
realprize,Web,90,41,0.7877779457685252,0.6233165313590386,0.29674292913093925
realprize,Web,90,42,0.7956857792196277,0.6233165313590386,0.29972167926473553
realprize,Web,90,43,0.801152811181855,0.6233165313590386,0.3017810198274383
realprize,Web,90,44,0.8134171410685872,0.6233165313590386,0.3064007901497296
realprize,Web,90,45,0.8235186697247805,0.6233165313590386,0.31020586900252056
realprize,Web,90,46,0.8370768827758279,0.6233165313590386,0.3153130237231623
realprize,Web,90,47,0.8491512474881603,0.6233165313590386,0.31986123730463967
realprize,Web,90,48,0.8656696021197384,0.6233165313590386,0.32608342842350396
realprize,Web,90,49,0.8766818385407906,0.6233165313590386,0.33023155583608027
realprize,Web,90,50,0.8785014335652314,0.6233165313590386,0.33091696720140845
realprize,Web,90,51,0.8785014335652314,0.6233165313590386,0.33091696720140845
realprize,Web,90,52,0.878728541598547,0.6233165313590386,0.331002515043154
realprize,Web,90,53,0.8841870444935509,0.6233165313590386,0.3330586428472308
realprize,Web,90,54,0.8905047075464934,0.6233165313590386,0.335438402079718
realprize,Web,90,55,0.8993086710664486,0.6233165313590386,0.33875470959620324
realprize,Web,90,56,0.9025382474279869,0.6233165313590386,0.33997123762230835
realprize,Web,90,57,0.9064154366830043,0.6233165313590386,0.34143171071946576
realprize,Web,90,58,0.9127333637092117,0.6233165313590386,0.343811569386318
realprize,Web,90,59,0.9168272249510435,0.6233165313590386,0.345353659239026
realprize,Web,90,60,0.9182378525675148,0.6233165313590386,0.34588501934255916
realprize,Web,90,61,0.9212020066225477,0.6233165313590386,0.34700156717359515
realprize,Web,90,62,0.9212020066225477,0.6233165313590386,0.34700156717359515
realprize,Web,90,63,0.9226833422408455,0.6233165313590386,0.34755956181251696
realprize,Web,90,64,0.9389899559023548,0.6233165313590386,0.35370199360832233
realprize,Web,90,65,0.9419541099573877,0.6233165313590386,0.3548185414393583
realprize,Web,90,66,0.946140313998871,0.6233165313590386,0.35639541529814306
realprize,Web,90,67,0.946140313998871,0.6233165313590386,0.35639541529814306
realprize,Web,90,68,0.9545864478145121,0.6233165313590386,0.3595769342804245
realprize,Web,90,69,0.9553263742144428,0.6233165313590386,0.35985565232328937
realprize,Web,90,70,0.9553263742144428,0.6233165313590386,0.35985565232328937
realprize,Web,90,71,0.9553263742144428,0.6233165313590386,0.35985565232328937
realprize,Web,90,72,0.9597733467062103,0.6233165313590386,0.3615307533464393
realprize,Web,90,73,0.9597733467062103,0.6233165313590386,0.3615307533464393
realprize,Web,90,74,0.961994608724439,0.6233165313590386,0.3623674660282261
realprize,Web,90,75,0.9694057352712391,0.6233165313590386,0.3651591148824119
realprize,Web,90,76,0.9708589418237922,0.6233165313590386,0.36570651376727936
realprize,Web,90,77,0.9708589418237922,0.6233165313590386,0.36570651376727936
realprize,Web,90,78,0.9708589418237922,0.6233165313590386,0.36570651376727936
realprize,Web,90,79,0.9708589418237922,0.6233165313590386,0.36570651376727936
realprize,Web,90,80,0.9718943265332011,0.6233165313590386,0.3660965260709973
realprize,Web,90,81,0.9849262502433302,0.6233165313590386,0.3710054362971931
realprize,Web,90,82,0.9895166039120835,0.6233165313590386,0.3727345466394279
realprize,Web,90,83,0.9895166039120835,0.6233165313590386,0.3727345466394279
realprize,Web,90,84,0.9907077703237651,0.6233165313590386,0.3731832393351087
realprize,Web,90,85,0.9945112908628502,0.6233165313590386,0.37461596264481845
realprize,Web,90,86,0.9979321338058323,0.6233165313590386,0.3759045376302569
realprize,Web,90,87,0.9986712711019624,0.6233165313590386,0.3761829584307651
realprize,Web,90,88,1.0,0.6233165313590386,0.37668346864096136
realprize,Web,90,89,1.0,0.6233165313590386,0.37668346864096136
realprize,Web,90,90,1.0,0.6233165313590386,0.37668346864096136
realprize,Web,120,1,0.1782708835106954,0.6012036489647962,0.07109377783988721
realprize,Web,120,2,0.23832773293377965,0.6012036489647962,0.0950442302444839
realprize,Web,120,3,0.2634339498316221,0.6012036489647962,0.10505649793164185
realprize,Web,120,4,0.28936474702139087,0.6012036489647962,0.11539760523035554
realprize,Web,120,5,0.3072607708941477,0.6012036489647962,0.12253447424884988
realprize,Web,120,6,0.32250489145633987,0.6012036489647962,0.12861377390379283
realprize,Web,120,7,0.3377359931208507,0.6012036489647962,0.13468788166984597
realprize,Web,120,8,0.3594446730696191,0.6012036489647962,0.14334522401920588
realprize,Web,120,9,0.3721828395291542,0.6012036489647962,0.14842515832214753
realprize,Web,120,10,0.3917156116466079,0.6012036489647962,0.15621475656819023
realprize,Web,120,11,0.40051022125627705,0.6012036489647962,0.15972201478930542
realprize,Web,120,12,0.4109729429700748,0.6012036489647962,0.16389451003066477
realprize,Web,120,13,0.42025781777726395,0.6012036489647962,0.1675972842235905
realprize,Web,120,14,0.42907374525647135,0.6012036489647962,0.17111304393328938
realprize,Web,120,15,0.4365245479245312,0.6012036489647962,0.174084396849595
realprize,Web,120,16,0.4503435544781962,0.6012036489647962,0.17959536623812816
realprize,Web,120,17,0.4574604478295772,0.6012036489647962,0.1824335573373656
realprize,Web,120,18,0.4695064116939318,0.6012036489647962,0.18723744377117216
realprize,Web,120,19,0.4746636504139132,0.6012036489647962,0.1892941317541182
realprize,Web,120,20,0.4815659095033668,0.6012036489647962,0.19204672749289187
realprize,Web,120,21,0.4878888407997209,0.6012036489647962,0.19456828942172416
realprize,Web,120,22,0.5064596793935623,0.6012036489647962,0.20197427208861185
realprize,Web,120,23,0.5133523192425714,0.6012036489647962,0.20472303170939654
realprize,Web,120,24,0.5183095608606098,0.6012036489647962,0.20669996157787007
realprize,Web,120,25,0.526776919304204,0.6012036489647962,0.21007671322808258
realprize,Web,120,26,0.5401227568751892,0.6012036489647962,0.2153989845529
realprize,Web,120,27,0.5483979002352618,0.6012036489647962,0.21869908152919015
realprize,Web,120,28,0.5537295075263312,0.6012036489647962,0.22082530706202133
realprize,Web,120,29,0.55949132895403,0.6012036489647962,0.22312310042270403
realprize,Web,120,30,0.5656677508864406,0.6012036489647962,0.22558623495180322
realprize,Web,120,31,0.5667228146153237,0.6012036489647962,0.22600699051699139
realprize,Web,120,32,0.5738937738892999,0.6012036489647962,0.22886674290887513
realprize,Web,120,33,0.5815171191143148,0.6012036489647962,0.23190690516729273
realprize,Web,120,34,0.5987101038261862,0.6012036489647962,0.23876340473379107
realprize,Web,120,35,0.6072389761885888,0.6012036489647962,0.24216468791036225
realprize,Web,120,36,0.614369530373449,0.6012036489647962,0.2450083269001433
realprize,Web,120,37,0.6253170438179906,0.6012036489647962,0.2493741553147353
realprize,Web,120,38,0.6272039992414796,0.6012036489647962,0.2501266662521888
realprize,Web,120,39,0.6316965164864767,0.6012036489647962,0.2519182657364564
realprize,Web,120,40,0.6432375240474859,0.6012036489647962,0.25652077743905655
realprize,Web,120,41,0.6536182333914359,0.6012036489647962,0.26066056644658087
realprize,Web,120,42,0.6601793514806469,0.6012036489647962,0.26327711639926926
realprize,Web,120,43,0.6647153400701211,0.6012036489647962,0.2650860520970889
realprize,Web,120,44,0.6748910370128368,0.6012036489647962,0.269144082907084
realprize,Web,120,45,0.6832722608720208,0.6012036489647962,0.27248648439933576
realprize,Web,120,46,0.6945214908231399,0.6012036489647962,0.276972636255798
realprize,Web,120,47,0.7045395739327138,0.6012036489647962,0.2809678112442635
realprize,Web,120,48,0.7182448291138455,0.6012036489647962,0.2864334170005051
realprize,Web,120,49,0.7273816659012667,0.6012036489647962,0.29007715417133295
realprize,Web,120,50,0.7288913812871202,0.6012036489647962,0.29067922315831296
realprize,Web,120,51,0.7288913812871202,0.6012036489647962,0.29067922315831296
realprize,Web,120,52,0.7290798124971103,0.6012036489647962,0.2907543688372782
realprize,Web,120,53,0.7336087245317243,0.6012036489647962,0.2925604824308417
realprize,Web,120,54,0.7388504805189374,0.6012036489647962,0.2946508755915592
realprize,Web,120,55,0.7461551164428868,0.6012036489647962,0.29756393774367085
realprize,Web,120,56,0.7488346913248316,0.6012036489647962,0.29863254242891607
realprize,Web,120,57,0.7520515896970199,0.6012036489647962,0.29991542976139585
realprize,Web,120,58,0.7572935647024729,0.6012036489647962,0.3020059102657882
realprize,Web,120,59,0.7606902355118155,0.6012036489647962,0.3033604901902218
realprize,Web,120,60,0.7618606312249776,0.6012036489647962,0.30382723972989817
realprize,Web,120,61,0.7643199855993382,0.6012036489647962,0.3048080212802956
realprize,Web,120,62,0.7643199855993382,0.6012036489647962,0.3048080212802956
realprize,Web,120,63,0.7655490476403516,0.6012036489647962,0.30529816673744764
realprize,Web,120,64,0.7790786216418611,0.6012036489647962,0.3106937114803104
realprize,Web,120,65,0.7815379760162218,0.6012036489647962,0.3116744930307079
realprize,Web,120,66,0.7850112635141868,0.6012036489647962,0.3130596274109925
realprize,Web,120,67,0.7850112635141868,0.6012036489647962,0.3130596274109925
realprize,Web,120,68,0.7920190086449309,0.6012036489647962,0.315854290598118
realprize,Web,120,69,0.792632924519271,0.6012036489647962,0.31609911800864743
realprize,Web,120,70,0.792632924519271,0.6012036489647962,0.31609911800864743
realprize,Web,120,71,0.792632924519271,0.6012036489647962,0.31609911800864743
realprize,Web,120,72,0.7963225712269786,0.6012036489647962,0.31757053565229026
realprize,Web,120,73,0.7963225712269786,0.6012036489647962,0.31757053565229026
realprize,Web,120,74,0.7981655491423323,0.6012036489647962,0.3183055085199718
realprize,Web,120,75,0.8043145502244001,0.6012036489647962,0.32075770771401196
realprize,Web,120,76,0.80552027361985,0.6012036489647962,0.32123854580447514
realprize,Web,120,77,0.80552027361985,0.6012036489647962,0.32123854580447514
realprize,Web,120,78,0.80552027361985,0.6012036489647962,0.32123854580447514
realprize,Web,120,79,0.80552027361985,0.6012036489647962,0.32123854580447514
realprize,Web,120,80,0.806379330830425,0.6012036489647962,0.32158113468538296
realprize,Web,120,81,0.8171918992691072,0.6012036489647962,0.3258931475240478
realprize,Web,120,82,0.821000509134017,0.6012036489647962,0.32741200724069053
realprize,Web,120,83,0.821000509134017,0.6012036489647962,0.32741200724069053
realprize,Web,120,84,0.8219888181998655,0.6012036489647962,0.3278061412898459
realprize,Web,120,85,0.8251445937439491,0.6012036489647962,0.32906465306151256
realprize,Web,120,86,0.8279828622345963,0.6012036489647962,0.33019654417884087
realprize,Web,120,87,0.8285961233906433,0.6012036489647962,0.33044111049010405
realprize,Web,120,88,0.8296985678544118,0.6012036489647962,0.33088076131947386
realprize,Web,120,89,0.8296985678544118,0.6012036489647962,0.33088076131947386
realprize,Web,120,90,0.8296985678544118,0.6012036489647962,0.33088076131947386
realprize,Web,120,91,0.8397831357560396,0.6012036489647962,0.3349024502004098
realprize,Web,120,92,0.8433420459863269,0.6012036489647962,0.33632173061391024
realprize,Web,120,93,0.8666310727335429,0.6012036489647962,0.34560930949986124
realprize,Web,120,94,0.8669858957274929,0.6012036489647962,0.34575081161511184
realprize,Web,120,95,0.8684075611012454,0.6012036489647962,0.3463177665785575
realprize,Web,120,96,0.870420202565256,0.6012036489647962,0.34712040065034705
realprize,Web,120,97,0.873620729704664,0.6012036489647962,0.3483967591949321
realprize,Web,120,98,0.8794331812911753,0.6012036489647962,0.3507147436782016
realprize,Web,120,99,0.8864312400910496,0.6012036489647962,0.35350554399192124
realprize,Web,120,100,0.9004307279158913,0.6012036489647962,0.3590884886528299
realprize,Web,120,101,0.9042246045435101,0.6012036489647962,0.360601472808202
realprize,Web,120,102,0.9077786060030716,0.6012036489647962,0.3620187956218489
realprize,Web,120,103,0.920932441958807,0.6012036489647962,0.36726449740311184
realprize,Web,120,104,0.9241296207234626,0.6012036489647962,0.3685395206280638
realprize,Web,120,105,0.92756389097975,0.6012036489647962,0.3699090950747399
realprize,Web,120,106,0.9390592719515208,0.6012036489647962,0.37449341106004164
realprize,Web,120,107,0.9542236437562944,0.6012036489647962,0.3805409072015265
realprize,Web,120,108,0.965836385016423,0.6012036489647962,0.3851720260415817
realprize,Web,120,109,0.9744626033022107,0.6012036489647962,0.388612130417187
realprize,Web,120,110,0.9744626033022107,0.6012036489647962,0.388612130417187
realprize,Web,120,111,0.9771846618595278,0.6012036489647962,0.3896976774371492
realprize,Web,120,112,0.9795503308449641,0.6012036489647962,0.3906410975962984
realprize,Web,120,113,0.9813226881544239,0.6012036489647962,0.3913479072240415
realprize,Web,120,114,0.9845183541162327,0.6012036489647962,0.39262232714873824
realprize,Web,120,115,0.9923846771002142,0.6012036489647962,0.3957593880508144
realprize,Web,120,116,0.9923846771002142,0.6012036489647962,0.3957593880508144
realprize,Web,120,117,0.9982263402701781,0.6012036489647962,0.39808902200697277
realprize,Web,120,118,1.0,0.6012036489647962,0.39879635103520383
realprize,Web,120,119,1.0,0.6012036489647962,0.39879635103520383
realprize,Web,120,120,1.0,0.6012036489647962,0.39879635103520383
realprize,Web,150,1,0.16020631281064351,0.6012036489647962,0.06388969296168906
realprize,Web,150,2,0.21417747296658177,0.6012036489647962,0.08541319469301382
realprize,Web,150,3,0.23673962309799287,0.6012036489647962,0.09441089783692902
realprize,Web,150,4,0.2600427970330916,0.6012036489647962,0.10370411856978505
realprize,Web,150,5,0.2761253784516866,0.6012036489647962,0.11011779335474732
realprize,Web,150,6,0.2898247796057915,0.6012036489647962,0.11558106454637182
realprize,Web,150,7,0.30351248109501944,0.6012036489647962,0.12103966995433504
realprize,Web,150,8,0.323021373978079,0.6012036489647962,0.12881974524883585
realprize,Web,150,9,0.33446875472956267,0.6012036489647962,0.13338491892143817
realprize,Web,150,10,0.3520222291853061,0.6012036489647962,0.14038518048237833
realprize,Web,150,11,0.3599256621544349,0.6012036489647962,0.1435370407111182
realprize,Web,150,12,0.36932817385304795,0.6012036489647962,0.1472867280670909
realprize,Web,150,13,0.3776721923964853,0.6012036489647962,0.1506142922151838
realprize,Web,150,14,0.38559478304974315,0.6012036489647962,0.15377379245844863
realprize,Web,150,15,0.39229057991473126,0.6012036489647962,0.15644405181547885
realprize,Web,150,16,0.4047092769171274,0.6012036489647962,0.16139658286464625
realprize,Web,150,17,0.41110500021213714,0.6012036489647962,0.16394717397692699
realprize,Web,150,18,0.42193032074095327,0.6012036489647962,0.16826427230260535
realprize,Web,150,19,0.4265649654083362,0.6012036489647962,0.17011255168430242
realprize,Web,150,20,0.4327678037911884,0.6012036489647962,0.17258622099744497
realprize,Web,150,21,0.4384500189078434,0.6012036489647962,0.17485226765176407
realprize,Web,150,22,0.4551390346255583,0.6012036489647962,0.18150778622235794
realprize,Web,150,23,0.46133322850621644,0.6012036489647962,0.183978008139569
realprize,Web,150,24,0.46578814220663434,0.6012036489647962,0.18575461146747238
realprize,Web,150,25,0.4733974850717182,0.6012036489647962,0.1887891896358436
realprize,Web,150,26,0.4853909603185552,0.6012036489647962,0.19357214380051324
realprize,Web,150,27,0.49282756566649,0.6012036489647962,0.1965378348773585
realprize,Web,150,28,0.4976189097639423,0.6012036489647962,0.19844860541997655
realprize,Web,150,29,0.5027968734775153,0.6012036489647962,0.20051355845474217
realprize,Web,150,30,0.5083474253380772,0.6012036489647962,0.2027270982829659
realprize,Web,150,31,0.5092955771980777,0.6012036489647962,0.20310521778496135
realprize,Web,150,32,0.5157398877998709,0.6012036489647962,0.20567518533789395
realprize,Web,150,33,0.522590743114721,0.6012036489647962,0.2084072814389263
realprize,Web,150,34,0.5380415258373713,0.6012036489647962,0.21456899720935702
realprize,Web,150,35,0.5457061492840328,0.6012036489647962,0.2176256210719445
realprize,Web,150,36,0.5521141491309872,0.6012036489647962,0.22018110802834406
realprize,Web,150,37,0.5619523275752519,0.6012036489647962,0.22410453769275002
realprize,Web,150,38,0.5636480737615163,0.6012036489647962,0.2247807950841141
realprize,Web,150,39,0.5676853546056202,0.6012036489647962,0.22639084795284709
realprize,Web,150,40,0.5780568871355418,0.6012036489647962,0.23052697728042273
realprize,Web,150,41,0.5873856969535143,0.6012036489647962,0.23424727259533154
realprize,Web,150,42,0.593281962884819,0.6012036489647962,0.23659868193346906
realprize,Web,150,43,0.5973583100288956,0.6012036489647962,0.23822431430007956
realprize,Web,150,44,0.6065028817916379,0.6012036489647962,0.24187113615084077
realprize,Web,150,45,0.6140348182743551,0.6012036489647962,0.24487484493637732
realprize,Web,150,46,0.6241441396449406,0.6012036489647962,0.24890640541040904
realprize,Web,150,47,0.6331470689220547,0.6012036489647962,0.25249674075475015
realprize,Web,150,48,0.6454635412222908,0.6012036489647962,0.25740850496571044
realprize,Web,150,49,0.6536745227557815,0.6012036489647962,0.260683014439684
realprize,Web,150,50,0.6550312554459327,0.6012036489647962,0.26122407448584645
realprize,Web,150,51,0.6550312554459327,0.6012036489647962,0.26122407448584645
realprize,Web,150,52,0.6552005925175647,0.6012036489647962,0.2612916054921083
realprize,Web,150,53,0.6592705801892516,0.6012036489647962,0.2629147017243353
realprize,Web,150,54,0.6639811778080386,0.6012036489647962,0.26479327086590265
realprize,Web,150,55,0.6705456193183645,0.6012036489647962,0.26741114618680467
realprize,Web,150,56,0.6729536671346005,0.6012036489647962,0.26837146686903784
realprize,Web,150,57,0.6758445903002107,0.6012036489647962,0.26952435647860634
realprize,Web,150,58,0.6805553847436498,0.6012036489647962,0.2714030041131268
realprize,Web,150,59,0.6836078636200652,0.6012036489647962,0.27262032155065324
realprize,Web,150,60,0.684659660627196,0.6012036489647962,0.27303977435912674
realprize,Web,150,61,0.6868698033518625,0.6012036489647962,0.2739211712129908
realprize,Web,150,62,0.6868698033518625,0.6012036489647962,0.2739211712129908
realprize,Web,150,63,0.6879743219021083,0.6012036489647962,0.2743616491804795
realprize,Web,150,64,0.7001329151731769,0.6012036489647962,0.27921045181070286
realprize,Web,150,65,0.7023430578978435,0.6012036489647962,0.2800918486645669
realprize,Web,150,66,0.7054643897296168,0.6012036489647962,0.2813366244094481
realprize,Web,150,67,0.7054643897296168,0.6012036489647962,0.2813366244094481
realprize,Web,150,68,0.7117620250271156,0.6012036489647962,0.28384809838624114
realprize,Web,150,69,0.7123137314901514,0.6012036489647962,0.28406811691054235
realprize,Web,150,70,0.7123137314901514,0.6012036489647962,0.28406811691054235
realprize,Web,150,71,0.7123137314901514,0.6012036489647962,0.28406811691054235
realprize,Web,150,72,0.7156294983892383,0.6012036489647962,0.2853904326507815
realprize,Web,150,73,0.7156294983892383,0.6012036489647962,0.2853904326507815
realprize,Web,150,74,0.7172857234025202,0.6012036489647962,0.2860509291425716
realprize,Web,150,75,0.7228116330262735,0.6012036489647962,0.2882546417366747
realprize,Web,150,76,0.7238951778859306,0.6012036489647962,0.2886867554728889
realprize,Web,150,77,0.7238951778859306,0.6012036489647962,0.2886867554728889
realprize,Web,150,78,0.7238951778859306,0.6012036489647962,0.2886867554728889
realprize,Web,150,79,0.7238951778859306,0.6012036489647962,0.2886867554728889
realprize,Web,150,80,0.7246671849882085,0.6012036489647962,0.2889946290882506
realprize,Web,150,81,0.7343840926932745,0.6012036489647962,0.29286969642437677
realprize,Web,150,82,0.7378067679578801,0.6012036489647962,0.29423464683067996
realprize,Web,150,83,0.7378067679578801,0.6012036489647962,0.29423464683067996
realprize,Web,150,84,0.7386949295479214,0.6012036489647962,0.294588842431918
realprize,Web,150,85,0.7415309235925984,0.6012036489647962,0.29571982650849277
realprize,Web,150,86,0.7440815842540515,0.6012036489647962,0.2967370206730093
realprize,Web,150,87,0.744632702342802,0.6012036489647962,0.2969568045557925
realprize,Web,150,88,0.7456234337462747,0.6012036489647962,0.2973519046243534
realprize,Web,150,89,0.7456234337462747,0.6012036489647962,0.2973519046243534
realprize,Web,150,90,0.7456234337462747,0.6012036489647962,0.2973519046243534
realprize,Web,150,91,0.7546861107689722,0.6012036489647962,0.3009660671516158
realprize,Web,150,92,0.7578843889980931,0.6012036489647962,0.3022415288389845
realprize,Web,150,93,0.7788134887514809,0.6012036489647962,0.31058797745108735
realprize,Web,150,94,0.7791323567709898,0.6012036489647962,0.3107151408537293
realprize,Web,150,95,0.7804099617454768,0.6012036489647962,0.3112246450556192
realprize,Web,150,96,0.7822186579364035,0.6012036489647962,0.311945946496692
realprize,Web,150,97,0.7850948688013383,0.6012036489647962,0.3130929688944358
realprize,Web,150,98,0.7903183322112197,0.6012036489647962,0.3151760670420624
realprize,Web,150,99,0.7966072627145157,0.6012036489647962,0.31768406957869083
realprize,Web,150,100,0.8091881524340689,0.6012036489647962,0.322701282491625
realprize,Web,150,101,0.8125975874118947,0.6012036489647962,0.3240609527198737
realprize,Web,150,102,0.8157914542865481,0.6012036489647962,0.3253346551751777
realprize,Web,150,103,0.8276123838533105,0.6012036489647962,0.3300487987522467
realprize,Web,150,104,0.8304855856414828,0.6012036489647962,0.3311946211411576
realprize,Web,150,105,0.8335718539323002,0.6012036489647962,0.3324254136738512
realprize,Web,150,106,0.8439023833130588,0.6012036489647962,0.33654519109515973
realprize,Web,150,107,0.8575301168222534,0.6012036489647962,0.3419798814915067
realprize,Web,150,108,0.8679661141218216,0.6012036489647962,0.3461417191339877
realprize,Web,150,109,0.8757182192208176,0.6012036489647962,0.3492332303603088
realprize,Web,150,110,0.8757182192208176,0.6012036489647962,0.3492332303603088
realprize,Web,150,111,0.8781644457505485,0.6012036489647962,0.350208776574171
realprize,Web,150,112,0.880290396427539,0.6012036489647962,0.3510565979466356
realprize,Web,150,113,0.8818831569722777,0.6012036489647962,0.35169178503995024
realprize,Web,150,114,0.8847549992531578,0.6012036489647962,0.35283706526231384
realprize,Web,150,115,0.8918242108699033,0.6012036489647962,0.35565624105976756
realprize,Web,150,116,0.8918242108699033,0.6012036489647962,0.35565624105976756
realprize,Web,150,117,0.8970739257908792,0.6012036489647962,0.35774980821422786
realprize,Web,150,118,0.8986678567789333,0.6012036489647962,0.3583854620760658
realprize,Web,150,119,0.8986678567789333,0.6012036489647962,0.3583854620760658
realprize,Web,150,120,0.8986678567789333,0.6012036489647962,0.3583854620760658
realprize,Web,150,121,0.9007703918154428,0.6012036489647962,0.35922394537654945
realprize,Web,150,122,0.9042196266351452,0.6012036489647962,0.36059948763651034
realprize,Web,150,123,0.9146771628784451,0.6012036489647962,0.36476991493115674
realprize,Web,150,124,0.9190930756362702,0.6012036489647962,0.36653096482546715
realprize,Web,150,125,0.9276298897306653,0.6012036489647962,0.3699354151357778
realprize,Web,150,126,0.9293111602412447,0.6012036489647962,0.3706058996805
realprize,Web,150,127,0.9301515850746936,0.6012036489647962,0.3709410580373988
realprize,Web,150,128,0.9326753846371332,0.6012036489647962,0.3719475400936439
realprize,Web,150,129,0.9387667770964699,0.6012036489647962,0.37437676517915075
realprize,Web,150,130,0.9412909975025918,0.6012036489647962,0.3753834150663208
realprize,Web,150,131,0.9433093638026518,0.6012036489647962,0.37618833218183717
realprize,Web,150,132,0.9507141083918006,0.6012036489647962,0.3791413173043373
realprize,Web,150,133,0.954537944589945,0.6012036489647962,0.3806662492271137
realprize,Web,150,134,0.9572296607816013,0.6012036489647962,0.38173969582236855
realprize,Web,150,135,0.9572296607816013,0.6012036489647962,0.38173969582236855
realprize,Web,150,136,0.9595421968155528,0.6012036489647962,0.3826619267543458
realprize,Web,150,137,0.9611378887633472,0.6012036489647962,0.3832982828805025
realprize,Web,150,138,0.9672280523591326,0.6012036489647962,0.38572701789970915
realprize,Web,150,139,0.971764881923741,0.6012036489647962,0.38753628897534365
realprize,Web,150,140,0.9761824780562953,0.6012036489647962,0.3892980101933535
realprize,Web,150,141,0.9767499015930697,0.6012036489647962,0.38952429662931065
realprize,Web,150,142,0.9769599025905112,0.6012036489647962,0.3896080442608041
realprize,Web,150,143,0.9782220127935725,0.6012036489647962,0.39011136920438916
realprize,Web,150,144,0.9803258103611286,0.6012036489647962,0.3909503559976473
realprize,Web,150,145,0.9809566550408179,0.6012036489647962,0.39120193455397734
realprize,Web,150,146,0.9838379023932116,0.6012036489647962,0.3923509654845418
realprize,Web,150,147,0.9874466538022327,0.6012036489647962,0.3937901223782526
realprize,Web,150,148,0.9903291636856729,0.6012036489647962,0.39493965680159143
realprize,Web,150,149,0.9936886072973309,0.6012036489647962,0.39627939065542916
realprize,Web,150,150,1.0,0.6012036489647962,0.39879635103520383
realprize,Web,180,1,0.1470913194902135,0.6012036489647962,0.058659481481650504
realprize,Web,180,2,0.19664423049901847,0.6012036489647962,0.07842100157513411
realprize,Web,180,3,0.21735937196343819,0.6012036489647962,0.08668212440232274
realprize,Web,180,4,0.2387548746891953,0.6012036489647962,0.09521457281791842
realprize,Web,180,5,0.25352088534238326,0.6012036489647962,0.10110320398575674
realprize,Web,180,6,0.26609881037312005,0.6012036489647962,0.10611923459160892
realprize,Web,180,7,0.2786659935103937,0.6012036489647962,0.11113098136954479
realprize,Web,180,8,0.29657782698074003,0.6012036489647962,0.11827415519786914
realprize,Web,180,9,0.3070880890915271,0.6012036489647962,0.1224656093760746
realprize,Web,180,10,0.3232045808454121,0.6012036489647962,0.12889280747901288
realprize,Web,180,11,0.3304610139006168,0.6012036489647962,0.13178664650295974
realprize,Web,180,12,0.33909380637931164,0.6012036489647962,0.1352293726427074
realprize,Web,180,13,0.3467547572861318,0.6012036489647962,0.13828453190980713
realprize,Web,180,14,0.35402877971710744,0.6012036489647962,0.14118538551262844
realprize,Web,180,15,0.36017643756298545,0.6012036489647962,0.14363704902897753
realprize,Web,180,16,0.3715785009173219,0.6012036489647962,0.14818415028895912
realprize,Web,180,17,0.3774506501607117,0.6012036489647962,0.1505259419799571
realprize,Web,180,18,0.3873897758577752,0.6012036489647962,0.15448962904042624
realprize,Web,180,19,0.39164501391633655,0.6012036489647962,0.15618660245096663
realprize,Web,180,20,0.3973400684139497,0.6012036489647962,0.15845776940356138
realprize,Web,180,21,0.4025571195055874,0.6012036489647962,0.16053831034207075
realprize,Web,180,22,0.4178799198362652,0.6012036489647962,0.16664898720158605
realprize,Web,180,23,0.42356703749785884,0.6012036489647962,0.16891698897293747
realprize,Web,180,24,0.4276572579324556,0.6012036489647962,0.17054815395718428
realprize,Web,180,25,0.4346436760257398,0.6012036489647962,0.17333431199959232
realprize,Web,180,26,0.44565532761662063,0.6012036489647962,0.1777257184729066
realprize,Web,180,27,0.4524831490299291,0.6012036489647962,0.18044862873805406
realprize,Web,180,28,0.45688225860970516,0.6012036489647962,0.18220297758627277
realprize,Web,180,29,0.46163633790620656,0.6012036489647962,0.18409888706224953
realprize,Web,180,30,0.46673250411055517,0.6012036489647962,0.18613121954881268
realprize,Web,180,31,0.46760303727318664,0.6012036489647962,0.18647838499752525
realprize,Web,180,32,0.4735197963134056,0.6012036489647962,0.18883796691271912
realprize,Web,180,33,0.4798098190360988,0.6012036489647962,0.1913464050224577
realprize,Web,180,34,0.493995752024379,0.6012036489647962,0.19700370333421374
realprize,Web,180,35,0.5010329252567322,0.6012036489647962,0.1998101023408788
realprize,Web,180,36,0.5069163460548606,0.6012036489647962,0.20215638908677705
realprize,Web,180,37,0.5159491402273193,0.6012036489647962,0.20575863444240564
realprize,Web,180,38,0.5175060672901931,0.6012036489647962,0.20637953127390768
realprize,Web,180,39,0.5212128436093867,0.6012036489647962,0.20785778014410577
realprize,Web,180,40,0.5307353298223051,0.6012036489647962,0.21165531289860068
realprize,Web,180,41,0.5393004538884253,0.6012036489647962,0.2150710531223332
realprize,Web,180,42,0.5447140329208939,0.6012036489647962,0.2172299686865224
realprize,Web,180,43,0.5484566774497089,0.6012036489647962,0.21872252166783568
realprize,Web,180,44,0.5568526457680394,0.6012036489647962,0.22207080319659306
realprize,Web,180,45,0.5637679942092012,0.6012036489647962,0.22482861892106537
realprize,Web,180,46,0.5730497346940946,0.6012036489647962,0.22853014315769657
realprize,Web,180,47,0.5813156558267593,0.6012036489647962,0.23182656234334803
realprize,Web,180,48,0.5926238629150009,0.6012036489647962,0.23633623406688922
realprize,Web,180,49,0.6001626676404954,0.6012036489647962,0.23934268188258337
realprize,Web,180,50,0.6014083339197369,0.6012036489647962,0.23983944904935248
realprize,Web,180,51,0.6014083339197369,0.6012036489647962,0.23983944904935248
realprize,Web,180,52,0.601563808525375,0.6012036489647962,0.2399014517547596
realprize,Web,180,53,0.6053006141882388,0.6012036489647962,0.24139167621763735
realprize,Web,180,54,0.609625587450396,0.6012036489647962,0.24311645977291046
realprize,Web,180,55,0.615652643104635,0.6012036489647962,0.24552002757530708
realprize,Web,180,56,0.6178635605427283,0.6012036489647962,0.24640173338205879
realprize,Web,180,57,0.6205178236333283,0.6012036489647962,0.2474602438172775
realprize,Web,180,58,0.6248429776074519,0.6012036489647962,0.2491850994398234
realprize,Web,180,59,0.6276455709495672,0.6012036489647962,0.25030276343809454
realprize,Web,180,60,0.6286112645411647,0.6012036489647962,0.25068787851864166
realprize,Web,180,61,0.6306404780217667,0.6012036489647962,0.2514971214501772
realprize,Web,180,62,0.6306404780217667,0.6012036489647962,0.2514971214501772
realprize,Web,180,63,0.6316545772049188,0.6012036489647962,0.25190154050400604
realprize,Web,180,64,0.6428178297385448,0.6012036489647962,0.2563534048801006
realprize,Web,180,65,0.6448470432191469,0.6012036489647962,0.25716264781163617
realprize,Web,180,66,0.6477128529968489,0.6012036489647962,0.2583055222937447
realprize,Web,180,67,0.6477128529968489,0.6012036489647962,0.2583055222937447
realprize,Web,180,68,0.6534949440351223,0.6012036489647962,0.26061139910116154
realprize,Web,180,69,0.6540014860695498,0.6012036489647962,0.26081340621613713
realprize,Web,180,70,0.6540014860695498,0.6012036489647962,0.26081340621613713
realprize,Web,180,71,0.6540014860695498,0.6012036489647962,0.26081340621613713
realprize,Web,180,72,0.6570458138476013,0.6012036489647962,0.2620274730253792
realprize,Web,180,73,0.6570458138476013,0.6012036489647962,0.2620274730253792
realprize,Web,180,74,0.658566455065181,0.6012036489647962,0.2626338991941837
realprize,Web,180,75,0.6636399963238344,0.6012036489647962,0.26465720893496125
realprize,Web,180,76,0.664634838788764,0.6012036489647962,0.26505394847983
realprize,Web,180,77,0.664634838788764,0.6012036489647962,0.26505394847983
realprize,Web,180,78,0.664634838788764,0.6012036489647962,0.26505394847983
realprize,Web,180,79,0.664634838788764,0.6012036489647962,0.26505394847983
realprize,Web,180,80,0.6653436469582903,0.6012036489647962,0.26533661859142105
realprize,Web,180,81,0.6742650979961912,0.6012036489647962,0.26889446071127515
realprize,Web,180,82,0.6774075822842629,0.6012036489647962,0.2701476719785436
realprize,Web,180,83,0.6774075822842629,0.6012036489647962,0.2701476719785436
realprize,Web,180,84,0.6782230361693673,0.6012036489647962,0.27047287201236075
realprize,Web,180,85,0.6808268668098676,0.6012036489647962,0.2715112701705059
realprize,Web,180,86,0.6831687223565236,0.6012036489647962,0.2724451936171639
realprize,Web,180,87,0.6836747241828377,0.6012036489647962,0.27264698529911513
realprize,Web,180,88,0.6845843511934128,0.6012036489647962,0.2730097412317355
realprize,Web,180,89,0.6845843511934128,0.6012036489647962,0.2730097412317355
realprize,Web,180,90,0.6845843511934128,0.6012036489647962,0.2730097412317355
realprize,Web,180,91,0.6929051289330378,0.6012036489647962,0.2763280370320729
realprize,Web,180,92,0.6958415860336656,0.6012036489647962,0.2774990854087747
realprize,Web,180,93,0.7150573637671358,0.6012036489647962,0.2851622674511861
realprize,Web,180,94,0.7153501282463247,0.6012036489647962,0.2852790208571994
realprize,Web,180,95,0.7165231444539112,0.6012036489647962,0.28574681544049
realprize,Web,180,96,0.7181837750783411,0.6012036489647962,0.28640906887393
realprize,Web,180,97,0.7208245302635339,0.6012036489647962,0.28746219240576215
realprize,Web,180,98,0.7256203845079071,0.6012036489647962,0.2893747615785149
realprize,Web,180,99,0.7313944833538459,0.6012036489647962,0.2916774511287919
realprize,Web,180,100,0.7429454618187035,0.6012036489647962,0.2962839391914633
realprize,Web,180,101,0.7460757897115701,0.6012036489647962,0.2975323025326822
realprize,Web,180,102,0.7490081965851002,0.6012036489647962,0.2987017356935966
realprize,Web,180,103,0.7598614276286927,0.6012036489647962,0.30302996463072324
realprize,Web,180,104,0.7624994200696236,0.6012036489647962,0.30408198639022493
realprize,Web,180,105,0.7653330367182616,0.6012036489647962,0.3052120223699344
realprize,Web,180,106,0.7748178764289427,0.6012036489647962,0.3089945418367078
realprize,Web,180,107,0.7873300007538918,0.6012036489647962,0.31398433136119636
realprize,Web,180,108,0.7969116744473881,0.6012036489647962,0.31780546786697267
realprize,Web,180,109,0.804029167808501,0.6012036489647962,0.3206438982479018
realprize,Web,180,110,0.804029167808501,0.6012036489647962,0.3206438982479018
realprize,Web,180,111,0.8062751385303625,0.6012036489647962,0.32153958317631204
realprize,Web,180,112,0.8082270521894657,0.6012036489647962,0.32231799922109816
realprize,Web,180,113,0.809689424339772,0.6012036489647962,0.3229011878984958
realprize,Web,180,114,0.8123261685669594,0.6012036489647962,0.3239527118749113
realprize,Web,180,115,0.8188166722569835,0.6012036489647962,0.32654110106287343
realprize,Web,180,116,0.8188166722569835,0.6012036489647962,0.32654110106287343
realprize,Web,180,117,0.8236366289810765,0.6012036489647962,0.3284632822165893
realprize,Web,180,118,0.8251000757585224,0.6012036489647962,0.329046899451369
realprize,Web,180,119,0.8251000757585224,0.6012036489647962,0.329046899451369
realprize,Web,180,120,0.8251000757585224,0.6012036489647962,0.329046899451369
realprize,Web,180,121,0.8270304906552195,0.6012036489647962,0.3298167418681558
realprize,Web,180,122,0.8301973602495611,0.6012036489647962,0.33107967790658355
realprize,Web,180,123,0.8397988096410206,0.6012036489647962,0.3349087008885468
realprize,Web,180,124,0.8438532218730147,0.6012036489647962,0.33652558569225854
realprize,Web,180,125,0.8516911854798009,0.6012036489647962,0.3396513369781916
realprize,Web,180,126,0.8532348218913911,0.6012036489647962,0.3402669335464588
realprize,Web,180,127,0.85400644690114,0.6012036489647962,0.3405746547847142
realprize,Web,180,128,0.856323640282944,0.6012036489647962,0.3414987430500206
realprize,Web,180,129,0.8619163721713284,0.6012036489647962,0.3437291041194265
realprize,Web,180,130,0.8642339519452257,0.6012036489647962,0.3446533464764897
realprize,Web,180,131,0.8660870884233202,0.6012036489647962,0.345392370541924
realprize,Web,180,132,0.872885657299899,0.6012036489647962,0.34810361500216513
realprize,Web,180,133,0.8763964622240739,0.6012036489647962,0.3495037111951225
realprize,Web,180,134,0.8788678260509905,0.6012036489647962,0.35048928207137725
realprize,Web,180,135,0.8788678260509905,0.6012036489647962,0.35048928207137725
realprize,Web,180,136,0.8809910506021017,0.6012036489647962,0.3513360162747888
realprize,Web,180,137,0.8824561141815775,0.6012036489647962,0.3519202782843183
realprize,Web,180,138,0.8880477178050512,0.6012036489647962,0.35415018940579485
realprize,Web,180,139,0.8922131482132101,0.6012036489647962,0.3558113478530597
realprize,Web,180,140,0.8962691060135766,0.6012036489647962,0.3574288490237986
realprize,Web,180,141,0.8967900784725868,0.6012036489647962,0.3576366109394417
realprize,Web,180,142,0.8969828881270008,0.6012036489647962,0.3577135027260664
realprize,Web,180,143,0.8981416780139495,0.6012036489647962,0.358175623904598
realprize,Web,180,144,0.9000732520869257,0.6012036489647962,0.35894592859665514
realprize,Web,180,145,0.9006524538343533,0.6012036489647962,0.3591769121400425
realprize,Web,180,146,0.9032978332042798,0.6012036489647962,0.360231879779873
realprize,Web,180,147,0.9066111608575571,0.6012036489647962,0.361553222757784
realprize,Web,180,148,0.9092576994037626,0.6012036489647962,0.3626086526728847
realprize,Web,180,149,0.9123421283811387,0.6012036489647962,0.3638387116940896
realprize,Web,180,150,0.9181368506000676,0.6012036489647962,0.36614962577026106
realprize,Web,180,151,0.9218671689816705,0.6012036489647962,0.3676372631290439
realprize,Web,180,152,0.9280046839043462,0.6012036489647962,0.370084881684631
realprize,Web,180,153,0.933202327477991,0.6012036489647962,0.37215768297578217
realprize,Web,180,154,0.9344862880123118,0.6012036489647962,0.3726697217517425
realprize,Web,180,155,0.9375235328600591,0.6012036489647962,0.3738809639142246
realprize,Web,180,156,0.937829072634549,0.6012036489647962,0.37400281206138725
realprize,Web,180,157,0.9423588588841646,0.6012036489647962,0.3758092742887034
realprize,Web,180,158,0.9456368070688085,0.6012036489647962,0.37711650806362185
realprize,Web,180,159,0.9470641550940946,0.6012036489647962,0.3776857292477633
realprize,Web,180,160,0.9501634053433404,0.6012036489647962,0.37892169893810745
realprize,Web,180,161,0.9526101711208957,0.6012036489647962,0.37989746020203435
realprize,Web,180,162,0.9591968172741632,0.6012036489647962,0.38252419065351745
realprize,Web,180,163,0.9648052466327359,0.6012036489647962,0.384760811816755
realprize,Web,180,164,0.9741660226076547,0.6012036489647962,0.3884938551184106
realprize,Web,180,165,0.9752868110327689,0.6012036489647962,0.38894082145262865
realprize,Web,180,166,0.97971250775427,0.6012036489647962,0.39070577315595173
realprize,Web,180,167,0.9814134362568062,0.6012036489647962,0.39138409723613493
realprize,Web,180,168,0.9856349026871217,0.6012036489647962,0.39306760264456236
realprize,Web,180,169,0.9866119670787951,0.6012036489647962,0.3934572523586881
realprize,Web,180,170,0.9872636356899395,0.6012036489647962,0.3937171354228967
realprize,Web,180,171,0.9908100631837694,0.6012036489647962,0.395131437766647
realprize,Web,180,172,0.990911841786887,0.6012036489647962,0.3951720267021837
realprize,Web,180,173,0.9914213466978852,0.6012036489647962,0.3953752154015243
realprize,Web,180,174,0.9923451251976454,0.6012036489647962,0.3957436148963935
realprize,Web,180,175,0.9929564087117613,0.6012036489647962,0.39598739253127085
realprize,Web,180,176,0.9959130873305876,0.6012036489647962,0.3971665051756426
realprize,Web,180,177,0.9984614338650782,0.6012036489647962,0.3981827764747707
realprize,Web,180,178,0.9994228072188,0.6012036489647962,0.3985661686602174
realprize,Web,180,179,1.0,0.6012036489647962,0.39879635103520383
realprize,Web,180,180,1.0,0.6012036489647962,0.39879635103520383
realprize,Web,210,1,0.1379094659760356,0.6012036489647962,0.05499779180445659
realprize,Web,210,2,0.18436914502757193,0.6012036489647962,0.07352574228047598
realprize,Web,210,3,0.2037911891487155,0.6012036489647962,0.08127118260563276
realprize,Web,210,4,0.22385112446933306,0.6012036489647962,0.08927101161349725
realprize,Web,210,5,0.23769539924255037,0.6012036489647962,0.09479205787578504
realprize,Web,210,6,0.24948817484676222,0.6012036489647962,0.0994949737553217
realprize,Web,210,7,0.26127087909668745,0.6012036489647962,0.10419387321551887
realprize,Web,210,8,0.27806460558651946,0.6012036489647962,0.11089115005994711
realprize,Web,210,9,0.287918787600729,0.6012036489647962,0.1148209618896506
realprize,Web,210,10,0.30302924264925646,0.6012036489647962,0.12084695622548484
realprize,Web,210,11,0.30983270876134544,0.6012036489647962,0.1235601536853776
realprize,Web,210,12,0.3179266180739066,0.6012036489647962,0.12678797518483684
realprize,Web,210,13,0.3251093508965494,0.6012036489647962,0.12965242282496758
realprize,Web,210,14,0.33192930840614465,0.6012036489647962,0.1323721969940093
realprize,Web,210,15,0.3376932121733199,0.6012036489647962,0.13467082078407686
realprize,Web,210,16,0.3483835266913434,0.6012036489647962,0.1389340792052833
realprize,Web,210,17,0.35388911987722377,0.6012036489647962,0.14112968967809666
realprize,Web,210,18,0.36320781741764463,0.6012036489647962,0.14484595225361724
realprize,Web,210,19,0.3671974315586487,0.6012036489647962,0.1464369958150881
realprize,Web,210,20,0.3725369847504501,0.6012036489647962,0.1485663901441369
realprize,Web,210,21,0.37742837285214786,0.6012036489647962,0.15051705787059097
realprize,Web,210,22,0.3917946809265125,0.6012036489647962,0.15624628910849514
realprize,Web,210,23,0.39712679272190254,0.6012036489647962,0.15837271583580848
realprize,Web,210,24,0.40096169010275745,0.6012036489647962,0.15990205891788786
realprize,Web,210,25,0.40751199634563695,0.6012036489647962,0.16251429714571133
realprize,Web,210,26,0.41783626969960314,0.6012036489647962,0.16663157968636302
realprize,Web,210,27,0.4242378793129547,0.6012036489647962,0.1691845182409195
realprize,Web,210,28,0.4283623841105158,0.6012036489647962,0.17082935570401409
realprize,Web,210,29,0.432819700417559,0.6012036489647962,0.17260691718267263
realprize,Web,210,30,0.4375977496063393,0.6012036489647962,0.17451238576422493
realprize,Web,210,31,0.4384139416426132,0.6012036489647962,0.17483788017003496
realprize,Web,210,32,0.4439613599564436,0.6012036489647962,0.17705017035125636
realprize,Web,210,33,0.44985874178475377,0.6012036489647962,0.1794020247050478
realprize,Web,210,34,0.46315914897102356,0.6012036489647962,0.18470617855821458
realprize,Web,210,35,0.46975704207456087,0.6012036489647962,0.1873373942524256
realprize,Web,210,36,0.475273203213058,0.6012036489647962,0.18953721918618044
realprize,Web,210,37,0.48374214498958557,0.6012036489647962,0.19291460226378923
realprize,Web,210,38,0.4852018842899652,0.6012036489647962,0.1934967409702433
realprize,Web,210,39,0.48867727321464344,0.6012036489647962,0.19488271339183316
realprize,Web,210,40,0.49760533907834736,0.6012036489647962,0.19844319348008024
realprize,Web,210,41,0.5056358040308065,0.6012036489647962,0.20164571360023706
realprize,Web,210,42,0.5107114522469915,0.6012036489647962,0.20366986358798997
realprize,Web,210,43,0.5142204703868509,0.6012036489647962,0.20506924721788225
realprize,Web,210,44,0.5220923387686538,0.6012036489647962,0.20820851960437461
realprize,Web,210,45,0.5285760117268142,0.6012036489647962,0.21079418472139463
realprize,Web,210,46,0.5372783598873728,0.6012036489647962,0.21426464941326331
realprize,Web,210,47,0.5450282989942938,0.6012036489647962,0.21735529684984845
realprize,Web,210,48,0.5556306160181042,0.6012036489647962,0.2215834621914624
realprize,Web,210,49,0.5626988273673111,0.6012036489647962,0.22440223908587179
realprize,Web,210,50,0.5638667356568686,0.6012036489647962,0.22486799665009108
realprize,Web,210,51,0.5638667356568686,0.6012036489647962,0.22486799665009108
realprize,Web,210,52,0.5640125051007127,0.6012036489647962,0.2249261289723885
realprize,Web,210,53,0.5675160488530416,0.6012036489647962,0.22632332943650948
realprize,Web,210,54,0.5715710451302652,0.6012036489647962,0.2279404471553276
realprize,Web,210,55,0.5772218750335163,0.6012036489647962,0.2301939775010647
realprize,Web,210,56,0.5792947807920702,0.6012036489647962,0.2310206447536159
realprize,Web,210,57,0.5817833573216248,0.6012036489647962,0.2320130799928741
realprize,Web,210,58,0.585838523030266,0.6012036489647962,0.2336302652803233
realprize,Web,210,59,0.588466170620203,0.6012036489647962,0.23467816155099663
realprize,Web,210,60,0.58937158290405,0.6012036489647962,0.23503923666597726
realprize,Web,210,61,0.5912741271767582,0.6012036489647962,0.23579796437961623
realprize,Web,210,62,0.5912741271767582,0.6012036489647962,0.23579796437961623
realprize,Web,210,63,0.5922249234391069,0.6012036489647962,0.2361771384596188
realprize,Web,210,64,0.6026913343789477,0.6012036489647962,0.24035110495086226
realprize,Web,210,65,0.6045938786516559,0.6012036489647962,0.2411098326645012
realprize,Web,210,66,0.6072807965296214,0.6012036489647962,0.2421813657097651
realprize,Web,210,67,0.6072807965296214,0.6012036489647962,0.2421813657097651
realprize,Web,210,68,0.6127019531966276,0.6012036489647962,0.24434330320695732
realprize,Web,210,69,0.6131768754537968,0.6012036489647962,0.24453270047014183
realprize,Web,210,70,0.6131768754537968,0.6012036489647962,0.24453270047014183
realprize,Web,210,71,0.6131768754537968,0.6012036489647962,0.24453270047014183
realprize,Web,210,72,0.6160311677368642,0.6012036489647962,0.245670981817417
realprize,Web,210,73,0.6160311677368642,0.6012036489647962,0.245670981817417
realprize,Web,210,74,0.6174568862563824,0.6012036489647962,0.2462395531606042
realprize,Web,210,75,0.6222137228121577,0.6012036489647962,0.24813656222151825
realprize,Web,210,76,0.62314646441475,0.6012036489647962,0.24850853616909077
realprize,Web,210,77,0.62314646441475,0.6012036489647962,0.24850853616909077
realprize,Web,210,78,0.62314646441475,0.6012036489647962,0.24850853616909077
realprize,Web,210,79,0.62314646441475,0.6012036489647962,0.24850853616909077
realprize,Web,210,80,0.623811026786463,0.6012036489647962,0.24877356121796526
realprize,Web,210,81,0.632175575779785,0.6012036489647962,0.25210931283455723
realprize,Web,210,82,0.6351218973676805,0.6012036489647962,0.2532842951327862
realprize,Web,210,83,0.6351218973676805,0.6012036489647962,0.2532842951327862
realprize,Web,210,84,0.6358864483297128,0.6012036489647962,0.25358919526662516
realprize,Web,210,85,0.6383277405444265,0.6012036489647962,0.25456277369366365
realprize,Web,210,86,0.6405234108868484,0.6012036489647962,0.2554383990142977
realprize,Web,210,87,0.6409978266572128,0.6012036489647962,0.25562759429239257
realprize,Web,210,88,0.6418506721935813,0.6012036489647962,0.255967705980293
realprize,Web,210,89,0.6418506721935813,0.6012036489647962,0.255967705980293
realprize,Web,210,90,0.6418506721935813,0.6012036489647962,0.255967705980293
realprize,Web,210,91,0.6496520436038998,0.6012036489647962,0.2590788644317984
realprize,Web,210,92,0.6524051988003631,0.6012036489647962,0.26017681267798154
realprize,Web,210,93,0.6704214736881098,0.6012036489647962,0.2673616373624621
realprize,Web,210,94,0.6706959629857899,0.6012036489647962,0.26747110269277513
realprize,Web,210,95,0.671795756225324,0.6012036489647962,0.2679096962235945
realprize,Web,210,96,0.6733527256195228,0.6012036489647962,0.2685306099366745
realprize,Web,210,97,0.675828637445085,0.6012036489647962,0.26951799453819364
realprize,Web,210,98,0.6803251209903592,0.6012036489647962,0.2713111757685388
realprize,Web,210,99,0.6857387843601358,0.6012036489647962,0.27347012496613865
realprize,Web,210,100,0.6965687182890048,0.6012036489647962,0.277789063098924
realprize,Web,210,101,0.6995036423180455,0.6012036489647962,0.27895950009227094
realprize,Web,210,102,0.7022530001139684,0.6012036489647962,0.28005593394897516
realprize,Web,210,103,0.7124287419763966,0.6012036489647962,0.2841139826727877
realprize,Web,210,104,0.7149020635159576,0.6012036489647962,0.28510033427770143
realprize,Web,210,105,0.7175587978504434,0.6012036489647962,0.2861598302359643
realprize,Web,210,106,0.7264515672123728,0.6012036489647962,0.2897062342080994
realprize,Web,210,107,0.7381826495757634,0.6012036489647962,0.294384547048313
realprize,Web,210,108,0.7471662082711805,0.6012036489647962,0.2979671574753559
realprize,Web,210,109,0.7538394076953272,0.6012036489647962,0.30062840505543587
realprize,Web,210,110,0.7538394076953272,0.6012036489647962,0.30062840505543587
realprize,Web,210,111,0.7559451786131708,0.6012036489647962,0.3014681788135879
realprize,Web,210,112,0.7577752483364637,0.6012036489647962,0.30219800394137714
realprize,Web,210,113,0.7591463351076337,0.6012036489647962,0.3027447883426724
realprize,Web,210,114,0.7616184863504608,0.6012036489647962,0.30373067323751896
realprize,Web,210,115,0.7677038345607355,0.6012036489647962,0.3061574878985551
realprize,Web,210,116,0.7677038345607355,0.6012036489647962,0.3061574878985551
realprize,Web,210,117,0.7722229160412133,0.6012036489647962,0.3079596811030004
realprize,Web,210,118,0.7735950103582769,0.6012036489647962,0.30850686730992155
realprize,Web,210,119,0.7735950103582769,0.6012036489647962,0.30850686730992155
realprize,Web,210,120,0.7735950103582769,0.6012036489647962,0.30850686730992155
realprize,Web,210,121,0.7754049233323284,0.6012036489647962,0.30922865399966454
realprize,Web,210,122,0.7783741080271496,0.6012036489647962,0.3104127540215088
realprize,Web,210,123,0.78737620796589,0.6012036489647962,0.3140027586287327
realprize,Web,210,124,0.7911775323927759,0.6012036489647962,0.3155187129392758
realprize,Web,210,125,0.7985262282852171,0.6012036489647962,0.31844934604604874
realprize,Web,210,126,0.7999735065741153,0.6012036489647962,0.3190265153465938
realprize,Web,210,127,0.8006969645823582,0.6012036489647962,0.31931502776040827
realprize,Web,210,128,0.802869512241563,0.6012036489647962,0.3201814318393492
realprize,Web,210,129,0.8081131300889477,0.6012036489647962,0.32227256750310934
realprize,Web,210,130,0.8102860400205651,0.6012036489647962,0.32313911605496654
realprize,Web,210,131,0.8120234985120687,0.6012036489647962,0.32383200816145324
realprize,Web,210,132,0.8183976816142379,0.6012036489647962,0.32637400912342857
realprize,Web,210,133,0.8216893322290874,0.6012036489647962,0.3276867073775133
realprize,Web,210,134,0.8240064265809757,0.6012036489647962,0.3286107561500507
realprize,Web,210,135,0.8240064265809757,0.6012036489647962,0.3286107561500507
realprize,Web,210,136,0.8259971134889849,0.6012036489647962,0.3294046348250183
realprize,Web,210,137,0.8273707236827522,0.6012036489647962,0.3299524255580375
realprize,Web,210,138,0.8326132836946925,0.6012036489647962,0.3320431393608823
realprize,Web,210,139,0.8365186962312069,0.6012036489647962,0.33360060362973143
realprize,Web,210,140,0.8403214697477439,0.6012036489647962,0.3351171358319397
realprize,Web,210,141,0.8408099216418417,0.6012036489647962,0.3353119286649621
realprize,Web,210,142,0.8409906955757992,0.6012036489647962,0.3353840206501867
realprize,Web,210,143,0.8420771505416081,0.6012036489647962,0.33581729492611534
realprize,Web,210,144,0.8438881503328978,0.6012036489647962,0.33653951503460716
realprize,Web,210,145,0.8444311966795958,0.6012036489647962,0.33675607993611334
realprize,Web,210,146,0.846911444035286,0.6012036489647962,0.3377451935312273
realprize,Web,210,147,0.850017944465432,0.6012036489647962,0.33898405456725883
realprize,Web,210,148,0.8524992786383603,0.6012036489647962,0.33997360158112155
realprize,Web,210,149,0.8553911688911991,0.6012036489647962,0.34112687686154797
realprize,Web,210,150,0.8608241682650685,0.6012036489647962,0.3432935371870236
realprize,Web,210,151,0.8643216296904634,0.6012036489647962,0.3446883120413575
realprize,Web,210,152,0.8700760236842059,0.6012036489647962,0.3469831433684809
realprize,Web,210,153,0.8749492157397223,0.6012036489647962,0.34892655457811456
realprize,Web,210,154,0.8761530278493436,0.6012036489647962,0.34940663045476356
realprize,Web,210,155,0.8790006793385203,0.6012036489647962,0.3505422634776672
realprize,Web,210,156,0.879287146461668,0.6012036489647962,0.35065650552107
realprize,Web,210,157,0.8835341707241137,0.6012036489647962,0.35235020329969136
realprize,Web,210,158,0.8866075001714807,0.6012036489647962,0.35357583586883035
realprize,Web,210,159,0.8879457491219379,0.6012036489647962,0.35410952466704937
realprize,Web,210,160,0.8908515354612061,0.6012036489647962,0.3552683416560375
realprize,Web,210,161,0.8931455672430988,0.6012036489647962,0.35618319315981506
realprize,Web,210,162,0.8993210564338846,0.6012036489647962,0.3586459557149578
realprize,Web,210,163,0.9045793918712559,0.6012036489647962,0.3607429606999006
realprize,Web,210,164,0.9133558419044493,0.6012036489647962,0.3642429769481809
realprize,Web,210,165,0.914406667566462,0.6012036489647962,0.36466204238776573
realprize,Web,210,166,0.9185560998616472,0.6012036489647962,0.3663168208459532
realprize,Web,210,167,0.920150851627157,0.6012036489647962,0.36695280203084546
realprize,Web,210,168,0.9241088022598544,0.6012036489647962,0.36853121830074265
realprize,Web,210,169,0.9250248755464825,0.6012036489647962,0.3688965449847308
realprize,Web,210,170,0.9256358651716198,0.6012036489647962,0.3691402054177559
realprize,Web,210,171,0.928960914695221,0.6012036489647962,0.3704662230347794
realprize,Web,210,172,0.9290563399919168,0.6012036489647962,0.3705042782948981
realprize,Web,210,173,0.9295340401745752,0.6012036489647962,0.37069478338463113
realprize,Web,210,174,0.9304001538244058,0.6012036489647962,0.37104018634776537
realprize,Web,210,175,0.9309732793037601,0.6012036489647962,0.37126874669761717
realprize,Web,210,176,0.93374539373443,0.6012036489647962,0.3723742558172204
realprize,Web,210,177,0.936134665316951,0.6012036489647962,0.37332708860596187
realprize,Web,210,178,0.937036027044311,0.6012036489647962,0.3736865483737958
realprize,Web,210,179,0.9375771898300987,0.6012036489647962,0.373902362118084
realprize,Web,210,180,0.9375771898300987,0.6012036489647962,0.373902362118084
realprize,Web,210,181,0.9494428595766844,0.6012036489647962,0.3786343479156112
realprize,Web,210,182,0.9506058660205716,0.6012036489647962,0.3790981506416638
realprize,Web,210,183,0.9523577319443782,0.6012036489647962,0.3797967883795808
realprize,Web,210,184,0.9554681218585518,0.6012036489647962,0.38103720052764994
realprize,Web,210,185,0.9565577015699536,0.6012036489647962,0.38147172094071896
realprize,Web,210,186,0.9587979215223746,0.6012036489647962,0.3823651124832607
realprize,Web,210,187,0.9604684841350336,0.6012036489647962,0.38303132675736495
realprize,Web,210,188,0.9659379111526646,0.6012036489647962,0.3852125142942496
realprize,Web,210,189,0.9682125583924124,0.6012036489647962,0.3861196353133533
realprize,Web,210,190,0.970492434470582,0.6012036489647962,0.38702884157413975
realprize,Web,210,191,0.9727790772808271,0.6012036489647962,0.3879407463829864
realprize,Web,210,192,0.9741207869672494,0.6012036489647962,0.3884758153100802
realprize,Web,210,193,0.975268055632749,0.6012036489647962,0.3889333418675385
realprize,Web,210,194,0.9762819889184917,0.6012036489647962,0.3893376947620858
realprize,Web,210,195,0.9780487724107372,0.6012036489647962,0.39004228157186255
realprize,Web,210,196,0.9796057872086471,0.6012036489647962,0.39066321339177684
realprize,Web,210,197,0.9809065889238865,0.6012036489647962,0.39118196836923463
realprize,Web,210,198,0.9826074480415191,0.6012036489647962,0.39186026477897146
realprize,Web,210,199,0.9845234072181527,0.6012036489647962,0.39262434230734533
realprize,Web,210,200,0.9855375455563825,0.6012036489647962,0.3930287769760763
realprize,Web,210,201,0.9878074765889263,0.6012036489647962,0.3939340171889564
realprize,Web,210,202,0.988627173906234,0.6012036489647962,0.394260909488052
realprize,Web,210,203,0.990481873652337,0.6012036489647962,0.3950005569790638
realprize,Web,210,204,0.9924335119617314,0.6012036489647962,0.3957788632153908
realprize,Web,210,205,0.9943186620021734,0.6012036489647962,0.39653065417267297
realprize,Web,210,206,0.9961119485283807,0.6012036489647962,0.397245810295685
realprize,Web,210,207,0.9971775037777589,0.6012036489647962,0.39767074984096346
realprize,Web,210,208,0.9980534367396623,0.6012036489647962,0.39802006870992196
realprize,Web,210,209,0.9991138144137405,0.6012036489647962,0.39844294345706355
realprize,Web,210,210,1.0,0.6012036489647962,0.39879635103520383
realprize,Web,240,1,0.13163371258674295,0.6012036489647962,0.05249504425280987
realprize,Web,240,2,0.17597918224583778,0.6012036489647962,0.07017985573779924
realprize,Web,240,3,0.19451740045729768,0.6012036489647962,0.0775728295152238
realprize,Web,240,4,0.2136644817820972,0.6012036489647962,0.08520861568052815
realprize,Web,240,5,0.22687875444693556,0.6012036489647962,0.09047841940084993
realprize,Web,240,6,0.23813488413678965,0.6012036489647962,0.09496732284794276
realprize,Web,240,7,0.2493814007827084,0.6012036489647962,0.09945239264819183
realprize,Web,240,8,0.26541090644700455,0.6012036489647962,0.10584490101601127
realprize,Web,240,9,0.2748166608225694,0.6012036489647962,0.10959588153971993
realprize,Web,240,10,0.28923949454783665,0.6012036489647962,0.11534765500094399
realprize,Web,240,11,0.2957333598996754,0.6012036489647962,0.11793738480737123
realprize,Web,240,12,0.3034589451204751,0.6012036489647962,0.12101832000303765
realprize,Web,240,13,0.31031481814754797,0.6012036489647962,0.12375241714939499
realprize,Web,240,14,0.3168244244339494,0.6012036489647962,0.12634842438308772
realprize,Web,240,15,0.3223260341058905,0.6012036489647962,0.1285424462450778
realprize,Web,240,16,0.3325298716653219,0.6012036489647962,0.132611699430335
realprize,Web,240,17,0.3377849255219994,0.6012036489647962,0.13470739573287147
realprize,Web,240,18,0.3466795633558643,0.6012036489647962,0.13825454484479646
realprize,Web,240,19,0.35048762480728196,0.6012036489647962,0.13977318585613963
realprize,Web,240,20,0.3555841945403077,0.6012036489647962,0.14180567926846677
realprize,Web,240,21,0.36025299353080614,0.6012036489647962,0.1436675792695944
realprize,Web,240,22,0.37396554367817697,0.6012036489647962,0.1491360942317531
realprize,Web,240,23,0.3790550106454171,0.6012036489647962,0.15116575508700267
realprize,Web,240,24,0.3827153959283158,0.6012036489647962,0.15262550338120565
realprize,Web,240,25,0.388967621786983,0.6012036489647962,0.1551188682394901
realprize,Web,240,26,0.3988220753716203,0.6012036489647962,0.15904878837048922
realprize,Web,240,27,0.40493237123835124,0.6012036489647962,0.161485552065887
realprize,Web,240,28,0.40886918496786817,0.6012036489647962,0.16305553901592365
realprize,Web,240,29,0.4131236651771635,0.6012036489647962,0.1647522101989421
realprize,Web,240,30,0.4176842828924878,0.6012036489647962,0.16657096790227996
realprize,Web,240,31,0.4184633330262701,0.6012036489647962,0.1668816502529058
realprize,Web,240,32,0.4237583087029076,0.6012036489647962,0.16899326723156902
realprize,Web,240,33,0.4293873223395564,0.6012036489647962,0.17123809732979195
realprize,Web,240,34,0.4420824768342328,0.6012036489647962,0.17630087861809707
realprize,Web,240,35,0.44838012405026945,0.6012036489647962,0.1788123573479595
realprize,Web,240,36,0.453645264950846,0.6012036489647962,0.18091207632679562
realprize,Web,240,37,0.4617288162853063,0.6012036489647962,0.18413576710238416
realprize,Web,240,38,0.4631221282103277,0.6012036489647962,0.18469141481393653
realprize,Web,240,39,0.4664393649467657,0.6012036489647962,0.18601431671994792
realprize,Web,240,40,0.474961147317111,0.6012036489647962,0.18941277243355775
realprize,Web,240,41,0.4826261752976675,0.6012036489647962,0.19246955762278642
realprize,Web,240,42,0.487470849401451,0.6012036489647962,0.19440159597733003
realprize,Web,240,43,0.49082018501097463,0.6012036489647962,0.19573729879680032
realprize,Web,240,44,0.4983338335684345,0.6012036489647962,0.19873371442447627
realprize,Web,240,45,0.504522458378491,0.6012036489647962,0.2012017154166527
realprize,Web,240,46,0.5128287946295196,0.6012036489647962,0.20451425200403434
realprize,Web,240,47,0.5202260624656699,0.6012036489647962,0.2074642554247212
realprize,Web,240,48,0.5303459069737206,0.6012036489647962,0.21150001248757544
realprize,Web,240,49,0.5370924699790878,0.6012036489647962,0.21419051719614496
realprize,Web,240,50,0.5382072310509781,0.6012036489647962,0.21463507984389094
realprize,Web,240,51,0.5382072310509781,0.6012036489647962,0.21463507984389094
realprize,Web,240,52,0.5383463670627022,0.6012036489647962,0.2146905667776641
realprize,Web,240,53,0.5416904774039698,0.6012036489647962,0.2160241857792207
realprize,Web,240,54,0.5455609456906727,0.6012036489647962,0.21756771440875528
realprize,Web,240,55,0.5509546270750265,0.6012036489647962,0.21971869486348208
realprize,Web,240,56,0.5529332025042744,0.6012036489647962,0.22050774352491403
realprize,Web,240,57,0.5553085330540891,0.6012036489647962,0.22145501668068263
realprize,Web,240,58,0.5591791630620078,0.6012036489647962,0.22299860980404793
realprize,Web,240,59,0.5616872360589196,0.6012036489647962,0.2239988201633463
realprize,Web,240,60,0.562551446354427,0.6012036489647962,0.2243434640757217
realprize,Web,240,61,0.564367412823478,0.6012036489647962,0.22506766487718155
realprize,Web,240,62,0.564367412823478,0.6012036489647962,0.22506766487718155
realprize,Web,240,63,0.5652749418392767,0.6012036489647962,0.22542958413714065
realprize,Web,240,64,0.5752650648501886,0.6012036489647962,0.2294136087402851
realprize,Web,240,65,0.5770810313192397,0.6012036489647962,0.23013780954174498
realprize,Web,240,66,0.5796456774310139,0.6012036489647962,0.23116058105281714
realprize,Web,240,67,0.5796456774310139,0.6012036489647962,0.23116058105281714
realprize,Web,240,68,0.584820137164738,0.6012036489647962,0.2332241367132049
realprize,Web,240,69,0.5852734474539109,0.6012036489647962,0.23340491520241377
realprize,Web,240,70,0.5852734474539109,0.6012036489647962,0.23340491520241377
realprize,Web,240,71,0.5852734474539109,0.6012036489647962,0.23340491520241377
realprize,Web,240,72,0.587997851376214,0.6012036489647962,0.23449139754537424
realprize,Web,240,73,0.587997851376214,0.6012036489647962,0.23449139754537424
realprize,Web,240,74,0.5893586906811857,0.6012036489647962,0.23503409529454225
realprize,Web,240,75,0.5938990610725399,0.6012036489647962,0.23684477843896257
realprize,Web,240,76,0.5947893570298505,0.6012036489647962,0.23719982521807942
realprize,Web,240,77,0.5947893570298505,0.6012036489647962,0.23719982521807942
realprize,Web,240,78,0.5947893570298505,0.6012036489647962,0.23719982521807942
realprize,Web,240,79,0.5947893570298505,0.6012036489647962,0.23719982521807942
realprize,Web,240,80,0.5954236776083177,0.6012036489647962,0.2374527899501587
realprize,Web,240,81,0.603407586691803,0.6012036489647962,0.24063674375964947
realprize,Web,240,82,0.6062198320032057,0.6012036489647962,0.24175825692805272
realprize,Web,240,83,0.6062198320032057,0.6012036489647962,0.24175825692805272
realprize,Web,240,84,0.6069495910584076,0.6012036489647962,0.24204928217640215
realprize,Web,240,85,0.6092797890289207,0.6012036489647962,0.24297855662423237
realprize,Web,240,86,0.6113755424766194,0.6012036489647962,0.24381433545184408
realprize,Web,240,87,0.6118283693273421,0.6012036489647962,0.24399492114756305
realprize,Web,240,88,0.6126424049950223,0.6012036489647962,0.24431955560144644
realprize,Web,240,89,0.6126424049950223,0.6012036489647962,0.24431955560144644
realprize,Web,240,90,0.6126424049950223,0.6012036489647962,0.24431955560144644
realprize,Web,240,91,0.6200887646393033,0.6012036489647962,0.2472891366560815
realprize,Web,240,92,0.6227166338524356,0.6012036489647962,0.2483371213092764
realprize,Web,240,93,0.6399130542262881,0.6012036489647962,0.2551949910052362
realprize,Web,240,94,0.6401750525239628,0.6012036489647962,0.2552994749703263
realprize,Web,240,95,0.6412247982116361,0.6012036489647962,0.2557181097200854
realprize,Web,240,96,0.6427109156459385,0.6012036489647962,0.256310767930095
realprize,Web,240,97,0.6450741578159345,0.6012036489647962,0.25725322028410186
realprize,Web,240,98,0.649366022906272,0.6012036489647962,0.25896480042126385
realprize,Web,240,99,0.6545333303352079,0.6012036489647962,0.2610255037686006
realprize,Web,240,100,0.6648704337387834,0.6012036489647962,0.2651479028862201
realprize,Web,240,101,0.6676718001523826,0.6012036489647962,0.26626507758987605
realprize,Web,240,102,0.670296044770729,0.6012036489647962,0.26731161676789633
realprize,Web,240,103,0.6800087259865966,0.6012036489647962,0.2711849985955525
realprize,Web,240,104,0.6823694957449955,0.6012036489647962,0.27212646496083626
realprize,Web,240,105,0.6849053318555188,0.6012036489647962,0.2731377471485363
realprize,Web,240,106,0.6933934239382756,0.6012036489647962,0.2765227672983905
realprize,Web,240,107,0.704590667820159,0.6012036489647962,0.2809881873001368
realprize,Web,240,108,0.7131654177472175,0.6012036489647962,0.28440776628208714
realprize,Web,240,109,0.7195349443697394,0.6012036489647962,0.2869479102569705
realprize,Web,240,110,0.7195349443697394,0.6012036489647962,0.2869479102569705
realprize,Web,240,111,0.7215448893855595,0.6012036489647962,0.28774946899506093
realprize,Web,240,112,0.7232916793558107,0.6012036489647962,0.288446082461222
realprize,Web,240,113,0.7246003730026924,0.6012036489647962,0.28896798471222135
realprize,Web,240,114,0.7269600257202644,0.6012036489647962,0.2899090056056994
realprize,Web,240,115,0.7327684520790522,0.6012036489647962,0.2922253848428406
realprize,Web,240,116,0.7327684520790522,0.6012036489647962,0.2922253848428406
realprize,Web,240,117,0.7370818867555424,0.6012036489647962,0.29394556685225365
realprize,Web,240,118,0.7383915420986039,0.6012036489647962,0.29446785262418035
realprize,Web,240,119,0.7383915420986039,0.6012036489647962,0.29446785262418035
realprize,Web,240,120,0.7383915420986039,0.6012036489647962,0.29446785262418035
realprize,Web,240,121,0.7401190925792555,0.6012036489647962,0.2951567934520933
realprize,Web,240,122,0.7429531605815416,0.6012036489647962,0.29628700942999064
realprize,Web,240,123,0.7515456080080236,0.6012036489647962,0.29971364611013346
realprize,Web,240,124,0.7551739481188077,0.6012036489647962,0.3011606149066288
realprize,Web,240,125,0.7621882318457932,0.6012036489647962,0.30395788566207627
realprize,Web,240,126,0.7635696498142085,0.6012036489647962,0.3045087901071348
realprize,Web,240,127,0.7642601859050537,0.6012036489647962,0.30478417338042196
realprize,Web,240,128,0.7663338688979415,0.6012036489647962,0.3056111505911894
realprize,Web,240,129,0.7713388689517979,0.6012036489647962,0.3076071263495983
realprize,Web,240,130,0.7734128977314114,0.6012036489647962,0.3084342414588502
realprize,Web,240,131,0.7750712908669609,0.6012036489647962,0.3090956025898891
realprize,Web,240,132,0.7811554083023226,0.6012036489647962,0.311521926422381
realprize,Web,240,133,0.7842972679847201,0.6012036489647962,0.3127748885991858
realprize,Web,240,134,0.7865089198810868,0.6012036489647962,0.3136568873052169
realprize,Web,240,135,0.7865089198810868,0.6012036489647962,0.3136568873052169
realprize,Web,240,136,0.7884090179377685,0.6012036489647962,0.3144146394768306
realprize,Web,240,137,0.7897201201755513,0.6012036489647962,0.3149375022650925
realprize,Web,240,138,0.7947241105321697,0.6012036489647962,0.3169330753599273
realprize,Web,240,139,0.7984518020849275,0.6012036489647962,0.31841966514895187
realprize,Web,240,140,0.8020815253426138,0.6012036489647962,0.31986718553938476
realprize,Web,240,141,0.8025477495846197,0.6012036489647962,0.32005311406586084
realprize,Web,240,142,0.8027202971606495,0.6012036489647962,0.3201219254095615
realprize,Web,240,143,0.8037573115504565,0.6012036489647962,0.32053548296418755
realprize,Web,240,144,0.8054858993912846,0.6012036489647962,0.3212248374875536
realprize,Web,240,145,0.8060042336928251,0.6012036489647962,0.32143154731562434
realprize,Web,240,146,0.808371614098893,0.6012036489647962,0.3223756499830765
realprize,Web,240,147,0.8113367491016165,0.6012036489647962,0.3235581350024893
realprize,Web,240,148,0.8137051668678608,0.6012036489647962,0.3245026513653945
realprize,Web,240,149,0.8164654578143918,0.6012036489647962,0.3256034453226666
realprize,Web,240,150,0.8216512213368766,0.6012036489647962,0.32767150889276503
realprize,Web,240,151,0.8249895261355744,0.6012036489647962,0.329002812665129
realprize,Web,240,152,0.8304820587889516,0.6012036489647962,0.33119321464523754
realprize,Web,240,153,0.8351334897685141,0.6012036489647962,0.33304818834697913
realprize,Web,240,154,0.8362825208094569,0.6012036489647962,0.33350641773333334
realprize,Web,240,155,0.8390005861360144,0.6012036489647962,0.33459037226743976
realprize,Web,240,156,0.8392740171923024,0.6012036489647962,0.33469941557494715
realprize,Web,240,157,0.8433277749757518,0.6012036489647962,0.3363160393869673
realprize,Web,240,158,0.8462612484853178,0.6012036489647962,0.33748589791844064
realprize,Web,240,159,0.8475385986401259,0.6012036489647962,0.33799530049917237
realprize,Web,240,160,0.8503121533132197,0.6012036489647962,0.33910138398219886
realprize,Web,240,161,0.8525017921324651,0.6012036489647962,0.33997460395339896
realprize,Web,240,162,0.858396257486741,0.6012036489647962,0.34232529522798755
realprize,Web,240,163,0.863415305387107,0.6012036489647962,0.34432687321632444
realprize,Web,240,164,0.8717923714066509,0.6012036489647962,0.34766761657729955
realprize,Web,240,165,0.8727953778514456,0.6012036489647962,0.3480676118875485
realprize,Web,240,166,0.8767559847197042,0.6012036489647962,0.34964708745449496
realprize,Web,240,167,0.8782781651883371,0.6012036489647962,0.3502541274710028
realprize,Web,240,168,0.8820560040214418,0.6012036489647962,0.35176071581244406
realprize,Web,240,169,0.8829303901766413,0.6012036489647962,0.35210941782053334
realprize,Web,240,170,0.8835135759075089,0.6012036489647962,0.35234199016197915
realprize,Web,240,171,0.8866873146369626,0.6012036489647962,0.35360766558642437
realprize,Web,240,172,0.88677839747881,0.6012036489647962,0.35364398909139505
realprize,Web,240,173,0.8872343592802835,0.6012036489647962,0.3538258249940341
realprize,Web,240,174,0.888061059278303,0.6012036489647962,0.3541555099366451
realprize,Web,240,175,0.888608103921624,0.6012036489647962,0.35437366934425485
realprize,Web,240,176,0.8912540696038331,0.6012036489647962,0.3554288708032842
realprize,Web,240,177,0.8935346142101033,0.6012036489647962,0.35633834367063777
realprize,Web,240,178,0.8943949582750756,0.6012036489647962,0.35668144574438354
realprize,Web,240,179,0.8949114947296465,0.6012036489647962,0.35688743859764305
realprize,Web,240,180,0.8949114947296465,0.6012036489647962,0.35688743859764305
realprize,Web,240,181,0.9062372014171243,0.6012036489647962,0.3614040890975042
realprize,Web,240,182,0.9073472837083412,0.6012036489647962,0.3618467858645903
realprize,Web,240,183,0.9090194286468543,0.6012036489647962,0.36251363116447133
realprize,Web,240,184,0.9119882761374695,0.6012036489647962,0.36369759671050866
realprize,Web,240,185,0.9130282730771714,0.6012036489647962,0.3641123436951496
realprize,Web,240,186,0.9151665488457058,0.6012036489647962,0.3649650802691481
realprize,Web,240,187,0.9167610902882136,0.6012036489647962,0.36560097757799465
realprize,Web,240,188,0.9219816237661557,0.6012036489647962,0.367682907279455
realprize,Web,240,189,0.9241527601625885,0.6012036489647962,0.3685487485519522
realprize,Web,240,190,0.926328887452207,0.6012036489647962,0.3694165801744402
realprize,Web,240,191,0.9285114735447719,0.6012036489647962,0.37028698754397527
realprize,Web,240,192,0.9297921269501593,0.6012036489647962,0.37079770744898455
realprize,Web,240,193,0.9308871876314935,0.6012036489647962,0.37123441365286275
realprize,Web,240,194,0.9318549805365924,0.6012036489647962,0.37162036593197395
realprize,Web,240,195,0.9335413641997824,0.6012036489647962,0.3722928895832995
realprize,Web,240,196,0.9350275249716398,0.6012036489647962,0.3728855650761679
realprize,Web,240,197,0.9362691319773976,0.6012036489647962,0.3733807134194838
realprize,Web,240,198,0.9378925912421873,0.6012036489647962,0.37402814305033627
realprize,Web,240,199,0.939721362152146,0.6012036489647962,0.3747574502161071
realprize,Web,240,200,0.9406893507785462,0.6012036489647962,0.3751434805481591
realprize,Web,240,201,0.9428559855850469,0.6012036489647962,0.37600752660301745
realprize,Web,240,202,0.9436383814873947,0.6012036489647962,0.3763195432339386
realprize,Web,240,203,0.9454086806585599,0.6012036489647962,0.37702553208364
realprize,Web,240,204,0.9472715070749623,0.6012036489647962,0.37776842046111325
realprize,Web,240,205,0.9490708708593856,0.6012036489647962,0.37848600017252615
realprize,Web,240,206,0.9507825515007816,0.6012036489647962,0.3791686121664525
realprize,Web,240,207,0.9517996172435081,0.6012036489647962,0.3795742142734147
realprize,Web,240,208,0.9526356897127648,0.6012036489647962,0.3799076369233553
realprize,Web,240,209,0.9536478134926311,0.6012036489647962,0.38031126819356187
realprize,Web,240,210,0.9544936720269573,0.6012036489647962,0.3806485934905432
realprize,Web,240,211,0.9555790445038725,0.6012036489647962,0.38108143607385103
realprize,Web,240,212,0.9567522469147912,0.6012036489647962,0.3815493049143511
realprize,Web,240,213,0.9580139153539424,0.6012036489647962,0.3820524536841009
realprize,Web,240,214,0.9595149998750317,0.6012036489647962,0.38265108071370674
realprize,Web,240,215,0.9614804331836931,0.6012036489647962,0.38343488834540396
realprize,Web,240,216,0.963147636159346,0.6012036489647962,0.3840997628085293
realprize,Web,240,217,0.9644238858354518,0.6012036489647962,0.38460872652237016
realprize,Web,240,218,0.965421330517713,0.6012036489647962,0.3850065038220154
realprize,Web,240,219,0.9676808840120533,0.6012036489647962,0.38590760551052716
realprize,Web,240,220,0.9699209632369045,0.6012036489647962,0.3868009409314276
realprize,Web,240,221,0.9717353486312101,0.6012036489647962,0.38752451120604825
realprize,Web,240,222,0.9722630132597853,0.6012036489647962,0.38773494193449437
realprize,Web,240,223,0.9730111579343877,0.6012036489647962,0.38803329930077224
realprize,Web,240,224,0.9740720652486278,0.6012036489647962,0.38845638526647774
realprize,Web,240,225,0.9754946655278555,0.6012036489647962,0.3890237130668154
realprize,Web,240,226,0.9767169450551,0.6012036489647962,0.38951115368222555
realprize,Web,240,227,0.9781495760510247,0.6012036489647962,0.39008248169578025
realprize,Web,240,228,0.9820673293411535,0.6012036489647962,0.3916448674121398
realprize,Web,240,229,0.9834217207468432,0.6012036489647962,0.3921849937626023
realprize,Web,240,230,0.9848202962363239,0.6012036489647962,0.39274274056445446
realprize,Web,240,231,0.9860574995128004,0.6012036489647962,0.39323613271660207
realprize,Web,240,232,0.9868105372199379,0.6012036489647962,0.39353644140640043
realprize,Web,240,233,0.9886543297397791,0.6012036489647962,0.3942717391353791
realprize,Web,240,234,0.9909772969357734,0.6012036489647962,0.3951981299767161
realprize,Web,240,235,0.9916224922058394,0.6012036489647962,0.3954554314961236
realprize,Web,240,236,0.9933440078426309,0.6012036489647962,0.3961419656503261
realprize,Web,240,237,0.9945960370076881,0.6012036489647962,0.39664127031274055
realprize,Web,240,238,0.9970073723712647,0.6012036489647962,0.39760290205685705
realprize,Web,240,239,0.9989290619690632,0.6012036489647962,0.3983692648562814
realprize,Web,240,240,1.0,0.6012036489647962,0.39879635103520383
realprize,Web,270,1,0.1258348996940469,0.6012036489647962,0.05018249883086679
realprize,Web,270,2,0.16822683422799387,0.6012036489647962,0.06708824763632809
realprize,Web,270,3,0.18594839493842502,0.6012036489647962,0.07415554138229687
realprize,Web,270,4,0.20425199673308075,0.6012036489647962,0.08145495098880698
realprize,Web,270,5,0.2168841457671967,0.6012036489647962,0.0864926059293453
realprize,Web,270,6,0.22764441319893533,0.6012036489647962,0.0907837613172856
realprize,Web,270,7,0.23839549106672725,0.6012036489647962,0.09507125194065635
realprize,Web,270,8,0.2537188546471829,0.6012036489647962,0.10118215342212782
realprize,Web,270,9,0.26271026068700043,0.6012036489647962,0.10476789334148293
realprize,Web,270,10,0.2764977304731082,0.6012036489647962,0.11026628598219083
realprize,Web,270,11,0.28270552389560855,0.6012036489647962,0.11274193134706431
realprize,Web,270,12,0.29009077667191785,0.6012036489647962,0.11568714320572906
realprize,Web,270,13,0.29664463037492217,0.6012036489647962,0.11830079614770575
realprize,Web,270,14,0.3028674713022209,0.6012036489647962,0.12078244240258501
realprize,Web,270,15,0.3081267205296428,0.6012036489647962,0.12287981180366557
realprize,Web,270,16,0.31788105208007505,0.6012036489647962,0.12676980363276552
realprize,Web,270,17,0.3229046069274404,0.6012036489647962,0.12877317897512003
realprize,Web,270,18,0.3314074124598887,0.6012036489647962,0.13216406679502235
realprize,Web,270,19,0.335047718741246,0.6012036489647962,0.1336158076566782
realprize,Web,270,20,0.3399197711094142,0.6012036489647962,0.1355587643631561
realprize,Web,270,21,0.3443828971666839,0.6012036489647962,0.13733864274900537
realprize,Web,270,22,0.35749137324348623,0.6012036489647962,0.14256625517606641
realprize,Web,270,23,0.36235663574147126,0.6012036489647962,0.14450650410709126
realprize,Web,270,24,0.36585577137977976,0.6012036489647962,0.14590194663142592
realprize,Web,270,25,0.37183257016733556,0.6012036489647962,0.1482854721787748
realprize,Web,270,26,0.38125290903034015,0.6012036489647962,0.15204226894285616
realprize,Web,270,27,0.38709403021716654,0.6012036489647962,0.15437168675811694
realprize,Web,270,28,0.39085741689853404,0.6012036489647962,0.15587251163418078
realprize,Web,270,29,0.3949244760117851,0.6012036489647962,0.15749443996798979
realprize,Web,270,30,0.3992841864649303,0.6012036489647962,0.15923307658827413
realprize,Web,270,31,0.4000289173816134,0.6012036489647962,0.15953007256035046
realprize,Web,270,32,0.4050906353872727,0.6012036489647962,0.16154866723097655
realprize,Web,270,33,0.41047167609808116,0.6012036489647962,0.16369460663121888
realprize,Web,270,34,0.4226075754892446,0.6012036489647962,0.1685343590249452
realprize,Web,270,35,0.42862779470334794,0.6012036489647962,0.17093520047996164
realprize,Web,270,36,0.4336609922336727,0.6012036489647962,0.17294242128909454
realprize,Web,270,37,0.44138844177038,0.6012036489647962,0.17602409996714208
realprize,Web,270,38,0.4427203746231593,0.6012036489647962,0.17655526992865436
realprize,Web,270,39,0.44589147831527776,0.6012036489647962,0.1778198945098255
realprize,Web,270,40,0.45403785365267657,0.6012036489647962,0.1810686392685433
realprize,Web,270,41,0.46136521689520305,0.6012036489647962,0.18399076499237235
realprize,Web,270,42,0.4659964703022527,0.6012036489647962,0.18583769195182312
realprize,Web,270,43,0.4691982588272734,0.6012036489647962,0.18711455353238773
realprize,Web,270,44,0.4763809113103236,0.6012036489647962,0.1899789691333821
realprize,Web,270,45,0.4822969108435311,0.6012036489647962,0.19233824815995124
realprize,Web,270,46,0.49023733103250383,0.6012036489647962,0.19550485875699983
realprize,Web,270,47,0.49730872967256406,0.6012036489647962,0.19832490673137115
realprize,Web,270,48,0.5069827682874878,0.6012036489647962,0.2021828780307764
realprize,Web,270,49,0.5134321273641036,0.6012036489647962,0.20475485889704653
realprize,Web,270,50,0.5144977802649264,0.6012036489647962,0.20517983738536477
realprize,Web,270,51,0.5144977802649264,0.6012036489647962,0.20517983738536477
realprize,Web,270,52,0.5146307869676554,0.6012036489647962,0.20523287997307632
realprize,Web,270,53,0.5178275804112948,0.6012036489647962,0.20650774953341297
realprize,Web,270,54,0.5215275443419278,0.6012036489647962,0.20798328164791127
realprize,Web,270,55,0.5266836198080403,0.6012036489647962,0.2100395057294591
realprize,Web,270,56,0.5285750337610764,0.6012036489647962,0.21079379471222695
realprize,Web,270,57,0.5308457247231594,0.6012036489647962,0.21169933798223425
realprize,Web,270,58,0.5345458432507612,0.6012036489647962,0.21317493174943958
realprize,Web,270,59,0.5369434290043633,0.6012036489647962,0.21413108019927013
realprize,Web,270,60,0.5377695685526046,0.6012036489647962,0.21446054163655462
realprize,Web,270,61,0.5395055368998486,0.6012036489647962,0.21515283947894814
realprize,Web,270,62,0.5395055368998486,0.6012036489647962,0.21515283947894814
realprize,Web,270,63,0.540373086864279,0.6012036489647962,0.2154988152391037
realprize,Web,270,64,0.5499231185568128,0.6012036489647962,0.2193073330303567
realprize,Web,270,65,0.5516590869040567,0.6012036489647962,0.21999963087275023
realprize,Web,270,66,0.5541107535773124,0.6012036489647962,0.2209773465959992
realprize,Web,270,67,0.5541107535773124,0.6012036489647962,0.2209773465959992
realprize,Web,270,68,0.5590572646858173,0.6012036489647962,0.22294999717642605
realprize,Web,270,69,0.5594906054588412,0.6012036489647962,0.22312281189546276
realprize,Web,270,70,0.5594906054588412,0.6012036489647962,0.22312281189546276
realprize,Web,270,71,0.5594906054588412,0.6012036489647962,0.22312281189546276
realprize,Web,270,72,0.5620949921888985,0.6012036489647962,0.2241614318200941
realprize,Web,270,73,0.5620949921888985,0.6012036489647962,0.2241614318200941
realprize,Web,270,74,0.5633958829263529,0.6012036489647962,0.22468022229928644
realprize,Web,270,75,0.567736238003654,0.6012036489647962,0.22641114006631125
realprize,Web,270,76,0.5685873140713625,0.6012036489647962,0.22675054609656678
realprize,Web,270,77,0.5685873140713625,0.6012036489647962,0.22675054609656678
realprize,Web,270,78,0.5685873140713625,0.6012036489647962,0.22675054609656678
realprize,Web,270,79,0.5685873140713625,0.6012036489647962,0.22675054609656678
realprize,Web,270,80,0.5691936911521024,0.6012036489647962,0.22699236706371723
realprize,Web,270,81,0.5768258879423032,0.6012036489647962,0.23003605929403187
realprize,Web,270,82,0.5795142464161419,0.6012036489647962,0.23110816684367336
realprize,Web,270,83,0.5795142464161419,0.6012036489647962,0.23110816684367336
realprize,Web,270,84,0.580211857656512,0.6012036489647962,0.23138637166077405
realprize,Web,270,85,0.582439404248678,0.6012036489647962,0.2322747091134908
realprize,Web,270,86,0.5844428342187995,0.6012036489647962,0.2330736696751298
realprize,Web,270,87,0.5848757128501145,0.6012036489647962,0.23324630009373934
realprize,Web,270,88,0.585653888095475,0.6012036489647962,0.23355663354205505
realprize,Web,270,89,0.585653888095475,0.6012036489647962,0.23355663354205505
realprize,Web,270,90,0.585653888095475,0.6012036489647962,0.23355663354205505
realprize,Web,270,91,0.5927722159197886,0.6012036489647962,0.23639539670386364
realprize,Web,270,92,0.5952843205497151,0.6012036489647962,0.237397214863697
realprize,Web,270,93,0.6117231931631001,0.6012036489647962,0.24395297727704746
realprize,Web,270,94,0.6119736497434095,0.6012036489647962,0.24405285844736763
realprize,Web,270,95,0.6129771513594988,0.6012036489647962,0.24445305123012195
realprize,Web,270,96,0.6143978013936288,0.6012036489647962,0.24501960127983102
realprize,Web,270,97,0.6166569365009685,0.6012036489647962,0.24592053611713366
realprize,Web,270,98,0.6207597335924592,0.6012036489647962,0.24755671662625797
realprize,Web,270,99,0.6256994074741022,0.6012036489647962,0.24952664054556112
realprize,Web,270,100,0.6355811341560779,0.6012036489647962,0.2534674370882602
realprize,Web,270,101,0.6382590929763097,0.6012036489647962,0.2545353972939912
realprize,Web,270,102,0.6407677326844289,0.6012036489647962,0.25553583365565113
realprize,Web,270,103,0.6500525446261536,0.6012036489647962,0.25923858277805906
realprize,Web,270,104,0.6523093162381608,0.6012036489647962,0.26013857506204735
realprize,Web,270,105,0.6547334420668536,0.6012036489647962,0.26110530759698025
realprize,Web,270,106,0.6628476112628617,0.6012036489647962,0.26434120866403055
realprize,Web,270,107,0.6735515869620814,0.6012036489647962,0.2686099151144488
realprize,Web,270,108,0.681748596495349,0.6012036489647962,0.27187885260571676
realprize,Web,270,109,0.6878375286381345,0.6012036489647962,0.2743070965259606
realprize,Web,270,110,0.6878375286381345,0.6012036489647962,0.2743070965259606
realprize,Web,270,111,0.6897589302645576,0.6012036489647962,0.27507334448345117
realprize,Web,270,112,0.6914287695205785,0.6012036489647962,0.27573927028556766
realprize,Web,270,113,0.6926798117539812,0.6012036489647962,0.2762381813632396
realprize,Web,270,114,0.6949355155337616,0.6012036489647962,0.27713774779963235
realprize,Web,270,115,0.7004880653621856,0.6012036489647962,0.27935208441014897
realprize,Web,270,116,0.7004880653621856,0.6012036489647962,0.27935208441014897
realprize,Web,270,117,0.7046114818425594,0.6012036489647962,0.2809964878563205
realprize,Web,270,118,0.7058634434068837,0.6012036489647962,0.2814957655598093
realprize,Web,270,119,0.7058634434068837,0.6012036489647962,0.2814957655598093
realprize,Web,270,120,0.7058634434068837,0.6012036489647962,0.2814957655598093
realprize,Web,270,121,0.7075148907236639,0.6012036489647962,0.2821543567236682
realprize,Web,270,122,0.7102241105411843,0.6012036489647962,0.28323478370104754
realprize,Web,270,123,0.7184380379522587,0.6012036489647962,0.28651046798025204
realprize,Web,270,124,0.7219065400929662,0.6012036489647962,0.287893693977524
realprize,Web,270,125,0.7286118260859384,0.6012036489647962,0.2905677375641688
realprize,Web,270,126,0.7299323889423308,0.6012036489647962,0.29109437321261067
realprize,Web,270,127,0.7305925050935741,0.6012036489647962,0.2913576251249859
realprize,Web,270,128,0.7325748368707421,0.6012036489647962,0.29214817180426167
realprize,Web,270,129,0.7373593534460888,0.6012036489647962,0.2940562195559774
realprize,Web,270,130,0.7393420157771634,0.6012036489647962,0.2948468980589449
realprize,Web,270,131,0.7409273523126475,0.6012036489647962,0.29547912448445873
realprize,Web,270,132,0.7467434482971851,0.6012036489647962,0.2977985623403628
realprize,Web,270,133,0.7497469007579424,0.6012036489647962,0.2989963282222205
realprize,Web,270,134,0.7518611235437964,0.6012036489647962,0.2998394725544946
realprize,Web,270,135,0.7518611235437964,0.6012036489647962,0.2998394725544946
realprize,Web,270,136,0.753677517259911,0.6012036489647962,0.30056384374052436
realprize,Web,270,137,0.7549308619794205,0.6012036489647962,0.301063673041254
realprize,Web,270,138,0.759714413337361,0.6012036489647962,0.3029713358677902
realprize,Web,270,139,0.7632778902264787,0.6012036489647962,0.3043924374481686
realprize,Web,270,140,0.7667477145828123,0.6012036489647962,0.3057761907402075
realprize,Web,270,141,0.7671934004149209,0.6012036489647962,0.3059539286237605
realprize,Web,270,142,0.767358346814255,0.6012036489647962,0.3060197086459313
realprize,Web,270,143,0.7683496779797925,0.6012036489647962,0.30641504789741514
realprize,Web,270,144,0.770002116958292,0.6012036489647962,0.3070740345323491
realprize,Web,270,145,0.7704976172641074,0.6012036489647962,0.3072716382462451
realprize,Web,270,146,0.7727607083072845,0.6012036489647962,0.3081741506963246
realprize,Web,270,147,0.7755952212775172,0.6012036489647962,0.3093045441258154
realprize,Web,270,148,0.7778593039824135,0.6012036489647962,0.3102074520469699
realprize,Web,270,149,0.7804979968184471,0.6012036489647962,0.31125975312148285
realprize,Web,270,150,0.7854553137539464,0.6012036489647962,0.313236713026285
realprize,Web,270,151,0.7886465574045081,0.6012036489647962,0.3145093693493932
realprize,Web,270,152,0.7938971294800206,0.6012036489647962,0.31660327833395496
realprize,Web,270,153,0.7983436526331325,0.6012036489647962,0.3183765355422095
realprize,Web,270,154,0.7994420658203097,0.6012036489647962,0.31881457871318475
realprize,Web,270,155,0.8020403931865142,0.6012036489647962,0.319850782185622
realprize,Web,270,156,0.8023017788822081,0.6012036489647962,0.31995502184727753
realprize,Web,270,157,0.8061769579228977,0.6012036489647962,0.32150042910831267
realprize,Web,270,158,0.8089812041724148,0.6012036489647962,0.32261875228002423
realprize,Web,270,159,0.8102022836773974,0.6012036489647962,0.3231057143309352
realprize,Web,270,160,0.812853655937788,0.6012036489647962,0.32416307191361493
realprize,Web,270,161,0.8149468353807394,0.6012036489647962,0.3249978242375258
realprize,Web,270,162,0.8205816339595348,0.6012036489647962,0.32724496134956776
realprize,Web,270,163,0.8253795795366299,0.6012036489647962,0.3291583645381788
realprize,Web,270,164,0.8333876136609054,0.6012036489647962,0.3323519393259053
realprize,Web,270,165,0.8343464350212773,0.6012036489647962,0.33273431378571616
realprize,Web,270,166,0.8381325666907495,0.6012036489647962,0.33424420928004056
realprize,Web,270,167,0.8395876910872482,0.6012036489647962,0.3348245075796665
realprize,Web,270,168,0.8431991061364951,0.6012036489647962,0.33626472672337976
realprize,Web,270,169,0.8440349732709185,0.6012036489647962,0.3365980674865381
realprize,Web,270,170,0.8445924681292236,0.6012036489647962,0.33682039440175104
realprize,Web,270,171,0.8476263952807711,0.6012036489647962,0.33803031347909485
realprize,Web,270,172,0.847713465682741,0.6012036489647962,0.3380650368376836
realprize,Web,270,173,0.8481493411619417,0.6012036489647962,0.3382388623882946
realprize,Web,270,174,0.8489396228404237,0.6012036489647962,0.3385540238379631
realprize,Web,270,175,0.8494625687215945,0.6012036489647962,0.338762572747163
realprize,Web,270,176,0.8519919726233136,0.6012036489647962,0.33977128979346277
realprize,Web,270,177,0.854172053213145,0.6012036489647962,0.3406406979776502
realprize,Web,270,178,0.8549944968485232,0.6012036489647962,0.34096868549837117
realprize,Web,270,179,0.8554882785072788,0.6012036489647962,0.341165603822091
realprize,Web,270,180,0.8554882785072788,0.6012036489647962,0.341165603822091
realprize,Web,270,181,0.8663150578860327,0.6012036489647962,0.3454832839318012
realprize,Web,270,182,0.8673762381188348,0.6012036489647962,0.3459064787364334
realprize,Web,270,183,0.8689747206540216,0.6012036489647962,0.3465439477386594
realprize,Web,270,184,0.8718127825672439,0.6012036489647962,0.34767575647366444
realprize,Web,270,185,0.8728069648934719,0.6012036489647962,0.34807223275762783
realprize,Web,270,186,0.8748510439638273,0.6012036489647962,0.348887404032113
realprize,Web,270,187,0.8763753416420815,0.6012036489647962,0.3494952883840922
realprize,Web,270,188,0.8813658968246179,0.6012036489647962,0.35148550358052755
realprize,Web,270,189,0.8834413889253757,0.6012036489647962,0.35231320225691215
realprize,Web,270,190,0.8855216520572856,0.6012036489647962,0.3531428036031109
realprize,Web,270,191,0.8876080894648042,0.6012036489647962,0.3539748672278927
realprize,Web,270,192,0.8888323267034489,0.6012036489647962,0.3544630885714656
realprize,Web,270,193,0.8898791470679797,0.6012036489647962,0.3548805567130298
realprize,Web,270,194,0.8908043061381342,0.6012036489647962,0.35524950677433453
realprize,Web,270,195,0.8924164001445488,0.6012036489647962,0.3558924039816184
realprize,Web,270,196,0.8938370916070999,0.6012036489647962,0.35645897055283066
realprize,Web,270,197,0.8950240025432022,0.6012036489647962,0.35693230630315204
realprize,Web,270,198,0.8965759441372492,0.6012036489647962,0.3575512149478777
realprize,Web,270,199,0.8983241528559419,0.6012036489647962,0.35824839420574034
realprize,Web,270,200,0.8992494990253572,0.6012036489647962,0.3586174188815475
realprize,Web,270,201,0.9013206878431154,0.6012036489647962,0.3594434014243744
realprize,Web,270,202,0.9020686171384171,0.6012036489647962,0.3597416728981731
realprize,Web,270,203,0.9037609299529268,0.6012036489647962,0.36041656107340964
realprize,Web,270,204,0.9055416939430099,0.6012036489647962,0.3611267232547097
realprize,Web,270,205,0.9072617909977579,0.6012036489647962,0.3618126916835696
realprize,Web,270,206,0.9088980675836392,0.6012036489647962,0.3624652328153034
realprize,Web,270,207,0.9098703288927161,0.6012036489647962,0.362852967077616
realprize,Web,270,208,0.9106695701603096,0.6012036489647962,0.363171701578729
realprize,Web,270,209,0.9116371072130498,0.6012036489647962,0.36355755182485316
realprize,Web,270,210,0.9124457034436861,0.6012036489647962,0.36388001705109174
realprize,Web,270,211,0.9134832623948045,0.6012036489647962,0.36429379177478166
realprize,Web,270,212,0.9146047821392352,0.6012036489647962,0.3647410497564746
realprize,Web,270,213,0.915810870749576,0.6012036489647962,0.3652220334933036
realprize,Web,270,214,0.9172458285307682,0.6012036489647962,0.3657942894203326
realprize,Web,270,215,0.9191246793083588,0.6012036489647962,0.3665435682545754
realprize,Web,270,216,0.9207184375872088,0.6012036489647962,0.36717915324061295
realprize,Web,270,217,0.9219384650924842,0.6012036489647962,0.36766569575787933
realprize,Web,270,218,0.9228919697006596,0.6012036489647962,0.36804594991631495
realprize,Web,270,219,0.9250519838925124,0.6012036489647962,0.3689073556942101
realprize,Web,270,220,0.9271933817079097,0.6012036489647962,0.36976133732910527
realprize,Web,270,221,0.9289278386309288,0.6012036489647962,0.37045303242103306
realprize,Web,270,222,0.9294322582382166,0.6012036489647962,0.37065419311981007
realprize,Web,270,223,0.9301474451628671,0.6012036489647962,0.37093940705566875
realprize,Web,270,224,0.9311616167063773,0.6012036489647962,0.3713438549665444
realprize,Web,270,225,0.9325215476839631,0.6012036489647962,0.3718861904780653
realprize,Web,270,226,0.9336899825680552,0.6012036489647962,0.3723521580462635
realprize,Web,270,227,0.9350595023827605,0.6012036489647962,0.37289831755103836
realprize,Web,270,228,0.9388046682874639,0.6012036489647962,0.37439187604785557
realprize,Web,270,229,0.9400993951726387,0.6012036489647962,0.37490820840525046
realprize,Web,270,230,0.9414363597159535,0.6012036489647962,0.37544138498658786
realprize,Web,270,231,0.9426190609186865,0.6012036489647962,0.3759130419106027
realprize,Web,270,232,0.9433389253248587,0.6012036489647962,0.3762001212090243
realprize,Web,270,233,0.9451014939118226,0.6012036489647962,0.37690302712995477
realprize,Web,270,234,0.9473221282641956,0.6012036489647962,0.37778860800666453
realprize,Web,270,235,0.947938900977632,0.6012036489647962,0.37803457471420104
realprize,Web,270,236,0.9495845793013717,0.6012036489647962,0.3786908652246862
realprize,Web,270,237,0.9507814532731149,0.6012036489647962,0.3791681741972664
realprize,Web,270,238,0.9530865629417677,0.6012036489647962,0.3800874435218611
realprize,Web,270,239,0.9549235970345554,0.6012036489647962,0.3808200460147921
realprize,Web,270,240,0.955947357415185,0.6012036489647962,0.3812283179189216
realprize,Web,270,241,0.9579904345689982,0.6012036489647962,0.3820430896327457
realprize,Web,270,242,0.9588867457396166,0.6012036489647962,0.3824005352569804
realprize,Web,270,243,0.959751799172219,0.6012036489647962,0.3827455154093527
realprize,Web,270,244,0.9610792216532297,0.6012036489647962,0.38327488665106185
realprize,Web,270,245,0.9623413932670145,0.6012036489647962,0.3837782360850195
realprize,Web,270,246,0.9633392684649035,0.6012036489647962,0.3841761850727261
realprize,Web,270,247,0.9656679133495801,0.6012036489647962,0.38510484015559193
realprize,Web,270,248,0.9669254542566585,0.6012036489647962,0.38560634288061235
realprize,Web,270,249,0.9682438491983327,0.6012036489647962,0.38613211397257524
realprize,Web,270,250,0.9698754950775077,0.6012036489647962,0.3867828083953719
realprize,Web,270,251,0.9724236466860218,0.6012036489647962,0.38779900195873174
realprize,Web,270,252,0.9734195292767828,0.6012036489647962,0.38819615630198673
realprize,Web,270,253,0.9740222227708392,0.6012036489647962,0.3884365082682091
realprize,Web,270,254,0.9768808450218377,0.6012036489647962,0.38957651639089536
realprize,Web,270,255,0.9781430634104378,0.6012036489647962,0.3900798844784786
realprize,Web,270,256,0.9788254144148069,0.6012036489647962,0.3903520035691462
realprize,Web,270,257,0.9795079525184365,0.6012036489647962,0.3906241972743162
realprize,Web,270,258,0.9806720373447134,0.6012036489647962,0.39108843005533084
realprize,Web,270,259,0.9810925897083193,0.6012036489647962,0.3912561448033561
realprize,Web,270,260,0.9829859406786268,0.6012036489647962,0.3920112062615437
realprize,Web,270,261,0.983916244978455,0.6012036489647962,0.39238220822166753
realprize,Web,270,262,0.9847997276882522,0.6012036489647962,0.3927345379025374
realprize,Web,270,263,0.9851362257089148,0.6012036489647962,0.3928687320853082
realprize,Web,270,264,0.9863139687812348,0.6012036489647962,0.3933384117250064
realprize,Web,270,265,0.9878528003300732,0.6012036489647962,0.393952092131541
realprize,Web,270,266,0.9887127553078165,0.6012036489647962,0.3942950390387196
realprize,Web,270,267,0.9911157178899009,0.6012036489647962,0.395253331748129
realprize,Web,270,268,0.9946789391183776,0.6012036489647962,0.39667433137197666
realprize,Web,270,269,0.9985221450357735,0.6012036489647962,0.39820698786811104
realprize,Web,270,270,1.0,0.6012036489647962,0.39879635103520383
realprize,Web,365,1,0.10967813568347345,0.6012036489647962,0.0437392402989132
realprize,Web,365,2,0.14662709307926594,0.6012036489647962,0.058474349682910445
realprize,Web,365,3,0.1620732669535042,0.6012036489647962,0.06463422746141197
realprize,Web,365,4,0.17802674985857694,0.6012036489647962,0.07099641823025747
realprize,Web,365,5,0.18903697483675264,0.6012036489647962,0.0753872557756306
realprize,Web,365,6,0.19841566130797902,0.6012036489647962,0.07912744171785892
realprize,Web,365,7,0.20778633812334787,0.6012036489647962,0.08286443343855819
realprize,Web,365,8,0.22114223504853073,0.6012036489647962,0.08819071639712342
realprize,Web,365,9,0.2289791757861007,0.6012036489647962,0.09131605976654546
realprize,Web,365,10,0.2409963823449268,0.6012036489647962,0.09610847789184163
realprize,Web,365,11,0.24640711665586437,0.6012036489647962,0.0982662589914645
realprize,Web,365,12,0.25284412862969846,0.6012036489647962,0.10083331587819946
realprize,Web,365,13,0.2585564902832259,0.6012036489647962,0.10311138486141963
realprize,Web,365,14,0.26398034005161597,0.6012036489647962,0.10527439635761672
realprize,Web,365,15,0.26856431994718444,0.6012036489647962,0.10710247081318816
realprize,Web,365,16,0.2770662292099651,0.6012036489647962,0.11049300120401749
realprize,Web,365,17,0.2814447770651494,0.6012036489647962,0.11223915011149802
realprize,Web,365,18,0.2888558519032547,0.6012036489647962,0.1151946597141832
realprize,Web,365,19,0.29202875550334395,0.6012036489647962,0.11646000209208526
realprize,Web,365,20,0.296275253271389,0.6012036489647962,0.11815348990666076
realprize,Web,365,21,0.3001653294463758,0.6012036489647962,0.1197048380904945
realprize,Web,365,22,0.31159072272956456,0.6012036489647962,0.12426124324097229
realprize,Web,365,23,0.31583130242317214,0.6012036489647962,0.12595237094905698
realprize,Web,365,24,0.3188811612003984,0.6012036489647962,0.12716864350058749
realprize,Web,365,25,0.3240905597851169,0.6012036489647962,0.1292461326472612
realprize,Web,365,26,0.33230135986135195,0.6012036489647962,0.1325205697567433
realprize,Web,365,27,0.3373925013779742,0.6012036489647962,0.1345508984161761
realprize,Web,365,28,0.3406726822822542,0.6012036489647962,0.13585902259153831
realprize,Web,365,29,0.3442175451330247,0.6012036489647962,0.13727270096134583
realprize,Web,365,30,0.34801748390822396,0.6012036489647962,0.13878810267905248
realprize,Web,365,31,0.3486665939621616,0.6012036489647962,0.13904696539998307
realprize,Web,365,32,0.3530784049586816,0.6012036489647962,0.14080637952685224
realprize,Web,365,33,0.35776853873423436,0.6012036489647962,0.14267678776240963
realprize,Web,365,34,0.3683462307998003,0.6012036489647962,0.14689513276053137
realprize,Web,365,35,0.3735934747791263,0.6012036489647962,0.14898771451247803
realprize,Web,365,36,0.3779804272302737,0.6012036489647962,0.15073721514216054
realprize,Web,365,37,0.3847156990891527,0.6012036489647962,0.15342321698271158
realprize,Web,365,38,0.3858766163903433,0.6012036489647962,0.15388618656628003
realprize,Web,365,39,0.3886405613837924,0.6012036489647962,0.15498843774412954
realprize,Web,365,40,0.3957409704257682,0.6012036489647962,0.15782005496092688
realprize,Web,365,41,0.4021275256808676,0.6012036489647962,0.16036698989234524
realprize,Web,365,42,0.4061641422379432,0.6012036489647962,0.16197677784583528
realprize,Web,365,43,0.40895483223833917,0.6012036489647962,0.1630896948348636
realprize,Web,365,44,0.41521525709280016,0.6012036489647962,0.16558632942275275
realprize,Web,365,45,0.4203716628362316,0.6012036489647962,0.16764268521769018
realprize,Web,365,46,0.427292560655417,0.6012036489647962,0.1704027140138688
realprize,Web,365,47,0.4334560162738677,0.6012036489647962,0.17286067762427437
realprize,Web,365,48,0.4418879419351472,0.6012036489647962,0.17622329881019272
realprize,Web,365,49,0.4475092257093335,0.6012036489647962,0.17846504626747162
realprize,Web,365,50,0.44843805247942764,0.6012036489647962,0.17883545899412898
realprize,Web,365,51,0.44843805247942764,0.6012036489647962,0.17883545899412898
realprize,Web,365,52,0.44855398158354887,0.6012036489647962,0.1788816910978313
realprize,Web,365,53,0.4513403178536617,0.6012036489647962,0.17999287183510934
realprize,Web,365,54,0.45456521926809107,0.6012036489647962,0.18127895075163206
realprize,Web,365,55,0.45905927255490964,0.6012036489647962,0.18307116280377306
realprize,Web,365,56,0.4607078355265423,0.6012036489647962,0.18372860370131192
realprize,Web,365,57,0.46268697765674693,0.6012036489647962,0.18451787836101757
realprize,Web,365,58,0.4659120138184315,0.6012036489647962,0.18580401101425395
realprize,Web,365,59,0.4680017578897162,0.6012036489647962,0.18663739332447973
realprize,Web,365,60,0.4687218239897075,0.6012036489647962,0.18692455305766043
realprize,Web,365,61,0.4702349000313635,0.6012036489647962,0.18752796226191162
realprize,Web,365,62,0.4702349000313635,0.6012036489647962,0.18752796226191162
realprize,Web,365,63,0.47099105959395177,0.6012036489647962,0.1878295159362722
realprize,Web,365,64,0.4793149003909158,0.6012036489647962,0.19114903327269941
realprize,Web,365,65,0.48082797643257175,0.6012036489647962,0.19175244247695059
realprize,Web,365,66,0.48296485762128627,0.6012036489647962,0.19260462289760572
realprize,Web,365,67,0.48296485762128627,0.6012036489647962,0.19260462289760572
realprize,Web,365,68,0.48727625388605456,0.6012036489647962,0.19432399199586212
realprize,Web,365,69,0.48765395520910926,0.6012036489647962,0.1944746179052775
realprize,Web,365,70,0.48765395520910926,0.6012036489647962,0.1944746179052775
realprize,Web,365,71,0.48765395520910926,0.6012036489647962,0.1944746179052775
realprize,Web,365,72,0.4899239477298326,0.6012036489647962,0.1953798826394192
realprize,Web,365,73,0.4899239477298326,0.6012036489647962,0.1953798826394192
realprize,Web,365,74,0.49105780861547565,0.6012036489647962,0.19583206222319516
realprize,Web,365,75,0.4948408771778548,0.6012036489647962,0.19734073616158795
realprize,Web,365,76,0.49558267803483524,0.6012036489647962,0.19763656363654655
realprize,Web,365,77,0.49558267803483524,0.6012036489647962,0.19763656363654655
realprize,Web,365,78,0.49558267803483524,0.6012036489647962,0.19763656363654655
realprize,Web,365,79,0.49558267803483524,0.6012036489647962,0.19763656363654655
realprize,Web,365,80,0.4961111984047679,0.6012036489647962,0.19784733563152349
realprize,Web,365,81,0.5027634476389143,0.6012036489647962,0.2005002283522778
realprize,Web,365,82,0.5051066302232086,0.6012036489647962,0.2014346810167036
realprize,Web,365,83,0.5051066302232086,0.6012036489647962,0.2014346810167036
realprize,Web,365,84,0.5057146706035931,0.6012036489647962,0.20167716530168298
realprize,Web,365,85,0.5076562079511086,0.6012036489647962,0.2024514433112707
realprize,Web,365,86,0.5094024044723405,0.6012036489647962,0.2031478201121284
realprize,Web,365,87,0.5097797029910764,0.6012036489647962,0.20329828538465128
realprize,Web,365,88,0.5104579632380642,0.6012036489647962,0.20356877309620225
realprize,Web,365,89,0.5104579632380642,0.6012036489647962,0.20356877309620225
realprize,Web,365,90,0.5104579632380642,0.6012036489647962,0.20356877309620225
realprize,Web,365,91,0.5166623224965271,0.6012036489647962,0.20604304892898873
realprize,Web,365,92,0.518851881618218,0.6012036489647962,0.20691623711709492
realprize,Web,365,93,0.5331800600914232,0.6012036489647962,0.21263026240919025
realprize,Web,365,94,0.5333983589168269,0.6012036489647962,0.21271731918419653
realprize,Web,365,95,0.5342730144112535,0.6012036489647962,0.21306612860378676
realprize,Web,365,96,0.5355112579158844,0.6012036489647962,0.21355993559512662
realprize,Web,365,97,0.5374803279229536,0.6012036489647962,0.21434519352887868
realprize,Web,365,98,0.5410563401197,0.6012036489647962,0.21577129414419854
realprize,Web,365,99,0.5453617770337853,0.6012036489647962,0.217488286675148
realprize,Web,365,100,0.5539747243357489,0.6012036489647962,0.2209230986308296
realprize,Web,365,101,0.5563088425458343,0.6012036489647962,0.2218539364558965
realprize,Web,365,102,0.558495381629642,0.6012036489647962,0.22272592026391483
realprize,Web,365,103,0.5665880559705124,0.6012036489647962,0.2259532492611702
realprize,Web,365,104,0.5685550659468397,0.6012036489647962,0.22673768566217933
realprize,Web,365,105,0.5706679424397652,0.6012036489647962,0.22758029309774608
realprize,Web,365,106,0.577740280497031,0.6012036489647962,0.2304007157082711
realprize,Web,365,107,0.5870699028986545,0.6012036489647962,0.23412133507857483
realprize,Web,365,108,0.5942144448816364,0.6012036489647962,0.23697055235120587
realprize,Web,365,109,0.5995215792882886,0.6012036489647962,0.23908701818703215
realprize,Web,365,110,0.5995215792882886,0.6012036489647962,0.23908701818703215
realprize,Web,365,111,0.6011962796202128,0.6012036489647962,0.23975488256848096
realprize,Web,365,112,0.6026517173162474,0.6012036489647962,0.24033530581081863
realprize,Web,365,113,0.6037421300726012,0.6012036489647962,0.2407701584391748
realprize,Web,365,114,0.6057082093226506,0.6012036489647962,0.24155422366994048
realprize,Web,365,115,0.6105478310408846,0.6012036489647962,0.24348424715156294
realprize,Web,365,116,0.6105478310408846,0.6012036489647962,0.24348424715156294
realprize,Web,365,117,0.6141418151686068,0.6012036489647962,0.24491751490737698
realprize,Web,365,118,0.6152330292169853,0.6012036489647962,0.24535268708806868
realprize,Web,365,119,0.6152330292169853,0.6012036489647962,0.24535268708806868
realprize,Web,365,120,0.6152330292169853,0.6012036489647962,0.24535268708806868
realprize,Web,365,121,0.6166724364348901,0.6012036489647962,0.24592671743422287
realprize,Web,365,122,0.6190338018388029,0.6012036489647962,0.24686842134076403
realprize,Web,365,123,0.6261930895028486,0.6012036489647962,0.24972351913719681
realprize,Web,365,124,0.6292162480171548,0.6012036489647962,0.25092914372130315
realprize,Web,365,125,0.6350605985806456,0.6012036489647962,0.2532598494001938
realprize,Web,365,126,0.6362116057534897,0.6012036489647962,0.25371886686073936
realprize,Web,365,127,0.6367869652839454,0.6012036489647962,0.25394831814201846
realprize,Web,365,128,0.6385147725469107,0.6012036489647962,0.2546373613737811
realprize,Web,365,129,0.6426849738138612,0.6012036489647962,0.2563004224221234
realprize,Web,365,130,0.6444130691887598,0.6012036489647962,0.25698958055187376
realprize,Web,365,131,0.6457948540200392,0.6012036489647962,0.25754063130050375
realprize,Web,365,132,0.650864183483417,0.6012036489647962,0.2595622613926941
realprize,Web,365,133,0.653482003081245,0.6012036489647962,0.26060623829597634
realprize,Web,365,134,0.6553247670055282,0.6012036489647962,0.2613411258247998
realprize,Web,365,135,0.6553247670055282,0.6012036489647962,0.2613411258247998
realprize,Web,365,136,0.6569079420780638,0.6012036489647962,0.2619724902667769
realprize,Web,365,137,0.6580003616893064,0.6012036489647962,0.2624081432215397
realprize,Web,365,138,0.6621697216694128,0.6012036489647962,0.26407086876775837
realprize,Web,365,139,0.6652756605043453,0.6012036489647962,0.26530950584166796
realprize,Web,365,140,0.6682999714663843,0.6012036489647962,0.2665155900177249
realprize,Web,365,141,0.6686884327858199,0.6012036489647962,0.2666705069744341
realprize,Web,365,142,0.6688322006404505,0.6012036489647962,0.266727841070257
realprize,Web,365,143,0.6696962483279,0.6012036489647962,0.2670724201351322
realprize,Web,365,144,0.671136519881604,0.6012036489647962,0.26764679517524925
realprize,Web,365,145,0.671568399669362,0.6012036489647962,0.26781902725869294
realprize,Web,365,146,0.6735409176838487,0.6012036489647962,0.2686056602452215
realprize,Web,365,147,0.6760114890348938,0.6012036489647962,0.2695909150849904
realprize,Web,365,148,0.6779848713851797,0.6012036489647962,0.27037789276548163
realprize,Web,365,149,0.6802847652270404,0.6012036489647962,0.271295082037384
realprize,Web,365,150,0.6846055798881531,0.6012036489647962,0.27301820715773517
realprize,Web,365,151,0.687387078939341,0.6012036489647962,0.2741274588297568
realprize,Web,365,152,0.6919634957991636,0.6012036489647962,0.27595251717427005
realprize,Web,365,153,0.6958391008252133,0.6012036489647962,0.27749809431671235
realprize,Web,365,154,0.6967964815746926,0.6012036489647962,0.27787989426615606
realprize,Web,365,155,0.6990611927328336,0.6012036489647962,0.2787830528121714
realprize,Web,365,156,0.6992890174131706,0.6012036489647962,0.27887390846336557
realprize,Web,365,157,0.7026666369261666,0.6012036489647962,0.28022089080033363
realprize,Web,365,158,0.7051108276982991,0.6012036489647962,0.28119562516149404
realprize,Web,365,159,0.7061751248364811,0.6012036489647962,0.28162006297661824
realprize,Web,365,160,0.7084860701086557,0.6012036489647962,0.2825416595186035
realprize,Web,365,161,0.710310492582167,0.6012036489647962,0.28326923254378644
realprize,Web,365,162,0.7152218025969308,0.6012036489647962,0.28522784505647686
realprize,Web,365,163,0.7194037086284533,0.6012036489647962,0.28689557392222015
realprize,Web,365,164,0.7263835389885178,0.6012036489647962,0.2896791048006586
realprize,Web,365,165,0.7272192510168562,0.6012036489647962,0.2900123837080762
realprize,Web,365,166,0.7305192565317772,0.6012036489647962,0.29132841386582276
realprize,Web,365,167,0.7317875480104015,0.6012036489647962,0.2918342038795471
realprize,Web,365,168,0.7349352699122245,0.6012036489647962,0.29308950388806776
realprize,Web,365,169,0.7356638146101225,0.6012036489647962,0.29338004485515556
realprize,Web,365,170,0.73614972906518,0.6012036489647962,0.2935738257667477
realprize,Web,365,171,0.73879411050936,0.6012036489647962,0.29462839543743186
realprize,Web,365,172,0.7388700013741717,0.6012036489647962,0.2946586604373957
realprize,Web,365,173,0.7392499119559349,0.6012036489647962,0.29481016739112254
realprize,Web,365,174,0.7399387242120852,0.6012036489647962,0.2950848632054236
realprize,Web,365,175,0.7403945256586603,0.6012036489647962,0.29526663515911433
realprize,Web,365,176,0.7425991628857377,0.6012036489647962,0.29614583644062914
realprize,Web,365,177,0.7444993287007365,0.6012036489647962,0.2969036156340125
realprize,Web,365,178,0.7452161734302379,0.6012036489647962,0.2971894906963965
realprize,Web,365,179,0.7456465552392487,0.6012036489647962,0.29736112539138193
realprize,Web,365,180,0.7456465552392487,0.6012036489647962,0.29736112539138193
realprize,Web,365,181,0.7550832137545347,0.6012036489647962,0.30112443037324327
realprize,Web,365,182,0.7560081421316454,0.6012036489647962,0.3014932884350039
realprize,Web,365,183,0.7574013850619306,0.6012036489647962,0.30204890863170725
realprize,Web,365,184,0.7598750496840133,0.6012036489647962,0.3030353970566787
realprize,Web,365,185,0.7607415824530246,0.6012036489647962,0.3033809671630129
realprize,Web,365,186,0.7625232088712225,0.6012036489647962,0.3040914732774981
realprize,Web,365,187,0.7638517920225109,0.6012036489647962,0.30462130739027876
realprize,Web,365,188,0.7682015772551999,0.6012036489647962,0.3063559858688619
realprize,Web,365,189,0.7700105833798153,0.6012036489647962,0.3070774109103589
realprize,Web,365,190,0.7718237479517559,0.6012036489647962,0.3078004943254751
realprize,Web,365,191,0.7736422940437645,0.6012036489647962,0.3085257238711575
realprize,Web,365,192,0.7747093434735753,0.6012036489647962,0.3089512592901402
realprize,Web,365,193,0.775621755739619,0.6012036489647962,0.30931512597247823
realprize,Web,365,194,0.776428127598872,0.6012036489647962,0.3096367041275258
realprize,Web,365,195,0.7778332343347613,0.6012036489647962,0.3101970555666134
realprize,Web,365,196,0.779071513948548,0.6012036489647962,0.31069087695815284
realprize,Web,365,197,0.7801060296434034,0.6012036489647962,0.3111034380423498
realprize,Web,365,198,0.7814587073277227,0.6012036489647962,0.3116428809669831
realprize,Web,365,199,0.7829824521196525,0.6012036489647962,0.3122505448299136
realprize,Web,365,200,0.7837889870552711,0.6012036489647962,0.3125721880192207
realprize,Web,365,201,0.7855942424234758,0.6012036489647962,0.3132921172727475
realprize,Web,365,202,0.7862461401953276,0.6012036489647962,0.31355209172540993
realprize,Web,365,203,0.787721165923007,0.6012036489647962,0.31414032660329155
realprize,Web,365,204,0.7892732860025672,0.6012036489647962,0.31475930642738864
realprize,Web,365,205,0.7907725285705519,0.6012036489647962,0.31535719889281755
realprize,Web,365,206,0.7921987129267068,0.6012036489647962,0.31592595600995566
realprize,Web,365,207,0.7930461392610227,0.6012036489647962,0.316263906539852
realprize,Web,365,208,0.7937427607261653,0.6012036489647962,0.31654171663820363
realprize,Web,365,209,0.7945860693822476,0.6012036489647962,0.31687802505304563
realprize,Web,365,210,0.7952908446656746,0.6012036489647962,0.3171590868643761
realprize,Web,365,211,0.7961951846516168,0.6012036489647962,0.3175197343508651
realprize,Web,365,212,0.797172705156663,0.6012036489647962,0.3179095659613396
realprize,Web,365,213,0.7982239361790017,0.6012036489647962,0.3183287930571433
realprize,Web,365,214,0.7994746503656726,0.6012036489647962,0.3188275733109756
realprize,Web,365,215,0.8011122632299464,0.6012036489647962,0.31948064734565634
realprize,Web,365,216,0.8025013884819979,0.6012036489647962,0.3200346254273053
realprize,Web,365,217,0.8035647686935808,0.6012036489647962,0.32045869757544765
realprize,Web,365,218,0.8043958466222361,0.6012036489647962,0.3207901284208212
realprize,Web,365,219,0.8062785224950526,0.6012036489647962,0.3215409326890825
realprize,Web,365,220,0.808144972269483,0.6012036489647962,0.3222852660485158
realprize,Web,365,221,0.8096567309485344,0.6012036489647962,0.32288814989336734
realprize,Web,365,222,0.8100963848304387,0.6012036489647962,0.32306348225718917
realprize,Web,365,223,0.8107197442382944,0.6012036489647962,0.32331207571442555
realprize,Web,365,224,0.8116036996785251,0.6012036489647962,0.32366459391846725
realprize,Web,365,225,0.8127890202425535,0.6012036489647962,0.32413729543420877
realprize,Web,365,226,0.8138074321462967,0.6012036489647962,0.32454343438527233
realprize,Web,365,227,0.8150011103740671,0.6012036489647962,0.3250194689068174
realprize,Web,365,228,0.8182654099861135,0.6012036489647962,0.3263212596807871
realprize,Web,365,229,0.8193938984366984,0.6012036489647962,0.32677129675706573
realprize,Web,365,230,0.8205592013768382,0.6012036489647962,0.3272360153174441
realprize,Web,365,231,0.8215900478534656,0.6012036489647962,0.3276471131308006
realprize,Web,365,232,0.8222174841704637,0.6012036489647962,0.3278973324445264
realprize,Web,365,233,0.8237537450734602,0.6012036489647962,0.32850998768687945
realprize,Web,365,234,0.8256892576887611,0.6012036489647962,0.32928186305524404
realprize,Web,365,235,0.8262268389282631,0.6012036489647962,0.3294962484919424
realprize,Web,365,236,0.8276612178717941,0.6012036489647962,0.33006827358062435
realprize,Web,365,237,0.8287044173831224,0.6012036489647962,0.33048429773914373
realprize,Web,365,238,0.830713558977533,0.6012036489647962,0.33128553607570776
realprize,Web,365,239,0.8323147242740748,0.6012036489647962,0.33192407495337284
realprize,Web,365,240,0.8332070373780471,0.6012036489647962,0.3322799261632179
realprize,Web,365,241,0.8349877905223065,0.6012036489647962,0.332990084019243
realprize,Web,365,242,0.8357690184521155,0.6012036489647962,0.3333016348669776
realprize,Web,365,243,0.8365230020288903,0.6012036489647962,0.3336023207661359
realprize,Web,365,244,0.8376799880743798,0.6012036489647962,0.33406372257927575
realprize,Web,365,245,0.8387801012373346,0.6012036489647962,0.3345024436943879
realprize,Web,365,246,0.8396498527261136,0.6012036489647962,0.3348492974144204
realprize,Web,365,247,0.8416795076965643,0.6012036489647962,0.3356587164104966
realprize,Web,365,248,0.8427755847194682,0.6012036489647962,0.3360958279276842
realprize,Web,365,249,0.8439247023303132,0.6012036489647962,0.3365540918377995
realprize,Web,365,250,0.8453468505464173,0.6012036489647962,0.33712123935701305
realprize,Web,365,251,0.8475678283398609,0.6012036489647962,0.33800695719676854
realprize,Web,365,252,0.8484358430653454,0.6012036489647962,0.3383531183019366
realprize,Web,365,253,0.8489611528083291,0.6012036489647962,0.3385626099106017
realprize,Web,365,254,0.8514527378922375,0.6012036489647962,0.33955624495035813
realprize,Web,365,255,0.8525528918242838,0.6012036489647962,0.33999498232403524
realprize,Web,365,256,0.8531476313299607,0.6012036489647962,0.34023216226871567
realprize,Web,365,257,0.8537425339120032,0.6012036489647962,0.3404694072476556
realprize,Web,365,258,0.854757154290244,0.6012036489647962,0.34087403415218404
realprize,Web,365,259,0.8551237091912272,0.6012036489647962,0.3410202149091502
realprize,Web,365,260,0.856773960473842,0.6012036489647962,0.34167832909894813
realprize,Web,365,261,0.8575848169331516,0.6012036489647962,0.34200169569613414
realprize,Web,365,262,0.8583548635319468,0.6012036489647962,0.3423087874698607
realprize,Web,365,263,0.8586481563756426,0.6012036489647962,0.34242575158571137
realprize,Web,365,264,0.859674681328579,0.6012036489647962,0.342835125991189
realprize,Web,365,265,0.8610159322519545,0.6012036489647962,0.34337001196525374
realprize,Web,365,266,0.8617654719977639,0.6012036489647962,0.34366892568083834
realprize,Web,365,267,0.8638599025314311,0.6012036489647962,0.34450417693516155
realprize,Web,365,268,0.8669656185316607,0.6012036489647962,0.34574272514340476
realprize,Web,365,269,0.8703153701593296,0.6012036489647962,0.3470785938693934
realprize,Web,365,270,0.8716034736797442,0.6012036489647962,0.34759228485309035
realprize,Web,365,271,0.8751202882118605,0.6012036489647962,0.34899477765576586
realprize,Web,365,272,0.8779311646214926,0.6012036489647962,0.35011574491113806
realprize,Web,365,273,0.8802847195620379,0.6012036489647962,0.3510543340333884
realprize,Web,365,274,0.8862639941999112,0.6012036489647962,0.3534388469408096
realprize,Web,365,275,0.8945767274660759,0.6012036489647962,0.35675393463448507
realprize,Web,365,276,0.9019998403101307,0.6012036489647962,0.3597142449500167
realprize,Web,365,277,0.9026288829623726,0.6012036489647962,0.3599651048643763
realprize,Web,365,278,0.9038782767120875,0.6012036489647962,0.3604633585327688
realprize,Web,365,279,0.9068323287167458,0.6012036489647962,0.36164142369299473
realprize,Web,365,280,0.9081149628098514,0.6012036489647962,0.36215293348903854
realprize,Web,365,281,0.9103805111454348,0.6012036489647962,0.3630564258983631
realprize,Web,365,282,0.91222770720825,0.6012036489647962,0.3637930809478604
realprize,Web,365,283,0.913426386048764,0.6012036489647962,0.3642711096955205
realprize,Web,365,284,0.9144243424411324,0.6012036489647962,0.36466909106328926
realprize,Web,365,285,0.917106819059295,0.6012036489647962,0.3657388529503498
realprize,Web,365,286,0.9190312114353506,0.6012036489647962,0.36650629360788073
realprize,Web,365,287,0.9227000519623654,0.6012036489647962,0.3679694138225843
realprize,Web,365,288,0.9240831275043432,0.6012036489647962,0.36852097930193106
realprize,Web,365,289,0.9260318681070224,0.6012036489647962,0.36929812994339367
realprize,Web,365,290,0.9285579464787183,0.6012036489647962,0.3703055207804549
realprize,Web,365,291,0.9294076073293613,0.6012036489647962,0.37064436242730886
realprize,Web,365,292,0.9309189222132098,0.6012036489647962,0.37124706928825285
realprize,Web,365,293,0.9317684226142543,0.6012036489647962,0.3715858469483923
realprize,Web,365,294,0.9375258756817346,0.6012036489647962,0.3738818982229599
realprize,Web,365,295,0.940063586649346,0.6012036489647962,0.3748939280968253
realprize,Web,365,296,0.9407531332408136,0.6012036489647962,0.3751689167613714
realprize,Web,365,297,0.9417755983094044,0.6012036489647962,0.37557667209978635
realprize,Web,365,298,0.9421964977195545,0.6012036489647962,0.3757445252487071
realprize,Web,365,299,0.9436201268976387,0.6012036489647962,0.37631226337015433
realprize,Web,365,300,0.9442397968865647,0.6012036489647962,0.376559385500584
realprize,Web,365,301,0.9449172953176552,0.6012036489647962,0.376829569402735
realprize,Web,365,302,0.9455485714283128,0.6012036489647962,0.37708132001216094
realprize,Web,365,303,0.946318208041536,0.6012036489647962,0.37738824828513745
realprize,Web,365,304,0.9467309646345451,0.6012036489647962,0.3775528541082952
realprize,Web,365,305,0.9476452064487203,0.6012036489647962,0.37791745040775204
realprize,Web,365,306,0.9503598532114496,0.6012036489647962,0.37900004163107803
realprize,Web,365,307,0.9519920267556226,0.6012036489647962,0.3796509464847504
realprize,Web,365,308,0.9522925087418451,0.6012036489647962,0.3797707776044078
realprize,Web,365,309,0.9528576924537497,0.6012036489647962,0.3799961708063799
realprize,Web,365,310,0.9536586813197098,0.6012036489647962,0.38031560224334454
realprize,Web,365,311,0.9548633677943286,0.6012036489647962,0.380796026813564
realprize,Web,365,312,0.9561143933164632,0.6012036489647962,0.3812949312268432
realprize,Web,365,313,0.9570205324258972,0.6012036489647962,0.3816562961972158
realprize,Web,365,314,0.9583958662747313,0.6012036489647962,0.382204774317586
realprize,Web,365,315,0.9596708790118925,0.6012036489647962,0.3827132447446893
realprize,Web,365,316,0.9615509391637894,0.6012036489647962,0.3834630058729925
realprize,Web,365,317,0.9626051732529499,0.6012036489647962,0.38388343058088664
realprize,Web,365,318,0.9641007239637127,0.6012036489647962,0.38447985074712693
realprize,Web,365,319,0.9651510671501016,0.6012036489647962,0.3848987237771935
realprize,Web,365,320,0.96569226364698,0.6012036489647962,0.38511455096534164
realprize,Web,365,321,0.967127766095378,0.6012036489647962,0.38568702410366484
realprize,Web,365,322,0.9679133674436853,0.6012036489647962,0.38600031905473814
realprize,Web,365,323,0.9691588414097007,0.6012036489647962,0.38649700952769445
realprize,Web,365,324,0.9697320074891475,0.6012036489647962,0.38672558606871493
realprize,Web,365,325,0.970866586714926,0.6012036489647962,0.38717805212391576
realprize,Web,365,326,0.9717242700455109,0.6012036489647962,0.38752009310649677
realprize,Web,365,327,0.972510071955817,0.6012036489647962,0.3878334680409633
realprize,Web,365,328,0.9726222663378039,0.6012036489647962,0.38787821075110634
realprize,Web,365,329,0.9736565244519093,0.6012036489647962,0.38829066911304017
realprize,Web,365,330,0.9753844061817887,0.6012036489647962,0.3889797420419364
realprize,Web,365,331,0.9770840086698731,0.6012036489647962,0.3896575373123949
realprize,Web,365,332,0.9779500353795975,0.6012036489647962,0.390002905604132
realprize,Web,365,333,0.97910061945286,0.6012036489647962,0.3904617543341083
realprize,Web,365,334,0.9812623970103955,0.6012036489647962,0.39132386333580327
realprize,Web,365,335,0.9819600719785401,0.6012036489647962,0.3916020935673079
realprize,Web,365,336,0.9824808913763663,0.6012036489647962,0.39180979444270936
realprize,Web,365,337,0.9830097733665342,0.6012036489647962,0.3920207106505165
realprize,Web,365,338,0.9833983020701189,0.6012036489647962,0.39217565447977853
realprize,Web,365,339,0.9836587919938314,0.6012036489647962,0.39227953691083656
realprize,Web,365,340,0.9841277861712331,0.6012036489647962,0.39246657007744107
realprize,Web,365,341,0.984815867456739,0.6012036489647962,0.39274097438331645
realprize,Web,365,342,0.9850483589254542,0.6012036489647962,0.3928336911326869
realprize,Web,365,343,0.9852889129865109,0.6012036489647962,0.392929623214463
realprize,Web,365,344,0.9861671338657472,0.6012036489647962,0.3932798544965054
realprize,Web,365,345,0.9873898801460871,0.6012036489647962,0.3937674812513468
realprize,Web,365,346,0.9876504904069986,0.6012036489647962,0.3938714116724406
realprize,Web,365,347,0.9886087756360546,0.6012036489647962,0.3942535723250391
realprize,Web,365,348,0.9887851498575767,0.6012036489647962,0.3943239097209988
realprize,Web,365,349,0.989414393071817,0.6012036489647962,0.3945748496187515
realprize,Web,365,350,0.9898915300663597,0.6012036489647962,0.394765130111119
realprize,Web,365,351,0.9902601229072889,0.6012036489647962,0.3949121235910993
realprize,Web,365,352,0.9914654760499906,0.6012036489647962,0.39539281402611753
realprize,Web,365,353,0.9918101217882932,0.6012036489647962,0.39553025748895243
realprize,Web,365,354,0.991978393305074,0.6012036489647962,0.39559736355582775
realprize,Web,365,355,0.9924273312826207,0.6012036489647962,0.39577639838311457
realprize,Web,365,356,0.9929362372977333,0.6012036489647962,0.3959793482449613
realprize,Web,365,357,0.9939305033493286,0.6012036489647962,0.3963758579182957
realprize,Web,365,358,0.9962611890074284,0.6012036489647962,0.397305326854156
realprize,Web,365,359,0.9968384064392455,0.6012036489647962,0.3975355190597185
realprize,Web,365,360,0.9972873444167926,0.6012036489647962,0.39771455388700544
realprize,Web,365,361,0.997888669400835,0.6012036489647962,0.3979543600964279
realprize,Web,365,362,0.9980770773422699,0.6012036489647962,0.3980294964959782
realprize,Web,365,363,0.9985046899636353,0.6012036489647962,0.39820002684903527
realprize,Web,365,364,0.999106175397277,0.6012036489647962,0.3984398970451724
realprize,Web,365,365,1.0,0.6012036489647962,0.39879635103520383
realprize,App,7,1,0.453404213583397,0.1519236925483942,0.38452137123880653
realprize,App,7,2,0.6374519163984719,0.1519236925483942,0.5406078674371657
realprize,App,7,3,0.7484084647045053,0.1519236925483942,0.6347074872121222
realprize,App,7,4,0.8147789036824483,0.1519236925483942,0.6909946840244784
realprize,App,7,5,0.8947621106258368,0.1519236925483942,0.7588265468271649
realprize,App,7,6,0.9440531999384509,0.1519236925483942,0.8006291518416739
realprize,App,7,7,1.0,0.1519236925483942,0.8480763074516058
realprize,App,30,1,0.24286522721608356,0.06230269058630207,0.22773407011066796
realprize,App,30,2,0.3414500789304351,0.06230269058630207,0.32017682031216377
realprize,App,30,3,0.4008837729900528,0.06230269058630207,0.3759076353203842
realprize,App,30,4,0.4364349903363038,0.06230269058630207,0.4092439161723453
realprize,App,30,5,0.4792778646321866,0.06230269058630207,0.44941756412714384
realprize,App,30,6,0.5056805561974567,0.06230269058630207,0.4741752969691774
realprize,App,30,7,0.535648368365708,0.06230269058630207,0.5022760338083617
realprize,App,30,8,0.558812463150454,0.06230269058630207,0.5239969431630219
realprize,App,30,9,0.584569373764871,0.06230269058630207,0.5481491289449698
realprize,App,30,10,0.6103143989391581,0.06230269058630207,0.5722901697816868
realprize,App,30,11,0.6302464390442313,0.06230269058630207,0.5909803901593398
realprize,App,30,12,0.6473892630942891,0.06230269058630207,0.6070551701468315
realprize,App,30,13,0.6659498458739304,0.06230269058630207,0.6244593786804513
realprize,App,30,14,0.6795660541580827,0.06230269058630207,0.6372272605529175
realprize,App,30,15,0.699972206085226,0.06230269058630207,0.6563620543104869
realprize,App,30,16,0.7265052004823143,0.06230269058630207,0.6812419717673253
realprize,App,30,17,0.7526010014033804,0.06230269058630207,0.7057119340780045
realprize,App,30,18,0.7829475641863021,0.06230269058630207,0.734167824349504
realprize,App,30,19,0.8077251843588719,0.06230269058630207,0.7574017321189972
realprize,App,30,20,0.8280086774516365,0.06230269058630207,0.776421509017594
realprize,App,30,21,0.8491606655873704,0.06230269058630207,0.7962556713812221
realprize,App,30,22,0.8722561889148552,0.06230269058630207,0.8179122814649059
realprize,App,30,23,0.8913814985554114,0.06230269058630207,0.8358460328565592
realprize,App,30,24,0.9111893711757236,0.06230269058630207,0.8544198217178354
realprize,App,30,25,0.9266558052807333,0.06230269058630207,0.8689226553643272
realprize,App,30,26,0.9384252478636304,0.06230269058630207,0.8799588300076088
realprize,App,30,27,0.9575728119877304,0.06230269058630207,0.8979134493686035
realprize,App,30,28,0.9720305719930988,0.06230269058630207,0.9114704520257866
realprize,App,30,29,0.9835408224116748,0.06230269058630207,0.9222635828739632
realprize,App,30,30,1.0,0.06230269058630207,0.9376973094136979
realprize,App,60,1,0.17025355747981086,0.21719334314974,0.1332756181476343
realprize,App,60,2,0.2393635816293547,0.21719334314974,0.18737540510697945
realprize,App,60,3,0.28102783288428484,0.21719334314974,0.21999045834202058
realprize,App,60,4,0.3059499730165646,0.21719334314974,0.2394996755405242
realprize,App,60,5,0.3359837157847073,0.21719334314974,0.26301028930955467
realprize,App,60,6,0.3544925497481219,0.21719334314974,0.27749912774665175
realprize,App,60,7,0.3755006071387011,0.21719334314974,0.29394437491948944
realprize,App,60,8,0.39173911764145686,0.21719334314974,0.30665598903837954
realprize,App,60,9,0.4097952457749931,0.21719334314974,0.320790446338253
realprize,App,60,10,0.4278430419686814,0.21719334314974,0.33491838134014895
realprize,App,60,11,0.4418158151590554,0.21719334314974,0.34585636120823254
realprize,App,60,12,0.45383329009043377,0.21719334314974,0.35526372058304667
realprize,App,60,13,0.46684464327324615,0.21719334314974,0.365449094469182
realprize,App,60,14,0.476389887466234,0.21719334314974,0.3729211751647142
realprize,App,60,15,0.49069502286949435,0.21719334314974,0.3841193303855307
realprize,App,60,16,0.5092952018184427,0.21719334314974,0.39867967428537354
realprize,App,60,17,0.5275888990801897,0.21719334314974,0.4130001022802725
realprize,App,60,18,0.5488624685009779,0.21719334314974,0.4296531940378316
realprize,App,60,19,0.5662320937397126,0.21719334314974,0.44325025230170745
realprize,App,60,20,0.5804512427580603,0.21719334314974,0.4543810968080158
realprize,App,60,21,0.5952792248004436,0.21719334314974,0.4659885398584496
realprize,App,60,22,0.6114696652905669,0.21719334314974,0.47866252445145613
realprize,App,60,23,0.624876903706425,0.21719334314974,0.4891577999333684
realprize,App,60,24,0.6387626329167028,0.21719334314974,0.5000276411943939
realprize,App,60,25,0.6496049237546667,0.21719334314974,0.5085150586378587
realprize,App,60,26,0.657855546918228,0.21719334314974,0.5149737013734574
realprize,App,60,27,0.6712783861882581,0.21719334314974,0.525481189307868
realprize,App,60,28,0.6814135755783525,0.21719334314974,0.533415083030872
realprize,App,60,29,0.6894824996631598,0.21719334314974,0.5397314905180786
realprize,App,60,30,0.7010207242567987,0.21719334314974,0.5487636895382125
realprize,App,60,31,0.7107355594620689,0.21719334314974,0.5563685272071013
realprize,App,60,32,0.7245067759800664,0.21719334314974,0.5671487271703161
realprize,App,60,33,0.7489048368930108,0.21719334314974,0.586247691667207
realprize,App,60,34,0.7628234609689456,0.21719334314974,0.5971432832480451
realprize,App,60,35,0.7772560821350192,0.21719334314974,0.6084412351726455
realprize,App,60,36,0.7920369027651294,0.21719334314974,0.6200117599556053
realprize,App,60,37,0.8031507225431204,0.21719334314974,0.6287117320608507
realprize,App,60,38,0.8158641168280846,0.21719334314974,0.6386638617382828
realprize,App,60,39,0.8294085508523171,0.21719334314974,0.6492665348557212
realprize,App,60,40,0.8411490786411078,0.21719334314974,0.658457098163722
realprize,App,60,41,0.85104572039887,0.21719334314974,0.6662042552121605
realprize,App,60,42,0.8571717922674479,0.21719334314974,0.6709997850512264
realprize,App,60,43,0.8674761939238849,0.21719334314974,0.6790661392627441
realprize,App,60,44,0.8810834305624027,0.21719334314974,0.6897179746847126
realprize,App,60,45,0.8875437339472902,0.21719334314974,0.6947751431796748
realprize,App,60,46,0.8955790988349973,0.21719334314974,0.7010652803039928
realprize,App,60,47,0.9034677364909877,0.21719334314974,0.7072405583745817
realprize,App,60,48,0.9083940955890438,0.21719334314974,0.7110969450705749
realprize,App,60,49,0.9167165900323467,0.21719334314974,0.7176118491223917
realprize,App,60,50,0.9273645139100508,0.21719334314974,0.7259471148154932
realprize,App,60,51,0.9340991375834028,0.21719334314974,0.7312190230583746
realprize,App,60,52,0.9405422733613049,0.21719334314974,0.7362627526363065
realprize,App,60,53,0.9462577789855455,0.21719334314974,0.7407368884862271
realprize,App,60,54,0.9526331372636705,0.21719334314974,0.7457275613861487
realprize,App,60,55,0.9593492114174005,0.21719334314974,0.7509849489415885
realprize,App,60,56,0.9672972394264734,0.21719334314974,0.7572067181759231
realprize,App,60,57,0.9739647552961721,0.21719334314974,0.762426093983378
realprize,App,60,58,0.9823959743736843,0.21719334314974,0.7690261084026174
realprize,App,60,59,0.9897162313622372,0.21719334314974,0.7747564543031114
realprize,App,60,60,1.0,0.21719334314974,0.78280665685026
realprize,App,90,1,0.13873129544826554,0.28736029405953284,0.09886542959299204
realprize,App,90,2,0.19504567337169934,0.28736029405953284,0.13899729131656824
realprize,App,90,3,0.2289958335682868,0.28736029405953284,0.16319152349569607
realprize,App,90,4,0.24930366640933843,0.28736029405953284,0.17766369151983127
realprize,App,90,5,0.27377669418662,0.28736029405953284,0.19510414283850608
realprize,App,90,6,0.28885863755973185,0.28736029405953284,0.2058521345289313
realprize,App,90,7,0.3059770758454762,0.28736029405953284,0.2180514133550442
realprize,App,90,8,0.31920904369122716,0.28736029405953284,0.2274810390296539
realprize,App,90,9,0.33392209922924376,0.28736029405953284,0.23796614660175178
realprize,App,90,10,0.3486283654770639,0.28736029405953284,0.24844641585608054
realprize,App,90,11,0.36001409482333757,0.28736029405953284,0.25656033866932676
realprize,App,90,12,0.3698065472685376,0.28736029405953284,0.2635388291003101
realprize,App,90,13,0.38040886248183664,0.28736029405953284,0.2710944598962037
realprize,App,90,14,0.3881868150360455,0.28736029405953284,0.276637337717254
realprize,App,90,15,0.3998433700909523,0.28736029405953284,0.2849442616838616
realprize,App,90,16,0.4149997460243195,0.28736029405953284,0.29574529697213964
realprize,App,90,17,0.4299063850233989,0.28736029405953284,0.30636835980500426
realprize,App,90,18,0.44724117607412056,0.28736029405953284,0.31872182020193
realprize,App,90,19,0.46139483398582853,0.28736029405953284,0.3288082788141115
realprize,App,90,20,0.47298132294199163,0.28736029405953284,0.33706527089671406
realprize,App,90,21,0.48506392014626676,0.28736029405953284,0.3456758094153658
realprize,App,90,22,0.49825671809023453,0.28736029405953284,0.35507752106268703
realprize,App,90,23,0.5091816208138462,0.28736029405953284,0.36286304052706986
realprize,App,90,24,0.520496422278797,0.28736029405953284,0.37092641731582715
realprize,App,90,25,0.5293312746944709,0.28736029405953284,0.37722248394336044
realprize,App,90,26,0.5360543039026686,0.28736029405953284,0.3820135815013196
realprize,App,90,27,0.5469919189991752,0.28736029405953284,0.3898081603073841
realprize,App,90,28,0.5552505890352949,0.28736029405953284,0.39569361649338375
realprize,App,90,29,0.5618255605526553,0.28736029405953284,0.40037920226208246
realprize,App,90,30,0.5712274953418205,0.28736029405953284,0.40707939430550455
realprize,App,90,31,0.5791436393158068,0.28736029405953284,0.4127207528193086
realprize,App,90,32,0.5903651299896032,0.28736029405953284,0.42071763263329653
realprize,App,90,33,0.6102459163119673,0.28736029405953284,0.43488547035193137
realprize,App,90,34,0.621587522193776,0.28736029405953284,0.4429679490324362
realprize,App,90,35,0.6333479591603919,0.28736029405953284,0.4513489033740567
realprize,App,90,36,0.6453921268368693,0.28736029405953284,0.45993205548531924
realprize,App,90,37,0.6544482349029935,0.28736029405953284,0.46638579767452715
realprize,App,90,38,0.6648077579861268,0.28736029405953284,0.4737684051581747
realprize,App,90,39,0.6758444546996046,0.28736029405953284,0.48163359345862167
realprize,App,90,40,0.685411236466138,0.28736029405953284,0.4884512620035206
realprize,App,90,41,0.6934755257060534,0.28736029405953284,0.49419819471607285
realprize,App,90,42,0.6984673619937489,0.28736029405953284,0.4977555754602391
realprize,App,90,43,0.7068639148281076,0.28736029405953284,0.5037392924030301
realprize,App,90,44,0.7179517863197593,0.28736029405953284,0.5116409498823464
realprize,App,90,45,0.7232159715200043,0.28736029405953284,0.5153924172754651
realprize,App,90,46,0.729763597289312,0.28736029405953284,0.5200585153783128
realprize,App,90,47,0.736191662215164,0.28736029405953284,0.5246394096768382
realprize,App,90,48,0.7402059112542639,0.28736029405953284,0.5275001229316342
realprize,App,90,49,0.7469875048524905,0.28736029405953284,0.5323329557992822
realprize,App,90,50,0.7556639771403814,0.28736029405953284,0.5385161544591253
realprize,App,90,51,0.7611516925243696,0.28736029405953284,0.5424269183366557
realprize,App,90,52,0.766401888681495,0.28736029405953284,0.5461684165821993
realprize,App,90,53,0.7710591746209491,0.28736029405953284,0.5494873834645725
realprize,App,90,54,0.776254142209077,0.28736029405953284,0.5531895236389462
realprize,App,90,55,0.7817267424969391,0.28736029405953284,0.5570895158988179
realprize,App,90,56,0.7882032017162335,0.28736029405953284,0.5617048978923914
realprize,App,90,57,0.7936362342338351,0.28736029405953284,0.5655766925881001
realprize,App,90,58,0.8005064222178372,0.28736029405953284,0.570472661332775
realprize,App,90,59,0.8064713415421021,0.28736029405953284,0.5747234996859777
realprize,App,90,60,0.8148510815388786,0.28736029405953284,0.5806952351331381
realprize,App,90,61,0.8188958454704446,0.28736029405953284,0.5835776945119279
realprize,App,90,62,0.8269893835183714,0.28736029405953284,0.5893454710864204
realprize,App,90,63,0.8312469758181479,0.28736029405953284,0.5923796004109476
realprize,App,90,64,0.8382625204686104,0.28736029405953284,0.5973791560876653
realprize,App,90,65,0.8428425793898675,0.28736029405953284,0.6006430879305
realprize,App,90,66,0.8470463277444229,0.28736029405953284,0.6036388459217381
realprize,App,90,67,0.8546385727913521,0.28736029405953284,0.6090493811994098
realprize,App,90,68,0.8573210381399226,0.28736029405953284,0.6109610125166105
realprize,App,90,69,0.8644747699770942,0.28736029405953284,0.6160590458694294
realprize,App,90,70,0.8675782549749532,0.28736029405953284,0.6182707125056943
realprize,App,90,71,0.8716767334909405,0.28736029405953284,0.6211914510301308
realprize,App,90,72,0.8795669362631978,0.28736029405953284,0.626814322813563
realprize,App,90,73,0.8823810411518402,0.28736029405953284,0.6288197656938908
realprize,App,90,74,0.8951974424932043,0.28736029405953284,0.6379532421770154
realprize,App,90,75,0.9005656171611715,0.28736029405953284,0.6417788165938326
realprize,App,90,76,0.9040740114133246,0.28736029405953284,0.6442790376420102
realprize,App,90,77,0.909147701195897,0.28736029405953284,0.6478947504366959
realprize,App,90,78,0.9140655609688295,0.28736029405953284,0.6513994125791349
realprize,App,90,79,0.9271876518310196,0.28736029405953284,0.6607507355524901
realprize,App,90,80,0.9323650790242237,0.28736029405953284,0.6644403757449833
realprize,App,90,81,0.9343225467455699,0.28736029405953284,0.6658353449663114
realprize,App,90,82,0.9441042034279377,0.28736029405953284,0.6728061419080446
realprize,App,90,83,0.9572242941731455,0.28736029405953284,0.6821560395186217
realprize,App,90,84,0.9635321456910683,0.28736029405953284,0.6866512649694703
realprize,App,90,85,0.9826038780656244,0.28736029405953284,0.7002425387206493
realprize,App,90,86,0.9850080883337636,0.28736029405953284,0.7019558744191551
realprize,App,90,87,0.9886233246557445,0.28736029405953284,0.7045322353685568
realprize,App,90,88,0.9925867106933874,0.28736029405953284,0.7073567016289513
realprize,App,90,89,0.995560954301387,0.28736029405953284,0.7094762657191513
realprize,App,90,90,1.0,0.28736029405953284,0.7126397059404672
realprize,App,120,1,0.125852581130587,0.19363351285090172,0.10148330374491833
realprize,App,120,2,0.1769391783798027,0.19363351285090172,0.14267782370916918
realprize,App,120,3,0.2077376746868655,0.19363351285090172,0.1675126989857699
realprize,App,120,4,0.2261602892235252,0.19363351285090172,0.1823680779537981
realprize,App,120,5,0.2483614349988849,0.19363351285090172,0.20027033788335993
realprize,App,120,6,0.2620432902417007,0.19363351285090172,0.2113029274331918
realprize,App,120,7,0.2775725883443699,0.19363351285090172,0.22382523299213228
realprize,App,120,8,0.2895762051306464,0.19363351285090172,0.23350454729316605
realprize,App,120,9,0.3029234171623223,0.19363351285090172,0.2442672917723827
realprize,App,120,10,0.31626447016771275,0.19363351285090172,0.2550250698192093
realprize,App,120,11,0.326593238609273,0.19363351285090172,0.26335384254400673
realprize,App,120,12,0.33547663735390976,0.19363351285090172,0.2705171175836642
realprize,App,120,13,0.34509471762370264,0.19363351285090172,0.27827281518393515
realprize,App,120,14,0.3521506266865821,0.19363351285090172,0.28396246378861273
realprize,App,120,15,0.3627250795237062,0.19363351285090172,0.2924893481764083
realprize,App,120,16,0.3764744575976037,0.19363351285090172,0.3035763858743418
realprize,App,120,17,0.38999728233555625,0.19363351285090172,0.3144807385546176
realprize,App,120,18,0.4057228487266397,0.19363351285090172,0.3271613082838255
realprize,App,120,19,0.41856259317559186,0.19363351285090172,0.33751484791101916
realprize,App,120,20,0.42907348429545417,0.19363351285090172,0.34599047826014917
realprize,App,120,21,0.44003442890428107,0.19363351285090172,0.3548290166602048
realprize,App,120,22,0.45200251201211744,0.19363351285090172,0.36447967779377927
realprize,App,120,23,0.46191323332358847,0.19363351285090172,0.37247135132282383
realprize,App,120,24,0.47217765826637453,0.19363351285090172,0.38074823960654386
realprize,App,120,25,0.48019235298127405,0.19363351285090172,0.3872110208293698
realprize,App,120,26,0.4862912694235524,0.19363351285090172,0.39212898265634566
realprize,App,120,27,0.49621352299193733,0.19363351285090172,0.4001299554108868
realprize,App,120,28,0.5037055235343753,0.19363351285090172,0.40617125357001166
realprize,App,120,29,0.5096701267887899,0.19363351285090172,0.41098090974351204
realprize,App,120,30,0.5181992604425526,0.19363351285090172,0.41785851728632184
realprize,App,120,31,0.5253805323286719,0.19363351285090172,0.4236492542703944
realprize,App,120,32,0.5355603087148638,0.19363351285090172,0.43185788479489134
realprize,App,120,33,0.5535955203481917,0.19363351285090172,0.44640087504464854
realprize,App,120,34,0.5638842613981427,0.19363351285090172,0.45469737102228425
realprize,App,120,35,0.574552952573337,0.19363351285090172,0.46330024604770426
realprize,App,120,36,0.5854790351472544,0.19363351285090172,0.472110672871135
realprize,App,120,37,0.5936944458909987,0.19363351285090172,0.4787353047730551
realprize,App,120,38,0.6030922729283771,0.19363351285090172,0.48631339754802066
realprize,App,120,39,0.6131044101614257,0.19363351285090172,0.4943868494774888
realprize,App,120,40,0.6217830877052409,0.19363351285090172,0.5013850442015948
realprize,App,120,41,0.6290987522245378,0.19363351285090172,0.5072841509011815
realprize,App,120,42,0.6336271859810156,0.19363351285090172,0.51093572812168
realprize,App,120,43,0.641244269375133,0.19363351285090172,0.5170778889005161
realprize,App,120,44,0.6513028307254016,0.19363351285090172,0.5251887756823059
realprize,App,120,45,0.6560783306791761,0.19363351285090172,0.5290395788044118
realprize,App,120,46,0.6620181267481302,0.19363351285090172,0.5338292312949163
realprize,App,120,47,0.6678494610550685,0.19363351285090172,0.5385314238553941
realprize,App,120,48,0.6714910590178015,0.19363351285090172,0.5414678864122124
realprize,App,120,49,0.6776431031961374,0.19363351285090172,0.5464286886650832
realprize,App,120,50,0.6855141205394899,0.19363351285090172,0.552775613270532
realprize,App,120,51,0.6904923999057523,0.19363351285090172,0.5567899309151518
realprize,App,120,52,0.6952552094483369,0.19363351285090172,0.560630500914966
realprize,App,120,53,0.6994801498603007,0.19363351285090172,0.5640373512733755
realprize,App,120,54,0.7041928578166642,0.19363351285090172,0.5678375210331079
realprize,App,120,55,0.7091574252525696,0.19363351285090172,0.5718407818366138
realprize,App,120,56,0.7150326613101695,0.19363351285090172,0.5765783752975524
realprize,App,120,57,0.7199613341341147,0.19363351285090172,0.5805526918889042
realprize,App,120,58,0.7261937482973734,0.19363351285090172,0.5855783018041895
realprize,App,120,59,0.7316049317709278,0.19363351285090172,0.5899416988130788
realprize,App,120,60,0.7392067630980982,0.19363351285090172,0.5960715608362691
realprize,App,120,61,0.7428760431924465,0.19363351285090172,0.5990303453363149
realprize,App,120,62,0.7502182412921539,0.19363351285090172,0.6049508478259287
realprize,App,120,63,0.7540805924552222,0.19363351285090172,0.6080653183654283
realprize,App,120,64,0.760444869523671,0.19363351285090172,0.613197258108357
realprize,App,120,65,0.7645997520619467,0.19363351285090172,0.6165476161452635
realprize,App,120,66,0.7684132577250691,0.19363351285090172,0.6196226993105587
realprize,App,120,67,0.775300698894306,0.19363351285090172,0.6251765010516424
realprize,App,120,68,0.7777341454127726,0.19363351285090172,0.6271387507724034
realprize,App,120,69,0.7842237814643573,0.19363351285090172,0.632371775798196
realprize,App,120,70,0.7870391635035617,0.19363351285090172,0.6346420055231319
realprize,App,120,71,0.7907571717458881,0.19363351285090172,0.637640082768688
realprize,App,120,72,0.7979149106059177,0.19363351285090172,0.6434118435091807
realprize,App,120,73,0.8004677762925205,0.19363351285090172,0.64547038884505
realprize,App,120,74,0.812094404476193,0.19363351285090172,0.6548457121709067
realprize,App,120,75,0.8169642403394027,0.19363351285090172,0.6587725846089159
realprize,App,120,76,0.820146943065781,0.19363351285090172,0.6613390094260253
realprize,App,120,77,0.8247496316871868,0.19363351285090172,0.6650504632811095
realprize,App,120,78,0.8292109563224249,0.19363351285090172,0.6686479259552581
realprize,App,120,79,0.8411148962337519,0.19363351285090172,0.6782468641647889
realprize,App,120,80,0.8458116921064858,0.19363351285090172,0.6820342029535417
realprize,App,120,81,0.8475874440333687,0.19363351285090172,0.6834661097968705
realprize,App,120,82,0.8564610492082609,0.19363351285090172,0.6906214876300965
realprize,App,120,83,0.8683631746776197,0.19363351285090172,0.7002189627344311
realprize,App,120,84,0.8740854552369842,0.19363351285090172,0.7048332180075674
realprize,App,120,85,0.8913867190809793,0.19363351285090172,0.7187843773566894
realprize,App,120,86,0.8935677415160996,0.19363351285090172,0.7205430807560907
realprize,App,120,87,0.89684736794104,0.19363351285090172,0.7231876615955313
realprize,App,120,88,0.9004428246203897,0.19363351285090172,0.7260869173677552
realprize,App,120,89,0.9031409630164049,0.19363351285090172,0.7282626057479922
realprize,App,120,90,0.9071679228823957,0.19363351285090172,0.7315098112290215
realprize,App,120,91,0.9098715438899413,0.19363351285090172,0.7336899206034586
realprize,App,120,92,0.9130375888702378,0.19363351285090172,0.7362429131723763
realprize,App,120,93,0.9193270979794639,0.19363351285090172,0.7413145625386752
realprize,App,120,94,0.9221146502745494,0.19363351285090172,0.7435623512906078
realprize,App,120,95,0.9241843613736554,0.19363351285090172,0.7452312969590074
realprize,App,120,96,0.9281759894928993,0.19363351285090172,0.7484500121035276
realprize,App,120,97,0.9340682442065967,0.19363351285090172,0.7532013288383995
realprize,App,120,98,0.9362891775759736,0.19363351285090172,0.7549922150776561
realprize,App,120,99,0.9382412100687102,0.19363351285090172,0.756566268661625
realprize,App,120,100,0.940051125363619,0.19363351285090172,0.7580257237000181
realprize,App,120,101,0.9413327088594371,0.19363351285090172,0.7590591496815292
realprize,App,120,102,0.9449417033099166,0.19363351285090172,0.7619693218587029
realprize,App,120,103,0.9472168173759816,0.19363351285090172,0.7638038975960193
realprize,App,120,104,0.9507367637088349,0.19363351285090172,0.7666422643553955
realprize,App,120,105,0.9521447405448517,0.19363351285090172,0.7677776096906417
realprize,App,120,106,0.9536535859699886,0.19363351285090172,0.7689942920757603
realprize,App,120,107,0.9570563458625498,0.19363351285090172,0.7717381636169368
realprize,App,120,108,0.9598899326571706,0.19363351285090172,0.7740230730465472
realprize,App,120,109,0.9643229913202529,0.19363351285090172,0.7775977429880228
realprize,App,120,110,0.9678395264330483,0.19363351285090172,0.780433359053864
realprize,App,120,111,0.9696419574093227,0.19363351285090172,0.7818867789885311
realprize,App,120,112,0.9729286679349448,0.19363351285090172,0.784537072209353
realprize,App,120,113,0.9754930823130202,0.19363351285090172,0.7866049300229964
realprize,App,120,114,0.9768934899741826,0.19363351285090172,0.7877341718293045
realprize,App,120,115,0.9823879387269188,0.19363351285090172,0.7921647111688691
realprize,App,120,116,0.9839401881087605,0.19363351285090172,0.7934163930500842
realprize,App,120,117,0.9860276341579177,0.19363351285090172,0.7950996395878563
realprize,App,120,118,0.9900292837967837,0.19363351285090172,0.7983264357499502
realprize,App,120,119,0.9932385630213444,0.19363351285090172,0.8009142909645398
realprize,App,120,120,1.0,0.19363351285090172,0.8063664871490983
realprize,App,150,1,0.11546073258400343,0.19363351285090172,0.09310366533742427
realprize,App,150,2,0.1623290279390108,0.19363351285090172,0.13089668802150797
realprize,App,150,3,0.1905844432364484,0.19363351285090172,0.15368090799784162
realprize,App,150,4,0.20748587307926056,0.19363351285090172,0.167309654607987
realprize,App,150,5,0.2278538348039986,0.19363351285090172,0.1837336963543513
realprize,App,150,6,0.24040595741644352,0.19363351285090172,0.19385530737161327
realprize,App,150,7,0.25465297658237607,0.19363351285090172,0.20534362616879218
realprize,App,150,8,0.26566543556693234,0.19363351285090172,0.21422370403504234
realprize,App,150,9,0.27791054699243634,0.19363351285090172,0.2240977515199753
realprize,App,150,10,0.2901500079522882,0.19363351285090172,0.23396724265876956
realprize,App,150,11,0.2996259134938333,0.19363351285090172,0.24160829532286196
realprize,App,150,12,0.30777579582185094,0.19363351285090172,0.24818008730638408
realprize,App,150,13,0.3165996958485794,0.19363351285090172,0.25529538457389195
realprize,App,150,14,0.323072987235435,0.19363351285090172,0.2605152298098032
realprize,App,150,15,0.332774290619769,0.19363351285090172,0.2683380357405963
realprize,App,150,16,0.34538836059533357,0.19363351285090172,0.2785095990354452
realprize,App,150,17,0.35779458410559273,0.19363351285090172,0.2885135619061994
realprize,App,150,18,0.3722216653740245,0.19363351285090172,0.3001470767484393
realprize,App,150,19,0.38400121162527817,0.19363351285090172,0.30964570807927305
realprize,App,150,20,0.3936442016848205,0.19363351285090172,0.3174214920991999
realprize,App,150,21,0.40370008359823695,0.19363351285090172,0.3255302182729076
realprize,App,150,22,0.4146799429769111,0.19363351285090172,0.33438400890948017
realprize,App,150,23,0.4237723202073072,0.19363351285090172,0.3417157971965892
realprize,App,150,24,0.4331891951954958,0.19363351285090172,0.349309249600737
realprize,App,150,25,0.4405421037723906,0.19363351285090172,0.3552383886602162
realprize,App,150,26,0.4461374229471591,0.19363351285090172,0.3597502665276522
realprize,App,150,27,0.4552403801976047,0.19363351285090172,0.36709058618836243
realprize,App,150,28,0.462113754294335,0.19363351285090172,0.3726330447136044
realprize,App,150,29,0.46758585073559167,0.19363351285090172,0.3770455598982817
realprize,App,150,30,0.4754107202068701,0.19363351285090172,0.3833552724062367
realprize,App,150,31,0.4819990230085098,0.19363351285090172,0.3886678589926694
realprize,App,150,32,0.491338239006563,0.19363351285090172,0.39619868978974626
realprize,App,150,33,0.507884254422257,0.19363351285090172,0.4095408421168143
realprize,App,150,34,0.5173234376978215,0.19363351285090172,0.4171522831762878
realprize,App,150,35,0.5271111980102006,0.19363351285090172,0.4250448050764382
realprize,App,150,36,0.5371350965025868,0.19363351285090172,0.43312774089128286
realprize,App,150,37,0.5446721476653832,0.19363351285090172,0.43920536636088997
realprize,App,150,38,0.55329398112073,0.19363351285090172,0.4461577239170626
realprize,App,150,39,0.5624794001981496,0.19363351285090172,0.4535645380315137
realprize,App,150,40,0.5704414654817332,0.19363351285090172,0.45998488064468884
realprize,App,150,41,0.5771530639022724,0.19363351285090172,0.4653968886862144
realprize,App,150,42,0.5813075776538698,0.19363351285090172,0.4687469493459026
realprize,App,150,43,0.5882957063115227,0.19363351285090172,0.4743819421033202
realprize,App,150,44,0.5975237161926875,0.19363351285090172,0.48182310001457224
realprize,App,150,45,0.6019048954912316,0.19363351285090172,0.4853559361751096
realprize,App,150,46,0.6073542331159357,0.19363351285090172,0.48975009941283165
realprize,App,150,47,0.6127040648394719,0.19363351285090172,0.4940640244265783
realprize,App,150,48,0.6160449702446402,0.19363351285090172,0.4967580185820413
realprize,App,150,49,0.621689030313482,0.19363351285090172,0.5013091994730118
realprize,App,150,50,0.6289101251887782,0.19363351285090172,0.5071320483809747
realprize,App,150,51,0.6334773400799855,0.19363351285090172,0.5108148974088526
realprize,App,150,52,0.6378468768348518,0.19363351285090172,0.514338345412343
realprize,App,150,53,0.6417229571719165,0.19363351285090172,0.5174638866976495
realprize,App,150,54,0.6460465293085228,0.19363351285090172,0.5209502703733805
realprize,App,150,55,0.6506011644853537,0.19363351285090172,0.5246229755411673
realprize,App,150,56,0.6559912729219104,0.19363351285090172,0.5289693783465063
realprize,App,150,57,0.660512977362196,0.19363351285090172,0.5326155292719459
realprize,App,150,58,0.6662307711379956,0.19363351285090172,0.5372261665531803
realprize,App,150,59,0.6711951445532278,0.19363351285090172,0.5412292709049176
realprize,App,150,60,0.6781692805314513,0.19363351285090172,0.5468529804345778
realprize,App,150,61,0.6815355823104332,0.19363351285090172,0.5495674533747792
realprize,App,150,62,0.6882715233912877,0.19363351285090172,0.5549990905217911
realprize,App,150,63,0.691814954052609,0.19363351285090172,0.5578563942566171
realprize,App,150,64,0.6976537226029988,0.19363351285090172,0.5625645815418717
realprize,App,150,65,0.7014655298568527,0.19363351285090172,0.5656382951668513
realprize,App,150,66,0.7049641482691401,0.19363351285090172,0.5684594638058426
realprize,App,150,67,0.7112828824252888,0.19363351285090172,0.5735546792705652
realprize,App,150,68,0.7135153953797478,0.19363351285090172,0.5753549028991672
realprize,App,150,69,0.7194691718219015,0.19363351285090172,0.5801558286940978
realprize,App,150,70,0.7220520832713941,0.19363351285090172,0.5822386019262423
realprize,App,150,71,0.7254630896373815,0.19363351285090172,0.5849891231472267
realprize,App,150,72,0.7320298025724661,0.19363351285090172,0.5902843003888074
realprize,App,150,73,0.7343718740636966,0.19363351285090172,0.5921728683498431
realprize,App,150,74,0.745038472996425,0.19363351285090172,0.6007740562610556
realprize,App,150,75,0.7495061987377558,0.19363351285090172,0.604376680572638
realprize,App,150,76,0.7524261006188578,0.19363351285090172,0.6067311915953224
realprize,App,150,77,0.7566487378926389,0.19363351285090172,0.6101361847802861
realprize,App,150,78,0.7607416838302766,0.19363351285090172,0.6134365992181101
realprize,App,150,79,0.7716626964185812,0.19363351285090172,0.6222429377750525
realprize,App,150,80,0.7759716703577068,0.19363351285090172,0.6257175499535621
realprize,App,150,81,0.7776007956130133,0.19363351285090172,0.6270312219628095
realprize,App,150,82,0.7857416930419756,0.19363351285090172,0.6335957688248429
realprize,App,150,83,0.796661041009682,0.19363351285090172,0.6424007650875211
realprize,App,150,84,0.8019108237276851,0.19363351285090172,0.6466340139361332
realprize,App,150,85,0.8177834945947533,0.19363351285090172,0.6594332037848848
realprize,App,150,86,0.8197844265254209,0.19363351285090172,0.6610466882368418
realprize,App,150,87,0.8227932489605569,0.19363351285090172,0.6634729018143178
realprize,App,150,88,0.8260918230417751,0.19363351285090172,0.6661327614087907
realprize,App,150,89,0.8285671718428751,0.19363351285090172,0.6681287997260025
realprize,App,150,90,0.832261619203722,0.19363351285090172,0.6711078782663258
realprize,App,150,91,0.8347419979083655,0.19363351285090172,0.6731079725291886
realprize,App,150,92,0.8376466175000736,0.19363351285090172,0.6754501604258588
realprize,App,150,93,0.8434167918010004,0.19363351285090172,0.6801030356071351
realprize,App,150,94,0.8459741714527759,0.19363351285090172,0.6821652208532439
realprize,App,150,95,0.8478729832021517,0.19363351285090172,0.6836963590133455
realprize,App,150,96,0.8515350162149874,0.19363351285090172,0.6866492997097299
realprize,App,150,97,0.8569407380500377,0.19363351285090172,0.6910082926363645
realprize,App,150,98,0.858978285405403,0.19363351285090172,0.6926513025397104
realprize,App,150,99,0.8607691354588102,0.19363351285090172,0.6940953840062871
realprize,App,150,100,0.8624296031583031,0.19363351285090172,0.6954343295121518
realprize,App,150,101,0.8636053642588338,0.19363351285090172,0.6963824238605133
realprize,App,150,102,0.8669163582758066,0.19363351285090172,0.6990522984749513
realprize,App,150,103,0.8690036125412355,0.19363351285090172,0.7007353903647522
realprize,App,150,104,0.872232911285819,0.19363351285090172,0.703339388649377
realprize,App,150,105,0.8735246292266623,0.19363351285090172,0.7043809867077222
realprize,App,150,106,0.8749088868761862,0.19363351285090172,0.705497205685878
realprize,App,150,107,0.8780306754519399,0.19363351285090172,0.7080145113733308
realprize,App,150,108,0.8806302884611302,0.19363351285090172,0.7101107521834987
realprize,App,150,109,0.8846973023930595,0.19363351285090172,0.713390255920975
realprize,App,150,110,0.8879234715874713,0.19363351285090172,0.7159917306412215
realprize,App,150,111,0.8895770729604683,0.19363351285090172,0.71732513937151
realprize,App,150,112,0.892592394550783,0.19363351285090172,0.7197565936499168
realprize,App,150,113,0.8949450611395938,0.19363351285090172,0.7216537051425693
realprize,App,150,114,0.8962298349044344,0.19363351285090172,0.7226897036501051
realprize,App,150,115,0.9012705982518141,0.19363351285090172,0.7267544062830816
realprize,App,150,116,0.9026946759240435,0.19363351285090172,0.7279027347930647
realprize,App,150,117,0.9046097582203311,0.19363351285090172,0.7294469929769235
realprize,App,150,118,0.9082809852599144,0.19363351285090172,0.7324073474283591
realprize,App,150,119,0.9112252691753148,0.19363351285090172,0.7347815193063901
realprize,App,150,120,0.9174284035080632,0.19363351285090172,0.7397835189476024
realprize,App,150,121,0.9196540337640793,0.19363351285090172,0.7415781925988388
realprize,App,150,122,0.9223417411494628,0.19363351285090172,0.7437454697616752
realprize,App,150,123,0.923977665044072,0.19363351285090172,0.7450646239658145
realprize,App,150,124,0.927093985379484,0.19363351285090172,0.747577520247512
realprize,App,150,125,0.9314092335061657,0.19363351285090172,0.751057191720601
realprize,App,150,126,0.9339964457026751,0.19363351285090172,0.7531434329310097
realprize,App,150,127,0.9358743176669226,0.19363351285090172,0.7546576859501357
realprize,App,150,128,0.9400625866836584,0.19363351285090172,0.7580349657243963
realprize,App,150,129,0.9415526893332604,0.19363351285090172,0.7592365345634475
realprize,App,150,130,0.9448173629681489,0.19363351285090172,0.7618690579741008
realprize,App,150,131,0.9497493146315941,0.19363351285090172,0.7658460185117423
realprize,App,150,132,0.9533608455118403,0.19363351285090172,0.7687582359808769
realprize,App,150,133,0.9564225441857473,0.19363351285090172,0.7712270871852643
realprize,App,150,134,0.9608985777712373,0.19363351285090172,0.7748364106639573
realprize,App,150,135,0.9628746637942063,0.19363351285090172,0.7764298602086032
realprize,App,150,136,0.9646805889134404,0.19363351285090172,0.7778860977030544
realprize,App,150,137,0.9668374316897039,0.19363351285090172,0.7796253034358829
realprize,App,150,138,0.968246634058443,0.19363351285090172,0.7807616369996452
realprize,App,150,139,0.969631964400135,0.19363351285090172,0.7818787209608165
realprize,App,150,140,0.97380452783577,0.19363351285090172,0.7852433362808162
realprize,App,150,141,0.976456820675534,0.19363351285090172,0.7873820563409073
realprize,App,150,142,0.9786839108548478,0.19363351285090172,0.789177907225365
realprize,App,150,143,0.97981487237322,0.19363351285090172,0.7900898766920355
realprize,App,150,144,0.9814154501561143,0.19363351285090172,0.7913805289762369
realprize,App,150,145,0.9832283099110122,0.19363351285090172,0.7928423583284878
realprize,App,150,146,0.9871441321479685,0.19363351285090172,0.7959999461500026
realprize,App,150,147,0.9895684944628819,0.19363351285090172,0.7979548706734559
realprize,App,150,148,0.9936655867074168,0.19363351285090172,0.8012586285542074
realprize,App,150,149,0.9975541608446998,0.19363351285090172,0.8043942444213072
realprize,App,150,150,1.0,0.19363351285090172,0.8063664871490983
realprize,App,180,1,0.10722339134304423,0.19363351285090172,0.08646134941750362
realprize,App,180,2,0.1507479512688625,0.19363351285090172,0.12155809590959611
realprize,App,180,3,0.17698753406202708,0.19363351285090172,0.14271681611077816
realprize,App,180,4,0.19268316136089572,0.19363351285090172,0.15537324395936836
realprize,App,180,5,0.2115980069711366,0.19363351285090172,0.17062554156906584
realprize,App,180,6,0.22325462065216325,0.19363351285090172,0.1800250441950894
realprize,App,180,7,0.2364852114973168,0.19363351285090172,0.1906937492578029
realprize,App,180,8,0.24671200612198468,0.19363351285090172,0.19894029371409164
realprize,App,180,9,0.25808351178483635,0.19363351285090172,0.2081098947890414
realprize,App,180,10,0.2694497701044889,0.19363351285090172,0.21727526458228885
realprize,App,180,11,0.27824963396705005,0.19363351285090172,0.22437117989253258
realprize,App,180,12,0.2858180773910602,0.19363351285090172,0.23047411902953832
realprize,App,180,13,0.2940124519161781,0.19363351285090172,0.2370817880297417
realprize,App,180,14,0.30002391780693355,0.19363351285090172,0.24192923266268682
realprize,App,180,15,0.30903309890284636,0.19363351285090172,0.24919393437508808
realprize,App,180,16,0.32074724042221076,0.19363351285090172,0.25863982552202536
realprize,App,180,17,0.3322683639138011,0.19363351285090172,0.26793007339995
realprize,App,180,18,0.34566617065002203,0.19363351285090172,0.278733615753339
realprize,App,180,19,0.35660532606047934,0.19363351285090172,0.28755458407404755
realprize,App,180,20,0.36556035409236143,0.19363351285090172,0.294775618570438
realprize,App,180,21,0.374898816940908,0.19363351285090172,0.3023058420529928
realprize,App,180,22,0.38509533772077253,0.19363351285090172,0.310527974695395
realprize,App,180,23,0.3935390354195036,0.19363351285090172,0.3173366895472697
realprize,App,180,24,0.40228408015886946,0.19363351285090172,0.3243884005537139
realprize,App,180,25,0.40911240851090386,0.19363351285090172,0.3298945357000444
realprize,App,180,26,0.41430853956029723,0.19363351285090172,0.3340845216411101
realprize,App,180,27,0.4227620624663069,0.19363351285090172,0.34090115921086356
realprize,App,180,28,0.429145067875394,0.19363351285090172,0.34604820086004284
realprize,App,180,29,0.4342267672987098,0.19363351285090172,0.3501459129727696
realprize,App,180,30,0.44149338533195936,0.19363351285090172,0.3560054702296953
realprize,App,180,31,0.4476116573520397,0.19363351285090172,0.36093903974595015
realprize,App,180,32,0.456284583544223,0.19363351285090172,0.3679325967728444
realprize,App,180,33,0.4716501528280853,0.19363351285090172,0.3803228768993185
realprize,App,180,34,0.48041591430961944,0.19363351285090172,0.38739129319237003
realprize,App,180,35,0.4895053842173441,0.19363351285090172,0.3947207371119094
realprize,App,180,36,0.4988141454453236,0.19363351285090172,0.402227010203025
realprize,App,180,37,0.5058134790569746,0.19363351285090172,0.4078710382598366
realprize,App,180,38,0.5138202030919586,0.19363351285090172,0.41432739219349896
realprize,App,180,39,0.5223503047321111,0.19363351285090172,0.4212057802880934
realprize,App,180,40,0.529744330585701,0.19363351285090172,0.42716807494154235
realprize,App,180,41,0.5359771019173679,0.19363351285090172,0.4321939728654622
realprize,App,180,42,0.5398352192517915,0.19363351285090172,0.4353050293874304
realprize,App,180,43,0.5463247922611254,0.19363351285090172,0.4405380035780646
realprize,App,180,44,0.5548944461396483,0.19363351285090172,0.4474482852721728
realprize,App,180,45,0.558963057969476,0.19363351285090172,0.45072907750096414
realprize,App,180,46,0.564023622263652,0.19363351285090172,0.454809746953851
realprize,App,180,47,0.5689917797287436,0.19363351285090172,0.4588159026365805
realprize,App,180,48,0.5720943341615923,0.19363351285090172,0.4613176985557855
realprize,App,180,49,0.5773357287723945,0.19363351285090172,0.46554418351586035
realprize,App,180,50,0.58404164743765,0.19363351285090172,0.47095161159307
realprize,App,180,51,0.5882830224806447,0.19363351285090172,0.47437171428717145
realprize,App,180,52,0.5923408223834297,0.19363351285090172,0.47764378814033415
realprize,App,180,53,0.5959403706415858,0.19363351285090172,0.48054634322458717
realprize,App,180,54,0.5999554851902997,0.19363351285090172,0.48378399703873487
realprize,App,180,55,0.6041851779963352,0.19363351285090172,0.4871946795684575
realprize,App,180,56,0.6091907387037722,0.19363351285090172,0.491230995972325
realprize,App,180,57,0.613389850158271,0.19363351285090172,0.4946170187250367
realprize,App,180,58,0.6186997180754464,0.19363351285090172,0.4988987182646352
realprize,App,180,59,0.6233099170717779,0.19363351285090172,0.5026162282343652
realprize,App,180,60,0.6297864956845854,0.19363351285090172,0.5078387241791199
realprize,App,180,61,0.6329126346319887,0.19363351285090172,0.5103595378604774
realprize,App,180,62,0.639168011940033,0.19363351285090172,0.5154036644861574
realprize,App,180,63,0.6424586428237351,0.19363351285090172,0.5180571189523525
realprize,App,180,64,0.6478808547847101,0.19363351285090172,0.5224294089639018
realprize,App,180,65,0.6514207154088134,0.19363351285090172,0.5252838339403574
realprize,App,180,66,0.6546697310939316,0.19363351285090172,0.5279037313050584
realprize,App,180,67,0.6605376663655571,0.19363351285090172,0.5326354376568574
realprize,App,180,68,0.6626109046417842,0.19363351285090172,0.5343072275226817
realprize,App,180,69,0.6681399194604074,0.19363351285090172,0.5387656397793702
realprize,App,180,70,0.670538557672337,0.19363351285090172,0.5406998212482655
realprize,App,180,71,0.6737062118372521,0.19363351285090172,0.5432541114097312
realprize,App,180,72,0.6798044342815254,0.19363351285090172,0.5481715136199736
realprize,App,180,73,0.681979414834978,0.19363351285090172,0.5499253450484789
realprize,App,180,74,0.6918850241799658,0.19363351285090172,0.5579128964590679
realprize,App,180,75,0.6960340079500763,0.19363351285090172,0.5612584979270105
realprize,App,180,76,0.6987455946087952,0.19363351285090172,0.563445030535602
realprize,App,180,77,0.7026669753135032,0.19363351285090172,0.5666071005192318
realprize,App,180,78,0.7064679172804871,0.19363351285090172,0.5696720527410062
realprize,App,180,79,0.7166097895898988,0.19363351285090172,0.5778501186882612
realprize,App,180,80,0.7206113474236471,0.19363351285090172,0.5810768408217847
realprize,App,180,81,0.7221242456262416,0.19363351285090172,0.582296791230825
realprize,App,180,82,0.7296843451628882,0.19363351285090172,0.5883930021366883
realprize,App,180,83,0.7398246716111068,0.19363351285090172,0.5965698215532834
realprize,App,180,84,0.7446999178895665,0.19363351285090172,0.6005010567688317
realprize,App,180,85,0.7594401811977068,0.19363351285090172,0.6123871111122696
realprize,App,180,86,0.761298360187665,0.19363351285090172,0.6138854843768964
realprize,App,180,87,0.7640925235211566,0.19363351285090172,0.6161386040486448
realprize,App,180,88,0.7671557666833041,0.19363351285090172,0.6186087006765892
realprize,App,180,89,0.7694545161132695,0.19363351285090172,0.6204623351792664
realprize,App,180,90,0.7728853896778398,0.19363351285090172,0.6232288766433817
realprize,App,180,91,0.7751888101617991,0.19363351285090172,0.6250862777274592
realprize,App,180,92,0.7778862048189636,0.19363351285090172,0.6272613663816117
realprize,App,180,93,0.7832447162655779,0.19363351285090172,0.6315822904331663
realprize,App,180,94,0.7856196442006277,0.19363351285090172,0.6334973527293847
realprize,App,180,95,0.7873829885925573,0.19363351285090172,0.634919254552339
realprize,App,180,96,0.7907837603533008,0.19363351285090172,0.6376615229306456
realprize,App,180,97,0.7958038205490001,0.19363351285090172,0.6417095312359287
realprize,App,180,98,0.7976960027011042,0.19363351285090172,0.643235323510967
realprize,App,180,99,0.7993590877328355,0.19363351285090172,0.6445763795458345
realprize,App,180,100,0.8009010923085096,0.19363351285090172,0.6458198003586886
realprize,App,180,101,0.8019929708180835,0.19363351285090172,0.6467002545968473
realprize,App,180,102,0.8050677478376912,0.19363351285090172,0.6491796517409152
realprize,App,180,103,0.8070060906484964,0.19363351285090172,0.6507426664241548
realprize,App,180,104,0.8100050008000682,0.19363351285090172,0.6531608870683535
realprize,App,180,105,0.8112045634147875,0.19363351285090172,0.6541281741601002
realprize,App,180,106,0.8124900636567551,0.19363351285090172,0.6551647584744449
realprize,App,180,107,0.8153891337618643,0.19363351285090172,0.6575024714511007
realprize,App,180,108,0.8178032819903288,0.19363351285090172,0.6594491596775449
realprize,App,180,109,0.8215801420245712,0.19363351285090172,0.6624946930358108
realprize,App,180,110,0.8245761458981792,0.19363351285090172,0.6649105701548571
realprize,App,180,111,0.8261117740132463,0.19363351285090172,0.6661488492035712
realprize,App,180,112,0.8289119728312143,0.19363351285090172,0.6684068356877351
realprize,App,180,113,0.8310967925937967,0.19363351285090172,0.6701686011247425
realprize,App,180,114,0.8322899064524374,0.19363351285090172,0.6711306881557035
realprize,App,180,115,0.8369710454766552,0.19363351285090172,0.6749054017865187
realprize,App,180,116,0.838293524852414,0.19363351285090172,0.6759718048350765
realprize,App,180,117,0.8400719789979355,0.19363351285090172,0.6774058906569563
realprize,App,180,118,0.8434812888538905,0.19363351285090172,0.6801550438691056
realprize,App,180,119,0.8462155180539028,0.19363351285090172,0.68235983466418
realprize,App,180,120,0.8519761007665566,0.19363351285090172,0.6870049755101144
realprize,App,180,121,0.8540429473782575,0.19363351285090172,0.6886716113518677
realprize,App,180,122,0.8565389050458471,0.19363351285090172,0.6906842679683548
realprize,App,180,123,0.8580581168508779,0.19363351285090172,0.6919093094548129
realprize,App,180,124,0.8609521088375566,0.19363351285090172,0.6942429276069486
realprize,App,180,125,0.8649594932380748,0.19363351285090172,0.6974743480886506
realprize,App,180,126,0.8673621253678511,0.19363351285090172,0.6994117501190499
realprize,App,180,127,0.8691060238864937,0.19363351285090172,0.7008179714414723
realprize,App,180,128,0.8729954882765163,0.19363351285090172,0.7039543051785463
realprize,App,180,129,0.8743792821947071,0.19363351285090172,0.7050701502192961
realprize,App,180,130,0.8774110434777587,0.19363351285090172,0.707514860914985
realprize,App,180,131,0.8819911337946966,0.19363351285090172,0.7112080922546798
realprize,App,180,132,0.8853450064079541,0.19363351285090172,0.7139125427321779
realprize,App,180,133,0.8881882736187174,0.19363351285090172,0.7162052581249473
realprize,App,180,134,0.8923449725245765,0.19363351285090172,0.7195570808198014
realprize,App,180,135,0.894180078194066,0.19363351285090172,0.7210368485320551
realprize,App,180,136,0.8958571627877827,0.19363351285090172,0.7223891933445422
realprize,App,180,137,0.8978601294405056,0.19363351285090172,0.7240043185281753
realprize,App,180,138,0.899168794764926,0.19363351285090172,0.7250595823886818
realprize,App,180,139,0.900455291169741,0.19363351285090172,0.7260969699753625
realprize,App,180,140,0.9043301704654987,0.19363351285090172,0.7292215427812094
realprize,App,180,141,0.906793240175432,0.19363351285090172,0.7312076796508117
realprize,App,180,142,0.9088614425547914,0.19363351285090172,0.7328754087381691
realprize,App,180,143,0.9099117176289611,0.19363351285090172,0.7337223153602676
realprize,App,180,144,0.9113981050279445,0.19363351285090172,0.7349208883457286
realprize,App,180,145,0.9130816295180394,0.19363351285090172,0.7362784260748358
realprize,App,180,146,0.9167180843607062,0.19363351285090172,0.7392107413919934
realprize,App,180,147,0.9189694848449372,0.19363351285090172,0.7410261952916286
realprize,App,180,148,0.9227742773079047,0.19363351285090172,0.744094252424323
realprize,App,180,149,0.9263854280182554,0.19363351285090172,0.7470061633371945
realprize,App,180,150,0.9286567731157767,0.19363351285090172,0.748837699904586
realprize,App,180,151,0.9311764031169023,0.19363351285090172,0.7508694450975092
realprize,App,180,152,0.9325568113150061,0.19363351285090172,0.751982560007046
realprize,App,180,153,0.9337090178838054,0.19363351285090172,0.7529116607703988
realprize,App,180,154,0.9346497904341365,0.19363351285090172,0.7536702682270155
realprize,App,180,155,0.9367401575888216,0.19363351285090172,0.7553558702463908
realprize,App,180,156,0.9386158783089967,0.19363351285090172,0.7568683885743912
realprize,App,180,157,0.9398476447143514,0.19363351285090172,0.7578616437236654
realprize,App,180,158,0.9427051638401988,0.19363351285090172,0.7601658513831362
realprize,App,180,159,0.9450042329585872,0.19363351285090172,0.7620197436718441
realprize,App,180,160,0.9503730658309464,0.19363351285090172,0.766348990575219
realprize,App,180,161,0.9528400362270463,0.19363351285090172,0.7683382728274228
realprize,App,180,162,0.9541858434018935,0.19363351285090172,0.7694234866313845
realprize,App,180,163,0.9553560034734324,0.19363351285090172,0.7703670644976734
realprize,App,180,164,0.9563972465871718,0.19363351285090172,0.7712066880495677
realprize,App,180,165,0.9579547880062853,0.19363351285090172,0.7724626372522875
realprize,App,180,166,0.9609399481302887,0.19363351285090172,0.7748697703350577
realprize,App,180,167,0.964010492471335,0.19363351285090172,0.7773457543889827
realprize,App,180,168,0.9655154043080026,0.19363351285090172,0.7785592648601855
realprize,App,180,169,0.968746539428571,0.19363351285090172,0.7811647439368623
realprize,App,180,170,0.9710036670029344,0.19363351285090172,0.782984815970049
realprize,App,180,171,0.9728479690933151,0.19363351285090172,0.784471999367911
realprize,App,180,172,0.9741024926141827,0.19363351285090172,0.7854836050924789
realprize,App,180,173,0.9765126002440804,0.19363351285090172,0.7874270351156508
realprize,App,180,174,0.9810241383493317,0.19363351285090172,0.7910649882492216
realprize,App,180,175,0.9842974702058542,0.19363351285090172,0.7937044933596389
realprize,App,180,176,0.9909826881248249,0.19363351285090172,0.7990952290487855
realprize,App,180,177,0.9922520878339993,0.19363351285090172,0.8001188304330605
realprize,App,180,178,0.9935005317824509,0.19363351285090172,0.8011255337941761
realprize,App,180,179,0.9948178775516174,0.19363351285090172,0.8021877972744196
realprize,App,180,180,1.0,0.19363351285090172,0.8063664871490983
realprize,App,210,1,0.09678420852621863,0.19363351285090172,0.07804354224079273
realprize,App,210,2,0.13607125243620935,0.19363351285090172,0.10972329782896433
realprize,App,210,3,0.15975617063255368,0.19363351285090172,0.12882202211336424
realprize,App,210,4,0.17392368432910732,0.19363351285090172,0.14024623036449094
realprize,App,210,5,0.1909969958411997,0.19363351285090172,0.15401357659249915
realprize,App,210,6,0.20151873102493997,0.19363351285090172,0.16249795123132485
realprize,App,210,7,0.21346120222682186,0.19363351285090172,0.1721279597822656
realprize,App,210,8,0.22269232438319897,0.19363351285090172,0.17957162732794765
realprize,App,210,9,0.23295670943523836,0.19363351285090172,0.18784848344510635
realprize,App,210,10,0.24321635802117614,0.19363351285090172,0.19612152023473323
realprize,App,210,11,0.25115947424244556,0.19363351285090172,0.20252658295909526
realprize,App,210,12,0.2579910601249024,0.19363351285090172,0.20803534486878938
realprize,App,210,13,0.2653876369617942,0.19363351285090172,0.21399969654968218
realprize,App,210,14,0.2708138313866441,0.19363351285090172,0.21837519788663642
realprize,App,210,15,0.27894588588441355,0.19363351285090172,0.2249326141053078
realprize,App,210,16,0.2895195480425947,0.19363351285090172,0.2334588609161017
realprize,App,210,17,0.2999189842523573,0.19363351285090172,0.2418446177608991
realprize,App,210,18,0.31201239134115016,0.19363351285090172,0.251596335952753
realprize,App,210,19,0.32188651941232027,0.19363351285090172,0.25955850191916274
realprize,App,210,20,0.32996969314465374,0.19363351285090172,0.26607650232672037
realprize,App,210,21,0.3383989707894585,0.19363351285090172,0.272873589330366
realprize,App,210,22,0.34760276653812144,0.19363351285090172,0.2802952217766531
realprize,App,210,23,0.35522439264572875,0.19363351285090172,0.2864410456474083
realprize,App,210,24,0.3631180268893802,0.19363351285090172,0.29280620776330135
realprize,App,210,25,0.3692815547057541,0.19363351285090172,0.2977762700370365
realprize,App,210,26,0.3739717946311551,0.19363351285090172,0.3015583223295686
realprize,App,210,27,0.38160228937179247,0.19363351285090172,0.307711297568786
realprize,App,210,28,0.38736385052742317,0.19363351285090172,0.3123572273983466
realprize,App,210,29,0.39195079979747777,0.19363351285090172,0.31605598956797165
realprize,App,210,30,0.3985099457655467,0.19363351285090172,0.32134506506094157
realprize,App,210,31,0.4040325477611979,0.19363351285090172,0.32579830623209743
realprize,App,210,32,0.4118610848611973,0.19363351285090172,0.3321109761929404
realprize,App,210,33,0.4257306747246209,0.19363351285090172,0.343294948649308
realprize,App,210,34,0.43364300874514833,0.19363351285090172,0.34967518963859096
realprize,App,210,35,0.44184753520083087,0.19363351285090172,0.35629104481538154
realprize,App,210,36,0.4502500029508681,0.19363351285090172,0.36306651321836264
realprize,App,210,37,0.4565678870928394,0.19363351285090172,0.36816104326013904
realprize,App,210,38,0.46379508293982147,0.19363351285090172,0.37398881178720855
realprize,App,210,39,0.4714947007708696,0.19363351285090172,0.38019752557002134
realprize,App,210,40,0.4781688502367504,0.19363351285090172,0.3855793360295317
realprize,App,210,41,0.48379480398345037,0.19363351285090172,0.3901159165891215
realprize,App,210,42,0.48727729812895654,0.19363351285090172,0.3929240831597506
realprize,App,210,43,0.49313505154930887,0.19363351285090172,0.3976475792079057
realprize,App,210,44,0.5008703708447314,0.19363351285090172,0.4038850814551322
realprize,App,210,45,0.5045428659115069,0.19363351285090172,0.4068464584012003
realprize,App,210,46,0.5091107377515319,0.19363351285090172,0.4105298371705886
realprize,App,210,47,0.5135951994167496,0.19363351285090172,0.414145956770325
realprize,App,210,48,0.5163956916547919,0.19363351285090172,0.4164041798586035
realprize,App,210,49,0.5211267883178055,0.19363351285090172,0.42021917765512057
realprize,App,210,50,0.5271798241556805,0.19363351285090172,0.42510014290029546
realprize,App,210,51,0.5310082623486657,0.19363351285090172,0.42818726715724037
realprize,App,210,52,0.5346709981288867,0.19363351285090172,0.43114077454169253
realprize,App,210,53,0.5379200972746411,0.19363351285090172,0.4337607392062536
realprize,App,210,54,0.5415443035124025,0.19363351285090172,0.4366831776589011
realprize,App,210,55,0.5453621968415872,0.19363351285090172,0.4397617988910657
realprize,App,210,56,0.5498804201996721,0.19363351285090172,0.44340514278847964
realprize,App,210,57,0.5536707095530169,0.19363351285090172,0.44646150509961496
realprize,App,210,58,0.5584636130165755,0.19363351285090172,0.45032634182876946
realprize,App,210,59,0.562624966760562,0.19363351285090172,0.4536819180290925
realprize,App,210,60,0.5684709909083431,0.19363351285090172,0.4583959559849276
realprize,App,210,61,0.5712927714916434,0.19363351285090172,0.460671345281389
realprize,App,210,62,0.5769391303151111,0.19363351285090172,0.465224379811052
realprize,App,210,63,0.5799093880325911,0.19363351285090172,0.4676194960926238
realprize,App,210,64,0.5848036978145433,0.19363351285090172,0.47156610347851613
realprize,App,210,65,0.5879989204661088,0.19363351285090172,0.4741426239437182
realprize,App,210,66,0.5909316146071417,0.19363351285090172,0.47650745021610563
realprize,App,210,67,0.5962282524380641,0.19363351285090172,0.48077848145752755
realprize,App,210,68,0.5980996419094988,0.19363351285090172,0.48228750721169616
realprize,App,210,69,0.6030903563091035,0.19363351285090172,0.4863118520504698
realprize,App,210,70,0.605255465041205,0.19363351285090172,0.48805772317307033
realprize,App,210,71,0.6081147189539564,0.19363351285090172,0.49036332970656304
realprize,App,210,72,0.6136192233843146,0.19363351285090172,0.4948019776075676
realprize,App,210,73,0.6155824495870035,0.19363351285090172,0.4963850574241089
realprize,App,210,74,0.6245236568032286,0.19363351285090172,0.5035949472779285
realprize,App,210,75,0.6282686988630676,0.19363351285090172,0.5066148236879465
realprize,App,210,76,0.6307162876338306,0.19363351285090172,0.5085884772470123
realprize,App,210,77,0.6342558858789644,0.19363351285090172,0.5114426906498599
realprize,App,210,78,0.6376867712046458,0.19363351285090172,0.514209241597741
realprize,App,210,79,0.64684123901382,0.19363351285090172,0.5215910976467443
realprize,App,210,80,0.65045320840744,0.19363351285090172,0.5245036687183677
realprize,App,210,81,0.6518188120624333,0.19363351285090172,0.5256048457404826
realprize,App,210,82,0.6586428664116641,0.19363351285090172,0.5311075344741865
realprize,App,210,83,0.6677959388634429,0.19363351285090172,0.5384882653537485
realprize,App,210,84,0.6721965351001494,0.19363351285090172,0.542036758682503
realprize,App,210,85,0.685501698272821,0.19363351285090172,0.5527655963709958
realprize,App,210,86,0.6871789664564749,0.19363351285090172,0.5541180892242558
realprize,App,210,87,0.6897010923036212,0.19363351285090172,0.5561518469837671
realprize,App,210,88,0.6924661005845406,0.19363351285090172,0.5583814569981902
realprize,App,210,89,0.6945410456258471,0.19363351285090172,0.5600546231421759
realprize,App,210,90,0.6976378921100075,0.19363351285090172,0.5625518163628483
realprize,App,210,91,0.6997170534352618,0.19363351285090172,0.56422838237691
realprize,App,210,92,0.7021518319262843,0.19363351285090172,0.5661917061557019
realprize,App,210,93,0.7069886430245268,0.19363351285090172,0.5700919485299956
realprize,App,210,94,0.7091323498931634,0.19363351285090172,0.5718205619071355
realprize,App,210,95,0.7107240164986902,0.19363351285090172,0.5731040285165466
realprize,App,210,96,0.7137936918663425,0.19363351285090172,0.5755793118594484
realprize,App,210,97,0.7183250030542183,0.19363351285090172,0.5792332093441953
realprize,App,210,98,0.7200329638796032,0.19363351285090172,0.5806104517151492
realprize,App,210,99,0.7215341322952986,0.19363351285090172,0.5818209436171327
realprize,App,210,100,0.7229260085503869,0.19363351285090172,0.5829433059834945
realprize,App,210,101,0.7239115826497716,0.19363351285090172,0.5837380399078405
realprize,App,210,102,0.7266870018611006,0.19363351285090172,0.585976044947646
realprize,App,210,103,0.7284366291807223,0.19363351285090172,0.5873868857831894
realprize,App,210,104,0.731143567861038,0.19363351285090172,0.5895696704177635
realprize,App,210,105,0.7322263420280274,0.19363351285090172,0.5904427832191746
realprize,App,210,106,0.733386687004256,0.19363351285090172,0.5913784465215371
realprize,App,210,107,0.7360035059844292,0.19363351285090172,0.5934885616500846
realprize,App,210,108,0.7381826146903774,0.19363351285090172,0.595245721882416
realprize,App,210,109,0.7415917626808468,0.19363351285090172,0.5979947445716622
realprize,App,210,110,0.744296078036075,0.19363351285090172,0.600175413844801
realprize,App,210,111,0.7456821986376131,0.19363351285090172,0.6012931350450282
realprize,App,210,112,0.7482097723593397,0.19363351285090172,0.6033312857880273
realprize,App,210,113,0.7501818798337009,0.19363351285090172,0.6049215271644084
realprize,App,210,114,0.7512588330902973,0.19363351285090172,0.6057899461787538
realprize,App,210,115,0.7554842201983271,0.19363351285090172,0.6091971567379009
realprize,App,210,116,0.7566779440497351,0.19363351285090172,0.6101597356465869
realprize,App,210,117,0.7582832493354427,0.19363351285090172,0.6114542000306248
realprize,App,210,118,0.7613606315362496,0.19363351285090172,0.6139356979055045
realprize,App,210,119,0.7638286583887657,0.19363351285090172,0.6159258320487576
realprize,App,210,120,0.7690283954191891,0.19363351285090172,0.6201187257320793
realprize,App,210,121,0.7708940155133956,0.19363351285090172,0.6216230992537993
realprize,App,210,122,0.7731469687575226,0.19363351285090172,0.6234398052469772
realprize,App,210,123,0.7745182713277162,0.19363351285090172,0.6245455776833228
realprize,App,210,124,0.7771305065909697,0.19363351285090172,0.6266519966561594
realprize,App,210,125,0.7807477352815229,0.19363351285090172,0.6295688086485757
realprize,App,210,126,0.7829164490868538,0.19363351285090172,0.6313175867814121
realprize,App,210,127,0.7844905630536176,0.19363351285090172,0.6325868995311639
realprize,App,210,128,0.788001352330697,0.19363351285090172,0.6354178823476431
realprize,App,210,129,0.7892504211901868,0.19363351285090172,0.6364250896160772
realprize,App,210,130,0.7919870126423432,0.19363351285090172,0.6386317852521147
realprize,App,210,131,0.7961211890636544,0.19363351285090172,0.6419654465702221
realprize,App,210,132,0.7991485313469568,0.19363351285090172,0.6444065939326067
realprize,App,210,133,0.8017149803575265,0.19363351285090172,0.646476092405707
realprize,App,210,134,0.8054669864137262,0.19363351285090172,0.6495015843490068
realprize,App,210,135,0.8071234276767644,0.19363351285090172,0.6508372830714518
realprize,App,210,136,0.8086372326683924,0.19363351285090172,0.6520579646847796
realprize,App,210,137,0.8104451921048552,0.19363351285090172,0.6535158425844683
realprize,App,210,138,0.8116264468298108,0.19363351285090172,0.6544683668074589
realprize,App,210,139,0.8127876909832763,0.19363351285090172,0.6554047551762113
realprize,App,210,140,0.8162853151590934,0.19363351285090172,0.6582251220962327
realprize,App,210,141,0.8185085823905701,0.19363351285090172,0.6600178902836723
realprize,App,210,142,0.8203754262559907,0.19363351285090172,0.6615232506134874
realprize,App,210,143,0.8213234473968545,0.19363351285090172,0.6622877030905888
realprize,App,210,144,0.8226651213186735,0.19363351285090172,0.6633695839778255
realprize,App,210,145,0.8241847392235675,0.19363351285090172,0.6645949529296038
realprize,App,210,146,0.8274671517585602,0.19363351285090172,0.6672417803948201
realprize,App,210,147,0.8294993577092628,0.19363351285090172,0.6688804831684515
realprize,App,210,148,0.8329337186497472,0.19363351285090172,0.671649836735632
realprize,App,210,149,0.8361932906423175,0.19363351285090172,0.6742782463528906
realprize,App,210,150,0.8382434994148622,0.19363351285090172,0.6759314659987297
realprize,App,210,151,0.8405178202732434,0.19363351285090172,0.6777654021199524
realprize,App,210,152,0.8417638330436206,0.19363351285090172,0.6787701450605444
realprize,App,210,153,0.842803861711089,0.19363351285090172,0.6796087893236653
realprize,App,210,154,0.843653041405431,0.19363351285090172,0.6802935393707501
realprize,App,210,155,0.8455398921015456,0.19363351285090172,0.681815032538351
realprize,App,210,156,0.8472329941667244,0.19363351285090172,0.683180293303034
realprize,App,210,157,0.848344836789292,0.19363351285090172,0.6840768459328564
realprize,App,210,158,0.850924150159999,0.19363351285090172,0.6861567177948502
realprize,App,210,159,0.8529993837651215,0.19363351285090172,0.6878301166270266
realprize,App,210,160,0.8578455114034312,0.19363351285090172,0.6917378715470066
realprize,App,210,161,0.8600722995534186,0.19363351285090172,0.6935334788851372
realprize,App,210,162,0.8612870800282291,0.19363351285090172,0.6945130371492674
realprize,App,210,163,0.8623433142599046,0.19363351285090172,0.6953647490362702
realprize,App,210,164,0.863283182784714,0.19363351285090172,0.6961226275170028
realprize,App,210,165,0.8646890832287079,0.19363351285090172,0.6972562985193075
realprize,App,210,166,0.8673836105730385,0.19363351285090172,0.6994290750684825
realprize,App,210,167,0.8701552091959737,0.19363351285090172,0.701663999313846
realprize,App,210,168,0.8715136040311793,0.19363351285090172,0.7027593633852722
realprize,App,210,169,0.8744301584449916,0.19363351285090172,0.7051111751225173
realprize,App,210,170,0.8764675339009548,0.19363351285090172,0.7067540464119462
realprize,App,210,171,0.8781322762287708,0.19363351285090172,0.7080964388348355
realprize,App,210,172,0.8792646603524574,0.19363351285090172,0.7090095554427561
realprize,App,210,173,0.881440121849253,0.19363351285090172,0.7107637746878553
realprize,App,210,174,0.8855124202468634,0.19363351285090172,0.7140475396413593
realprize,App,210,175,0.8884670631564838,0.19363351285090172,0.7164300646651699
realprize,App,210,176,0.8945014136560202,0.19363351285090172,0.7212959626797075
realprize,App,210,177,0.89564722563433,0.19363351285090172,0.7222199070595905
realprize,App,210,178,0.8967741220878628,0.19363351285090172,0.7231285985942065
realprize,App,210,179,0.897963212136472,0.19363351285090172,0.7240874409596075
realprize,App,210,180,0.9026408073269471,0.19363351285090172,0.7278592969616564
realprize,App,210,181,0.9054894054349728,0.19363351285090172,0.7301563110113247
realprize,App,210,182,0.9076463602898823,0.19363351285090172,0.7318956071206173
realprize,App,210,183,0.910027845516192,0.19363351285090172,0.7338159569967541
realprize,App,210,184,0.9117921755412045,0.19363351285090172,0.7352386536011951
realprize,App,210,185,0.9125085623574369,0.19363351285090172,0.7358163239216403
realprize,App,210,186,0.9133464242591626,0.19363351285090172,0.7364919476800509
realprize,App,210,187,0.9167907429514023,0.19363351285090172,0.7392693308445342
realprize,App,210,188,0.9210650556070217,0.19363351285090172,0.742715993325623
realprize,App,210,189,0.9216823946386543,0.19363351285090172,0.7432137948319406
realprize,App,210,190,0.9273727523662365,0.19363351285090172,0.7478023086033527
realprize,App,210,191,0.9314127181105564,0.19363351285090172,0.7510600015888027
realprize,App,210,192,0.9438309719775286,0.19363351285090172,0.7610736653360388
realprize,App,210,193,0.9456939453604036,0.19363351285090172,0.76257590463844
realprize,App,210,194,0.9476678787335986,0.19363351285090172,0.7641676183584496
realprize,App,210,195,0.9487371830273276,0.19363351285090172,0.7650298695054772
realprize,App,210,196,0.9597250898222591,0.19363351285090172,0.7738901493088279
realprize,App,210,197,0.9633680188086375,0.19363351285090172,0.7768276851585075
realprize,App,210,198,0.9647164878493846,0.19363351285090172,0.777915045401924
realprize,App,210,199,0.9677011939375844,0.19363351285090172,0.7803218123654382
realprize,App,210,200,0.9764325466020011,0.19363351285090172,0.7873624825415039
realprize,App,210,201,0.9829905835116763,0.19363351285090172,0.7926506637269528
realprize,App,210,202,0.9867100962156945,0.19363351285090172,0.7956499541199984
realprize,App,210,203,0.9881581645320472,0.19363351285090172,0.7968176278814076
realprize,App,210,204,0.990271588363584,0.19363351285090172,0.7985218220323012
realprize,App,210,205,0.9927857990919002,0.19363351285090172,0.8005491973052461
realprize,App,210,206,0.9948808398899177,0.19363351285090172,0.8022385679939774
realprize,App,210,207,0.9963617770702026,0.19363351285090172,0.8034327461057322
realprize,App,210,208,0.9984163016623447,0.19363351285090172,0.8050894458838593
realprize,App,210,209,0.9992983196105828,0.19363351285090172,0.8058006755983825
realprize,App,210,210,1.0,0.19363351285090172,0.8063664871490983
realprize,App,240,1,0.09260608927057232,0.19363351285090172,0.07467444689372721
realprize,App,240,2,0.13019713383152368,0.19363351285090172,0.10498660544460676
realprize,App,240,3,0.15285958757533546,0.19363351285090172,0.1232608486601832
realprize,App,240,4,0.16641549776051498,0.19363351285090172,0.1341918803363151
realprize,App,240,5,0.18275176412162078,0.19363351285090172,0.14736489805505196
realprize,App,240,6,0.1928192819795864,0.19363351285090172,0.1554830070644905
realprize,App,240,7,0.2042462034895465,0.19363351285090172,0.1646972936214055
realprize,App,240,8,0.21307882335076528,0.19363351285090172,0.17181962227121986
realprize,App,240,9,0.22290010073589972,0.19363351285090172,0.1797391712155876
realprize,App,240,10,0.23271684612548124,0.19363351285090172,0.18765506571062157
realprize,App,240,11,0.24031706253551824,0.19363351285090172,0.19378362551875603
realprize,App,240,12,0.24685373273951128,0.19363351285090172,0.19905457730880208
realprize,App,240,13,0.25393100355966053,0.19363351285090172,0.20476145131864865
realprize,App,240,14,0.25912295225623955,0.19363351285090172,0.2089480647505674
realprize,App,240,15,0.2669039505848004,0.19363351285090172,0.215222401039282
realprize,App,240,16,0.27702115375924324,0.19363351285090172,0.2233805746228312
realprize,App,240,17,0.286971652220405,0.19363351285090172,0.23140432311234072
realprize,App,240,18,0.29854299380085236,0.19363351285090172,0.24073506517416834
realprize,App,240,19,0.30799086137710197,0.19363351285090172,0.2483535089626786
realprize,App,240,20,0.31572508909507974,0.19363351285090172,0.2545901309984355
realprize,App,240,21,0.323790479616404,0.19363351285090172,0.2610937916206014
realprize,App,240,22,0.3325969527353932,0.19363351285090172,0.2681950364137337
realprize,App,240,23,0.3398895575771924,0.19363351285090172,0.27407554856218186
realprize,App,240,24,0.34744242811845233,0.19363351285090172,0.2801659302484295
realprize,App,240,25,0.35333987994325233,0.19363351285090172,0.2849214377595245
realprize,App,240,26,0.3578276448776985,0.19363351285090172,0.2885402210048648
realprize,App,240,27,0.36512873549868213,0.19363351285090172,0.2944275758012646
realprize,App,240,28,0.3706415733349461,0.19363351285090172,0.2988729434815154
realprize,App,240,29,0.3750305066129115,0.19363351285090172,0.3024120321912001
realprize,App,240,30,0.3813064979787257,0.19363351285090172,0.30747278130222977
realprize,App,240,31,0.3865906923860868,0.19363351285090172,0.3117337785839065
realprize,App,240,32,0.39408127599037523,0.19363351285090172,0.31777393417159316
realprize,App,240,33,0.40735212354491707,0.19363351285090172,0.32847510089564025
realprize,App,240,34,0.4149228866043169,0.19363351285090172,0.3345799105088867
realprize,App,240,35,0.4227732283175715,0.19363351285090172,0.34091016297912385
realprize,App,240,36,0.43081296631204263,0.19363351285090172,0.34739313826332463
realprize,App,240,37,0.43685811098762295,0.19363351285090172,0.35226774033968045
realprize,App,240,38,0.44377331289889577,0.19363351285090172,0.3578439274128002
realprize,App,240,39,0.45114054260577685,0.19363351285090172,0.3637846145515584
realprize,App,240,40,0.4575265728337873,0.19363351285090172,0.36893409531334714
realprize,App,240,41,0.4629096573558648,0.19363351285090172,0.37327483426944147
realprize,App,240,42,0.4662418142090732,0.19363351285090172,0.3759617738857929
realprize,App,240,43,0.47184669174468064,0.19363351285090172,0.3804813592950816
realprize,App,240,44,0.47924808170401706,0.19363351285090172,0.3864495921166123
realprize,App,240,45,0.4827620372467482,0.19363351285090172,0.3892831281036025
realprize,App,240,46,0.48713271665649194,0.19363351285090172,0.39280749750569244
realprize,App,240,47,0.49142358666125213,0.19363351285090172,0.3962675112782444
realprize,App,240,48,0.4941031832415913,0.19363351285090172,0.3984282481597092
realprize,App,240,49,0.4986300411515163,0.19363351285090172,0.4020785546703585
realprize,App,240,50,0.5044217708737093,0.19363351285090172,0.4067488114209603
realprize,App,240,51,0.5080849375665527,0.19363351285090172,0.40970266627891005
realprize,App,240,52,0.5115895551255812,0.19363351285090172,0.41252867242878494
realprize,App,240,53,0.5146983925084809,0.19363351285090172,0.41503553470835153
realprize,App,240,54,0.518166143823492,0.19363351285090172,0.4178318131545437
realprize,App,240,55,0.52181922086831,0.19363351285090172,0.4207775320584586
realprize,App,240,56,0.5261423950928515,0.19363351285090172,0.42426359487123566
realprize,App,240,57,0.5297690598097723,0.19363351285090172,0.42718801575908666
realprize,App,240,58,0.5343550563558029,0.19363351285090172,0.43088600968398727
realprize,App,240,59,0.5383367668245892,0.19363351285090172,0.43409672756754725
realprize,App,240,60,0.5439304214336537,0.19363351285090172,0.43860726318498394
realprize,App,240,61,0.5466303873534895,0.19363351285090172,0.4407844252191842
realprize,App,240,62,0.552032996076772,0.19363351285090172,0.44514090783681864
realprize,App,240,63,0.5548750294573211,0.19363351285090172,0.4474326283102525
realprize,App,240,64,0.5595580546686347,0.19363351285090172,0.4512088628991301
realprize,App,240,65,0.5626153413749683,0.19363351285090172,0.4536741564407239
realprize,App,240,66,0.5654214327773092,0.19363351285090172,0.45593689450744884
realprize,App,240,67,0.5704894177644613,0.19363351285090172,0.46002354775846305
realprize,App,240,68,0.5722800204163883,0.19363351285090172,0.46146742972877725
realprize,App,240,69,0.5770552885128207,0.19363351285090172,0.4653180458888927
realprize,App,240,70,0.5791269307319248,0.19363351285090172,0.46698854874774137
realprize,App,240,71,0.5818627522788848,0.19363351285090172,0.4691946235580304
realprize,App,240,72,0.5871296303825573,0.19363351285090172,0.4734416575527312
realprize,App,240,73,0.5890081052262637,0.19363351285090172,0.4749563967136487
realprize,App,240,74,0.5975633256104663,0.19363351285090172,0.48185503972164456
realprize,App,240,75,0.6011466963338168,0.19363351285090172,0.48474454978398557
realprize,App,240,76,0.6034886240889166,0.19363351285090172,0.4866330018410224
realprize,App,240,77,0.6068754198902382,0.19363351285090172,0.4893640004740254
realprize,App,240,78,0.6101581958470315,0.19363351285090172,0.4920111209904023
realprize,App,240,79,0.6189174704856345,0.19363351285090172,0.49907430651070683
realprize,App,240,80,0.6223735132141085,0.19363351285090172,0.5018611435451036
realprize,App,240,81,0.6236801645357264,0.19363351285090172,0.5029147833812453
realprize,App,240,82,0.6302096283385007,0.19363351285090172,0.5081799241708557
realprize,App,240,83,0.6389675678564937,0.19363351285090172,0.5152420330946439
realprize,App,240,84,0.6431781928556101,0.19363351285090172,0.5186373399838836
realprize,App,240,85,0.6559089796987362,0.19363351285090172,0.5289030198492192
realprize,App,240,86,0.6575138411685085,0.19363351285090172,0.5301971263549604
realprize,App,240,87,0.6599270882767821,0.19363351285090172,0.5321430879482817
realprize,App,240,88,0.6625727327222531,0.19363351285090172,0.5342764469660217
realprize,App,240,89,0.6645581035658314,0.19363351285090172,0.5358773834788462
realprize,App,240,90,0.6675212609479753,0.19363351285090172,0.5382667742879554
realprize,App,240,91,0.6695106660609206,0.19363351285090172,0.5398709639003976
realprize,App,240,92,0.6718403365487731,0.19363351285090172,0.5417495321079021
realprize,App,240,93,0.676468345261862,0.19363351285090172,0.545481403236371
realprize,App,240,94,0.6785195095237789,0.19363351285090172,0.5471353933568188
realprize,App,240,95,0.6800424647868833,0.19363351285090172,0.5483634534424136
realprize,App,240,96,0.6829796240141707,0.19363351285090172,0.5507318802107187
realprize,App,240,97,0.6873153210743321,0.19363351285090172,0.5542280410184638
realprize,App,240,98,0.6889495502019422,0.19363351285090172,0.5555458286192915
realprize,App,240,99,0.6903859140306177,0.19363351285090172,0.5567040642740886
realprize,App,240,100,0.6917177037791218,0.19363351285090172,0.557777974895211
realprize,App,240,101,0.6926607312049818,0.19363351285090172,0.5585384006078871
realprize,App,240,102,0.6953163371469157,0.19363351285090172,0.5606797922425365
realprize,App,240,103,0.6969904340498957,0.19363351285090172,0.5620297278813396
realprize,App,240,104,0.6995805157264058,0.19363351285090172,0.5641182829442564
realprize,App,240,105,0.7006165471482149,0.19363351285090172,0.5649537039624366
realprize,App,240,106,0.7017268006915311,0.19363351285090172,0.5658489752120054
realprize,App,240,107,0.7042306530841164,0.19363351285090172,0.5678679978701542
realprize,App,240,108,0.7063156909061558,0.19363351285090172,0.5695493024942851
realprize,App,240,109,0.7095776679161395,0.19363351285090172,0.5721796514369869
realprize,App,240,110,0.7121652395150145,0.19363351285090172,0.5742661824574185
realprize,App,240,111,0.7134915220782599,0.19363351285090172,0.5753356522689098
realprize,App,240,112,0.7159099818794655,0.19363351285090172,0.5772858172031192
realprize,App,240,113,0.7177969545953956,0.19363351285090172,0.57880740876341
realprize,App,240,114,0.7188274163922039,0.19363351285090172,0.5796383386226437
realprize,App,240,115,0.7228703959411137,0.19363351285090172,0.5828984618391136
realprize,App,240,116,0.7240125874125454,0.19363351285090172,0.5838194867635836
realprize,App,240,117,0.7255485925817614,0.19363351285090172,0.5850580698561273
realprize,App,240,118,0.7284931259425977,0.19363351285090172,0.5874324428785982
realprize,App,240,119,0.7308546094790815,0.19363351285090172,0.5893366640623731
realprize,App,240,120,0.7358298768181997,0.19363351285090172,0.5933485529092454
realprize,App,240,121,0.7376149591536332,0.19363351285090172,0.5947879834813409
realprize,App,240,122,0.7397706536871225,0.19363351285090172,0.5965262633096771
realprize,App,240,123,0.7410827579050115,0.19363351285090172,0.5975843001786298
realprize,App,240,124,0.7435822244571304,0.19363351285090172,0.5995997862420086
realprize,App,240,125,0.7470432994416791,0.19363351285090172,0.6023906811190588
realprize,App,240,126,0.749118391105051,0.19363351285090172,0.6040639654941643
realprize,App,240,127,0.7506245514668284,0.19363351285090172,0.605278482734174
realprize,App,240,128,0.7539837819668671,0.19363351285090172,0.6079872536320143
realprize,App,240,129,0.7551789292338479,0.19363351285090172,0.6089509803353155
realprize,App,240,130,0.7577973835888971,0.19363351285090172,0.6110624141753568
realprize,App,240,131,0.7617530899645765,0.19363351285090172,0.6142521632297065
realprize,App,240,132,0.764649743602697,0.19363351285090172,0.6165879276483655
realprize,App,240,133,0.7671054004686289,0.19363351285090172,0.6185680870489905
realprize,App,240,134,0.7706954345565764,0.19363351285090172,0.6214629702252343
realprize,App,240,135,0.772280368192055,0.19363351285090172,0.6227410075932397
realprize,App,240,136,0.7737288230828646,0.19363351285090172,0.6239089930753358
realprize,App,240,137,0.7754587339383664,0.19363351285090172,0.6253039352149677
realprize,App,240,138,0.7765889945684452,0.19363351285090172,0.6262153395088074
realprize,App,240,139,0.7777001084720281,0.19363351285090172,0.6271113045240619
realprize,App,240,140,0.7810467422007411,0.19363351285090172,0.629809917807659
realprize,App,240,141,0.7831740322498683,0.19363351285090172,0.6315252932117209
realprize,App,240,142,0.7849602855270083,0.19363351285090172,0.6329656679919669
realprize,App,240,143,0.7858673811342161,0.19363351285090172,0.6336971194902594
realprize,App,240,144,0.7871511357556357,0.19363351285090172,0.634732296194695
realprize,App,240,145,0.7886051526195506,0.19363351285090172,0.6359047666655055
realprize,App,240,146,0.7917458652716155,0.19363351285090172,0.6384373320938959
realprize,App,240,147,0.793690342046832,0.19363351285090172,0.6400052930004702
realprize,App,240,148,0.7969764435781135,0.19363351285090172,0.6426550951486649
realprize,App,240,149,0.8000953017009863,0.19363351285090172,0.6451700378171223
realprize,App,240,150,0.8020570041264615,0.19363351285090172,0.6467518889107846
realprize,App,240,151,0.8042331438464462,0.19363351285090172,0.6485066550523343
realprize,App,240,152,0.8054253669539437,0.19363351285090172,0.6494680238114251
realprize,App,240,153,0.8064204981751434,0.19363351285090172,0.6502704642785162
realprize,App,240,154,0.8072330192648797,0.19363351285090172,0.6509256540553814
realprize,App,240,155,0.8090384156892074,0.19363351285090172,0.6523814652279781
realprize,App,240,156,0.8106584275008416,0.19363351285090172,0.6536877884616656
realprize,App,240,157,0.8117222725095284,0.19363351285090172,0.6545456374241916
realprize,App,240,158,0.8141902383884845,0.19363351285090172,0.6565357224004091
realprize,App,240,159,0.816175885338743,0.19363351285090172,0.6581368815564074
realprize,App,240,160,0.8208128084021612,0.19363351285090172,0.6618759409182366
realprize,App,240,161,0.8229434673737487,0.19363351285090172,0.6635940329084683
realprize,App,240,162,0.8241058064661221,0.19363351285090172,0.6645313041992615
realprize,App,240,163,0.8251164436665357,0.19363351285090172,0.6653462481683412
realprize,App,240,164,0.826015738601489,0.19363351285090172,0.6660714094659506
realprize,App,240,165,0.827360947122637,0.19363351285090172,0.6671561405356317
realprize,App,240,166,0.82993915325348,0.19363351285090172,0.6692351195565058
realprize,App,240,167,0.8325911035396488,0.19363351285090172,0.6713735633928578
realprize,App,240,168,0.8338908572421307,0.19363351285090172,0.6724216412200872
realprize,App,240,169,0.8366815056600988,0.19363351285090172,0.6746719265817522
realprize,App,240,170,0.838630928775973,0.19363351285090172,0.676243876051667
realprize,App,240,171,0.8402238051239824,0.19363351285090172,0.6775283181568743
realprize,App,240,172,0.8413073048688638,0.19363351285090172,0.6784020160399812
realprize,App,240,173,0.8433888529296962,0.19363351285090172,0.6800805066376266
realprize,App,240,174,0.8472853525207772,0.19363351285090172,0.6832225133250646
realprize,App,240,175,0.8501124451758446,0.19363351285090172,0.6855021860981763
realprize,App,240,176,0.8558862961951315,0.19363351285090172,0.6901580260619208
realprize,App,240,177,0.8569826441217863,0.19363351285090172,0.6910420842882307
realprize,App,240,178,0.8580608930961143,0.19363351285090172,0.6919115481259317
realprize,App,240,179,0.8591986508033794,0.19363351285090172,0.6928289978115658
realprize,App,240,180,0.8636743168689173,0.19363351285090172,0.696438024934486
realprize,App,240,181,0.8663999426161832,0.19363351285090172,0.6986358781935921
realprize,App,240,182,0.8684637829563379,0.19363351285090172,0.7003000898787192
realprize,App,240,183,0.8707424608194154,0.19363351285090172,0.7021375393425133
realprize,App,240,184,0.8724306257203538,0.19363351285090172,0.7034988189434115
realprize,App,240,185,0.8731160865250295,0.19363351285090172,0.7040515515645562
realprize,App,240,186,0.873917778404822,0.19363351285090172,0.7046980090294405
realprize,App,240,187,0.8772134078173769,0.19363351285090172,0.7073554941417876
realprize,App,240,188,0.8813032008258034,0.19363351285090172,0.7106533661631594
realprize,App,240,189,0.8818938896824271,0.19363351285090172,0.7111296778614732
realprize,App,240,190,0.8873385979021489,0.19363351285090172,0.715520108102162
realprize,App,240,191,0.8912041606221993,0.19363351285090172,0.7186371683335836
realprize,App,240,192,0.903086325530103,0.19363351285090172,0.7282185479100962
realprize,App,240,193,0.9048688754112283,0.19363351285090172,0.7296559363959073
realprize,App,240,194,0.9067575952029775,0.19363351285090172,0.731178936739589
realprize,App,240,195,0.9077807382382966,0.19363351285090172,0.7320039649948304
realprize,App,240,196,0.9182943033440392,0.19363351285090172,0.7404817515565614
realprize,App,240,197,0.9217799691572542,0.19363351285090172,0.7432924756537392
realprize,App,240,198,0.9230702255561811,0.19363351285090172,0.7443328951736636
realprize,App,240,199,0.9259260835795007,0.19363351285090172,0.7466357633757243
realprize,App,240,200,0.9342805087135843,0.19363351285090172,0.7533724918232455
realprize,App,240,201,0.9405554388984251,0.19363351285090172,0.7584323852335014
realprize,App,240,202,0.9441143823537308,0.19363351285090172,0.7613021979655186
realprize,App,240,203,0.9454999383841624,0.19363351285090172,0.7624194639145259
realprize,App,240,204,0.9475221269104738,0.19363351285090172,0.7640500889728409
realprize,App,240,205,0.949927800591097,0.19363351285090172,0.7659899436079121
realprize,App,240,206,0.9519323996689947,0.19363351285090172,0.7676063851244987
realprize,App,240,207,0.9533494056331899,0.19363351285090172,0.7687490112461162
realprize,App,240,208,0.9553152375667844,0.19363351285090172,0.7703341922367343
realprize,App,240,209,0.9561591793016662,0.19363351285090172,0.7710147185688494
realprize,App,240,210,0.956830568547611,0.19363351285090172,0.7715561043566116
realprize,App,240,211,0.9647273514128708,0.19363351285090172,0.7779238054154504
realprize,App,240,212,0.9676571906562176,0.19363351285090172,0.7802863295940194
realprize,App,240,213,0.9704598933664315,0.19363351285090172,0.7825463351329779
realprize,App,240,214,0.9710329224168479,0.19363351285090172,0.7830084065553966
realprize,App,240,215,0.9718592043455223,0.19363351285090172,0.7836746926116165
realprize,App,240,216,0.9736562127532435,0.19363351285090172,0.7851237399687281
realprize,App,240,217,0.9740675947727395,0.19363351285090172,0.7854554646426654
realprize,App,240,218,0.9756359051721879,0.19363351285090172,0.786720097590228
realprize,App,240,219,0.9764937425713165,0.19363351285090172,0.7874118289203084
realprize,App,240,220,0.9767290542121928,0.19363351285090172,0.7876015763415471
realprize,App,240,221,0.9768519340988098,0.19363351285090172,0.7877006625640597
realprize,App,240,222,0.977410750874908,0.19363351285090172,0.788151273684762
realprize,App,240,223,0.9780647617458202,0.19363351285090172,0.7886786461332969
realprize,App,240,224,0.9796857701327157,0.19363351285090172,0.789985772971877
realprize,App,240,225,0.9806739101656915,0.19363351285090172,0.7907825759790791
realprize,App,240,226,0.9813838906614557,0.19363351285090172,0.7913550804573928
realprize,App,240,227,0.9855131192132252,0.19363351285090172,0.7946847519793189
realprize,App,240,228,0.9872640432661027,0.19363351285090172,0.7960966384571027
realprize,App,240,229,0.9880199322222266,0.19363351285090172,0.7967061619793271
realprize,App,240,230,0.9887301237913718,0.19363351285090172,0.7972788366601417
realprize,App,240,231,0.9905238957405851,0.19363351285090172,0.7987252742455753
realprize,App,240,232,0.9913255876203776,0.19363351285090172,0.7993717317104595
realprize,App,240,233,0.9917437591669612,0.19363351285090172,0.7997089312315039
realprize,App,240,234,0.9920003188615212,0.19363351285090172,0.7999158123711503
realprize,App,240,235,0.9929531041031858,0.19363351285090172,0.8006841064594789
realprize,App,240,236,0.9947046965551031,0.19363351285090172,0.8020965319118483
realprize,App,240,237,0.9971311609637512,0.19363351285090172,0.8040531514932422
realprize,App,240,238,0.9982984319393706,0.19363351285090172,0.8049943996894035
realprize,App,240,239,0.9987376404662568,0.19363351285090172,0.8053485627263546
realprize,App,240,240,1.0,0.19363351285090172,0.8063664871490983
realprize,App,270,1,0.08548372485546016,0.19363351285090172,0.06893121092011747
realprize,App,270,2,0.12018362996525131,0.19363351285090172,0.09691205150790681
realprize,App,270,3,0.14110310702820525,0.19363351285090172,0.11378081674015711
realprize,App,270,4,0.153616427756494,0.19363351285090172,0.12387113921839732
realprize,App,270,5,0.16869626656383305,0.19363351285090172,0.13603101586424593
realprize,App,270,6,0.17798948835223266,0.19363351285090172,0.1435247584720552
realprize,App,270,7,0.18853756161605828,0.19363351285090172,0.15203037125599758
realprize,App,270,8,0.19669086181388049,0.19363351285090172,0.15860491929518752
realprize,App,270,9,0.20575678156422214,0.19363351285090172,0.16591537315704616
realprize,App,270,10,0.2148185178762614,0.19363351285090172,0.17322245363445668
realprize,App,270,11,0.22183419917276131,0.19363351285090172,0.17887966391647295
realprize,App,270,12,0.2278681319474886,0.19363351285090172,0.18374522509172359
realprize,App,270,13,0.23440108756933303,0.19363351285090172,0.18901318156721125
realprize,App,270,14,0.23919372180470466,0.19363351285090172,0.19287780119977838
realprize,App,270,15,0.24637628102363562,0.19363351285090172,0.1986695762458881
realprize,App,270,16,0.2557153668146786,0.19363351285090172,0.20620030204839548
realprize,App,270,17,0.26490056920610416,0.19363351285090172,0.21360694143452283
realprize,App,270,18,0.2755819551458713,0.19363351285090172,0.22222005309265663
realprize,App,270,19,0.28430318415705674,0.19363351285090172,0.22925255989402904
realprize,App,270,20,0.2914425699082611,0.19363351285090172,0.23500952130263003
realprize,App,270,21,0.29888764862400613,0.19363351285090172,0.24101298327319384
realprize,App,270,22,0.30701681303403916,0.19363351285090172,0.24756806902196965
realprize,App,270,23,0.31374854126796275,0.19363351285090172,0.25299630907040105
realprize,App,270,24,0.3207205180818367,0.19363351285090172,0.25861827752228955
realprize,App,270,25,0.32616439497060773,0.19363351285090172,0.26300803740556
realprize,App,270,26,0.3303070044457936,0.19363351285090172,0.26634849885569617
realprize,App,270,27,0.33704656581486736,0.19363351285090172,0.27178305528180197
realprize,App,270,28,0.34213540950192833,0.19363351285090172,0.2758865282893882
realprize,App,270,29,0.34618678849544543,0.19363351285090172,0.2791534245365002
realprize,App,270,30,0.3519800913261372,0.19363351285090172,0.2838249497890761
realprize,App,270,31,0.3568578766247025,0.19363351285090172,0.28775823238534765
realprize,App,270,32,0.3637723570101656,0.19363351285090172,0.2933338376442349
realprize,App,270,33,0.37602253936736074,0.19363351285090172,0.30321197415854223
realprize,App,270,34,0.3830110325799909,0.19363351285090172,0.3088472608808761
realprize,App,270,35,0.390257601961368,0.19363351285090172,0.31469065157681936
realprize,App,270,36,0.39767900109443505,0.19363351285090172,0.320675019125482
realprize,App,270,37,0.40325921172884494,0.19363351285090172,0.32517471397230313
realprize,App,270,38,0.40964256321425363,0.19363351285090172,0.33032203468583016
realprize,App,270,39,0.41644317689063876,0.19363351285090172,0.33580582164651496
realprize,App,270,40,0.42233805545888176,0.19363351285090172,0.3405592541697595
realprize,App,270,41,0.4273071252013095,0.19363351285090172,0.34456614548235986
realprize,App,270,42,0.43038300478826247,0.19363351285090172,0.3470464316997848
realprize,App,270,43,0.43555680937148517,0.19363351285090172,0.35121841432675394
realprize,App,270,44,0.44238895602421,0.19363351285090172,0.35672762842279915
realprize,App,270,45,0.44563265210440506,0.19363351285090172,0.3593432362363653
realprize,App,270,46,0.4496671811406364,0.19363351285090172,0.36259654524261226
realprize,App,270,47,0.453628038939153,0.19363351285090172,0.36579044823169915
realprize,App,270,48,0.45610154687585125,0.19363351285090172,0.36778500213754994
realprize,App,270,49,0.4602802426730699,0.19363351285090172,0.3711545623884179
realprize,App,270,50,0.46562652858049636,0.19363351285090172,0.37546562817488405
realprize,App,270,51,0.4690079599327673,0.19363351285090172,0.3781923010959506
realprize,App,270,52,0.47224303621662034,0.19363351285090172,0.38080095819462056
realprize,App,270,53,0.4751127719062864,0.19363351285090172,0.383115016881743
realprize,App,270,54,0.47831381734092787,0.19363351285090172,0.3856962326440795
realprize,App,270,55,0.4816859350432813,0.19363351285090172,0.3884153953499795
realprize,App,270,56,0.4856766125335396,0.19363351285090172,0.39163334393914406
realprize,App,270,57,0.4890243492887162,0.19363351285090172,0.39433284666631574
realprize,App,270,58,0.49325763535032247,0.19363351285090172,0.3977464266769104
realprize,App,270,59,0.4969331111732281,0.19363351285090172,0.40071020720482825
realprize,App,270,60,0.5020965559888347,0.19363351285090172,0.4048738360623772
realprize,App,270,61,0.5045888666525106,0.19363351285090172,0.40688355185712977
realprize,App,270,62,0.5095759589834848,0.19363351285090172,0.41090497598114567
realprize,App,270,63,0.5121994106533104,0.19363351285090172,0.4130204394883484
realprize,App,270,64,0.5165222628740264,0.19363351285090172,0.41650624264803177
realprize,App,270,65,0.5193444126664107,0.19363351285090172,0.4187819296623253
realprize,App,270,66,0.5219346866672502,0.19363351285090172,0.42087063980913586
realprize,App,270,67,0.5266128912823649,0.19363351285090172,0.4246429872307906
realprize,App,270,68,0.5282657781025345,0.19363351285090172,0.4259758197696258
realprize,App,270,69,0.5326737787781036,0.19363351285090172,0.42953028378973535
realprize,App,270,70,0.5345860903210241,0.19363351285090172,0.4310723077309348
realprize,App,270,71,0.5371114989438919,0.19363351285090172,0.4331087126107727
realprize,App,270,72,0.5419732997413116,0.19363351285090172,0.43702910584100674
realprize,App,270,73,0.5437073004744397,0.19363351285090172,0.4384273459208932
realprize,App,270,74,0.5516045360791549,0.19363351285090172,0.44479541205365625
realprize,App,270,75,0.5549123085958737,0.19363351285090172,0.4474626889582511
realprize,App,270,76,0.5570741179263962,0.19363351285090172,0.4492058995539906
realprize,App,270,77,0.5602004341622099,0.19363351285090172,0.4517268561947809
realprize,App,270,78,0.5632307307535358,0.19363351285090172,0.4541703858121483
realprize,App,270,79,0.5713163267336447,0.19363351285090172,0.4606903394391356
realprize,App,270,80,0.574506564092944,0.19363351285090172,0.4632628399317255
realprize,App,270,81,0.5757127204368628,0.19363351285090172,0.464235443985724
realprize,App,270,82,0.5817400010570305,0.19363351285090172,0.4690956410864704
realprize,App,270,83,0.5898243646010893,0.19363351285090172,0.47561460091832936
realprize,App,270,84,0.5937111490634192,0.19363351285090172,0.47874877365152396
realprize,App,270,85,0.6054628069539887,0.19363351285090172,0.4882249167429205
realprize,App,270,86,0.6069442380066737,0.19363351285090172,0.48941949309682775
realprize,App,270,87,0.6091718814957444,0.19363351285090172,0.4912157901517302
realprize,App,270,88,0.6116140485672988,0.19363351285090172,0.49318507183425075
realprize,App,270,89,0.6134467238942164,0.19363351285090172,0.4946628797997021
realprize,App,270,90,0.6161819838793188,0.19363351285090172,0.4968685017853286
realprize,App,270,91,0.6180183831986354,0.19363351285090172,0.498349312653449
realprize,App,270,92,0.6201688779723172,0.19363351285090172,0.5000833995697352
realprize,App,270,93,0.6244409450315627,0.19363351285090172,0.5035282512771644
realprize,App,270,94,0.6263343535836371,0.19363351285090172,0.5050550324800387
realprize,App,270,95,0.6277401778626218,0.19363351285090172,0.5061886420654326
realprize,App,270,96,0.6304514392194048,0.19363351285090172,0.5083749123614447
realprize,App,270,97,0.6344536764099266,0.19363351285090172,0.5116021823055033
realprize,App,270,98,0.635962216444343,0.19363351285090172,0.5128186184337794
realprize,App,270,99,0.6372881090642557,0.19363351285090172,0.5138877738080353
realprize,App,270,100,0.6385174704304809,0.19363351285090172,0.5148790896143551
realprize,App,270,101,0.6393879693106123,0.19363351285090172,0.5155810307383939
realprize,App,270,102,0.6418393317366999,0.19363351285090172,0.5175577272466475
realprize,App,270,103,0.6433846733029288,0.19363351285090172,0.518803838896853
realprize,App,270,104,0.6457755509561364,0.19363351285090172,0.5207317625112732
realprize,App,270,105,0.6467319008646697,0.19363351285090172,0.5215029310275026
realprize,App,270,106,0.6477567644472291,0.19363351285090172,0.522329346674378
realprize,App,270,107,0.6500680447387558,0.19363351285090172,0.5241930856438733
realprize,App,270,108,0.6519927216244376,0.19363351285090172,0.5257450805830777
realprize,App,270,109,0.655003818922711,0.19363351285090172,0.5281731285339505
realprize,App,270,110,0.65739237954917,0.19363351285090172,0.5300991837756509
realprize,App,270,111,0.658616657289544,0.19363351285090172,0.5310864003164512
realprize,App,270,112,0.6608491125616398,0.19363351285090172,0.5328865774319286
realprize,App,270,113,0.6625909575928777,0.19363351285090172,0.5342911428909259
realprize,App,270,114,0.6635421662380787,0.19363351285090172,0.5350581656647025
realprize,App,270,115,0.6672741989162482,0.19363351285090172,0.5380675517453237
realprize,App,270,116,0.6683285440704945,0.19363351285090172,0.538917740343596
realprize,App,270,117,0.6697464145830715,0.19363351285090172,0.540061063608055
realprize,App,270,118,0.6724644829263964,0.19363351285090172,0.5422528228298931
realprize,App,270,119,0.6746443439968025,0.19363351285090172,0.5440105897437095
realprize,App,270,120,0.6792369619083191,0.19363351285090172,0.5477139229158371
realprize,App,270,121,0.6808847529813304,0.19363351285090172,0.5490426464149369
realprize,App,270,122,0.6828746523478267,0.19363351285090172,0.5506472345768788
realprize,App,270,123,0.6840858422039927,0.19363351285090172,0.551623897486466
realprize,App,270,124,0.6863930739714685,0.19363351285090172,0.5534843718618443
realprize,App,270,125,0.6895879565543926,0.19363351285090172,0.5560606181070906
realprize,App,270,126,0.6915034522437016,0.19363351285090172,0.5576052096372279
realprize,App,270,127,0.6928937733226773,0.19363351285090172,0.5587263179616909
realprize,App,270,128,0.6959946443134862,0.19363351285090172,0.561226756409652
realprize,App,270,129,0.6970978724158395,0.19363351285090172,0.5621163625790708
realprize,App,270,130,0.6995149405956611,0.19363351285090172,0.5640654053564335
realprize,App,270,131,0.7031664123087099,0.19363351285090172,0.5670098297746089
realprize,App,270,132,0.7058402833743499,0.19363351285090172,0.5691659497928986
realprize,App,270,133,0.7081070748728377,0.19363351285090172,0.5709938144906337
realprize,App,270,134,0.7114209982726174,0.19363351285090172,0.5736660512611952
realprize,App,270,135,0.7128840341472191,0.19363351285090172,0.574845794359971
realprize,App,270,136,0.7142210879017487,0.19363351285090172,0.5759239496991404
realprize,App,270,137,0.715817950751276,0.19363351285090172,0.5772116063855727
realprize,App,270,138,0.7168612826690542,0.19363351285090172,0.578052914279042
realprize,App,270,139,0.7178869404412926,0.19363351285090172,0.5788799703338591
realprize,App,270,140,0.7209761834825513,0.19363351285090172,0.5813710323929887
realprize,App,270,141,0.722939862962807,0.19363351285090172,0.5829544777173692
realprize,App,270,142,0.7245887349200176,0.19363351285090172,0.5842840728052638
realprize,App,270,143,0.7254260655093442,0.19363351285090172,0.5849592681311615
realprize,App,270,144,0.7266110861457165,0.19363351285090172,0.5859148290589122
realprize,App,270,145,0.7279532741001925,0.19363351285090172,0.586997124444857
realprize,App,270,146,0.7308524335217156,0.19363351285090172,0.5893349094432757
realprize,App,270,147,0.7326473599563562,0.19363351285090172,0.590782277967068
realprize,App,270,148,0.7356807263511558,0.19363351285090172,0.5932282829710785
realprize,App,270,149,0.7385597120824279,0.19363351285090172,0.5955498005817568
realprize,App,270,150,0.740370539336969,0.19363351285090172,0.597009990993835
realprize,App,270,151,0.7423793114440242,0.19363351285090172,0.5986297975012842
realprize,App,270,152,0.7434798402849504,0.19363351285090172,0.5995172270767481
realprize,App,270,153,0.7443984356405923,0.19363351285090172,0.6002579515867885
realprize,App,270,154,0.7451484654693148,0.19363351285090172,0.6008627505050326
realprize,App,270,155,0.7468150082680431,0.19363351285090172,0.6022065947673267
realprize,App,270,156,0.7483104244448748,0.19363351285090172,0.6034124482566645
realprize,App,270,157,0.749292448788282,0.19363351285090172,0.6042043197767526
realprize,App,270,158,0.751570602609603,0.19363351285090172,0.6060413466708364
realprize,App,270,159,0.7534035328077462,0.19363351285090172,0.6075193601559027
realprize,App,270,160,0.7576838286117409,0.19363351285090172,0.610970847247329
realprize,App,270,161,0.7596506179095357,0.19363351285090172,0.6125568002243542
realprize,App,270,162,0.7607235611246507,0.19363351285090172,0.6134219856756369
realprize,App,270,163,0.7616564698896071,0.19363351285090172,0.6141742520392655
realprize,App,270,164,0.7624865997589169,0.19363351285090172,0.6148436409458583
realprize,App,270,165,0.7637283478556218,0.19363351285090172,0.6158449449965223
realprize,App,270,166,0.7661082633152382,0.19363351285090172,0.6177640290654051
realprize,App,270,167,0.7685562512432335,0.19363351285090172,0.619738004491486
realprize,App,270,168,0.7697560404661451,0.19363351285090172,0.6207054743124846
realprize,App,270,169,0.7723320592075575,0.19363351285090172,0.6227826894958276
realprize,App,270,170,0.7741315515581888,0.19363351285090172,0.6242337398212577
realprize,App,270,171,0.7756019192687198,0.19363351285090172,0.6254193950668161
realprize,App,270,172,0.7766020866961747,0.19363351285090172,0.6262258965618539
realprize,App,270,173,0.7785235422193177,0.19363351285090172,0.6277752939022639
realprize,App,270,174,0.7821203607608088,0.19363351285090172,0.6306756478344788
realprize,App,270,175,0.7847300208012039,0.19363351285090172,0.6327799902339056
realprize,App,270,176,0.7900598030625738,0.19363351285090172,0.6370777480332761
realprize,App,270,177,0.7910718305139673,0.19363351285090172,0.6378938130541547
realprize,App,270,178,0.7920671510093382,0.19363351285090172,0.6386964061455944
realprize,App,270,179,0.7931174034016605,0.19363351285090172,0.6395432944778113
realprize,App,270,180,0.7972488445358769,0.19363351285090172,0.6428747501520726
realprize,App,270,181,0.7997648415213178,0.19363351285090172,0.6449035658029003
realprize,App,270,182,0.8016699512303339,0.19363351285090172,0.6464397824265933
realprize,App,270,183,0.8037733752385805,0.19363351285090172,0.6481359130551082
realprize,App,270,184,0.8053317028284739,0.19363351285090172,0.649392496199598
realprize,App,270,185,0.8059644446199439,0.19363351285090172,0.6499027179752581
realprize,App,270,186,0.806704478116778,0.19363351285090172,0.650499456186473
realprize,App,270,187,0.8097466396004067,0.19363351285090172,0.6529525532553669
realprize,App,270,188,0.813521885299711,0.19363351285090172,0.6559967848680397
realprize,App,270,189,0.8140671440844468,0.19363351285090172,0.6564364632788743
realprize,App,270,190,0.8190930980259103,0.19363351285090172,0.6604892241032254
realprize,App,270,191,0.8226613590611739,0.19363351285090172,0.6633665502194618
realprize,App,270,192,0.8336296628052907,0.19363351285090172,0.6722110227795897
realprize,App,270,193,0.8352751161958776,0.19363351285090172,0.6735378612499248
realprize,App,270,194,0.8370185739347658,0.19363351285090172,0.6749437271423249
realprize,App,270,195,0.8379630267068017,0.19363351285090172,0.6757053022063897
realprize,App,270,196,0.8476679901042233,0.19363351285090172,0.6835310594490792
realprize,App,270,197,0.8508855722271912,0.19363351285090172,0.6861256098426906
realprize,App,270,198,0.85207659458725,0.19363351285090172,0.6870860103592872
realprize,App,270,199,0.8547128076420788,0.19363351285090172,0.6892117642196861
realprize,App,270,200,0.8624246912246034,0.19363351285090172,0.6954303686934292
realprize,App,270,201,0.8682170144900953,0.19363351285090172,0.7001011040574558
realprize,App,270,202,0.8715022384478914,0.19363351285090172,0.702750198559802
realprize,App,270,203,0.8727812309138315,0.19363351285090172,0.7037815352216523
realprize,App,270,204,0.8746478922635404,0.19363351285090172,0.7052867483769141
realprize,App,270,205,0.8768685447997422,0.19363351285090172,0.7070774081617098
realprize,App,270,206,0.87871896951123,0.19363351285090172,0.7085695286360462
realprize,App,270,207,0.8800269930863094,0.19363351285090172,0.7096242750113911
realprize,App,270,208,0.8818416322471584,0.19363351285090172,0.7110875392169681
realprize,App,270,209,0.8826206661489993,0.19363351285090172,0.7117157260477656
realprize,App,270,210,0.8832404186298924,0.19363351285090172,0.7122154736786854
realprize,App,270,211,0.8905298573591846,0.19363351285090172,0.7180934327801133
realprize,App,270,212,0.8932343617143703,0.19363351285090172,0.7202742544564839
realprize,App,270,213,0.8958215076484953,0.19363351285090172,0.7223604422351263
realprize,App,270,214,0.8963504648484573,0.19363351285090172,0.7227869755943118
realprize,App,270,215,0.8971131971655241,0.19363351285090172,0.7234020173734601
realprize,App,270,216,0.8987719970727285,0.19363351285090172,0.7247396180275157
realprize,App,270,217,0.8991517395674399,0.19363351285090172,0.7250458296489974
realprize,App,270,218,0.9005994307044957,0.19363351285090172,0.726213199265662
realprize,App,270,219,0.9013912915505311,0.19363351285090172,0.7268517293143905
realprize,App,270,220,0.9016085052966509,0.19363351285090172,0.7270268831998096
realprize,App,270,221,0.9017219344512623,0.19363351285090172,0.7271183486687538
realprize,App,270,222,0.9022377724475417,0.19363351285090172,0.7275343031417517
realprize,App,270,223,0.9028414831298727,0.19363351285090172,0.7280211152039173
realprize,App,270,224,0.9043378192350384,0.19363351285090172,0.7292277104926342
realprize,App,270,225,0.9052499610970143,0.19363351285090172,0.7299632311216573
realprize,App,270,226,0.9059053367621644,0.19363351285090172,0.7304917040945275
realprize,App,270,227,0.9097169850043599,0.19363351285090172,0.7335652894978346
realprize,App,270,228,0.9113332449194252,0.19363351285090172,0.7348685873278658
realprize,App,270,229,0.9120309982103323,0.19363351285090172,0.7354312321979513
realprize,App,270,230,0.9126865687151412,0.19363351285090172,0.7359598622829925
realprize,App,270,231,0.9143423810809129,0.19363351285090172,0.7372950538837579
realprize,App,270,232,0.9150824145777472,0.19363351285090172,0.7378917920949728
realprize,App,270,233,0.9154684244148119,0.19363351285090172,0.7382030574912917
realprize,App,270,234,0.9157052520199027,0.19363351285090172,0.7383940273352687
realprize,App,270,235,0.9165847582390545,0.19363351285090172,0.739103231675632
realprize,App,270,236,0.9182016351463723,0.19363351285090172,0.7404070270275382
realprize,App,270,237,0.9204414793889513,0.19363351285090172,0.7422131623611878
realprize,App,270,238,0.9215189751745694,0.19363351285090172,0.7430820188527546
realprize,App,270,239,0.9219244040309462,0.19363351285090172,0.7434089430954601
realprize,App,270,240,0.9230896750827869,0.19363351285090172,0.7443485786201095
realprize,App,270,241,0.92405377418707,0.19363351285090172,0.7451259958280938
realprize,App,270,242,0.9258877024741258,0.19363351285090172,0.7466048141386104
realprize,App,270,243,0.92721521001507,0.19363351285090172,0.7476752717310654
realprize,App,270,244,0.9278446070590666,0.19363351285090172,0.748182796414455
realprize,App,270,245,0.9303119266031209,0.19363351285090172,0.7501723602078684
realprize,App,270,246,0.9332013662676433,0.19363351285090172,0.7525023075199786
realprize,App,270,247,0.9353504152292909,0.19363351285090172,0.7542352285818937
realprize,App,270,248,0.9365386124142995,0.19363351285090172,0.7551933509720096
realprize,App,270,249,0.9371746015334135,0.19363351285090172,0.7557061912838546
realprize,App,270,250,0.937823612436381,0.19363351285090172,0.756229531925802
realprize,App,270,251,0.9391381631400252,0.19363351285090172,0.757289541558879
realprize,App,270,252,0.9398845289257656,0.19363351285090172,0.7578913859156546
realprize,App,270,253,0.9408388535738395,0.19363351285090172,0.7586609213297218
realprize,App,270,254,0.9427510749303963,0.19363351285090172,0.7602028725476601
realprize,App,270,255,0.9435040652645309,0.19363351285090172,0.7608100587182534
realprize,App,270,256,0.9476667171517865,0.19363351285090172,0.7641666816978042
realprize,App,270,257,0.9512966774122897,0.19363351285090172,0.767093760001557
realprize,App,270,258,0.9551962308138136,0.19363351285090172,0.7702382291793941
realprize,App,270,259,0.9623493467286027,0.19363351285090172,0.776006262131773
realprize,App,270,260,0.9644108152636865,0.19363351285090172,0.777668561272777
realprize,App,270,261,0.965988561872892,0.19363351285090172,0.7789408032636533
realprize,App,270,262,0.9685017012100058,0.19363351285090172,0.780967314602638
realprize,App,270,263,0.973807185115081,0.19363351285090172,0.7852454790217995
realprize,App,270,264,0.9800868997866893,0.19363351285090172,0.790309230481843
realprize,App,270,265,0.9823433054002536,0.19363351285090172,0.7921287203500363
realprize,App,270,266,0.9867107337687524,0.19363351285090172,0.795650468221418
realprize,App,270,267,0.9911133631689136,0.19363351285090172,0.7992006010250454
realprize,App,270,268,0.9940971701747761,0.19363351285090172,0.8016066429986936
realprize,App,270,269,0.9964154049066857,0.19363351285090172,0.8034759897958506
realprize,App,270,270,1.0,0.19363351285090172,0.8063664871490983
realprize,App,365,1,0.07735710140578445,0.19363351285090172,0.06237817411661898
realprize,App,365,2,0.10875821410750543,0.19363351285090172,0.08769897905847866
realprize,App,365,3,0.1276889533944417,0.19363351285090172,0.10296409279642088
realprize,App,365,4,0.1390126787250595,0.19363351285090172,0.11209516541271243
realprize,App,365,5,0.15265893269649838,0.19363351285090172,0.12309904729040602
realprize,App,365,6,0.16106868205507183,0.19363351285090172,0.12988038733848328
realprize,App,365,7,0.17061398877263798,0.19363351285090172,0.1375774027850878
realprize,App,365,8,0.1779921846954429,0.19363351285090172,0.1435269327128578
realprize,App,365,9,0.18619624078506344,0.19363351285090172,0.15014240860221928
realprize,App,365,10,0.19439651114048098,0.19363351285090172,0.1567548318023902
realprize,App,365,11,0.20074523740857064,0.19363351285090172,0.16187423190106087
realprize,App,365,12,0.2062055463775527,0.19363351285090172,0.16627724206312763
realprize,App,365,13,0.21211743792618393,0.19363351285090172,0.17104439328360385
realprize,App,365,14,0.21645445404443742,0.19363351285090172,0.17454161773558893
realprize,App,365,15,0.22295419376438252,0.19363351285090172,0.17978279002094452
realprize,App,365,16,0.23140544700348242,0.19363351285090172,0.18659759740736495
realprize,App,365,17,0.23971744597202968,0.19363351285090172,0.19330011481681933
realprize,App,365,18,0.24938339181954625,0.19363351285090172,0.2010944096148547
realprize,App,365,19,0.25727552565136125,0.19363351285090172,0.2074583618489259
realprize,App,365,20,0.26373619624643363,0.19363351285090172,0.2126680301013019
realprize,App,365,21,0.27047349869975723,0.19363351285090172,0.21810076501344944
realprize,App,365,22,0.27782985333538535,0.19363351285090172,0.22403268285920389
realprize,App,365,23,0.28392162091463286,0.19363351285090172,0.22894488008261046
realprize,App,365,24,0.29023079752458475,0.19363351285090172,0.23403238866238063
realprize,App,365,25,0.29515714505140717,0.19363351285090172,0.23800483021206006
realprize,App,365,26,0.2989059318736749,0.19363351285090172,0.24102772627300295
realprize,App,365,27,0.3050047879207117,0.19363351285090172,0.24594563939928
realprize,App,365,28,0.3096098539470667,0.19363351285090172,0.24965901031404156
realprize,App,365,29,0.31327608323415834,0.19363351285090172,0.2526153347453568
realprize,App,365,30,0.3185186380632325,0.19363351285090172,0.25684275526656386
realprize,App,365,31,0.32293271024615117,0.19363351285090172,0.26040211514672656
realprize,App,365,32,0.32918985640176124,0.19363351285090172,0.2654476681118043
realprize,App,365,33,0.34027545895882355,0.19363351285090172,0.27438672650367374
realprize,App,365,34,0.34659958181422273,0.19363351285090172,0.2794862872348813
realprize,App,365,35,0.35315724648579716,0.19363351285090172,0.2847741682600005
realprize,App,365,36,0.3598731204873124,0.19363351285090172,0.2901896239867383
realprize,App,365,37,0.3649228410117931,0.19363351285090172,0.29426154938714855
realprize,App,365,38,0.37069935073923493,0.19363351285090172,0.29891953324404835
realprize,App,365,39,0.37685345507517964,0.19363351285090172,0.30388199673897315
realprize,App,365,40,0.38218792920986905,0.19363351285090172,0.3081835379077504
realprize,App,365,41,0.3866846077601702,0.19363351285090172,0.31180950879419544
realprize,App,365,42,0.38946807478295414,0.19363351285090172,0.31405400331945305
realprize,App,365,43,0.394150024785423,0.19363351285090172,0.3178293708959516
realprize,App,365,44,0.4003326643735746,0.19363351285090172,0.32281484426195833
realprize,App,365,45,0.40326799419254855,0.19363351285090172,0.32518179585670837
realprize,App,365,46,0.40691897538584637,0.19363351285090172,0.32812582473619534
realprize,App,365,47,0.41050328899515404,0.19363351285090172,0.3310160951101735
realprize,App,365,48,0.41274164962591403,0.19363351285090172,0.33282103410897224
realprize,App,365,49,0.41652309217624667,0.19363351285090172,0.3358702626546401
realprize,App,365,50,0.42136112633753753,0.19363351285090172,0.33977149126598755
realprize,App,365,51,0.42442109744264095,0.19363351285090172,0.3422389494167875
realprize,App,365,52,0.4273486269176213,0.19363351285090172,0.3445996110755529
realprize,App,365,53,0.429945547385566,0.19363351285090172,0.34669368071069506
realprize,App,365,54,0.4328422811990583,0.19363351285090172,0.34902950978008684
realprize,App,365,55,0.4358938240687012,0.19363351285090172,0.35149017168426566
realprize,App,365,56,0.4395051225212858,0.19363351285090172,0.3544022017315233
realprize,App,365,57,0.4425346022507659,0.19363351285090172,0.35684507265887355
realprize,App,365,58,0.4463654453697465,0.19363351285090172,0.3599341361675452
realprize,App,365,59,0.44969150721868634,0.19363351285090172,0.3626161609767155
realprize,App,365,60,0.45436408231855985,0.19363351285090172,0.36638396894594083
realprize,App,365,61,0.4566194581701699,0.19363351285090172,0.3682026284486046
realprize,App,365,62,0.4611324459677828,0.19363351285090172,0.3718417505655124
realprize,App,365,63,0.46350649573221475,0.19363351285090172,0.37375610473437454
realprize,App,365,64,0.46741839028483945,0.19363351285090172,0.37691052540287223
realprize,App,365,65,0.46997224867181225,0.19363351285090172,0.37896987121905173
realprize,App,365,66,0.4723162748462742,0.19363351285090172,0.38086001537113817
realprize,App,365,67,0.4765497397475796,0.19363351285090172,0.3842737395920728
realprize,App,365,68,0.4780454926944282,0.19363351285090172,0.385479864641466
realprize,App,365,69,0.48203444095134285,0.19363351285090172,0.38869641883481376
realprize,App,365,70,0.4837649560662993,0.19363351285090172,0.39009184822901966
realprize,App,365,71,0.48605028337580236,0.19363351285090172,0.39193465958356954
realprize,App,365,72,0.4904498906453339,0.19363351285090172,0.3954823554423373
realprize,App,365,73,0.4920190463036431,0.19363351285090172,0.39674766997831823
realprize,App,365,74,0.49916552075281206,0.19363351285090172,0.4025103474753954
realprize,App,365,75,0.50215883549706,0.19363351285090172,0.4049240561706462
realprize,App,365,76,0.5041151295622046,0.19363351285090172,0.4065015461437875
realprize,App,365,77,0.5069442384070674,0.19363351285090172,0.40878284470478193
realprize,App,365,78,0.5096864558420371,0.19363351285090172,0.4109940769448175
realprize,App,365,79,0.517003383938199,0.19363351285090172,0.4168942025504421
realprize,App,365,80,0.5198903371603371,0.19363351285090172,0.4192221448787413
realprize,App,365,81,0.5209818286549522,0.19363351285090172,0.42010228704100727
realprize,App,365,82,0.5264361178652528,0.19363351285090172,0.42450044307141255
realprize,App,365,83,0.5337519306885289,0.19363351285090172,0.43039966935835805
realprize,App,365,84,0.537269212841398,0.19363351285090172,0.4332358878122793
realprize,App,365,85,0.5479036838201015,0.19363351285090172,0.4418111688180655
realprize,App,365,86,0.5492442806689403,0.19363351285090172,0.44289218118974677
realprize,App,365,87,0.5512601502812128,0.19363351285090172,0.44451771088754555
realprize,App,365,88,0.5534701495076566,0.19363351285090172,0.4462997802003753
realprize,App,365,89,0.5551285991288909,0.19363351285090172,0.44763709839556376
realprize,App,365,90,0.5576038280031183,0.19363351285090172,0.4496330400077645
realprize,App,365,91,0.5592656475904854,0.19363351285090172,0.45097307563070527
realprize,App,365,92,0.5612117027321113,0.19363351285090172,0.4525423092790566
realprize,App,365,93,0.56507764008186,0.19363351285090172,0.455659671599312
realprize,App,365,94,0.5667910492438152,0.19363351285090172,0.45704130732628684
realprize,App,365,95,0.5680632269769686,0.19363351285090172,0.4580671488159991
realprize,App,365,96,0.5705167386842425,0.19363351285090172,0.46004557843257265
realprize,App,365,97,0.5741384978988846,0.19363351285090172,0.46296604368778355
realprize,App,365,98,0.5755036265782251,0.19363351285090172,0.4640668377054498
realprize,App,365,99,0.5767034714612738,0.19363351285090172,0.4650343524089176
realprize,App,365,100,0.5778159619620357,0.19363351285090172,0.4659314274660037
realprize,App,365,101,0.5786037057139346,0.19363351285090172,0.4665666376279961
realprize,App,365,102,0.580822026126362,0.19363351285090172,0.46835541686633636
realprize,App,365,103,0.5822204577511826,0.19363351285090172,0.4694830652631611
realprize,App,365,104,0.5843840434557214,0.19363351285090172,0.47122770826737603
realprize,App,365,105,0.585249476694375,0.19363351285090172,0.47192556462789126
realprize,App,365,106,0.5861769102639485,0.19363351285090172,0.4726734159774524
realprize,App,365,107,0.5882684656353497,0.19363351285090172,0.474359976134967
realprize,App,365,108,0.590010170565391,0.19363351285090172,0.4757644286210546
realprize,App,365,109,0.5927350139135145,0.19363351285090172,0.47796165097971255
realprize,App,365,110,0.5948965028625194,0.19363351285090172,0.47970460323053327
realprize,App,365,111,0.5960043930190504,0.19363351285090172,0.48059796872420224
realprize,App,365,112,0.5980246169758257,0.19363351285090172,0.48222700961948156
realprize,App,365,113,0.5996008712036621,0.19363351285090172,0.48349804820403597
realprize,App,365,114,0.600461651939987,0.19363351285090172,0.4841921529425919
realprize,App,365,115,0.6038388939918864,0.19363351285090172,0.4869154477522342
realprize,App,365,116,0.6047930064285125,0.19363351285090172,0.4876848120461017
realprize,App,365,117,0.6060760852041176,0.19363351285090172,0.4887194437711219
realprize,App,365,118,0.608535756782748,0.19363351285090172,0.4907028405015226
realprize,App,365,119,0.6105083864752309,0.19363351285090172,0.492293502977096
realprize,App,365,120,0.6146644010861984,0.19363351285090172,0.4956447738794822
realprize,App,365,121,0.616155542719837,0.19363351285090172,0.49684718052044113
realprize,App,365,122,0.6179562696692257,0.19363351285090172,0.4982992263849344
realprize,App,365,123,0.6190523161585839,0.19363351285090172,0.4991830415423103
realprize,App,365,124,0.6211402078842317,0.19363351285090172,0.5008666474586686
realprize,App,365,125,0.6240313647256625,0.19363351285090172,0.5031979794446901
realprize,App,365,126,0.6257647612819164,0.19363351285090172,0.504595732336593
realprize,App,365,127,0.6270229096472897,0.19363351285090172,0.5056102610142914
realprize,App,365,128,0.6298289922330433,0.19363351285090172,0.5078729919716158
realprize,App,365,129,0.6308273404956133,0.19363351285090172,0.5086780265530558
realprize,App,365,130,0.6330146268896878,0.19363351285090172,0.5104417809990347
realprize,App,365,131,0.6363189666112462,0.19363351285090172,0.5131062898126549
realprize,App,365,132,0.6387386425848943,0.19363351285090172,0.5150574354275647
realprize,App,365,133,0.6407899385492523,0.19363351285090172,0.5167115317484471
realprize,App,365,134,0.6437888194347215,0.19363351285090172,0.5191297287934415
realprize,App,365,135,0.6451127698674295,0.19363351285090172,0.5201973180530238
realprize,App,365,136,0.6463227148370598,0.19363351285090172,0.5211729771278283
realprize,App,365,137,0.6477677698061884,0.19363351285090172,0.5223382210270219
realprize,App,365,138,0.6487119159942486,0.19363351285090172,0.5230995488720432
realprize,App,365,139,0.6496400682528082,0.19363351285090172,0.5238479797483174
realprize,App,365,140,0.6524356283154263,0.19363351285090172,0.5261022256956251
realprize,App,365,141,0.6542126280067646,0.19363351285090172,0.5275351386943946
realprize,App,365,142,0.6557047477689154,0.19363351285090172,0.5287383340654058
realprize,App,365,143,0.6564624764174766,0.19363351285090172,0.5293493410539584
realprize,App,365,144,0.6575348414985583,0.19363351285090172,0.5302140603173316
realprize,App,365,145,0.6587494325786216,0.19363351285090172,0.5311934658598849
realprize,App,365,146,0.661372979572409,0.19363351285090172,0.5333090062331358
realprize,App,365,147,0.6629972689497752,0.19363351285090172,0.5346187787524762
realprize,App,365,148,0.6657422643532883,0.19363351285090172,0.5368322510532475
realprize,App,365,149,0.6683475554953903,0.19363351285090172,0.5389330705195049
realprize,App,365,150,0.6699862340601668,0.19363351285090172,0.5402544459973503
realprize,App,365,151,0.6718040395880533,0.19363351285090172,0.5417202634551923
realprize,App,365,152,0.6727999451980564,0.19363351285090172,0.5425233283634626
realprize,App,365,153,0.6736312130703611,0.19363351285090172,0.5431936349175328
realprize,App,365,154,0.6743099403206764,0.19363351285090172,0.5437409378261019
realprize,App,365,155,0.6758180510224069,0.19363351285090172,0.5449570277548883
realprize,App,365,156,0.6771713034810546,0.19363351285090172,0.546048245186194
realprize,App,365,157,0.678059970380448,0.19363351285090172,0.5467648363921035
realprize,App,365,158,0.6801215484933798,0.19363351285090172,0.5484272238930118
realprize,App,365,159,0.6817802287561694,0.19363351285090172,0.549764728069821
realprize,App,365,160,0.6856536125741561,0.19363351285090172,0.5528880949725111
realprize,App,365,161,0.687433426444113,0.19363351285090172,0.5543232772306075
realprize,App,365,162,0.688404368892335,0.19363351285090172,0.5551062126818042
realprize,App,365,163,0.6892485894507525,0.19363351285090172,0.5557869638478744
realprize,App,365,164,0.689999801925276,0.19363351285090172,0.5563927164120585
realprize,App,365,165,0.6911235015955896,0.19363351285090172,0.5572988301678198
realprize,App,365,166,0.6932771672419804,0.19363351285090172,0.5590354739695936
realprize,App,365,167,0.695492433957443,0.19363351285090172,0.5608217908090396
realprize,App,365,168,0.6965781636298372,0.19363351285090172,0.5616972868309615
realprize,App,365,169,0.6989092897399778,0.19363351285090172,0.5635770288034972
realprize,App,365,170,0.7005377109684875,0.19363351285090172,0.5648901331091296
realprize,App,365,171,0.7018682962264376,0.19363351285090172,0.5659630724694352
realprize,App,365,172,0.7027733814135795,0.19363351285090172,0.5666929028323615
realprize,App,365,173,0.7045121712241756,0.19363351285090172,0.5680950046638226
realprize,App,365,174,0.7077670534502696,0.19363351285090172,0.570719632610562
realprize,App,365,175,0.7101286227047774,0.19363351285090172,0.5726239229144787
realprize,App,365,176,0.7149517221609684,0.19363351285090172,0.5765131086801382
realprize,App,365,177,0.7158675398831752,0.19363351285090172,0.577251593399663
realprize,App,365,178,0.716768238918247,0.19363351285090172,0.5779778869165525
realprize,App,365,179,0.7177186476767786,0.19363351285090172,0.5787442646885254
realprize,App,365,180,0.7214573278911937,0.19363351285090172,0.581759011119597
realprize,App,365,181,0.7237341382930391,0.19363351285090172,0.5835949547252377
realprize,App,365,182,0.7254581362259637,0.19363351285090172,0.5849851288822624
realprize,App,365,183,0.7273615954467735,0.19363351285090172,0.5865200146075783
realprize,App,365,184,0.7287717785617306,0.19363351285090172,0.5876571390122233
realprize,App,365,185,0.7293443679172973,0.19363351285090172,0.5881188558794506
realprize,App,365,186,0.7300140491502463,0.19363351285090172,0.5886588643827733
realprize,App,365,187,0.7327670035258276,0.19363351285090172,0.5908787545318925
realprize,App,365,188,0.7361833504958109,0.19363351285090172,0.5936335822369604
realprize,App,365,189,0.736676773532471,0.19363351285090172,0.5940314620377104
realprize,App,365,190,0.7412249285101348,0.19363351285090172,0.5976989417900589
realprize,App,365,191,0.7444539680871293,0.19363351285090172,0.6003027310906254
realprize,App,365,192,0.7543795555181606,0.19363351285090172,0.6083063921602774
realprize,App,365,193,0.7558685817042485,0.19363351285090172,0.6095070929752261
realprize,App,365,194,0.757446295325548,0.19363351285090172,0.6107793083657606
realprize,App,365,195,0.7583009624447322,0.19363351285090172,0.611468483288339
realprize,App,365,196,0.7670833106512847,0.19363351285090172,0.6185502745605769
realprize,App,365,197,0.7699950090709397,0.19363351285090172,0.6208981705868717
realprize,App,365,198,0.7710728053139019,0.19363351285090172,0.6217672693571716
realprize,App,365,199,0.7734584032853806,0.19363351285090172,0.623690935613183
realprize,App,365,200,0.7804371464476805,0.19363351285090172,0.6293183602216825
realprize,App,365,201,0.7856788148352171,0.19363351285090172,0.6335450659461409
realprize,App,365,202,0.7886517246291417,0.19363351285090172,0.635942320773279
realprize,App,365,203,0.7898091279834322,0.19363351285090172,0.6368756120502927
realprize,App,365,204,0.7914983327012174,0.19363351285090172,0.6382377301246489
realprize,App,365,205,0.7935078759648085,0.19363351285090172,0.6398581584668851
realprize,App,365,206,0.7951823876018758,0.19363351285090172,0.6412084285333572
realprize,App,365,207,0.7963660621844898,0.19363351285090172,0.6421629040484674
realprize,App,365,208,0.7980081902716556,0.19363351285090172,0.6434870611055642
realprize,App,365,209,0.7987131642844884,0.19363351285090172,0.6440555285238235
realprize,App,365,210,0.7992739991754809,0.19363351285090172,0.6445077669847439
realprize,App,365,211,0.8058704577636688,0.19363351285090172,0.6498269301241254
realprize,App,365,212,0.8083178548326458,0.19363351285090172,0.6518004291012954
realprize,App,365,213,0.8106590503141959,0.19363351285090172,0.6536882906774824
realprize,App,365,214,0.8111377214978155,0.19363351285090172,0.6540742750783172
realprize,App,365,215,0.8118279436576076,0.19363351285090172,0.6546308470966611
realprize,App,365,216,0.8133290475560454,0.19363351285090172,0.6558412869740903
realprize,App,365,217,0.8136726893278697,0.19363351285090172,0.6561183881824739
realprize,App,365,218,0.8149827537908167,0.19363351285090172,0.6571747802613994
realprize,App,365,219,0.8156993353374166,0.19363351285090172,0.6577526076058869
realprize,App,365,220,0.8158958993712573,0.19363351285090172,0.657911110255355
realprize,App,365,221,0.8159985452331506,0.19363351285090172,0.6579938804384303
realprize,App,365,222,0.8164653444075504,0.19363351285090172,0.658370291648895
realprize,App,365,223,0.8170116625347938,0.19363351285090172,0.6588108242780263
realprize,App,365,224,0.818365747467571,0.19363351285090172,0.6599027129885713
realprize,App,365,225,0.8191911753561268,0.19363351285090172,0.660568310375461
realprize,App,365,226,0.819784246866214,0.19363351285090172,0.6610465433656781
realprize,App,365,227,0.823233535723166,0.19363351285090172,0.6638279343044211
realprize,App,365,228,0.8246961437501235,0.19363351285090172,0.6650073324011948
realprize,App,365,229,0.8253275642008839,0.19363351285090172,0.6655164886919887
realprize,App,365,230,0.8259208120279397,0.19363351285090172,0.6659948638583004
realprize,App,365,231,0.8274192123995255,0.19363351285090172,0.6672031237022791
realprize,App,365,232,0.8280888936324745,0.19363351285090172,0.6677431322056018
realprize,App,365,233,0.828438206933456,0.19363351285090172,0.6680248067450287
realprize,App,365,234,0.8286525202088036,0.19363351285090172,0.6681976217880202
realprize,App,365,235,0.829448415005117,0.19363351285090172,0.6688394046790637
realprize,App,365,236,0.8309115813691418,0.19363351285090172,0.670019253000137
realprize,App,365,237,0.8329384918541413,0.19363351285090172,0.6716536856876917
realprize,App,365,238,0.8339135540767257,0.19363351285090172,0.672439943186869
realprize,App,365,239,0.8342804403022454,0.19363351285090172,0.6727357879437246
realprize,App,365,240,0.8353349333191896,0.19363351285090172,0.6735860957735212
realprize,App,365,241,0.836207379066042,0.19363351285090172,0.6742896067856388
realprize,App,365,242,0.8378669625331007,0.19363351285090172,0.6756278392761016
realprize,App,365,243,0.8390682688125756,0.19363351285090172,0.6765965324006719
realprize,App,365,244,0.8396378313935144,0.19363351285090172,0.6770558085782752
realprize,App,365,245,0.8418705919393681,0.19363351285090172,0.6788562318562802
realprize,App,365,246,0.8444853431977193,0.19363351285090172,0.6809646796432456
realprize,App,365,247,0.8464300899753457,0.19363351285090172,0.6825328582707147
realprize,App,365,248,0.8475053296222633,0.19363351285090172,0.6833998954876431
realprize,App,365,249,0.8480808575939732,0.19363351285090172,0.6838639819564469
realprize,App,365,250,0.8486681694164191,0.19363351285090172,0.6843375705275737
realprize,App,365,251,0.8498577506174815,0.19363351285090172,0.685296808941853
realprize,App,365,252,0.8505331621519103,0.19363351285090172,0.6858414381682504
realprize,App,365,253,0.8513967626641707,0.19363351285090172,0.686537816679622
realprize,App,365,254,0.8531271961664496,0.19363351285090172,0.6879331802640997
realprize,App,365,255,0.8538086024778113,0.19363351285090172,0.6884826434777136
realprize,App,365,256,0.8575755263537174,0.19363351285090172,0.6915201646508861
realprize,App,365,257,0.860860399637439,0.19363351285090172,0.6941689763814106
realprize,App,365,258,0.8643892368333966,0.19363351285090172,0.697014512434836
realprize,App,365,259,0.8708623323158793,0.19363351285090172,0.7022341997000262
realprize,App,365,260,0.8727278246161149,0.19363351285090172,0.7037384701729709
realprize,App,365,261,0.87415558065561,0.19363351285090172,0.7048897647950445
realprize,App,365,262,0.876429805075249,0.19363351285090172,0.7067236231512976
realprize,App,365,263,0.8812309161305477,0.19363351285090172,0.7105950782073714
realprize,App,365,264,0.8869136414150667,0.19363351285090172,0.7151774374324823
realprize,App,365,265,0.8889555388423983,0.19363351285090172,0.7168239550880785
realprize,App,365,266,0.8929077718523157,0.19363351285090172,0.7200109033366804
realprize,App,365,267,0.8968918594612287,0.19363351285090172,0.7232235380663737
realprize,App,365,268,0.8995920069047106,0.19363351285090172,0.7254008464751589
realprize,App,365,269,0.901689855583415,0.19363351285090172,0.7270924813447761
realprize,App,365,270,0.9049336763996119,0.19363351285090172,0.7297081897412739
realprize,App,365,271,0.907712614675555,0.19363351285090172,0.7319490324368503
realprize,App,365,272,0.9103597757475941,0.19363351285090172,0.7340836144114283
realprize,App,365,273,0.9117587094923197,0.19363351285090172,0.7352116677009171
realprize,App,365,274,0.9198626144023296,0.19363351285090172,0.7417463850353921
realprize,App,365,275,0.9201610787615299,0.19363351285090172,0.7419870566922596
realprize,App,365,276,0.9207053083922709,0.19363351285090172,0.7424259052278027
realprize,App,365,277,0.9214873817233757,0.19363351285090172,0.7430565429524987
realprize,App,365,278,0.9297741314351032,0.19363351285090172,0.7497387002074282
realprize,App,365,279,0.9302317938215138,0.19363351285090172,0.7501077438182584
realprize,App,365,280,0.9313930018049007,0.19363351285090172,0.7510441030206716
realprize,App,365,281,0.9318231057724755,0.19363351285090172,0.7513909244461138
realprize,App,365,282,0.9324086337184618,0.19363351285090172,0.7518630745590463
realprize,App,365,283,0.9329409515076806,0.19363351285090172,0.7522923177847857
realprize,App,365,284,0.9334181721157326,0.19363351285090172,0.7526771324900957
realprize,App,365,285,0.9345301405561931,0.19363351285090172,0.7535737865752505
realprize,App,365,286,0.9354536620912497,0.19363351285090172,0.7543184833912806
realprize,App,365,287,0.9360193369680319,0.19363351285090172,0.7547746246545399
realprize,App,365,288,0.9367834049413241,0.19363351285090172,0.7553907434621068
realprize,App,365,289,0.9377418364277729,0.19363351285090172,0.7561635904930075
realprize,App,365,290,0.938293594499608,0.19363351285090172,0.7566085097111495
realprize,App,365,291,0.938914228962028,0.19363351285090172,0.7571089685424147
realprize,App,365,292,0.9405135607666881,0.19363351285090172,0.7583986161115243
realprize,App,365,293,0.9409474977525748,0.19363351285090172,0.7587485283544778
realprize,App,365,294,0.9419985899996445,0.19363351285090172,0.759596093917417
realprize,App,365,295,0.9440280650848878,0.19363351285090172,0.7612325946126614
realprize,App,365,296,0.9449411883292426,0.19363351285090172,0.7619689065955458
realprize,App,365,297,0.9459529479114835,0.19363351285090172,0.7627847556157169
realprize,App,365,298,0.9462081876180309,0.19363351285090172,0.7629905723612666
realprize,App,365,299,0.946909512030037,0.19363351285090172,0.7635560968637278
realprize,App,365,300,0.9475517293340275,0.19363351285090172,0.764073959375133
realprize,App,365,301,0.9500176377811861,0.19363351285090172,0.7660623853072995
realprize,App,365,302,0.9504613833626494,0.19363351285090172,0.766420206873012
realprize,App,365,303,0.9513806590928068,0.19363351285090172,0.7671614800142604
realprize,App,365,304,0.9517123626005456,0.19363351285090172,0.7674289546065708
realprize,App,365,305,0.9530460564079564,0.19363351285090172,0.7685044005969852
realprize,App,365,306,0.9551385305890401,0.19363351285090172,0.7701917016518358
realprize,App,365,307,0.9558785979707499,0.19363351285090172,0.7707884671866788
realprize,App,365,308,0.9568658458923005,0.19363351285090172,0.7715845508251248
realprize,App,365,309,0.9574274125597128,0.19363351285090172,0.772037379366026
realprize,App,365,310,0.9587418233365408,0.19363351285090172,0.7730972761668078
realprize,App,365,311,0.9592839497213367,0.19363351285090172,0.7735344287153065
realprize,App,365,312,0.9601387128048335,0.19363351285090172,0.7742236810202906
realprize,App,365,313,0.9606632662749084,0.19363351285090172,0.7746466633592767
realprize,App,365,314,0.9615351501735306,0.19363351285090172,0.7753497213158106
realprize,App,365,315,0.9625145551499206,0.19363351285090172,0.7761394806661185
realprize,App,365,316,0.9631156510472034,0.19363351285090172,0.7766241842532502
realprize,App,365,317,0.9636127640374673,0.19363351285090172,0.7770250395089255
realprize,App,365,318,0.9643711512810565,0.19363351285090172,0.7776365775664372
realprize,App,365,319,0.9651313272665246,0.19363351285090172,0.7782495580054543
realprize,App,365,320,0.9658242386947492,0.19363351285090172,0.7788082985597371
realprize,App,365,321,0.966566232413867,0.19363351285090172,0.7794066174285088
realprize,App,365,322,0.9674692718715865,0.19363351285090172,0.7801347981837872
realprize,App,365,323,0.9678914149549755,0.19363351285090172,0.7804752002190138
realprize,App,365,324,0.9682252020521555,0.19363351285090172,0.7807443549480225
realprize,App,365,325,0.9686573699526674,0.19363351285090172,0.7810928406598169
realprize,App,365,326,0.9691444581258088,0.19363351285090172,0.7814856122389249
realprize,App,365,327,0.9695687241116476,0.19363351285090172,0.7818277261115425
realprize,App,365,328,0.9703131159242733,0.19363351285090172,0.7824279787225521
realprize,App,365,329,0.9711043884993259,0.19363351285090172,0.7830660344092747
realprize,App,365,330,0.9718703828100258,0.19363351285090172,0.7836837065507699
realprize,App,365,331,0.9721591171996656,0.19363351285090172,0.7839165322862629
realprize,App,365,332,0.9726502939256727,0.19363351285090172,0.7843126007373826
realprize,App,365,333,0.9733360307298783,0.19363351285090172,0.7848655559152987
realprize,App,365,334,0.9738429130027112,0.19363351285090172,0.7852742887930412
realprize,App,365,335,0.9745165217438483,0.19363351285090172,0.7858174643073448
realprize,App,365,336,0.9768394880927386,0.19363351285090172,0.7876906265218651
realprize,App,365,337,0.9776214631413227,0.19363351285090172,0.7883211849948301
realprize,App,365,338,0.9782579014330891,0.19363351285090172,0.7888343875044489
realprize,App,365,339,0.9797689558775563,0.19363351285090172,0.7900528511687249
realprize,App,365,340,0.9804644423078261,0.19363351285090172,0.7906136681183615
realprize,App,365,341,0.980653007152255,0.19363351285090172,0.7907657204895634
realprize,App,365,342,0.9808827720294079,0.19363351285090172,0.7909509951864234
realprize,App,365,343,0.9817235593384452,0.19363351285090172,0.7916289778952514
realprize,App,365,344,0.9824838336064342,0.19363351285090172,0.7922420375859995
realprize,App,365,345,0.9835861113903427,0.19363351285090172,0.7931308774504724
realprize,App,365,346,0.9840595776060997,0.19363351285090172,0.7935126647396561
realprize,App,365,347,0.9848239797399626,0.19363351285090172,0.7941290530031084
realprize,App,365,348,0.9854566439829299,0.19363351285090172,0.7946392122462548
realprize,App,365,349,0.9860322650508182,0.19363351285090172,0.7951033737846969
realprize,App,365,350,0.9868435479471083,0.19363351285090172,0.7957575651238624
realprize,App,365,351,0.9878750819725366,0.19363351285090172,0.7965893595923219
realprize,App,365,352,0.9887533542350115,0.19363351285090172,0.7972975689113743
realprize,App,365,353,0.9896651015240748,0.19363351285090172,0.7980327713700239
realprize,App,365,354,0.9910759667668267,0.19363351285090172,0.7991704458196626
realprize,App,365,355,0.9938370372804863,0.19363351285090172,0.8013968805505333
realprize,App,365,356,0.9942318185100818,0.19363351285090172,0.8017152189038346
realprize,App,365,357,0.9952614261981023,0.19363351285090172,0.8025454600383654
realprize,App,365,358,0.9960237250860198,0.19363351285090172,0.803160152314773
realprize,App,365,359,0.9965228430397086,0.19363351285090172,0.8035626243057621
realprize,App,365,360,0.9970709253452655,0.19363351285090172,0.8040045795091626
realprize,App,365,361,0.9974774808208541,0.19363351285090172,0.8043324122198442
realprize,App,365,362,0.9979371481706891,0.19363351285090172,0.8047030725659878
realprize,App,365,363,0.9988606107362333,0.19363351285090172,0.8054477218309793
realprize,App,365,364,0.9992632349109893,0.19363351285090172,0.8057723844724187
realprize,App,365,365,1.0,0.19363351285090172,0.8063664871490983
realprize,Affiliate,7,1,0.6099227447438483,0.5551675576176407,0.2713134242089584
realprize,Affiliate,7,2,0.7698355854566478,0.5551675576176407,0.3424478437115341
realprize,Affiliate,7,3,0.835889631406998,0.5551675576176407,0.371830826300865
realprize,Affiliate,7,4,0.8743262367186474,0.5551675576176407,0.38892867531853276
realprize,Affiliate,7,5,0.9190915546002535,0.5551675576176407,0.4088417410058303
realprize,Affiliate,7,6,0.9642558673415257,0.5551675576176407,0.42893229255105114
realprize,Affiliate,7,7,1.0,0.5551675576176407,0.4448324423823593
realprize,Affiliate,30,1,0.39392791126833376,0.5713472661352199,0.16885827611081378
realprize,Affiliate,30,2,0.49721005949094965,0.5713472661352199,0.21313045130586553
realprize,Affiliate,30,3,0.5398720729611506,0.5713472661352199,0.2314176400120432
realprize,Affiliate,30,4,0.5646969409909899,0.5713472661352199,0.24205888756086621
realprize,Affiliate,30,5,0.5936093046015157,0.5713472661352199,0.2544522512650107
realprize,Affiliate,30,6,0.6227793651302653,0.5713472661352199,0.2669560774576603
realprize,Affiliate,30,7,0.6458652586136515,0.5713472661352199,0.2768519088130249
realprize,Affiliate,30,8,0.6688613154904375,0.5713472661352199,0.28670923146136923
realprize,Affiliate,30,9,0.6966737100387218,0.5713472661352199,0.29863109041981717
realprize,Affiliate,30,10,0.7136056434167053,0.5713472661352199,0.30588900995190615
realprize,Affiliate,30,11,0.7272857860272488,0.5713472661352199,0.3117530404815757
realprize,Affiliate,30,12,0.7422407293284343,0.5713472661352199,0.31816351781242164
realprize,Affiliate,30,13,0.7645006177167271,0.5713472661352199,0.32770527982558817
realprize,Affiliate,30,14,0.7736921285958351,0.5713472661352199,0.33164524609226576
realprize,Affiliate,30,15,0.7852818791084367,0.5713472661352199,0.33661322433430313
realprize,Affiliate,30,16,0.7998234333060074,0.5713472661352199,0.3428465012957347
realprize,Affiliate,30,17,0.8094121954088477,0.5713472661352199,0.34695675038549617
realprize,Affiliate,30,18,0.8250147988253278,0.5713472661352199,0.35364484899537835
realprize,Affiliate,30,19,0.8422431327550844,0.5713472661352199,0.36102982143430384
realprize,Affiliate,30,20,0.8596164783053963,0.5713472661352199,0.36847695350082255
realprize,Affiliate,30,21,0.8804224923737405,0.5713472661352199,0.3773955083120474
realprize,Affiliate,30,22,0.8934884582041962,0.5713472661352199,0.382996270285856
realprize,Affiliate,30,23,0.9056701187414312,0.5713472661352199,0.3882179723781545
realprize,Affiliate,30,24,0.9205797428218445,0.5713472661352199,0.3946090235011198
realprize,Affiliate,30,25,0.9367870366090993,0.5713472661352199,0.4015563242915763
realprize,Affiliate,30,26,0.9472411954602732,0.5713472661352199,0.4060375280633886
realprize,Affiliate,30,27,0.9588521060923813,0.5713472661352199,0.4110145766485014
realprize,Affiliate,30,28,0.9716507542582167,0.5713472661352199,0.4165007521745602
realprize,Affiliate,30,29,0.9837893803518617,0.5713472661352199,0.4217040074349635
realprize,Affiliate,30,30,1.0,0.5713472661352199,0.4286527338647801
realprize,Affiliate,60,1,0.3180603675765741,0.6277940706800403,0.11838395469368672
realprize,Affiliate,60,2,0.4014511532713883,0.6277940706800403,0.14942249957994666
realprize,Affiliate,60,3,0.4358967848139726,0.6277940706800403,0.16224336787926716
realprize,Affiliate,60,4,0.4559405705543342,0.6277940706800403,0.1697037837778486
realprize,Affiliate,60,5,0.4792846310649574,0.6277940706800403,0.17839258151430648
realprize,Affiliate,60,6,0.5028367580115681,0.6277940706800403,0.18715882281193139
realprize,Affiliate,60,7,0.5214764825833001,0.6277940706800403,0.19409663881842099
realprize,Affiliate,60,8,0.5400436724010843,0.6277940706800403,0.20100745695940944
realprize,Affiliate,60,9,0.562499609592055,0.6277940706800403,0.20936568993032534
realprize,Affiliate,60,10,0.5761705803456737,0.6277940706800403,0.21445410630438197
realprize,Affiliate,60,11,0.5872160307002833,0.6277940706800403,0.2185652884183769
realprize,Affiliate,60,12,0.5992907647503461,0.6277940706800403,0.2230595760267719
realprize,Affiliate,60,13,0.6172635665764427,0.6277940706800403,0.22974915943293764
realprize,Affiliate,60,14,0.6246848618062742,0.6277940706800403,0.2325114095207149
realprize,Affiliate,60,15,0.6340425138098863,0.6277940706800403,0.2359943830809721
realprize,Affiliate,60,16,0.6457834743788456,0.6277940706800403,0.2403644382206506
realprize,Affiliate,60,17,0.65352551324381,0.6277940706800403,0.24324607099121592
realprize,Affiliate,60,18,0.6661231729572819,0.6277940706800403,0.24793499463212532
realprize,Affiliate,60,19,0.6800334597526183,0.6277940706800403,0.2531124858558907
realprize,Affiliate,60,20,0.6940608300244421,0.6277940706800403,0.25833355624383003
realprize,Affiliate,60,21,0.7108597627557488,0.6277940706800403,0.2645862186126695
realprize,Affiliate,60,22,0.7214093221444129,0.6277940706800403,0.26851282716884334
realprize,Affiliate,60,23,0.7312448867676233,0.6277940706800403,0.2721736826398119
realprize,Affiliate,60,24,0.7432830297369205,0.6277940706800403,0.2766543508309857
realprize,Affiliate,60,25,0.7563689210178874,0.6277940706800403,0.28152499715619794
realprize,Affiliate,60,26,0.7648096877465067,0.6277940706800403,0.2846667005805967
realprize,Affiliate,60,27,0.7741844245902525,0.6277940706800403,0.28815603321965316
realprize,Affiliate,60,28,0.784518149679704,0.6277940706800403,0.2920023069699094
realprize,Affiliate,60,29,0.7943189679684833,0.6277940706800403,0.2956502296491806
realprize,Affiliate,60,30,0.8074075445746198,0.6277940706800403,0.30052187546834314
realprize,Affiliate,60,31,0.8151871566606477,0.6277940706800403,0.3034174932145719
realprize,Affiliate,60,32,0.8196800884261507,0.6277940706800403,0.3050897890577221
realprize,Affiliate,60,33,0.8303333689659372,0.6277940706800403,0.3090550032413396
realprize,Affiliate,60,34,0.8369783478910767,0.6277940706800403,0.3115283037974827
realprize,Affiliate,60,35,0.8423203291650754,0.6277940706800403,0.3135166209019812
realprize,Affiliate,60,36,0.845398054876979,0.6277940706800403,0.31466216866077223
realprize,Affiliate,60,37,0.8507956288989259,0.6277940706800403,0.31667117771568426
realprize,Affiliate,60,38,0.8606818355138677,0.6277940706800403,0.32035088243624776
realprize,Affiliate,60,39,0.8662426669056223,0.6277940706800403,0.32242065685220744
realprize,Affiliate,60,40,0.8715874059505376,0.6277940706800403,0.3244100004153928
realprize,Affiliate,60,41,0.8839631299422601,0.6277940706800403,0.3290163182647392
realprize,Affiliate,60,42,0.8925952642304389,0.6277940706800403,0.33222924982948543
realprize,Affiliate,60,43,0.8980452807446166,0.6277940706800403,0.3342577782909541
realprize,Affiliate,60,44,0.9018943002415526,0.6277940706800403,0.3356904061697818
realprize,Affiliate,60,45,0.9073956103311704,0.6277940706800403,0.3377380264041653
realprize,Affiliate,60,46,0.9123225361489887,0.6277940706800403,0.33957185740687684
realprize,Affiliate,60,47,0.9211297987117535,0.6277940706800403,0.34284997275381557
realprize,Affiliate,60,48,0.934195465767344,0.6277940706800403,0.34771309150242685
realprize,Affiliate,60,49,0.9413327766626403,0.6277940706800403,0.350369640937056
realprize,Affiliate,60,50,0.9497579317378418,0.6277940706800403,0.35350553361148623
realprize,Affiliate,60,51,0.9528768331450591,0.6277940706800403,0.35466640720821685
realprize,Affiliate,60,52,0.9565068913387434,0.6277940706800403,0.35601753639168265
realprize,Affiliate,60,53,0.960107633623343,0.6277940706800403,0.3573577540199637
realprize,Affiliate,60,54,0.9646199857887959,0.6277940706800403,0.3590372782511251
realprize,Affiliate,60,55,0.969670814499531,0.6277940706800403,0.3609172266452401
realprize,Affiliate,60,56,0.9747014393231885,0.6277940706800403,0.36278965503278965
realprize,Affiliate,60,57,0.9806508269612683,0.6277940706800403,0.36500405238750583
realprize,Affiliate,60,58,0.9910343351674152,0.6277940706800403,0.36886885570897615
realprize,Affiliate,60,59,0.9961921932602096,0.6277940706800403,0.3707886410737052
realprize,Affiliate,60,60,1.0,0.6277940706800403,0.37220592931995966
realprize,Affiliate,90,1,0.273489740042091,0.6233165313590386,0.10301906391676965
realprize,Affiliate,90,2,0.345194757788729,0.6233165313590386,0.13002915872053494
realprize,Affiliate,90,3,0.3748134332871751,0.6233165313590386,0.14118602414384068
realprize,Affiliate,90,4,0.3920484311379246,0.6233165313590386,0.14767816291628053
realprize,Affiliate,90,5,0.4121212276614969,0.6233165313590386,0.15523925353610396
realprize,Affiliate,90,6,0.4323729337295789,0.6233165313590386,0.1628677364237263
realprize,Affiliate,90,7,0.44840062515942003,0.6233165313590386,0.16890510282582585
realprize,Affiliate,90,8,0.4643659463192637,0.6233165313590386,0.17491897537828272
realprize,Affiliate,90,9,0.48367507455663056,0.6233165313590386,0.1821924047791672
realprize,Affiliate,90,10,0.4954302965794752,0.6233165313590386,0.18662040258537693
realprize,Affiliate,90,11,0.5049279192136524,0.6233165313590386,0.19019800002306173
realprize,Affiliate,90,12,0.5153105893387947,0.6233165313590386,0.1941089802195552
realprize,Affiliate,90,13,0.5307648156440063,0.6233165313590386,0.1999303317893647
realprize,Affiliate,90,14,0.5371461454483039,0.6233165313590386,0.20233407323458943
realprize,Affiliate,90,15,0.5451924853094187,0.6233165313590386,0.2053649964433382
realprize,Affiliate,90,16,0.5552881545005073,0.6233165313590386,0.20916786813248914
realprize,Affiliate,90,17,0.5619452812991335,0.6233165313590386,0.21167549774617836
realprize,Affiliate,90,18,0.572777598152778,0.6233165313590386,0.2157558524320271
realprize,Affiliate,90,19,0.5847386002372379,0.6233165313590386,0.22026136418562325
realprize,Affiliate,90,20,0.5968002785857408,0.6233165313590386,0.2248047990235689
realprize,Affiliate,90,21,0.6112451331291587,0.6233165313590386,0.2302459369369977
realprize,Affiliate,90,22,0.6203163552897435,0.6233165313590386,0.23366291636525954
realprize,Affiliate,90,23,0.6287736366305928,0.6233165313590386,0.23684863443600315
realprize,Affiliate,90,24,0.6391248432783998,0.6233165313590386,0.24074776286071844
realprize,Affiliate,90,25,0.6503769745386364,0.6233165313590386,0.24498625469342777
realprize,Affiliate,90,26,0.6576349146459032,0.6233165313590386,0.24772020074822138
realprize,Affiliate,90,27,0.665695945204015,0.6233165313590386,0.2507566576996717
realprize,Affiliate,90,28,0.6745815784877661,0.6233165313590386,0.2541037288660667
realprize,Affiliate,90,29,0.6830089825885072,0.6233165313590386,0.25727819267437285
realprize,Affiliate,90,30,0.6942634228723048,0.6233165313590386,0.2615175542780863
realprize,Affiliate,90,31,0.7009528576586864,0.6233165313590386,0.26403735377666804
realprize,Affiliate,90,32,0.7048161831963407,0.6233165313590386,0.26549260464068086
realprize,Affiliate,90,33,0.7139765917930522,0.6233165313590386,0.26894317912505866
realprize,Affiliate,90,34,0.7196903925179541,0.6233165313590386,0.2710954734012379
realprize,Affiliate,90,35,0.7242837880455621,0.6233165313590386,0.2728257295614172
realprize,Affiliate,90,36,0.7269302240390901,0.6233165313590386,0.27382259825099564
realprize,Affiliate,90,37,0.7315714219581134,0.6233165313590386,0.27557086078178256
realprize,Affiliate,90,38,0.7400722486965216,0.6233165313590386,0.27877298168392195
realprize,Affiliate,90,39,0.7448538263050009,0.6233165313590386,0.2805741229230599
realprize,Affiliate,90,40,0.7494495931499058,0.6233165313590386,0.2823052723192638
realprize,Affiliate,90,41,0.7600910747124082,0.6233165313590386,0.286313742505706
realprize,Affiliate,90,42,0.7675135655447942,0.6233165313590386,0.28910967209840494
realprize,Affiliate,90,43,0.7721998570530524,0.6233165313590386,0.29087492063879833
realprize,Affiliate,90,44,0.7755095034250749,0.6233165313590386,0.2921216097141867
realprize,Affiliate,90,45,0.7802399006064789,0.6233165313590386,0.2939034721325274
realprize,Affiliate,90,46,0.7844764034797812,0.6233165313590386,0.29549929272975034
realprize,Affiliate,90,47,0.7920494814056033,0.6233165313590386,0.2983519459911373
realprize,Affiliate,90,48,0.8032842225138291,0.6233165313590386,0.302583887241067
realprize,Affiliate,90,49,0.8094213634478821,0.6233165313590386,0.30489564677564446
realprize,Affiliate,90,50,0.8166658796033771,0.6233165313590386,0.3076245362497218
realprize,Affiliate,90,51,0.8193477212348134,0.6233165313590386,0.308634741657797
realprize,Affiliate,90,52,0.822469089921182,0.6233165313590386,0.3098105096414856
realprize,Affiliate,90,53,0.825565250813144,0.6233165313590386,0.3109767822657403
realprize,Affiliate,90,54,0.8294452753195327,0.6233165313590386,0.31243832335521876
realprize,Affiliate,90,55,0.8337883182507256,0.6233165313590386,0.3140742758309971
realprize,Affiliate,90,56,0.838113988518148,0.6233165313590386,0.31570368431152684
realprize,Affiliate,90,57,0.8432296729743584,0.6233165313590386,0.3176306780769648
realprize,Affiliate,90,58,0.8521581131370277,0.6233165313590386,0.3209938738869924
realprize,Affiliate,90,59,0.8565931871442685,0.6233165313590386,0.3226644929477192
realprize,Affiliate,90,60,0.859867396010122,0.6233165313590386,0.32389783330036387
realprize,Affiliate,90,61,0.8663088596401428,0.6233165313590386,0.32632422616364476
realprize,Affiliate,90,62,0.8775973495505952,0.6233165313590386,0.33057641369883245
realprize,Affiliate,90,63,0.8843412824710891,0.6233165313590386,0.33311674174360606
realprize,Affiliate,90,64,0.8895047945063329,0.6233165313590386,0.335061751367411
realprize,Affiliate,90,65,0.8962589852039254,0.6233165313590386,0.3376059433472427
realprize,Affiliate,90,66,0.9014963943170651,0.6233165313590386,0.3395787887786719
realprize,Affiliate,90,67,0.9063049921739559,0.6233165313590386,0.341390108098705
realprize,Affiliate,90,68,0.9115279360127101,0.6233165313590386,0.34335750470040394
realprize,Affiliate,90,69,0.9152207874447188,0.6233165313590386,0.3447485407869887
realprize,Affiliate,90,70,0.9199907829867844,0.6233165313590386,0.3465453192531759
realprize,Affiliate,90,71,0.927296651147774,0.6233165313590386,0.34929731901349104
realprize,Affiliate,90,72,0.9312760578463439,0.6233165313590386,0.3507962957318414
realprize,Affiliate,90,73,0.936259514370865,0.6233165313590386,0.35267348142131943
realprize,Affiliate,90,74,0.9405610421420945,0.6233165313590386,0.3542937958226416
realprize,Affiliate,90,75,0.9439676318298285,0.6233165313590386,0.3555770018424537
realprize,Affiliate,90,76,0.9459471512993508,0.6233165313590386,0.35632265410247577
realprize,Affiliate,90,77,0.9484495063086267,0.6233165313590386,0.35726524986714087
realprize,Affiliate,90,78,0.9520471955415052,0.6233165313590386,0.3586204399264738
realprize,Affiliate,90,79,0.9566257814796726,0.6233165313590386,0.3603451175591334
realprize,Affiliate,90,80,0.9596783874236968,0.6233165313590386,0.3614949837545225
realprize,Affiliate,90,81,0.964869726973695,0.6233165313590386,0.3634504755431088
realprize,Affiliate,90,82,0.9691341200415331,0.6233165313590386,0.3650568019155505
realprize,Affiliate,90,83,0.9749720716192568,0.6233165313590386,0.36725586176560543
realprize,Affiliate,90,84,0.9779051070223015,0.6233165313590386,0.36836068771487107
realprize,Affiliate,90,85,0.9813529086860369,0.6233165313590386,0.36965941760475296
realprize,Affiliate,90,86,0.9846405391653008,0.6233165313590386,0.37089781365729185
realprize,Affiliate,90,87,0.988792482966583,0.6233165313590386,0.3724617822499612
realprize,Affiliate,90,88,0.9922817033121553,0.6233165313590386,0.37377611387258397
realprize,Affiliate,90,89,0.9967470116101304,0.6233165313590386,0.3754581216908165
realprize,Affiliate,90,90,1.0,0.6233165313590386,0.37668346864096136
realprize,Affiliate,120,1,0.24364624320190592,0.6012036489647962,0.09716523273235592
realprize,Affiliate,120,2,0.30752673169849654,0.6012036489647962,0.12264053844714257
realprize,Affiliate,120,3,0.333913385225982,0.6012036489647962,0.13316343958993396
realprize,Affiliate,120,4,0.34926768143205456,0.6012036489647962,0.13928667688962937
realprize,Affiliate,120,5,0.3671501126441797,0.6012036489647962,0.1464181252046629
realprize,Affiliate,120,6,0.3851919305974163,0.6012036489647962,0.1536131363704551
realprize,Affiliate,120,7,0.39947066296770256,0.6012036489647962,0.15930744273713351
realprize,Affiliate,120,8,0.41369383097945,0.6012036489647962,0.16497959024037903
realprize,Affiliate,120,9,0.43089592621642026,0.6012036489647962,0.1718397230510428
realprize,Affiliate,120,10,0.4413684056718821,0.6012036489647962,0.17601610964417216
realprize,Affiliate,120,11,0.4498296374307427,0.6012036489647962,0.17939041799486893
realprize,Affiliate,120,12,0.4590793393391443,0.6012036489647962,0.18307916536410285
realprize,Affiliate,120,13,0.4728471837207192,0.6012036489647962,0.18856973146509545
realprize,Affiliate,120,14,0.478532175900719,0.6012036489647962,0.19083688560214304
realprize,Affiliate,120,15,0.48570049043560665,0.6012036489647962,0.19369558328172884
realprize,Affiliate,120,16,0.4946945092629286,0.6012036489647962,0.19728236517120676
realprize,Affiliate,120,17,0.5006252031703284,0.6012036489647962,0.19964750426058453
realprize,Affiliate,120,18,0.5102754858688933,0.6012036489647962,0.20349600178723035
realprize,Affiliate,120,19,0.5209312904426235,0.6012036489647962,0.20774549776857823
realprize,Affiliate,120,20,0.5316767853773521,0.6012036489647962,0.21203076193861523
realprize,Affiliate,120,21,0.5445454017377321,0.6012036489647962,0.21716271918600671
realprize,Affiliate,120,22,0.5526267623048094,0.6012036489647962,0.22038553629155694
realprize,Affiliate,120,23,0.5601611759397866,0.6012036489647962,0.22339023295637572
realprize,Affiliate,120,24,0.5693828476995998,0.6012036489647962,0.2270678020046336
realprize,Affiliate,120,25,0.5794071342017166,0.6012036489647962,0.23106545088340924
realprize,Affiliate,120,26,0.5858730800183597,0.6012036489647962,0.23364404648107784
realprize,Affiliate,120,27,0.5930544821854664,0.6012036489647962,0.2365079634606363
realprize,Affiliate,120,28,0.6009705055350903,0.6012036489647962,0.2396648446871758
realprize,Affiliate,120,29,0.6084783021667808,0.6012036489647962,0.24265892658820834
realprize,Affiliate,120,30,0.6185046457293051,0.6012036489647962,0.24665739581516832
realprize,Affiliate,120,31,0.6244641221418213,0.6012036489647962,0.2490340132625602
realprize,Affiliate,120,32,0.6279058774097541,0.6012036489647962,0.25040657270456795
realprize,Affiliate,120,33,0.6360666922923881,0.6012036489647962,0.2536610759012362
realprize,Affiliate,120,34,0.6411569968896005,0.6012036489647962,0.2556910708002622
realprize,Affiliate,120,35,0.6452491561189372,0.6012036489647962,0.2573230089687767
realprize,Affiliate,120,36,0.6476068101486575,0.6012036489647962,0.25826323279283264
realprize,Affiliate,120,37,0.6517415555206503,0.6012036489647962,0.259912154159643
realprize,Affiliate,120,38,0.6593147628322104,0.6012036489647962,0.26293232160112634
realprize,Affiliate,120,39,0.663574569509803,0.6012036489647962,0.26463111696026564
realprize,Affiliate,120,40,0.6676688412957231,0.6012036489647962,0.266263897608637
realprize,Affiliate,120,41,0.6771491128569416,0.6012036489647962,0.2700445953140737
realprize,Affiliate,120,42,0.6837616534452396,0.6012036489647962,0.2726816523717592
realprize,Affiliate,120,43,0.6879365717451378,0.6012036489647962,0.27434659455562865
realprize,Affiliate,120,44,0.6908850659180672,0.6012036489647962,0.2755224432728415
realprize,Affiliate,120,45,0.6950992770322559,0.6012036489647962,0.2772030552876719
realprize,Affiliate,120,46,0.6988734881205232,0.6012036489647962,0.27870819689770954
realprize,Affiliate,120,47,0.7056201835754161,0.6012036489647962,0.2813987544266666
realprize,Affiliate,120,48,0.715628977557757,0.6012036489647962,0.28539022494508726
realprize,Affiliate,120,49,0.721096427021684,0.6012036489647962,0.2875706238407707
realprize,Affiliate,120,50,0.7275504137227216,0.6012036489647962,0.29014445018677426
realprize,Affiliate,120,51,0.7299396098887692,0.6012036489647962,0.29109725289970134
realprize,Affiliate,120,52,0.7327203714411576,0.6012036489647962,0.29220621045989287
realprize,Affiliate,120,53,0.7354786759009854,0.6012036489647962,0.29330621221351627
realprize,Affiliate,120,54,0.738935307928086,0.6012036489647962,0.29468470445279543
realprize,Affiliate,120,55,0.7428044333076593,0.6012036489647962,0.296227697535867
realprize,Affiliate,120,56,0.746658081747361,0.6012036489647962,0.2977645184717925
realprize,Affiliate,120,57,0.7512155371713569,0.6012036489647962,0.2995820150648877
realprize,Affiliate,120,58,0.7591696962668776,0.6012036489647962,0.3027541046877348
realprize,Affiliate,120,59,0.7631208101917376,0.6012036489647962,0.30432979450349334
realprize,Affiliate,120,60,0.7660377338375781,0.6012036489647962,0.30549305300970286
realprize,Affiliate,120,61,0.7717762979750655,0.6012036489647962,0.3077815714479143
realprize,Affiliate,120,62,0.7818329756320813,0.6012036489647962,0.31179213780106946
realprize,Affiliate,120,63,0.7878410032832506,0.6012036489647962,0.31418811730527435
realprize,Affiliate,120,64,0.7924410672890205,0.6012036489647962,0.3160226060453038
realprize,Affiliate,120,65,0.7984582333775342,0.6012036489647962,0.3184222299249758
realprize,Affiliate,120,66,0.8031241307319705,0.6012036489647962,0.32028297276422985
realprize,Affiliate,120,67,0.8074080091791834,0.6012036489647962,0.32199136785725674
realprize,Affiliate,120,68,0.8120610197256528,0.6012036489647962,0.323846971484517
realprize,Affiliate,120,69,0.8153509032071071,0.6012036489647962,0.325158965012252
realprize,Affiliate,120,70,0.8196003916659256,0.6012036489647962,0.326853645503395
realprize,Affiliate,120,71,0.8261090355751252,0.6012036489647962,0.3294492689445713
realprize,Affiliate,120,72,0.8296542051018864,0.6012036489647962,0.3308630696156449
realprize,Affiliate,120,73,0.8340938614494067,0.6012036489647962,0.3326335883668863
realprize,Affiliate,120,74,0.8379260018482657,0.6012036489647962,0.3341618319746058
realprize,Affiliate,120,75,0.8409608607772295,0.6012036489647962,0.3353721226413832
realprize,Affiliate,120,76,0.8427243729368445,0.6012036489647962,0.3360754048556439
realprize,Affiliate,120,77,0.8449536682554686,0.6012036489647962,0.336964439694091
realprize,Affiliate,120,78,0.848158773740098,0.6012036489647962,0.3382426240660441
realprize,Affiliate,120,79,0.8522377394184444,0.6012036489647962,0.3398693006945665
realprize,Affiliate,120,80,0.8549572416934578,0.6012036489647962,0.3409538282784738
realprize,Affiliate,120,81,0.8595820966454127,0.6012036489647962,0.34279820355738055
realprize,Affiliate,120,82,0.8633811545199608,0.6012036489647962,0.34431325397512186
realprize,Affiliate,120,83,0.8685820624943811,0.6012036489647962,0.34638735709739055
realprize,Affiliate,120,84,0.8711950418954366,0.6012036489647962,0.34742940374786163
realprize,Affiliate,120,85,0.8742666157049153,0.6012036489647962,0.348654336175017
realprize,Affiliate,120,86,0.8771954963831646,0.6012036489647962,0.3498223631021204
realprize,Affiliate,120,87,0.8808943755769952,0.6012036489647962,0.3512974626275401
realprize,Affiliate,120,88,0.8840028484168594,0.6012036489647962,0.3525371102533699
realprize,Affiliate,120,89,0.8879808974338811,0.6012036489647962,0.3541235416855974
realprize,Affiliate,120,90,0.8908789162050758,0.6012036489647962,0.3552792609967813
realprize,Affiliate,120,91,0.8942569531338483,0.6012036489647962,0.356626409797638
realprize,Affiliate,120,92,0.8974512492351011,0.6012036489647962,0.3579002834269436
realprize,Affiliate,120,93,0.9009921003797476,0.6012036489647962,0.35931236194298743
realprize,Affiliate,120,94,0.9047440048882287,0.6012036489647962,0.36080860777040225
realprize,Affiliate,120,95,0.9069448326535228,0.6012036489647962,0.3616862898524585
realprize,Affiliate,120,96,0.9112035549819331,0.6012036489647962,0.36338465277710064
realprize,Affiliate,120,97,0.9149385338031549,0.6012036489647962,0.3648741487021977
realprize,Affiliate,120,98,0.9171295743508442,0.6012036489647962,0.36574792767758635
realprize,Affiliate,120,99,0.9200044051496233,0.6012036489647962,0.36689439970998305
realprize,Affiliate,120,100,0.9234354204187895,0.6012036489647962,0.3682626760796726
realprize,Affiliate,120,101,0.9267878336228839,0.6012036489647962,0.36959960623262766
realprize,Affiliate,120,102,0.9307126957369084,0.6012036489647962,0.37116482692201697
realprize,Affiliate,120,103,0.9336009205590124,0.6012036489647962,0.3723166404420414
realprize,Affiliate,120,104,0.9373928568538967,0.6012036489647962,0.37382885079979916
realprize,Affiliate,120,105,0.9424542948350009,0.6012036489647962,0.3758473337976545
realprize,Affiliate,120,106,0.9459844183625928,0.6012036489647962,0.3772551341791617
realprize,Affiliate,120,107,0.9485007289157112,0.6012036489647962,0.3782586296458167
realprize,Affiliate,120,108,0.9520840152567808,0.6012036489647962,0.3796876311633495
realprize,Affiliate,120,109,0.95597426706425,0.6012036489647962,0.38123904938877634
realprize,Affiliate,120,110,0.9623307662100261,0.6012036489647962,0.38377399805347023
realprize,Affiliate,120,111,0.9683912518046873,0.6012036489647962,0.38619089759412256
realprize,Affiliate,120,112,0.9707947181809293,0.6012036489647962,0.3871493912148037
realprize,Affiliate,120,113,0.9761248068318371,0.6012036489647962,0.3892750111194798
realprize,Affiliate,120,114,0.9807819466885148,0.6012036489647962,0.3911322615005835
realprize,Affiliate,120,115,0.9858225328240503,0.6012036489647962,0.3931424288585137
realprize,Affiliate,120,116,0.9894039406204738,0.6012036489647962,0.39457068121929645
realprize,Affiliate,120,117,0.9935275405474893,0.6012036489647962,0.39621515782331923
realprize,Affiliate,120,118,0.9960125693873103,0.6012036489647962,0.3972061782568571
realprize,Affiliate,120,119,0.997588010854554,0.6012036489647962,0.39783445856526345
realprize,Affiliate,120,120,1.0,0.6012036489647962,0.39879635103520383
realprize,Affiliate,150,1,0.22561013164124552,0.6012036489647962,0.0899724972551007
realprize,Affiliate,150,2,0.2847618149572891,0.6012036489647962,0.11356197271912881
realprize,Affiliate,150,3,0.30919517497004617,0.6012036489647962,0.1233059075357458
realprize,Affiliate,150,4,0.3234128568960509,0.6012036489647962,0.12897586720801565
realprize,Affiliate,150,5,0.33997152657555746,0.6012036489647962,0.13557940425420015
realprize,Affiliate,150,6,0.3566777842628718,0.6012036489647962,0.14224179885935492
realprize,Affiliate,150,7,0.36989952184189473,0.6012036489647962,0.1475145795602143
realprize,Affiliate,150,8,0.38306980825926723,0.6012036489647962,0.15276684172555097
realprize,Affiliate,150,9,0.39899850438819545,0.6012036489647962,0.15911914761851612
realprize,Affiliate,150,10,0.40869575002394715,0.6012036489647962,0.16298637379314593
realprize,Affiliate,150,11,0.41653063221165126,0.6012036489647962,0.16611089622039305
realprize,Affiliate,150,12,0.42509561740400426,0.6012036489647962,0.16952658106177398
realprize,Affiliate,150,13,0.4378442858937099,0.6012036489647962,0.17461070353602606
realprize,Affiliate,150,14,0.4431084418981443,0.6012036489647962,0.17671002974187458
realprize,Affiliate,150,15,0.449746116112237,0.6012036489647962,0.1793571099978152
realprize,Affiliate,150,16,0.45807434537179686,0.6012036489647962,0.1826783774371123
realprize,Affiliate,150,17,0.46356601483317905,0.6012036489647962,0.184868435179403
realprize,Affiliate,150,18,0.47250192749649983,0.6012036489647962,0.18843204454270457
realprize,Affiliate,150,19,0.4823689274593537,0.6012036489647962,0.1923669681235552
realprize,Affiliate,150,20,0.49231897838119554,0.6012036489647962,0.1963350121238002
realprize,Affiliate,150,21,0.5042349849362407,0.6012036489647962,0.20108707205686377
realprize,Affiliate,150,22,0.5117181162064725,0.6012036489647962,0.20407131750174962
realprize,Affiliate,150,23,0.5186947887366463,0.6012036489647962,0.2068535890491505
realprize,Affiliate,150,24,0.5272338187349859,0.6012036489647962,0.21025892305386845
realprize,Affiliate,150,25,0.5365160492657394,0.6012036489647962,0.2139606427190005
realprize,Affiliate,150,26,0.5425033481779132,0.6012036489647962,0.2163483556777325
realprize,Affiliate,150,27,0.5491531412015924,0.6012036489647962,0.2190002688707151
realprize,Affiliate,150,28,0.5564831744765314,0.6012036489647962,0.2219234593937274
realprize,Affiliate,150,29,0.5634352003487617,0.6012036489647962,0.22469590194387518
realprize,Affiliate,150,30,0.572719335664351,0.6012036489647962,0.22839838123024925
realprize,Affiliate,150,31,0.57823765698247,0.6012036489647962,0.23059906763575488
realprize,Affiliate,150,32,0.5814246335139808,0.6012036489647962,0.23187002224735623
realprize,Affiliate,150,33,0.5889813374293584,0.6012036489647962,0.23488360819466225
realprize,Affiliate,150,34,0.5936948280835912,0.6012036489647962,0.23676333106820882
realprize,Affiliate,150,35,0.5974840618936218,0.6012036489647962,0.23827446368486827
realprize,Affiliate,150,36,0.5996671886638916,0.6012036489647962,0.2391450866746991
realprize,Affiliate,150,37,0.603495856142689,0.6012036489647962,0.24067194529457067
realprize,Affiliate,150,38,0.6105084506159459,0.6012036489647962,0.2434685423817952
realprize,Affiliate,150,39,0.6144529216353555,0.6012036489647962,0.24504158303109982
realprize,Affiliate,150,40,0.6182441116182481,0.6012036489647962,0.2465534957623586
realprize,Affiliate,150,41,0.6270225983571092,0.6012036489647962,0.2500543242414273
realprize,Affiliate,150,42,0.6331456402435902,0.6012036489647962,0.25249617100299165
realprize,Affiliate,150,43,0.6370115068165909,0.6012036489647962,0.2540378644858933
realprize,Affiliate,150,44,0.6397417363073318,0.6012036489647962,0.25512667004428946
realprize,Affiliate,150,45,0.6436439870120481,0.6012036489647962,0.2566828733861549
realprize,Affiliate,150,46,0.6471388090510656,0.6012036489647962,0.2580765956628325
realprize,Affiliate,150,47,0.6533860748808958,0.6012036489647962,0.2605679824797157
realprize,Affiliate,150,48,0.6626539597382658,0.6012036489647962,0.26426398114264926
realprize,Affiliate,150,49,0.6677166768033356,0.6012036489647962,0.26628297423452274
realprize,Affiliate,150,50,0.6736929018831752,0.6012036489647962,0.2686662709893279
realprize,Affiliate,150,51,0.6759052358574449,0.6012036489647962,0.2695485417055378
realprize,Affiliate,150,52,0.6784801492714695,0.6012036489647962,0.27057540777928246
realprize,Affiliate,150,53,0.6810342679974974,0.6012036489647962,0.27159398100733306
realprize,Affiliate,150,54,0.6842350200239643,0.6012036489647962,0.2728704292360566
realprize,Affiliate,150,55,0.6878177302465825,0.6012036489647962,0.27429920099965327
realprize,Affiliate,150,56,0.6913861092224066,0.6012036489647962,0.27572225751432267
realprize,Affiliate,150,57,0.6956061952973835,0.6012036489647962,0.27740521244207794
realprize,Affiliate,150,58,0.7029715412885743,0.6012036489647962,0.28034248554747654
realprize,Affiliate,150,59,0.706630170787649,0.6012036489647962,0.2818015336414973
realprize,Affiliate,150,60,0.7093311667852774,0.6012036489647962,0.2828786809895122
realprize,Affiliate,150,61,0.7146449290394213,0.6012036489647962,0.2849977899867334
realprize,Affiliate,150,62,0.7239571529434554,0.6012036489647962,0.288711470899685
realprize,Affiliate,150,63,0.7295204314552497,0.6012036489647962,0.2909300860699811
realprize,Affiliate,150,64,0.7337799719770376,0.6012036489647962,0.2926287752871567
realprize,Affiliate,150,65,0.73935171244591,0.6012036489647962,0.2948507650550582
realprize,Affiliate,150,66,0.7436722129491196,0.6012036489647962,0.29657376489038395
realprize,Affiliate,150,67,0.7476389738058009,0.6012036489647962,0.29815569464545777
realprize,Affiliate,150,68,0.7519475414574972,0.6012036489647962,0.2998739357031425
realprize,Affiliate,150,69,0.7549938886351969,0.6012036489647962,0.3010888078415956
realprize,Affiliate,150,70,0.7589288052503794,0.6012036489647962,0.30265803822935816
realprize,Affiliate,150,71,0.764955641494038,0.6012036489647962,0.30506151853161595
realprize,Affiliate,150,72,0.7682383769596546,0.6012036489647962,0.30637066145671765
realprize,Affiliate,150,73,0.7723493841307191,0.6012036489647962,0.30801011611561774
realprize,Affiliate,150,74,0.7758978472159384,0.6012036489647962,0.3094252302457863
realprize,Affiliate,150,75,0.778708048241319,0.6012036489647962,0.3105459281603835
realprize,Affiliate,150,76,0.7803410149772434,0.6012036489647962,0.311197149336032
realprize,Affiliate,150,77,0.7824052848945316,0.6012036489647962,0.3120203726465983
realprize,Affiliate,150,78,0.7853731298356584,0.6012036489647962,0.31320393837955796
realprize,Affiliate,150,79,0.7891501467580546,0.6012036489647962,0.31471019894600777
realprize,Affiliate,150,80,0.7916683356625969,0.6012036489647962,0.31571444349235656
realprize,Affiliate,150,81,0.7959508319605906,0.6012036489647962,0.3174222873893182
realprize,Affiliate,150,82,0.7994686614823009,0.6012036489647962,0.3188251849661402
realprize,Affiliate,150,83,0.8042845680086765,0.6012036489647962,0.32074575091578544
realprize,Affiliate,150,84,0.80670411948175,0.6012036489647962,0.321710659214389
realprize,Affiliate,150,85,0.8095483175387175,0.6012036489647962,0.32284491502112905
realprize,Affiliate,150,86,0.8122603854396938,0.6012036489647962,0.3239264778037981
realprize,Affiliate,150,87,0.815685452089105,0.6012036489647962,0.3252923818856357
realprize,Affiliate,150,88,0.8185638176956859,0.6012036489647962,0.3264402635864853
realprize,Affiliate,150,89,0.822247388394791,0.6012036489647962,0.32790925814006866
realprize,Affiliate,150,90,0.824930878966514,0.6012036489647962,0.3289794243881091
realprize,Affiliate,150,91,0.8280588539608085,0.6012036489647962,0.3302268494019632
realprize,Affiliate,150,92,0.8310166896919655,0.6012036489647962,0.3314064234985101
realprize,Affiliate,150,93,0.8342954264472199,0.6012036489647962,0.33271397175251055
realprize,Affiliate,150,94,0.8377695931691846,0.6012036489647962,0.33409945676411806
realprize,Affiliate,150,95,0.83980750286696,0.6012036489647962,0.33491216771533017
realprize,Affiliate,150,96,0.8437509698070186,0.6012036489647962,0.33648480794145347
realprize,Affiliate,150,97,0.8472094637795065,0.6012036489647962,0.3378640427177589
realprize,Affiliate,150,98,0.8492383107664303,0.6012036489647962,0.33867313949295286
realprize,Affiliate,150,99,0.8519003298742783,0.6012036489647962,0.33973474299954864
realprize,Affiliate,150,100,0.8550773614441771,0.6012036489647962,0.3410017315967479
realprize,Affiliate,150,101,0.8581816095308787,0.6012036489647962,0.34223969440643254
realprize,Affiliate,150,102,0.8618159305307928,0.6012036489647962,0.3436890483596889
realprize,Affiliate,150,103,0.8644903521584819,0.6012036489647962,0.34475559794594096
realprize,Affiliate,150,104,0.8680015872812624,0.6012036489647962,0.3461558657005325
realprize,Affiliate,150,105,0.8726883481941514,0.6012036489647962,0.348024928850767
realprize,Affiliate,150,106,0.8759571514529395,0.6012036489647962,0.3493285156626237
realprize,Affiliate,150,107,0.8782871900682645,0.6012036489647962,0.3502577265601864
realprize,Affiliate,150,108,0.8816052207199706,0.6012036489647962,0.3515809450767097
realprize,Affiliate,150,109,0.885207493469456,0.6012036489647962,0.3530175183046381
realprize,Affiliate,150,110,0.8910934475896992,0.6012036489647962,0.3553648153301517
realprize,Affiliate,150,111,0.8967053008030004,0.6012036489647962,0.3576028019141614
realprize,Affiliate,150,112,0.8989308486235342,0.6012036489647962,0.35849034226404464
realprize,Affiliate,150,113,0.9038663731216251,0.6012036489647962,0.3604586114243281
realprize,Affiliate,150,114,0.908178764407979,0.6012036489647962,0.36217837733356206
realprize,Affiliate,150,115,0.9128462170501476,0.6012036489647962,0.36403974041588855
realprize,Affiliate,150,116,0.9161625082180048,0.6012036489647962,0.3653622652326003
realprize,Affiliate,150,117,0.9199808553024655,0.6012036489647962,0.36688500811686914
realprize,Affiliate,150,118,0.9222819278587936,0.6012036489647962,0.3678026674558
realprize,Affiliate,150,119,0.9237407459885004,0.6012036489647962,0.36838443880275107
realprize,Affiliate,150,120,0.9259741856733077,0.6012036489647962,0.36927512639930943
realprize,Affiliate,150,121,0.9275280618696014,0.6012036489647962,0.3698948065563518
realprize,Affiliate,150,122,0.9302882515817831,0.6012036489647962,0.3709955601417348
realprize,Affiliate,150,123,0.9323033901201698,0.6012036489647962,0.3717991900376738
realprize,Affiliate,150,124,0.9344250741411264,0.6012036489647962,0.37264530988328104
realprize,Affiliate,150,125,0.9363739550072291,0.6012036489647962,0.3734225164612851
realprize,Affiliate,150,126,0.9399586878378529,0.6012036489647962,0.37485209483357396
realprize,Affiliate,150,127,0.9447846299876683,0.6012036489647962,0.37677666295322737
realprize,Affiliate,150,128,0.9478151632780363,0.6012036489647962,0.37798522857111677
realprize,Affiliate,150,129,0.9534579501317001,0.6012036489647962,0.38023555137802734
realprize,Affiliate,150,130,0.9558875131960795,0.6012036489647962,0.3812044522627117
realprize,Affiliate,150,131,0.9581046278288322,0.6012036489647962,0.3820886294880803
realprize,Affiliate,150,132,0.960610604431026,0.6012036489647962,0.38308800381281477
realprize,Affiliate,150,133,0.9634043305565787,0.6012036489647962,0.3842021315974769
realprize,Affiliate,150,134,0.9646896277443344,0.6012036489647962,0.3847147034259497
realprize,Affiliate,150,135,0.9664178894541343,0.6012036489647962,0.38540392788945177
realprize,Affiliate,150,136,0.968408180166658,0.6012036489647962,0.38619764856310546
realprize,Affiliate,150,137,0.9703795174831478,0.6012036489647962,0.3869838106915811
realprize,Affiliate,150,138,0.9718619725311246,0.6012036489647962,0.387575008355288
realprize,Affiliate,150,139,0.9744121784551559,0.6012036489647962,0.38859202117218006
realprize,Affiliate,150,140,0.9771281789319194,0.6012036489647962,0.38967515225172317
realprize,Affiliate,150,141,0.9799429681691407,0.6012036489647962,0.3907976799284602
realprize,Affiliate,150,142,0.9823616369339524,0.6012036489647962,0.39176223620622996
realprize,Affiliate,150,143,0.9860253810557947,0.6012036489647962,0.39322332399314736
realprize,Affiliate,150,144,0.9878321730197825,0.6012036489647962,0.3939438660354654
realprize,Affiliate,150,145,0.9888808548437715,0.6012036489647962,0.39436207652026917
realprize,Affiliate,150,146,0.991006108665847,0.6012036489647962,0.39520961998953646
realprize,Affiliate,150,147,0.9930239357754342,0.6012036489647962,0.3960143220778598
realprize,Affiliate,150,148,0.9953391935663145,0.6012036489647962,0.39693763843656865
realprize,Affiliate,150,149,0.9977614939880833,0.6012036489647962,0.3979036430058811
realprize,Affiliate,150,150,1.0,0.6012036489647962,0.39879635103520383
realprize,Affiliate,180,1,0.2074139263556809,0.6012036489647962,0.08271591698453004
realprize,Affiliate,180,2,0.26179483025337386,0.6012036489647962,0.10440282302492608
realprize,Affiliate,180,3,0.28425755875515246,0.6012036489647962,0.11336087718572986
realprize,Affiliate,180,4,0.2973285374851242,0.6012036489647962,0.11857353580770136
realprize,Affiliate,180,5,0.3125516955430903,0.6012036489647962,0.1246444756924504
realprize,Affiliate,180,6,0.32791053814660287,0.6012036489647962,0.13076952607885522
realprize,Affiliate,180,7,0.3400658987439292,0.6012036489647962,0.13561703953058607
realprize,Affiliate,180,8,0.35217395788641465,0.6012036489647962,0.1404456893347277
realprize,Affiliate,180,9,0.3668179518497759,0.6012036489647962,0.14628566069189772
realprize,Affiliate,180,10,0.37573308246698195,0.6012036489647962,0.14984098225104173
realprize,Affiliate,180,11,0.38293605542419823,0.6012036489647962,0.15271350158298483
realprize,Affiliate,180,12,0.3908102461575696,0.6012036489647962,0.15585370011480854
realprize,Affiliate,180,13,0.40253069225642457,0.6012036489647962,0.1605277712515367
realprize,Affiliate,180,14,0.4073702766220984,0.6012036489647962,0.16245777983709445
realprize,Affiliate,180,15,0.4134726003989581,0.6012036489647962,0.16489136429214146
realprize,Affiliate,180,16,0.4211291303506466,0.6012036489647962,0.16794476049846657
realprize,Affiliate,180,17,0.4261778784584848,0.6012036489647962,0.16995818282116834
realprize,Affiliate,180,18,0.43439308013222017,0.6012036489647962,0.1732343752716723
realprize,Affiliate,180,19,0.44346427382710796,0.6012036489647962,0.1768519342167271
realprize,Affiliate,180,20,0.45261182014572765,0.6012036489647962,0.18049994230951816
realprize,Affiliate,180,21,0.4635667612562275,0.6012036489647962,0.184868732850191
realprize,Affiliate,180,22,0.4704463531739425,0.6012036489647962,0.18761228900358706
realprize,Affiliate,180,23,0.4768603339285047,0.6012036489647962,0.19017016112411647
realprize,Affiliate,180,24,0.4847106628403325,0.6012036489647962,0.19330084364857955
realprize,Affiliate,180,25,0.49324425069703226,0.6012036489647962,0.19670400734706975
realprize,Affiliate,180,26,0.49874865409684854,0.6012036489647962,0.19889914333754227
realprize,Affiliate,180,27,0.5048621192611131,0.6012036489647962,0.2013371709372318
realprize,Affiliate,180,28,0.5116009610445597,0.6012036489647962,0.20402459645067386
realprize,Affiliate,180,29,0.5179922829758746,0.6012036489647962,0.20657343231517353
realprize,Affiliate,180,30,0.5265276219901965,0.6012036489647962,0.20997729436893353
realprize,Affiliate,180,31,0.5316008723941428,0.6012036489647962,0.21200048811791516
realprize,Affiliate,180,32,0.5345308086997304,0.6012036489647962,0.21316893602534906
realprize,Affiliate,180,33,0.5414780393847786,0.6012036489647962,0.2159394662723461
realprize,Affiliate,180,34,0.5458113713868618,0.6012036489647962,0.21766758326260094
realprize,Affiliate,180,35,0.5492949909242499,0.6012036489647962,0.21905683802250628
realprize,Affiliate,180,36,0.5513020412808087,0.6012036489647962,0.21985724238104584
realprize,Affiliate,180,37,0.5548219140308076,0.6012036489647962,0.22126095478985364
realprize,Affiliate,180,38,0.5612689195046188,0.6012036489647962,0.2238319970479135
realprize,Affiliate,180,39,0.5648952558556515,0.6012036489647962,0.22527816675233167
realprize,Affiliate,180,40,0.5683806737940732,0.6012036489647962,0.2266681387080069
realprize,Affiliate,180,41,0.5764511464662126,0.6012036489647962,0.22988661376078545
realprize,Affiliate,180,42,0.5820803447193073,0.6012036489647962,0.23213151748337332
realprize,Affiliate,180,43,0.5856344163332021,0.6012036489647962,0.23354886827431237
realprize,Affiliate,180,44,0.5881444437615231,0.6012036489647962,0.23454985805372505
realprize,Affiliate,180,45,0.5917319650062537,0.6012036489647962,0.2359805484353849
realprize,Affiliate,180,46,0.5949449180582898,0.6012036489647962,0.2372618623885843
realprize,Affiliate,180,47,0.6006883211817508,0.6012036489647962,0.23955231059674473
realprize,Affiliate,180,48,0.6092087203911984,0.6012036489647962,0.24295021471083572
realprize,Affiliate,180,49,0.6138631125359795,0.6012036489647962,0.24480636931446131
realprize,Affiliate,180,50,0.6193573352447623,0.6012036489647962,0.24699744528249867
realprize,Affiliate,180,51,0.6213912371474616,0.6012036489647962,0.24780855793965867
realprize,Affiliate,180,52,0.6237584752557128,0.6012036489647962,0.24875260385926076
realprize,Affiliate,180,53,0.626106595836514,0.6012036489647962,0.2496890257786749
realprize,Affiliate,180,54,0.629049196597707,0.6012036489647962,0.2508625242247921
realprize,Affiliate,180,55,0.6323429493598813,0.6012036489647962,0.25217606080755933
realprize,Affiliate,180,56,0.6356235267378408,0.6012036489647962,0.25348434309517826
realprize,Affiliate,180,57,0.6395032488762143,0.6012036489647962,0.2550315621269921
realprize,Affiliate,180,58,0.6462745552882427,0.6012036489647962,0.2577319344158503
realprize,Affiliate,180,59,0.6496381041854637,0.6012036489647962,0.2590733054425905
realprize,Affiliate,180,60,0.652121255898836,0.6012036489647962,0.26006357728495016
realprize,Affiliate,180,61,0.6570064456056759,0.6012036489647962,0.2620117731141527
realprize,Affiliate,180,62,0.6655676077706371,0.6012036489647962,0.2654259333461598
realprize,Affiliate,180,63,0.6706821894215016,0.6012036489647962,0.2674656098455962
realprize,Affiliate,180,64,0.6745981838747118,0.6012036489647962,0.26902729414421056
realprize,Affiliate,180,65,0.6797205449977546,0.6012036489647962,0.27107007306876457
realprize,Affiliate,180,66,0.6836925828077293,0.6012036489647962,0.2726541072535564
realprize,Affiliate,180,67,0.6873394112467403,0.6012036489647962,0.27410844912788535
realprize,Affiliate,180,68,0.6913004786292478,0.6012036489647962,0.2756881083462339
realprize,Affiliate,180,69,0.6941011278047645,0.6012036489647962,0.27680499701795974
realprize,Affiliate,180,70,0.6977186803459554,0.6012036489647962,0.2782476637710648
realprize,Affiliate,180,71,0.7032594322603585,0.6012036489647962,0.2804572954165201
realprize,Affiliate,180,72,0.7062774042244602,0.6012036489647962,0.2816608516233304
realprize,Affiliate,180,73,0.7100568450342495,0.6012036489647962,0.2831680788272279
realprize,Affiliate,180,74,0.7133191128042264,0.6012036489647962,0.28446905930999444
realprize,Affiliate,180,75,0.7159026617977169,0.6012036489647962,0.28549936922131913
realprize,Affiliate,180,76,0.717403924351142,0.6012036489647962,0.2860980672495708
realprize,Affiliate,180,77,0.7193017040540655,0.6012036489647962,0.2868548948701654
realprize,Affiliate,180,78,0.722030182458718,0.6012036489647962,0.28794300210181917
realprize,Affiliate,180,79,0.725502570440973,0.6012036489647962,0.289327777758521
realprize,Affiliate,180,80,0.7278176590595418,0.6012036489647962,0.2902510266519293
realprize,Affiliate,180,81,0.7317547578294807,0.6012036489647962,0.29182112727504617
realprize,Affiliate,180,82,0.734988862734433,0.6012036489647962,0.29311087651000617
realprize,Affiliate,180,83,0.739416350428939,0.6012036489647962,0.2948765424468285
realprize,Affiliate,180,84,0.7416407570519885,0.6012036489647962,0.29576362769131914
realprize,Affiliate,180,85,0.7442555611037271,0.6012036489647962,0.2968064020058246
realprize,Affiliate,180,86,0.7467488917347256,0.6012036489647962,0.29780073316339106
realprize,Affiliate,180,87,0.7498977154006501,0.6012036489647962,0.29905647255141504
realprize,Affiliate,180,88,0.7525439312758192,0.6012036489647962,0.3001117737864839
realprize,Affiliate,180,89,0.7559304097825782,0.6012036489647962,0.30146228905783856
realprize,Affiliate,180,90,0.7583974679406957,0.6012036489647962,0.30244614284908744
realprize,Affiliate,180,91,0.7612731613787045,0.6012036489647962,0.30359295889886123
realprize,Affiliate,180,92,0.7639924378493639,0.6012036489647962,0.30467739643281605
realprize,Affiliate,180,93,0.7670067336123547,0.6012036489647962,0.3058794865840377
realprize,Affiliate,180,94,0.7702006972671555,0.6012036489647962,0.30715322763491126
realprize,Affiliate,180,95,0.7720742427896857,0.6012036489647962,0.3079003907527947
realprize,Affiliate,180,96,0.7756996560436967,0.6012036489647962,0.30934619232948896
realprize,Affiliate,180,97,0.77887921100824,0.6012036489647962,0.3106141872472647
realprize,Affiliate,180,98,0.7807444247576026,0.6012036489647962,0.3113580276844112
realprize,Affiliate,180,99,0.7831917431966104,0.6012036489647962,0.31233400934770866
realprize,Affiliate,180,100,0.7861125366347195,0.6012036489647962,0.31349881111295413
realprize,Affiliate,180,101,0.788966416818916,0.6012036489647962,0.31463692811670335
realprize,Affiliate,180,102,0.7923076177780455,0.6012036489647962,0.31596938686727954
realprize,Affiliate,180,103,0.79476633843254,0.6012036489647962,0.3169499156925068
realprize,Affiliate,180,104,0.7979943807987044,0.6012036489647962,0.3182372472091203
realprize,Affiliate,180,105,0.8023031389017244,0.6012036489647962,0.319955564218098
realprize,Affiliate,180,106,0.8053083023376805,0.6012036489647962,0.3211540124306217
realprize,Affiliate,180,107,0.8074504156118015,0.6012036489647962,0.3220082793878452
realprize,Affiliate,180,108,0.8105008360881887,0.6012036489647962,0.3232247759429515
realprize,Affiliate,180,109,0.8138125735945652,0.6012036489647962,0.32454548477608086
realprize,Affiliate,180,110,0.8192238059959998,0.6012036489647962,0.3267034645123764
realprize,Affiliate,180,111,0.8243830446376111,0.6012036489647962,0.32876095005677086
realprize,Affiliate,180,112,0.8264290946460535,0.6012036489647962,0.3295769073341733
realprize,Affiliate,180,113,0.8309665527261787,0.6012036489647962,0.3313864290595024
realprize,Affiliate,180,114,0.8349311353545289,0.6012036489647962,0.332967490145066
realprize,Affiliate,180,115,0.8392221424628923,0.6012036489647962,0.33467872812214744
realprize,Affiliate,180,116,0.8422709637505715,0.6012036489647962,0.3358945869266324
realprize,Affiliate,180,117,0.8457813484802614,0.6012036489647962,0.3372945155475624
realprize,Affiliate,180,118,0.8478968319041009,0.6012036489647962,0.33813816261766505
realprize,Affiliate,180,119,0.8492379915139118,0.6012036489647962,0.33867301217621343
realprize,Affiliate,180,120,0.8512912968816029,0.6012036489647962,0.33949186286440963
realprize,Affiliate,180,121,0.8527198478096987,0.6012036489647962,0.3400615637618022
realprize,Affiliate,180,122,0.8552574190682471,0.6012036489647962,0.3410735379202031
realprize,Affiliate,180,123,0.8571100300009071,0.6012036489647962,0.3418123524000358
realprize,Affiliate,180,124,0.8590605931696415,0.6012036489647962,0.34259022987419074
realprize,Affiliate,180,125,0.860852290331011,0.6012036489647962,0.34330475216430506
realprize,Affiliate,180,126,0.8641479025711479,0.6012036489647962,0.3446190303000986
realprize,Affiliate,180,127,0.8685846164827833,0.6012036489647962,0.34638837561864594
realprize,Affiliate,180,128,0.8713707272134235,0.6012036489647962,0.3474994664116053
realprize,Affiliate,180,129,0.87655840459472,0.6012036489647962,0.3495682932216142
realprize,Affiliate,180,130,0.878792015341036,0.6012036489647962,0.350459049036878
realprize,Affiliate,180,131,0.8808303123262581,0.6012036489647962,0.35127191443691064
realprize,Affiliate,180,132,0.8831341736051611,0.6012036489647962,0.3521906859082285
realprize,Affiliate,180,133,0.8857025764541286,0.6012036489647962,0.35321495559238514
realprize,Affiliate,180,134,0.8868842101613872,0.6012036489647962,0.35368618680310004
realprize,Affiliate,180,135,0.8884730818330273,0.6012036489647962,0.35431982302801335
realprize,Affiliate,180,136,0.8903028489993805,0.6012036489647962,0.35504952749719904
realprize,Affiliate,180,137,0.8921151914239434,0.6012036489647962,0.35577228304294095
realprize,Affiliate,180,138,0.8934780815561809,0.6012036489647962,0.3563157986545392
realprize,Affiliate,180,139,0.895822604915442,0.6012036489647962,0.35725078601512933
realprize,Affiliate,180,140,0.898319550946949,0.6012036489647962,0.35824655898122615
realprize,Affiliate,180,141,0.9009073180977797,0.6012036489647962,0.3592785510783062
realprize,Affiliate,180,142,0.9031309132059159,0.6012036489647962,0.36016531269361063
realprize,Affiliate,180,143,0.9064991642146172,0.6012036489647962,0.36150855890525135
realprize,Affiliate,180,144,0.9081602324150229,0.6012036489647962,0.36217098684239374
realprize,Affiliate,180,145,0.9091243345722666,0.6012036489647962,0.3625554672647277
realprize,Affiliate,180,146,0.9110781796258215,0.6012036489647962,0.3633346535425736
realprize,Affiliate,180,147,0.9129332622874988,0.6012036489647962,0.36407445373891917
realprize,Affiliate,180,148,0.9150617868596829,0.6012036489647962,0.36492330157139496
realprize,Affiliate,180,149,0.9172887207195993,0.6012036489647962,0.36581139466872636
realprize,Affiliate,180,150,0.9193466837983174,0.6012036489647962,0.36663210283508435
realprize,Affiliate,180,151,0.921804917693512,0.6012036489647962,0.367612437542479
realprize,Affiliate,180,152,0.9262921753178218,0.6012036489647962,0.36940193950920863
realprize,Affiliate,180,153,0.9293148076113878,0.6012036489647962,0.37060735423840396
realprize,Affiliate,180,154,0.9341492901089775,0.6012036489647962,0.3725353282175863
realprize,Affiliate,180,155,0.9419355433493717,0.6012036489647962,0.3756404575980915
realprize,Affiliate,180,156,0.9456475487852292,0.6012036489647962,0.3771207918209343
realprize,Affiliate,180,157,0.948625105001775,0.6012036489647962,0.378308230375095
realprize,Affiliate,180,158,0.9511023431006147,0.6012036489647962,0.3792961438895576
realprize,Affiliate,180,159,0.9535975690963607,0.6012036489647962,0.38029123091166933
realprize,Affiliate,180,160,0.9568051464002033,0.6012036489647962,0.38157040103610507
realprize,Affiliate,180,161,0.9597142751459784,0.6012036489647962,0.3827305509646118
realprize,Affiliate,180,162,0.9620585902948973,0.6012036489647962,0.38366545529167717
realprize,Affiliate,180,163,0.9628905576386544,0.6012036489647962,0.383997240832548
realprize,Affiliate,180,164,0.9651038416103955,0.6012036489647962,0.38487989040428305
realprize,Affiliate,180,165,0.9671404760911118,0.6012036489647962,0.3856920928035852
realprize,Affiliate,180,166,0.9688001207698582,0.6012036489647962,0.38635395304548426
realprize,Affiliate,180,167,0.9698700385342542,0.6012036489647962,0.3867806323458331
realprize,Affiliate,180,168,0.9721186876143842,0.6012036489647962,0.38767738539374763
realprize,Affiliate,180,169,0.9742667659175728,0.6012036489647962,0.3885340311827971
realprize,Affiliate,180,170,0.9759908466406795,0.6012036489647962,0.3892215882840622
realprize,Affiliate,180,171,0.9778585989968691,0.6012036489647962,0.38996644110834805
realprize,Affiliate,180,172,0.9795820976956409,0.6012036489647962,0.3906537661004321
realprize,Affiliate,180,173,0.9812654417855928,0.6012036489647962,0.3913250775810416
realprize,Affiliate,180,174,0.9826309983354063,0.6012036489647962,0.3918696565502395
realprize,Affiliate,180,175,0.9876176969213293,0.6012036489647962,0.393858333750018
realprize,Affiliate,180,176,0.9900155878855845,0.6012036489647962,0.3948146039167433
realprize,Affiliate,180,177,0.9920669754332213,0.6012036489647962,0.39563268978529986
realprize,Affiliate,180,178,0.9943012633357744,0.6012036489647962,0.39652371564800015
realprize,Affiliate,180,179,0.9978838116305008,0.6012036489647962,0.3979524228353444
realprize,Affiliate,180,180,1.0,0.6012036489647962,0.39879635103520383
realprize,Affiliate,210,1,0.1943391717153056,0.6012036489647962,0.07750175254326777
realprize,Affiliate,210,2,0.24529206579670063,0.6012036489647962,0.09782158077761134
realprize,Affiliate,210,3,0.26633881096083933,0.6012036489647962,0.10621494595023767
realprize,Affiliate,210,4,0.2785858342177785,0.6012036489647962,0.1110990141361483
realprize,Affiliate,210,5,0.29284936984365073,0.6012036489647962,0.11678726009660677
realprize,Affiliate,210,6,0.30724003686643253,0.6012036489647962,0.1225262055942548
realprize,Affiliate,210,7,0.3186291598240413,0.6012036489647962,0.12706814627124044
realprize,Affiliate,210,8,0.3299739630692941,0.6012036489647962,0.1315924124086596
realprize,Affiliate,210,9,0.34369484337587153,0.6012036489647962,0.13706424940791345
realprize,Affiliate,210,10,0.3520479907769314,0.6012036489647962,0.14039545411111534
realprize,Affiliate,210,11,0.3587969098248872,0.6012036489647962,0.1430868984008721
realprize,Affiliate,210,12,0.36617473508444853,0.6012036489647962,0.1460291481929605
realprize,Affiliate,210,13,0.3771563592550426,0.6012036489647962,0.1504085798406334
realprize,Affiliate,210,14,0.3816908706718823,0.6012036489647962,0.15221692644739657
realprize,Affiliate,210,15,0.3874085221775959,0.6012036489647962,0.1544971050043661
realprize,Affiliate,210,16,0.3945824073412804,0.6012036489647962,0.15735802423038905
realprize,Affiliate,210,17,0.39931289744248005,0.6012036489647962,0.15924452642135561
realprize,Affiliate,210,18,0.4070102373308833,0.6012036489647962,0.16231419748152856
realprize,Affiliate,210,19,0.4155096100591664,0.6012036489647962,0.165703716311656
realprize,Affiliate,210,20,0.4240805223697479,0.6012036489647962,0.1691217648661586
realprize,Affiliate,210,21,0.43434489670087956,0.6012036489647962,0.1732151598950733
realprize,Affiliate,210,22,0.4407908196845434,0.6012036489647962,0.17578577046001242
realprize,Affiliate,210,23,0.4468004822426014,0.6012036489647962,0.17818240195911883
realprize,Affiliate,210,24,0.4541559498586048,0.6012036489647962,0.18111573560453859
realprize,Affiliate,210,25,0.46215160581560605,0.6012036489647962,0.1843043740243236
realprize,Affiliate,210,26,0.46730902805963037,0.6012036489647962,0.18636113519598826
realprize,Affiliate,210,27,0.4730371186329518,0.6012036489647962,0.188645476815028
realprize,Affiliate,210,28,0.4793511639505728,0.6012036489647962,0.19116349504796618
realprize,Affiliate,210,29,0.48533959602994853,0.6012036489647962,0.19355165990964338
realprize,Affiliate,210,30,0.49333689275682385,0.6012036489647962,0.19674095266246702
realprize,Affiliate,210,31,0.4980903406025415,0.6012036489647962,0.19863661031817537
realprize,Affiliate,210,32,0.5008355824713544,0.6012036489647962,0.19973140275816703
realprize,Affiliate,210,33,0.5073448804764084,0.6012036489647962,0.20232728705038328
realprize,Affiliate,210,34,0.5114050521671373,0.6012036489647962,0.2039464687052224
realprize,Affiliate,210,35,0.5146690747299536,0.6012036489647962,0.20524814899297014
realprize,Affiliate,210,36,0.516549606624498,0.6012036489647962,0.20599809825051976
realprize,Affiliate,210,37,0.5198475971056435,0.6012036489647962,0.20731332482014944
realprize,Affiliate,210,38,0.5258882026032512,0.6012036489647962,0.20972229625063857
realprize,Affiliate,210,39,0.5292859455378904,0.6012036489647962,0.21107730373472833
realprize,Affiliate,210,40,0.5325516531359087,0.6012036489647962,0.21237965600836595
realprize,Affiliate,210,41,0.5401133873068583,0.6012036489647962,0.21539524800323886
realprize,Affiliate,210,42,0.545387737709211,0.6012036489647962,0.2174986396977782
realprize,Affiliate,210,43,0.5487177712599804,0.6012036489647962,0.21882664492664985
realprize,Affiliate,210,44,0.5510695740534249,0.6012036489647962,0.2197645352990299
realprize,Affiliate,210,45,0.5544309486701728,0.6012036489647962,0.22110503923065133
realprize,Affiliate,210,46,0.557441366754743,0.6012036489647962,0.2223055829778683
realprize,Affiliate,210,47,0.5628227228934165,0.6012036489647962,0.22445164816959218
realprize,Affiliate,210,48,0.570806021576111,0.6012036489647962,0.22763535855347491
realprize,Affiliate,210,49,0.5751670147367335,0.6012036489647962,0.2293745067128206
realprize,Affiliate,210,50,0.5803148980500906,0.6012036489647962,0.23142746379374246
realprize,Affiliate,210,51,0.5822205888494776,0.6012036489647962,0.23218744633073934
realprize,Affiliate,210,52,0.5844386033352627,0.6012036489647962,0.23307198241421365
realprize,Affiliate,210,53,0.5866387054054486,0.6012036489647962,0.23394937509170882
realprize,Affiliate,210,54,0.5893958134003979,0.6012036489647962,0.2350488996995046
realprize,Affiliate,210,55,0.5924819378226236,0.6012036489647962,0.2362796348579288
realprize,Affiliate,210,56,0.5955557173975173,0.6012036489647962,0.23750544693628298
realprize,Affiliate,210,57,0.5991908734359991,0.6012036489647962,0.23895513389987308
realprize,Affiliate,210,58,0.6055353369089461,0.6012036489647962,0.2414852827821605
realprize,Affiliate,210,59,0.6086868577262557,0.6012036489647962,0.24274209778431505
realprize,Affiliate,210,60,0.6110134789695789,0.6012036489647962,0.24366994584639332
realprize,Affiliate,210,61,0.6155907209030418,0.6012036489647962,0.24549533322726363
realprize,Affiliate,210,62,0.6236122129662405,0.6012036489647962,0.24869427499192512
realprize,Affiliate,210,63,0.6284043866604736,0.6012036489647962,0.2506053763747122
realprize,Affiliate,210,64,0.6320735285153631,0.6012036489647962,0.2520686167578727
realprize,Affiliate,210,65,0.6368729912870758,0.6012036489647962,0.253982624998161
realprize,Affiliate,210,66,0.6405946436928482,0.6012036489647962,0.25546680639740443
realprize,Affiliate,210,67,0.644011586955423,0.6012036489647962,0.2568294709022136
realprize,Affiliate,210,68,0.6477229604767216,0.6012036489647962,0.2583095531198361
realprize,Affiliate,210,69,0.6503470650901298,0.6012036489647962,0.259356036464398
realprize,Affiliate,210,70,0.6537365779200738,0.6012036489647962,0.2607077618127666
realprize,Affiliate,210,71,0.6589280573768513,0.6012036489647962,0.26277810487660375
realprize,Affiliate,210,72,0.6617557853991143,0.6012036489647962,0.2639057924936022
realprize,Affiliate,210,73,0.6652969815445551,0.6012036489647962,0.2653180085947039
realprize,Affiliate,210,74,0.6683536056944864,0.6012036489647962,0.2665369791521826
realprize,Affiliate,210,75,0.6707742954731459,0.6012036489647962,0.26750234140290025
realprize,Affiliate,210,76,0.6721809229175323,0.6012036489647962,0.2680632992949875
realprize,Affiliate,210,77,0.6739590722541966,0.6012036489647962,0.2687724187620449
realprize,Affiliate,210,78,0.6765155555266552,0.6012036489647962,0.2697919349625839
realprize,Affiliate,210,79,0.6797690545380399,0.6012036489647962,0.27108941849642076
realprize,Affiliate,210,80,0.6819382068822689,0.6012036489647962,0.27195446853613875
realprize,Affiliate,210,81,0.685627122700772,0.6012036489647962,0.2734255947038338
realprize,Affiliate,210,82,0.6886573592886037,0.6012036489647962,0.2746340419978345
realprize,Affiliate,210,83,0.6928057513780265,0.6012036489647962,0.27628840562575957
realprize,Affiliate,210,84,0.694889938048984,0.6012036489647962,0.27711957166501366
realprize,Affiliate,210,85,0.6973399126603382,0.6012036489647962,0.2780966126001506
realprize,Affiliate,210,86,0.6996760711727117,0.6012036489647962,0.279028264090325
realprize,Affiliate,210,87,0.7026264023961992,0.6012036489647962,0.28020484541659707
realprize,Affiliate,210,88,0.7051058087234214,0.6012036489647962,0.28119362361262684
realprize,Affiliate,210,89,0.7082788137361449,0.6012036489647962,0.2824590064335174
realprize,Affiliate,210,90,0.7105903559138861,0.6012036489647962,0.28338084101926453
realprize,Affiliate,210,91,0.713284774223539,0.6012036489647962,0.2844553652093166
realprize,Affiliate,210,92,0.7158326356244492,0.6012036489647962,0.285471443038943
realprize,Affiliate,210,93,0.7186569191823432,0.6012036489647962,0.28659775701611984
realprize,Affiliate,210,94,0.721649544904583,0.6012036489647962,0.2877912052341632
realprize,Affiliate,210,95,0.7234049877112299,0.6012036489647962,0.28849126941990494
realprize,Affiliate,210,96,0.7268018657381276,0.6012036489647962,0.2898459319819434
realprize,Affiliate,210,97,0.7297809910509236,0.6012036489647962,0.2910339962859631
realprize,Affiliate,210,98,0.731528627294507,0.6012036489647962,0.291730947242841
realprize,Affiliate,210,99,0.7338216740860941,0.6012036489647962,0.2926454059360789
realprize,Affiliate,210,100,0.7365583494264965,0.6012036489647962,0.2937367820757994
realprize,Affiliate,210,101,0.7392323295247295,0.6012036489647962,0.2948031555817155
realprize,Affiliate,210,102,0.7423629111512405,0.6012036489647962,0.29605162011098596
realprize,Affiliate,210,103,0.7446666413966937,0.6012036489647962,0.29697033932664213
realprize,Affiliate,210,104,0.7476911976100818,0.6012036489647962,0.2981765213080422
realprize,Affiliate,210,105,0.7517283444669741,0.6012036489647962,0.29978652074316403
realprize,Affiliate,210,106,0.7545440713724632,0.6012036489647962,0.3009094223585847
realprize,Affiliate,210,107,0.7565511522215049,0.6012036489647962,0.3017098388774152
realprize,Affiliate,210,108,0.7594092832987206,0.6012036489647962,0.30284965112178913
realprize,Affiliate,210,109,0.7625122587605709,0.6012036489647962,0.3040871064133268
realprize,Affiliate,210,110,0.7675823832277703,0.6012036489647962,0.30610905355014023
realprize,Affiliate,210,111,0.7724163988693863,0.6012036489647962,0.3080368413488638
realprize,Affiliate,210,112,0.7743334719942011,0.6012036489647962,0.3088013631157076
realprize,Affiliate,210,113,0.7785849022644729,0.6012036489647962,0.31049681799417256
realprize,Affiliate,210,114,0.7822995694410115,0.6012036489647962,0.3119782137094865
realprize,Affiliate,210,115,0.7863200842729511,0.6012036489647962,0.31358158035374684
realprize,Affiliate,210,116,0.7891767169695403,0.6012036489647962,0.3147207950493945
realprize,Affiliate,210,117,0.7924658175268486,0.6012036489647962,0.3160324763498369
realprize,Affiliate,210,118,0.7944479471918616,0.6012036489647962,0.31682294242752274
realprize,Affiliate,210,119,0.7957045641041789,0.6012036489647962,0.31732407666680396
realprize,Affiliate,210,120,0.7976284352320577,0.6012036489647962,0.31809130945246405
realprize,Affiliate,210,121,0.79896693457488,0.6012036489647962,0.31862509810624456
realprize,Affiliate,210,122,0.8013445449177323,0.6012036489647962,0.31957328043515765
realprize,Affiliate,210,123,0.8030803727885497,0.6012036489647962,0.3202655222560648
realprize,Affiliate,210,124,0.804907978278936,0.6012036489647962,0.3209943646567628
realprize,Affiliate,210,125,0.8065867322007344,0.6012036489647962,0.321663845595062
realprize,Affiliate,210,126,0.8096745988849837,0.6012036489647962,0.3228952755612238
realprize,Affiliate,210,127,0.8138316355983546,0.6012036489647962,0.3245530866336355
realprize,Affiliate,210,128,0.8164421182270438,0.6012036489647962,0.32559413758039757
realprize,Affiliate,210,129,0.8213027799151051,0.6012036489647962,0.327532551725213
realprize,Affiliate,210,130,0.8233955905088792,0.6012036489647962,0.32836715695341795
realprize,Affiliate,210,131,0.8253053993379091,0.6012036489647962,0.3291287817456099
realprize,Affiliate,210,132,0.8274640320804435,0.6012036489647962,0.3299896366065577
realprize,Affiliate,210,133,0.829870530482309,0.6012036489647962,0.3309493393879937
realprize,Affiliate,210,134,0.8309776775286732,0.6012036489647962,0.3313908655901432
realprize,Affiliate,210,135,0.8324663914740376,0.6012036489647962,0.3319845592792897
realprize,Affiliate,210,136,0.8341808155813714,0.6012036489647962,0.3326682653574212
realprize,Affiliate,210,137,0.8358789133506122,0.6012036489647962,0.33334546055149544
realprize,Affiliate,210,138,0.8371558909581033,0.6012036489647962,0.33385471456171656
realprize,Affiliate,210,139,0.8393526225648548,0.6012036489647962,0.3347307631106928
realprize,Affiliate,210,140,0.8416921685736836,0.6012036489647962,0.33566376552209265
realprize,Affiliate,210,141,0.8441168106096387,0.6012036489647962,0.3366307039185982
realprize,Affiliate,210,142,0.8462002369211601,0.6012036489647962,0.3374615667292836
realprize,Affiliate,210,143,0.8493561634428815,0.6012036489647962,0.33872013871028134
realprize,Affiliate,210,144,0.8509125228633956,0.6012036489647962,0.3393408091680816
realprize,Affiliate,210,145,0.8518158508991727,0.6012036489647962,0.3397010530925373
realprize,Affiliate,210,146,0.853646531394159,0.6012036489647962,0.3404311217938492
realprize,Affiliate,210,147,0.8553846751835764,0.6012036489647962,0.3411242871946433
realprize,Affiliate,210,148,0.8573790239218794,0.6012036489647962,0.3419196261941702
realprize,Affiliate,210,149,0.8594655785202374,0.6012036489647962,0.34275173655423113
realprize,Affiliate,210,150,0.8613938137509467,0.6012036489647962,0.34352070972817556
realprize,Affiliate,210,151,0.8636970879209529,0.6012036489647962,0.34443924706260765
realprize,Affiliate,210,152,0.86790148222226,0.6012036489647962,0.3461159441682821
realprize,Affiliate,210,153,0.8707335768007322,0.6012036489647962,0.3472453731519634
realprize,Affiliate,210,154,0.875263307956019,0.6012036489647962,0.3490518134078623
realprize,Affiliate,210,155,0.8825587390396049,0.6012036489647962,0.3519612047032251
realprize,Affiliate,210,156,0.8860367507357443,0.6012036489647962,0.35334822307650327
realprize,Affiliate,210,157,0.8888266106985078,0.6012036489647962,0.35446080904955257
realprize,Affiliate,210,158,0.8911476911039022,0.6012036489647962,0.3553864474456832
realprize,Affiliate,210,159,0.8934856255028887,0.6012036489647962,0.35631880715295866
realprize,Affiliate,210,160,0.8964910067103811,0.6012036489647962,0.3575173422119764
realprize,Affiliate,210,161,0.8992167526658268,0.6012036489647962,0.35860435975285715
realprize,Affiliate,210,162,0.9014132891871945,0.6012036489647962,0.3594803305024941
realprize,Affiliate,210,163,0.9021928117936114,0.6012036489647962,0.35979120127348263
realprize,Affiliate,210,164,0.9042665769519902,0.6012036489647962,0.360618211251548
realprize,Affiliate,210,165,0.9061748280758346,0.6012036489647962,0.361379214836596
realprize,Affiliate,210,166,0.9077298537092446,0.6012036489647962,0.36199935338496614
realprize,Affiliate,210,167,0.9087323270522335,0.6012036489647962,0.36239913609616015
realprize,Affiliate,210,168,0.9108392280081581,0.6012036489647962,0.3632393605093755
realprize,Affiliate,210,169,0.9128518978686446,0.6012036489647962,0.36404200590557606
realprize,Affiliate,210,170,0.9144672976905656,0.6012036489647962,0.36468622146002105
realprize,Affiliate,210,171,0.9162173125147812,0.6012036489647962,0.36538412098617573
realprize,Affiliate,210,172,0.9178321670014434,0.6012036489647962,0.36602811906290944
realprize,Affiliate,210,173,0.9194093981059361,0.6012036489647962,0.3666571130721204
realprize,Affiliate,210,174,0.9206888740480003,0.6012036489647962,0.36716736340905287
realprize,Affiliate,210,175,0.9253612260438845,0.6012036489647962,0.3690306803357636
realprize,Affiliate,210,176,0.9276079611211515,0.6012036489647962,0.36992667008632046
realprize,Affiliate,210,177,0.9295300353226261,0.6012036489647962,0.37069318626428743
realprize,Affiliate,210,178,0.9316234803867299,0.6012036489647962,0.37152804451694466
realprize,Affiliate,210,179,0.9349801955333941,0.6012036489647962,0.37286669026889896
realprize,Affiliate,210,180,0.9369629857063974,0.6012036489647962,0.37365741975476113
realprize,Affiliate,210,181,0.9380224362974622,0.6012036489647962,0.37407992478457985
realprize,Affiliate,210,182,0.939888974312871,0.6012036489647962,0.37482429333419337
realprize,Affiliate,210,183,0.943010002908414,0.6012036489647962,0.3760689481495724
realprize,Affiliate,210,184,0.9472691671850311,0.6012036489647962,0.37776748732154686
realprize,Affiliate,210,185,0.9496152595689479,0.6012036489647962,0.37870310040344435
realprize,Affiliate,210,186,0.9526009551296919,0.6012036489647962,0.37989378489837106
realprize,Affiliate,210,187,0.9542084594961686,0.6012036489647962,0.38053485177399515
realprize,Affiliate,210,188,0.9562537193731517,0.6012036489647962,0.3813504939498547
realprize,Affiliate,210,189,0.9586089111337305,0.6012036489647962,0.3822897358299617
realprize,Affiliate,210,190,0.9640356246441163,0.6012036489647962,0.384453889376017
realprize,Affiliate,210,191,0.9661088248384593,0.6012036489647962,0.3852806740484865
realprize,Affiliate,210,192,0.9682874227440585,0.6012036489647962,0.3861494909436124
realprize,Affiliate,210,193,0.9708617275683118,0.6012036489647962,0.3871761143139769
realprize,Affiliate,210,194,0.9732322552994953,0.6012036489647962,0.38812147212320064
realprize,Affiliate,210,195,0.9747241516153801,0.6012036489647962,0.38871643493009833
realprize,Affiliate,210,196,0.9770589329280884,0.6012036489647962,0.38964753719807166
realprize,Affiliate,210,197,0.9787862807944371,0.6012036489647962,0.39033639722413993
realprize,Affiliate,210,198,0.9811163354771124,0.6012036489647962,0.3912656145293033
realprize,Affiliate,210,199,0.9821685017379101,0.6012036489647962,0.39168521459479183
realprize,Affiliate,210,200,0.9831705882281192,0.6012036489647962,0.3920848430305089
realprize,Affiliate,210,201,0.9848272925163036,0.6012036489647962,0.3927455306553812
realprize,Affiliate,210,202,0.9865298819466919,0.6012036489647962,0.3934245171075311
realprize,Affiliate,210,203,0.9879105080715823,0.6012036489647962,0.3939751057682813
realprize,Affiliate,210,204,0.9886600370098528,0.6012036489647962,0.3942740151738589
realprize,Affiliate,210,205,0.9902421996824078,0.6012036489647962,0.3949049758744179
realprize,Affiliate,210,206,0.9924175748857117,0.6012036489647962,0.395772507567628
realprize,Affiliate,210,207,0.9939268840247919,0.6012036489647962,0.39637441454487726
realprize,Affiliate,210,208,0.9951508254333271,0.6012036489647962,0.39686251791248195
realprize,Affiliate,210,209,0.9987185921825995,0.6012036489647962,0.39828533027343654
realprize,Affiliate,210,210,1.0,0.6012036489647962,0.39879635103520383
realprize,Affiliate,240,1,0.18584595918769115,0.6012036489647962,0.07411469037868865
realprize,Affiliate,240,2,0.2345720569186094,0.6012036489647962,0.09354648035396357
realprize,Affiliate,240,3,0.25469899534427215,0.6012036489647962,0.1015730299556281
realprize,Affiliate,240,4,0.2664107864581815,0.6012036489647962,0.10624364951594167
realprize,Affiliate,240,5,0.2800509622210036,0.6012036489647962,0.11168330183763396
realprize,Affiliate,240,6,0.29381271335225495,0.6012036489647962,0.11717143797263159
realprize,Affiliate,240,7,0.3047040970176339,0.6012036489647962,0.12151488203610913
realprize,Affiliate,240,8,0.3155530978768034,0.6012036489647962,0.12584142399112372
realprize,Affiliate,240,9,0.32867433400726775,0.6012036489647962,0.13107412508102417
realprize,Affiliate,240,10,0.3366624234762314,0.6012036489647962,0.13425974601298962
realprize,Affiliate,240,11,0.34311639424741913,0.6012036489647962,0.13683356600622715
realprize,Affiliate,240,12,0.3501717861171086,0.6012036489647962,0.13964723053898276
realprize,Affiliate,240,13,0.3606734799311203,0.6012036489647962,0.1438352677116996
realprize,Affiliate,240,14,0.36500981941570265,0.6012036489647962,0.14556458407500092
realprize,Affiliate,240,15,0.37047759217093984,0.6012036489647962,0.1477451118980792
realprize,Affiliate,240,16,0.3773379567468494,0.6012036489647962,0.1504810002577231
realprize,Affiliate,240,17,0.38186171005157793,0.6012036489647962,0.1522850565686323
realprize,Affiliate,240,18,0.3892226527896153,0.6012036489647962,0.1552205736727407
realprize,Affiliate,240,19,0.39735057709452826,0.6012036489647962,0.15846196022703032
realprize,Affiliate,240,20,0.4055469144845376,0.6012036489647962,0.16173062967001944
realprize,Affiliate,240,21,0.4153627044572621,0.6012036489647962,0.16564513089366992
realprize,Affiliate,240,22,0.4215269210131704,0.6012036489647962,0.16810339796315696
realprize,Affiliate,240,23,0.4272739430501521,0.6012036489647962,0.17039528938082416
realprize,Affiliate,240,24,0.4343079543732666,0.6012036489647962,0.17320042742962252
realprize,Affiliate,240,25,0.44195417586092695,0.6012036489647962,0.17624971265810843
realprize,Affiliate,240,26,0.44688620307611315,0.6012036489647962,0.178216587114731
realprize,Affiliate,240,27,0.4523639586799724,0.6012036489647962,0.18040109606141272
realprize,Affiliate,240,28,0.4584020610247063,0.6012036489647962,0.18280906924366971
realprize,Affiliate,240,29,0.4641287804194575,0.6012036489647962,0.185092864041699
realprize,Affiliate,240,30,0.47177657097036096,0.6012036489647962,0.1881427750068808
realprize,Affiliate,240,31,0.47632227869638855,0.6012036489647962,0.18995558666089316
realprize,Affiliate,240,32,0.4789475451509515,0.6012036489647962,0.191002533343468
realprize,Affiliate,240,33,0.48517236704717703,0.6012036489647962,0.19348496960152678
realprize,Affiliate,240,34,0.48905509689350796,0.6012036489647962,0.19503338809629903
realprize,Affiliate,240,35,0.492176471748833,0.6012036489647962,0.1962781809988157
realprize,Affiliate,240,36,0.4939748186834213,0.6012036489647962,0.19699535519422484
realprize,Affiliate,240,37,0.497128676955794,0.6012036489647962,0.19825310236492927
realprize,Affiliate,240,38,0.5029052896318112,0.6012036489647962,0.20055679442146865
realprize,Affiliate,240,39,0.5061545408722471,0.6012036489647962,0.2018525839597511
realprize,Affiliate,240,40,0.5092775271216139,0.6012036489647962,0.20309801948033168
realprize,Affiliate,240,41,0.5165087905242447,0.6012036489647962,0.20598182093867526
realprize,Affiliate,240,42,0.5215526357818193,0.6012036489647962,0.20799328802258224
realprize,Affiliate,240,43,0.5247371367442735,0.6012036489647962,0.20926325538627705
realprize,Affiliate,240,44,0.52698615860698,0.6012036489647962,0.2101601570985228
realprize,Affiliate,240,45,0.5302006309355634,0.6012036489647962,0.21144207693366548
realprize,Affiliate,240,46,0.5330794845992113,0.6012036489647962,0.2125901532698926
realprize,Affiliate,240,47,0.5382256591171691,0.6012036489647962,0.21464242888944454
realprize,Affiliate,240,48,0.5458600633809718,0.6012036489647962,0.21768700145217665
realprize,Affiliate,240,49,0.5500304678845689,0.6012036489647962,0.21935014355055193
realprize,Affiliate,240,50,0.5549533730493531,0.6012036489647962,0.22131338016676025
realprize,Affiliate,240,51,0.556775779368168,0.6012036489647962,0.22204014915680714
realprize,Affiliate,240,52,0.5588968598789298,0.6012036489647962,0.22288602832475082
realprize,Affiliate,240,53,0.5610008108011018,0.6012036489647962,0.22372507627527013
realprize,Affiliate,240,54,0.5636374247960201,0.6012036489647962,0.22477654831553193
realprize,Affiliate,240,55,0.5665886762002469,0.6012036489647962,0.22595349660652508
realprize,Affiliate,240,56,0.5695281222644943,0.6012036489647962,0.22712573697101177
realprize,Affiliate,240,57,0.5730044109344813,0.6012036489647962,0.22851206820774758
realprize,Affiliate,240,58,0.5790716020686928,0.6012036489647962,0.23093164189310428
realprize,Affiliate,240,59,0.5820853918467561,0.6012036489647962,0.23213353025938313
realprize,Affiliate,240,60,0.5843103326696247,0.6012036489647962,0.2330208285408124
realprize,Affiliate,240,61,0.5886875352173679,0.6012036489647962,0.2347664409445944
realprize,Affiliate,240,62,0.596358463694852,0.6012036489647962,0.23782557923046707
realprize,Affiliate,240,63,0.6009412048321018,0.6012036489647962,0.2396531596737412
realprize,Affiliate,240,64,0.6044499940350144,0.6012036489647962,0.24105245200441447
realprize,Affiliate,240,65,0.6090397056949015,0.6012036489647962,0.24288281226668118
realprize,Affiliate,240,66,0.6125987105780096,0.6012036489647962,0.24430213042738116
realprize,Affiliate,240,67,0.6158663230336879,0.6012036489647962,0.24560524235130285
realprize,Affiliate,240,68,0.6194154982508179,0.6012036489647962,0.24702064047707886
realprize,Affiliate,240,69,0.6219249215162526,0.6012036489647962,0.24802138931853704
realprize,Affiliate,240,70,0.6251663023325851,0.6012036489647962,0.24931404016040598
realprize,Affiliate,240,71,0.630130898356805,0.6012036489647962,0.25129390293922876
realprize,Affiliate,240,72,0.6328350460691831,0.6012036489647962,0.2523723071795853
realprize,Affiliate,240,73,0.6362214811790603,0.6012036489647962,0.25372280514442186
realprize,Affiliate,240,74,0.6391445215625629,0.6012036489647962,0.25488850298329124
realprize,Affiliate,240,75,0.6414594198398379,0.6012036489647962,0.25581167596928617
realprize,Affiliate,240,76,0.6428045733892451,0.6012036489647962,0.25634811829637183
realprize,Affiliate,240,77,0.64450501219494,0.6012036489647962,0.25702624708724164
realprize,Affiliate,240,78,0.6469497693775702,0.6012036489647962,0.25800120733084164
realprize,Affiliate,240,79,0.6500610805926491,0.6012036489647962,0.25924198689035005
realprize,Affiliate,240,80,0.6521354343859648,0.6012036489647962,0.26006923161388035
realprize,Affiliate,240,81,0.6556631333701751,0.6012036489647962,0.26147606509633403
realprize,Affiliate,240,82,0.6585609394082508,0.6012036489647962,0.2626316995703264
realprize,Affiliate,240,83,0.6625280341536931,0.6012036489647962,0.26421376247901973
realprize,Affiliate,240,84,0.6645211355319254,0.6012036489647962,0.265008604035902
realprize,Affiliate,240,85,0.6668640388056906,0.6012036489647962,0.26594294531230794
realprize,Affiliate,240,86,0.6690981000899621,0.6012036489647962,0.26683388080046444
realprize,Affiliate,240,87,0.6719194928709998,0.6012036489647962,0.2679590419463794
realprize,Affiliate,240,88,0.6742905416051874,0.6012036489647962,0.2689046075297
realprize,Affiliate,240,89,0.6773248766540205,0.6012036489647962,0.2701146892749929
realprize,Affiliate,240,90,0.6795353974123082,0.6012036489647962,0.2709962368872856
realprize,Affiliate,240,91,0.6821120614517324,0.6012036489647962,0.2720238011040516
realprize,Affiliate,240,92,0.6845485735648081,0.6012036489647962,0.27299547324399925
realprize,Affiliate,240,93,0.6872494273463801,0.6012036489647962,0.2740725638767698
realprize,Affiliate,240,94,0.6901112662280141,0.6012036489647962,0.27521385478001614
realprize,Affiliate,240,95,0.6917899908480734,0.6012036489647962,0.27588332403288873
realprize,Affiliate,240,96,0.6950384149798651,0.6012036489647962,0.27717878372326193
realprize,Affiliate,240,97,0.6978873434609846,0.6012036489647962,0.2783149260058927
realprize,Affiliate,240,98,0.6995586026885156,0.6012036489647962,0.27898141808746596
realprize,Affiliate,240,99,0.7017514363652436,0.6012036489647962,0.2798559121561722
realprize,Affiliate,240,100,0.7043685106747268,0.6012036489647962,0.2808995918411821
realprize,Affiliate,240,101,0.7069256297146953,0.6012036489647962,0.28191936158348413
realprize,Affiliate,240,102,0.7099193954082458,0.6012036489647962,0.28311326441792645
realprize,Affiliate,240,103,0.7121224456394321,0.6012036489647962,0.28399183281127083
realprize,Affiliate,240,104,0.7150148195526936,0.6012036489647962,0.28514530097370894
realprize,Affiliate,240,105,0.718875530820414,0.6012036489647962,0.2866849385396763
realprize,Affiliate,240,106,0.7215682019013003,0.6012036489647962,0.2877587659412718
realprize,Affiliate,240,107,0.7234875672164095,0.6012036489647962,0.28852420182524086
realprize,Affiliate,240,108,0.726220789277824,0.6012036489647962,0.28961420080990186
realprize,Affiliate,240,109,0.7291881552800227,0.6012036489647962,0.2907975755437646
realprize,Affiliate,240,110,0.7340366998965862,0.6012036489647962,0.29273115744468153
realprize,Affiliate,240,111,0.7386594543609332,0.6012036489647962,0.29457469505679484
realprize,Affiliate,240,112,0.7404927455629564,0.6012036489647962,0.29530580489854663
realprize,Affiliate,240,113,0.7445583754075442,0.6012036489647962,0.29692716324522805
realprize,Affiliate,240,114,0.7481107003371688,0.6012036489647962,0.2983438174648537
realprize,Affiliate,240,115,0.7519555064499824,0.6012036489647962,0.29987711211308166
realprize,Affiliate,240,116,0.7546872956145584,0.6012036489647962,0.30096653966371206
realprize,Affiliate,240,117,0.7578326524797878,0.6012036489647962,0.3022208965042691
realprize,Affiliate,240,118,0.7597281570534533,0.6012036489647962,0.3029768168116174
realprize,Affiliate,240,119,0.7609298559870229,0.6012036489647962,0.3034560499613679
realprize,Affiliate,240,120,0.7627696480987126,0.6012036489647962,0.3041897523421731
realprize,Affiliate,240,121,0.76404965095168,0.6012036489647962,0.30470021280925114
realprize,Affiliate,240,122,0.7663233524954391,0.6012036489647962,0.3056069566882454
realprize,Affiliate,240,123,0.7679833194119874,0.6012036489647962,0.306268945437404
realprize,Affiliate,240,124,0.769731052987157,0.6012036489647962,0.30696593520976334
realprize,Affiliate,240,125,0.7713364402597435,0.6012036489647962,0.3076061577960692
realprize,Affiliate,240,126,0.7742893577838477,0.6012036489647962,0.30878377052958983
realprize,Affiliate,240,127,0.778264719356895,0.6012036489647962,0.31036913021896667
realprize,Affiliate,240,128,0.7807611159597491,0.6012036489647962,0.31136468407492157
realprize,Affiliate,240,129,0.7854093519573169,0.6012036489647962,0.3132183836295021
realprize,Affiliate,240,130,0.787410700366725,0.6012036489647962,0.31401651407232417
realprize,Affiliate,240,131,0.7892370447447701,0.6012036489647962,0.3147448535460222
realprize,Affiliate,240,132,0.7913013386749611,0.6012036489647962,0.3155680864328465
realprize,Affiliate,240,133,0.7936026657817449,0.6012036489647962,0.3164858472855703
realprize,Affiliate,240,134,0.7946614271368401,0.6012036489647962,0.31690807745059935
realprize,Affiliate,240,135,0.7960850797576181,0.6012036489647962,0.3174758249209073
realprize,Affiliate,240,136,0.7977245783202069,0.6012036489647962,0.3181296509651952
realprize,Affiliate,240,137,0.7993484640553038,0.6012036489647962,0.31877725067084994
realprize,Affiliate,240,138,0.8005696338597788,0.6012036489647962,0.3192642487328689
realprize,Affiliate,240,139,0.8026703616180133,0.6012036489647962,0.32010201129737126
realprize,Affiliate,240,140,0.804907662354848,0.6012036489647962,0.3209942386673893
realprize,Affiliate,240,141,0.8072263401637615,0.6012036489647962,0.3219189189168103
realprize,Affiliate,240,142,0.8092187144125762,0.6012036489647962,0.3227134704971341
realprize,Affiliate,240,143,0.8122367173523767,0.6012036489647962,0.32391703905694
realprize,Affiliate,240,144,0.8137250591354216,0.6012036489647962,0.32451058432911156
realprize,Affiliate,240,145,0.8145889089902314,0.6012036489647962,0.32485508449905204
realprize,Affiliate,240,146,0.8163395831829534,0.6012036489647962,0.32555324697896104
realprize,Affiliate,240,147,0.8180017648054192,0.6012036489647962,0.3262161189447582
realprize,Affiliate,240,148,0.8199089544417301,0.6012036489647962,0.32697669921245115
realprize,Affiliate,240,149,0.8219043202617378,0.6012036489647962,0.32777244382045057
realprize,Affiliate,240,150,0.823748285751699,0.6012036489647962,0.32850781052928196
realprize,Affiliate,240,151,0.8259508998393216,0.6012036489647962,0.3293862049901646
realprize,Affiliate,240,152,0.8299715493297616,0.6012036489647962,0.3309896253357436
realprize,Affiliate,240,153,0.8326798727665696,0.6012036489647962,0.3320696948397658
realprize,Affiliate,240,154,0.8370116409015593,0.6012036489647962,0.3337971881655302
realprize,Affiliate,240,155,0.8439882394712132,0.6012036489647962,0.3365794302177456
realprize,Affiliate,240,156,0.8473142514842824,0.6012036489647962,0.33790583167205684
realprize,Affiliate,240,157,0.8499821860864668,0.6012036489647962,0.33896979425620855
realprize,Affiliate,240,158,0.8522018282228665,0.6012036489647962,0.3398549794408087
realprize,Affiliate,240,159,0.8544375877821077,0.6012036489647962,0.34074659219482617
realprize,Affiliate,240,160,0.8573116246955165,0.6012036489647962,0.3418927476286341
realprize,Affiliate,240,161,0.8599182472673873,0.6012036489647962,0.3429322591988222
realprize,Affiliate,240,162,0.8620187884660624,0.6012036489647962,0.3437699473640529
realprize,Affiliate,240,163,0.8627642435651005,0.6012036489647962,0.3440672321374099
realprize,Affiliate,240,164,0.8647473788825316,0.6012036489647962,0.3448580992656105
realprize,Affiliate,240,165,0.8665722336318427,0.6012036489647962,0.345585844680805
realprize,Affiliate,240,166,0.8680592999183342,0.6012036489647962,0.3461788812896053
realprize,Affiliate,240,167,0.8690179621290633,0.6012036489647962,0.3465611922811194
realprize,Affiliate,240,168,0.8710327851089661,0.6012036489647962,0.3473646963334865
realprize,Affiliate,240,169,0.8729574951787313,0.6012036489647962,0.3481322636861096
realprize,Affiliate,240,170,0.8745022971181794,0.6012036489647962,0.3487483250626336
realprize,Affiliate,240,171,0.8761758309751388,0.6012036489647962,0.3494157242581229
realprize,Affiliate,240,172,0.8777201114121366,0.6012036489647962,0.35003157766137266
realprize,Affiliate,240,173,0.8792284127231276,0.6012036489647962,0.35063308272045746
realprize,Affiliate,240,174,0.8804519716773606,0.6012036489647962,0.351121033566682
realprize,Affiliate,240,175,0.8849201276886957,0.6012036489647962,0.35290291787985845
realprize,Affiliate,240,176,0.8870686736137909,0.6012036489647962,0.35375975015481803
realprize,Affiliate,240,177,0.8889067473302225,0.6012036489647962,0.35449276724586465
realprize,Affiliate,240,178,0.8909087024816783,0.6012036489647962,0.35529113965520137
realprize,Affiliate,240,179,0.8941187189731838,0.6012036489647962,0.35657128251877657
realprize,Affiliate,240,180,0.8960148551886326,0.6012036489647962,0.3573274547225632
realprize,Affiliate,240,181,0.8970280045685056,0.6012036489647962,0.3577314949983102
realprize,Affiliate,240,182,0.8988129691990132,0.6012036489647962,0.3584433323796835
realprize,Affiliate,240,183,0.9017975993580869,0.6012036489647962,0.35963359199631173
realprize,Affiliate,240,184,0.9058706252094341,0.6012036489647962,0.36125789984350104
realprize,Affiliate,240,185,0.9081141862248668,0.6012036489647962,0.36215262378978047
realprize,Affiliate,240,186,0.9109693978141278,0.6012036489647962,0.3632912717530111
realprize,Affiliate,240,187,0.912506649353534,0.6012036489647962,0.3639043220575496
realprize,Affiliate,240,188,0.9144625251570124,0.6012036489647962,0.36468431819105485
realprize,Affiliate,240,189,0.9167147878786881,0.6012036489647962,0.36558251234603173
realprize,Affiliate,240,190,0.9219043375133438,0.6012036489647962,0.3676520858038485
realprize,Affiliate,240,191,0.9238869325573846,0.6012036489647962,0.36844273747299244
realprize,Affiliate,240,192,0.9259703191123275,0.6012036489647962,0.36927358442889946
realprize,Affiliate,240,193,0.9284321189907674,0.6012036489647962,0.3702553412374002
realprize,Affiliate,240,194,0.9306990474545164,0.6012036489647962,0.37115938403680115
realprize,Affiliate,240,195,0.9321257433665497,0.6012036489647962,0.3717283451605569
realprize,Affiliate,240,196,0.9343584876389676,0.6012036489647962,0.3726187554291919
realprize,Affiliate,240,197,0.9360103451530186,0.6012036489647962,0.3732775101782255
realprize,Affiliate,240,198,0.9382385693635031,0.6012036489647962,0.374166117862655
realprize,Affiliate,240,199,0.9392447527604837,0.6012036489647962,0.3745673801298431
realprize,Affiliate,240,200,0.9402030450250755,0.6012036489647962,0.37494954358818755
realprize,Affiliate,240,201,0.94178734630006,0.6012036489647962,0.3755813571555918
realprize,Affiliate,240,202,0.943415527397059,0.6012036489647962,0.37623066983589953
realprize,Affiliate,240,203,0.9447358159636674,0.6012036489647962,0.37675719609857644
realprize,Affiliate,240,204,0.9454525882090276,0.6012036489647962,0.3770430422545494
realprize,Affiliate,240,205,0.9469656055635662,0.6012036489647962,0.3776464280545923
realprize,Affiliate,240,206,0.9490459102580999,0.6012036489647962,0.37847604597581375
realprize,Affiliate,240,207,0.9504892580000263,0.6012036489647962,0.37905164778856887
realprize,Affiliate,240,208,0.9516597094486512,0.6012036489647962,0.3795184195553444
realprize,Affiliate,240,209,0.9550715539462072,0.6012036489647962,0.38087905069126926
realprize,Affiliate,240,210,0.9562969603469522,0.6012036489647962,0.38136773829242154
realprize,Affiliate,240,211,0.9592997685905973,0.6012036489647962,0.38256524726284563
realprize,Affiliate,240,212,0.9607335087549943,0.6012036489647962,0.3831370176087398
realprize,Affiliate,240,213,0.9624556914863115,0.6012036489647962,0.38382381779780494
realprize,Affiliate,240,214,0.9632076262913863,0.6012036489647962,0.38412368665428515
realprize,Affiliate,240,215,0.9647166225518673,0.6012036489647962,0.38472546885669073
realprize,Affiliate,240,216,0.9660945859347024,0.6012036489647962,0.3852749956256255
realprize,Affiliate,240,217,0.9686284876495569,0.6012036489647962,0.38628550638339126
realprize,Affiliate,240,218,0.9704613434124526,0.6012036489647962,0.38701644257360795
realprize,Affiliate,240,219,0.9722839081096664,0.6012036489647962,0.38774327472438236
realprize,Affiliate,240,220,0.9731278193265049,0.6012036489647962,0.38807982343825526
realprize,Affiliate,240,221,0.9742825875299373,0.6012036489647962,0.3885403407840756
realprize,Affiliate,240,222,0.9760654682357874,0.6012036489647962,0.3892513471038997
realprize,Affiliate,240,223,0.9768836972825506,0.6012036489647962,0.38957765386205984
realprize,Affiliate,240,224,0.9785873986350972,0.6012036489647962,0.3902570837447092
realprize,Affiliate,240,225,0.9804640657342212,0.6012036489647962,0.3910054917359476
realprize,Affiliate,240,226,0.981743967253945,0.6012036489647962,0.39151591179169787
realprize,Affiliate,240,227,0.982189858644875,0.6012036489647962,0.3916937316513588
realprize,Affiliate,240,228,0.9843991220760812,0.6012036489647962,0.3925747778461993
realprize,Affiliate,240,229,0.9852888894190698,0.6012036489647962,0.3929296138158535
realprize,Affiliate,240,230,0.9867370605171281,0.6012036489647962,0.3935071391654338
realprize,Affiliate,240,231,0.9880867931780847,0.6012036489647962,0.3940454076254963
realprize,Affiliate,240,232,0.9893882055942795,0.6012036489647962,0.3945644061482667
realprize,Affiliate,240,233,0.9915086527436014,0.6012036489647962,0.3954100327339793
realprize,Affiliate,240,234,0.992904305026816,0.6012036489647962,0.3959666137718392
realprize,Affiliate,240,235,0.993862646209827,0.6012036489647962,0.39634879673867074
realprize,Affiliate,240,236,0.9951799801039162,0.6012036489647962,0.3968741446887285
realprize,Affiliate,240,237,0.996296846316159,0.6012036489647962,0.39731954685876547
realprize,Affiliate,240,238,0.9973096630507816,0.6012036489647962,0.39772345447680035
realprize,Affiliate,240,239,0.9983715645272211,0.6012036489647962,0.3981469369107633
realprize,Affiliate,240,240,1.0,0.6012036489647962,0.39879635103520383
realprize,Affiliate,270,1,0.17879754321160948,0.6012036489647962,0.07130380780684904
realprize,Affiliate,270,2,0.2256756491583649,0.6012036489647962,0.0899986254018568
realprize,Affiliate,270,3,0.24503925092086254,0.6012036489647962,0.0977207591276397
realprize,Affiliate,270,4,0.25630685925051,0.6012036489647962,0.10221424021439697
realprize,Affiliate,270,5,0.26942971608327054,0.6012036489647962,0.10744758763445926
realprize,Affiliate,270,6,0.28266953740256184,0.6012036489647962,0.11272758006495073
realprize,Affiliate,270,7,0.29314785315425446,0.6012036489647962,0.11690629415172045
realprize,Affiliate,270,8,0.3035853935150923,0.6012036489647962,0.12106874716140524
realprize,Affiliate,270,9,0.31620899208177994,0.6012036489647962,0.1261029922067335
realprize,Affiliate,270,10,0.32389412431843406,0.6012036489647962,0.12916779489993419
realprize,Affiliate,270,11,0.33010332102570544,0.6012036489647962,0.1316439998896538
realprize,Affiliate,270,12,0.336891129263288,0.6012036489647962,0.13435095304632844
realprize,Affiliate,270,13,0.34699453458731516,0.6012036489647962,0.13838015422258013
realprize,Affiliate,270,14,0.3511664135442948,0.6012036489647962,0.14004388432758413
realprize,Affiliate,270,15,0.35642681489899114,0.6012036489647962,0.14214171319281768
realprize,Affiliate,270,16,0.36302699247115877,0.6012036489647962,0.14477383992478254
realprize,Affiliate,270,17,0.36737917736942716,0.6012036489647962,0.14650947538124248
realprize,Affiliate,270,18,0.37446094811674396,0.6012036489647962,0.14933365971414028
realprize,Affiliate,270,19,0.3822806117967096,0.6012036489647962,0.15245211305603307
realprize,Affiliate,270,20,0.39016609391896057,0.6012036489647962,0.1555968145525401
realprize,Affiliate,270,21,0.39960960907245296,0.6012036489647962,0.15936285393669852
realprize,Affiliate,270,22,0.40554004081731343,0.6012036489647962,0.1617278884766122
realprize,Affiliate,270,23,0.41106910061224583,0.6012036489647962,0.16393285734748672
realprize,Affiliate,270,24,0.41783633918440855,0.6012036489647962,0.1666316073966499
realprize,Affiliate,270,25,0.42519256916552306,0.6012036489647962,0.1695652450704941
realprize,Affiliate,270,26,0.42993754372930953,0.6012036489647962,0.17145752361228703
realprize,Affiliate,270,27,0.43520754932192257,0.6012036489647962,0.1735591826125562
realprize,Affiliate,270,28,0.4410166498781976,0.6012036489647962,0.1758758307171953
realprize,Affiliate,270,29,0.446526177031326,0.6012036489647962,0.17807301004179227
realprize,Affiliate,270,30,0.45388391656720434,0.6012036489647962,0.181007249720568
realprize,Affiliate,270,31,0.4582572232407755,0.6012036489647962,0.18275130846394608
realprize,Affiliate,270,32,0.46078292352720285,0.6012036489647962,0.18375854852198187
realprize,Affiliate,270,33,0.46677166208702764,0.6012036489647962,0.1861468356069438
realprize,Affiliate,270,34,0.4705071350589056,0.6012036489647962,0.1876365285975194
realprize,Affiliate,270,35,0.4735101282798181,0.6012036489647962,0.18883411133620273
realprize,Affiliate,270,36,0.4752402708944433,0.6012036489647962,0.18952408589768577
realprize,Affiliate,270,37,0.47827451556246076,0.6012036489647962,0.19073413159943917
realprize,Affiliate,270,38,0.48383204373832944,0.6012036489647962,0.19295045355675092
realprize,Affiliate,270,39,0.4869580634893453,0.6012036489647962,0.19419709882672
realprize,Affiliate,270,40,0.4899626069903772,0.6012036489647962,0.1953952998114581
realprize,Affiliate,270,41,0.49691961663620243,0.6012036489647962,0.1981697298723299
realprize,Affiliate,270,42,0.501772168417988,0.6012036489647962,0.20010490981611537
realprize,Affiliate,270,43,0.5048358936177744,0.6012036489647962,0.20132671224636475
realprize,Affiliate,270,44,0.5069996188095339,0.6012036489647962,0.20218959795748143
realprize,Affiliate,270,45,0.5100921786778492,0.6012036489647962,0.20342289954832346
realprize,Affiliate,270,46,0.5128618485946761,0.6012036489647962,0.20452743380472602
realprize,Affiliate,270,47,0.5178128486851317,0.6012036489647962,0.20650187457477465
realprize,Affiliate,270,48,0.5251577096238276,0.6012036489647962,0.2094309783159876
realprize,Affiliate,270,49,0.5291699468696679,0.6012036489647962,0.21103104388911623
realprize,Affiliate,270,50,0.5339061453470221,0.6012036489647962,0.21291982255966357
realprize,Affiliate,270,51,0.535659434866803,0.6012036489647962,0.21361902802246047
realprize,Affiliate,270,52,0.5377000710255652,0.6012036489647962,0.2144328262763653
realprize,Affiliate,270,53,0.5397242272545538,0.6012036489647962,0.21524005239441119
realprize,Affiliate,270,54,0.5422608447131698,0.6012036489647962,0.21625164618087941
realprize,Affiliate,270,55,0.5451001666052464,0.6012036489647962,0.21738395739085395
realprize,Affiliate,270,56,0.5479281308880732,0.6012036489647962,0.21851173922770317
realprize,Affiliate,270,57,0.5512725774200545,0.6012036489647962,0.21984549230088965
realprize,Affiliate,270,58,0.557109663540914,0.6012036489647962,0.22217330094656662
realprize,Affiliate,270,59,0.5600091519690147,0.6012036489647962,0.223329606351562
realprize,Affiliate,270,60,0.5621497094213205,0.6012036489647962,0.22418325285272275
realprize,Affiliate,270,61,0.566360901664062,0.6012036489647962,0.22586266095263585
realprize,Affiliate,270,62,0.5737409015947625,0.6012036489647962,0.22880577799563925
realprize,Affiliate,270,63,0.5781498371459924,0.6012036489647962,0.23056404540541914
realprize,Affiliate,270,64,0.5815255515918181,0.6012036489647962,0.23191026800855122
realprize,Affiliate,270,65,0.5859411933008137,0.6012036489647962,0.23367120980957753
realprize,Affiliate,270,66,0.5893652189409688,0.6012036489647962,0.23503669874072236
realprize,Affiliate,270,67,0.5925089035375916,0.6012036489647962,0.23629038868666108
realprize,Affiliate,270,68,0.5959234723128507,0.6012036489647962,0.23765210625459318
realprize,Affiliate,270,69,0.5983377228927336,0.6012036489647962,0.23861490057633508
realprize,Affiliate,270,70,0.6014561707142877,0.6012036489647962,0.23985852618846457
realprize,Affiliate,270,71,0.6062324788785787,0.6012036489647962,0.24176330045580346
realprize,Affiliate,270,72,0.6088340687628451,0.6012036489647962,0.24280080500853898
realprize,Affiliate,270,73,0.6120920695315359,0.6012036489647962,0.2441000838267628
realprize,Affiliate,270,74,0.6149042503374191,0.6012036489647962,0.24522157127060026
realprize,Affiliate,270,75,0.6171313535070047,0.6012036489647962,0.24610973188800989
realprize,Affiliate,270,76,0.618425490602735,0.6012036489647962,0.24662582903952646
realprize,Affiliate,270,77,0.6200614383638208,0.6012036489647962,0.24727823903713167
realprize,Affiliate,270,78,0.622413475394455,0.6012036489647962,0.2482162228224483
realprize,Affiliate,270,79,0.6254067866499396,0.6012036489647962,0.24940994442864817
realprize,Affiliate,270,80,0.6274024682543051,0.6012036489647962,0.2502058149702972
realprize,Affiliate,270,81,0.6307963753068113,0.6012036489647962,0.2515592927185893
realprize,Affiliate,270,82,0.6335842788080568,0.6012036489647962,0.25267109846192426
realprize,Affiliate,270,83,0.6374009170458376,0.6012036489647962,0.2541931598643727
realprize,Affiliate,270,84,0.6393184278238885,0.6012036489647962,0.2549578561657301
realprize,Affiliate,270,85,0.6415724738691329,0.6012036489647962,0.25585676150363884
realprize,Affiliate,270,86,0.6437218058791363,0.6012036489647962,0.2567139072663914
realprize,Affiliate,270,87,0.6464361941816286,0.6012036489647962,0.25779639541671795
realprize,Affiliate,270,88,0.6487173182392122,0.6012036489647962,0.2587060993671409
realprize,Affiliate,270,89,0.6516365727356971,0.6012036489647962,0.2598702874080822
realprize,Affiliate,270,90,0.6537632570205082,0.6012036489647962,0.26071840134066876
realprize,Affiliate,270,91,0.6562421981927803,0.6012036489647962,0.2617069940346018
realprize,Affiliate,270,92,0.6585863028573498,0.6012036489647962,0.2626418144212767
realprize,Affiliate,270,93,0.661184723736822,0.6012036489647962,0.2636780551864639
realprize,Affiliate,270,94,0.6639380241762837,0.6012036489647962,0.26477606135502485
realprize,Affiliate,270,95,0.6655530812865236,0.6012036489647962,0.265420140237302
realprize,Affiliate,270,96,0.6686783052979162,0.6012036489647962,0.26666646816921297
realprize,Affiliate,270,97,0.6714191849782503,0.6012036489647962,0.26775952098435674
realprize,Affiliate,270,98,0.6730270598293278,0.6012036489647962,0.26840073560788774
realprize,Affiliate,270,99,0.6751367278349405,0.6012036489647962,0.2692420635104218
realprize,Affiliate,270,100,0.6776545466725576,0.6012036489647962,0.2702461604754312
realprize,Affiliate,270,101,0.6801146841113505,0.6012036489647962,0.27122725430906686
realprize,Affiliate,270,102,0.6829949078907518,0.6012036489647962,0.27237587704245697
realprize,Affiliate,270,103,0.6851144049765617,0.6012036489647962,0.2732211247463077
realprize,Affiliate,270,104,0.6878970823724057,0.6012036489647962,0.2743308463378784
realprize,Affiliate,270,105,0.6916113718449071,0.6012036489647962,0.27581209142620045
realprize,Affiliate,270,106,0.6942019203617742,0.6012036489647962,0.2768451927219067
realprize,Affiliate,270,107,0.6960484915994115,0.6012036489647962,0.27758159859340303
realprize,Affiliate,270,108,0.698678053155491,0.6012036489647962,0.27863025814679
realprize,Affiliate,270,109,0.701532878481378,0.6012036489647962,0.2797687520695966
realprize,Affiliate,270,110,0.706197536617517,0.6012036489647962,0.28162900071311553
realprize,Affiliate,270,111,0.7106449679456365,0.6012036489647962,0.28340262009824924
realprize,Affiliate,270,112,0.7124087295272492,0.6012036489647962,0.28410600178109247
realprize,Affiliate,270,113,0.716320165810273,0.6012036489647962,0.28566586829806906
realprize,Affiliate,270,114,0.7197377648416556,0.6012036489647962,0.2870287943210859
realprize,Affiliate,270,115,0.7234367523800491,0.6012036489647962,0.2885039370539219
realprize,Affiliate,270,116,0.7260649353835062,0.6012036489647962,0.28955204684555336
realprize,Affiliate,270,117,0.7290910010697601,0.6012036489647962,0.2907588307992242
realprize,Affiliate,270,118,0.7309146165112747,0.6012036489647962,0.2914860819829917
realprize,Affiliate,270,119,0.7320707396680082,0.6012036489647962,0.2919471396792443
realprize,Affiliate,270,120,0.7338407556050134,0.6012036489647962,0.29265301557619616
realprize,Affiliate,270,121,0.7350722129173742,0.6012036489647962,0.29314411625882125
realprize,Affiliate,270,122,0.7372596817856644,0.6012036489647962,0.29401647086149846
realprize,Affiliate,270,123,0.73885669259929,0.6012036489647962,0.29465335294653616
realprize,Affiliate,270,124,0.7405381414227923,0.6012036489647962,0.2953239086018013
realprize,Affiliate,270,125,0.7420826425865316,0.6012036489647962,0.2959398500300701
realprize,Affiliate,270,126,0.7449235674090245,0.6012036489647962,0.2970728004828457
realprize,Affiliate,270,127,0.7487481589457222,0.6012036489647962,0.2985980336318808
realprize,Affiliate,270,128,0.7511498769137805,0.6012036489647962,0.2995558299937582
realprize,Affiliate,270,129,0.7556218233594579,0.6012036489647962,0.3013392259183192
realprize,Affiliate,270,130,0.7575472683907983,0.6012036489647962,0.3021070863709366
realprize,Affiliate,270,131,0.7593043466145062,0.6012036489647962,0.3028078027550347
realprize,Affiliate,270,132,0.7612903498873136,0.6012036489647962,0.30359981361337424
realprize,Affiliate,270,133,0.7635043965882358,0.6012036489647962,0.30448276735872354
realprize,Affiliate,270,134,0.7645230032341153,0.6012036489647962,0.3048889839722405
realprize,Affiliate,270,135,0.765892662236089,0.6012036489647962,0.30543519898439014
realprize,Affiliate,270,136,0.7674699809809846,0.6012036489647962,0.30606422794427396
realprize,Affiliate,270,137,0.7690322790323427,0.6012036489647962,0.30668726670638496
realprize,Affiliate,270,138,0.7702071346054133,0.6012036489647962,0.3071557948219189
realprize,Affiliate,270,139,0.7722281899125639,0.6012036489647962,0.3079617843036509
realprize,Affiliate,270,140,0.7743806385152671,0.6012036489647962,0.3088201729521997
realprize,Affiliate,270,141,0.776611377873524,0.6012036489647962,0.3097097836683832
realprize,Affiliate,270,142,0.7785281890993543,0.6012036489647962,0.31047420099086764
realprize,Affiliate,270,143,0.7814317309003184,0.6012036489647962,0.3116321228661703
realprize,Affiliate,270,144,0.7828636256556887,0.6012036489647962,0.31220315726967846
realprize,Affiliate,270,145,0.7836947130380499,0.6012036489647962,0.3125345918851555
realprize,Affiliate,270,146,0.785378990952893,0.6012036489647962,0.3132062757717241
realprize,Affiliate,270,147,0.7869781324772359,0.6012036489647962,0.31384400757642095
realprize,Affiliate,270,148,0.7888129898123186,0.6012036489647962,0.3145757419863221
realprize,Affiliate,270,149,0.7907326791506566,0.6012036489647962,0.3153413070895725
realprize,Affiliate,270,150,0.7925067101858919,0.6012036489647962,0.3160487841930475
realprize,Affiliate,270,151,0.794625787669371,0.6012036489647962,0.3168938645610198
realprize,Affiliate,270,152,0.798493949528514,0.6012036489647962,0.3184364733956596
realprize,Affiliate,270,153,0.8010995567681886,0.6012036489647962,0.3194755800550727
realprize,Affiliate,270,154,0.8052670377491244,0.6012036489647962,0.32113755626327856
realprize,Affiliate,270,155,0.8119790410107501,0.6012036489647962,0.3238142786721513
realprize,Affiliate,270,156,0.8151789102961969,0.6012036489647962,0.3250903748669771
realprize,Affiliate,270,157,0.8177456604929986,0.6012036489647962,0.32611398547948045
realprize,Affiliate,270,158,0.8198811202174493,0.6012036489647962,0.3269655990253741
realprize,Affiliate,270,159,0.8220320860934439,0.6012036489647962,0.32782339636792196
realprize,Affiliate,270,160,0.8247971219406748,0.6012036489647962,0.3289260825742792
realprize,Affiliate,270,161,0.8273048854345247,0.6012036489647962,0.3299261695048858
realprize,Affiliate,270,162,0.8293257612575958,0.6012036489647962,0.3307320874090218
realprize,Affiliate,270,163,0.8300429441377897,0.6012036489647962,0.3310180973246681
realprize,Affiliate,270,164,0.8319508668290478,0.6012036489647962,0.33177896993199907
realprize,Affiliate,270,165,0.8337065119198585,0.6012036489647962,0.33247911478792724
realprize,Affiliate,270,166,0.8351371795533096,0.6012036489647962,0.3330496598196917
realprize,Affiliate,270,167,0.8360594834268905,0.6012036489647962,0.33341747123902143
realprize,Affiliate,270,168,0.8379978919905606,0.6012036489647962,0.33419050150102847
realprize,Affiliate,270,169,0.8398496052770524,0.6012036489647962,0.3349289580028448
realprize,Affiliate,270,170,0.8413358188742116,0.6012036489647962,0.33552165456225075
realprize,Affiliate,270,171,0.8429458820868511,0.6012036489647962,0.33616374189638737
realprize,Affiliate,270,172,0.844431593960124,0.6012036489647962,0.33675623837013835
realprize,Affiliate,270,173,0.845882691256007,0.6012036489647962,0.33733493067673354
realprize,Affiliate,270,174,0.8470598453676575,0.6012036489647962,0.33780437544106584
realprize,Affiliate,270,175,0.8513585415621014,0.6012036489647962,0.33951867979761896
realprize,Affiliate,270,176,0.8534256014786229,0.6012036489647962,0.3403430157496989
realprize,Affiliate,270,177,0.855193964192433,0.6012036489647962,0.34104823234727305
realprize,Affiliate,270,178,0.85711999295445,0.6012036489647962,0.34181632558955427
realprize,Affiliate,270,179,0.8602082659782949,0.6012036489647962,0.3430479176024641
realprize,Affiliate,270,180,0.8620324891058713,0.6012036489647962,0.34377541112921556
realprize,Affiliate,270,181,0.8630072136617317,0.6012036489647962,0.3441641277253571
realprize,Affiliate,270,182,0.864724481511134,0.6012036489647962,0.34484896787744884
realprize,Affiliate,270,183,0.8675959162314267,0.6012036489647962,0.34599408556613737
realprize,Affiliate,270,184,0.871514468019377,0.6012036489647962,0.3475567897205144
realprize,Affiliate,270,185,0.8736729394726067,0.6012036489647962,0.34841758025987607
realprize,Affiliate,270,186,0.8764198639671749,0.6012036489647962,0.34951304372487907
realprize,Affiliate,270,187,0.8778988135216631,0.6012036489647962,0.3501028434105741
realprize,Affiliate,270,188,0.8797805105465406,0.6012036489647962,0.35085325731784905
realprize,Affiliate,270,189,0.8819473536840662,0.6012036489647962,0.3517173864543599
realprize,Affiliate,270,190,0.8869400838413792,0.6012036489647962,0.3537084690227998
realprize,Affiliate,270,191,0.8888474867497201,0.6012036489647962,0.3544691343426001
realprize,Affiliate,270,192,0.8908518585381198,0.6012036489647962,0.35526847049793175
realprize,Affiliate,270,193,0.8932202919012533,0.6012036489647962,0.35621299308081944
realprize,Affiliate,270,194,0.8954012445661721,0.6012036489647962,0.3570827490453696
realprize,Affiliate,270,195,0.8967738314391749,0.6012036489647962,0.3576301316818019
realprize,Affiliate,270,196,0.8989218963864731,0.6012036489647962,0.3584867721445711
realprize,Affiliate,270,197,0.9005111053557662,0.6012036489647962,0.35912054288255757
realprize,Affiliate,270,198,0.9026548216695383,0.6012036489647962,0.3599754491261445
realprize,Affiliate,270,199,0.9036228444352027,0.6012036489647962,0.36036149307281046
realprize,Affiliate,270,200,0.9045447923932675,0.6012036489647962,0.3607291625543311
realprize,Affiliate,270,201,0.9060690072694606,0.6012036489647962,0.36133701388515044
realprize,Affiliate,270,202,0.907635437776314,0.6012036489647962,0.3619617006554338
realprize,Affiliate,270,203,0.9089056529215437,0.6012036489647962,0.36246825782038106
realprize,Affiliate,270,204,0.9095952407773832,0.6012036489647962,0.36274326294100806
realprize,Affiliate,270,205,0.9110508752555847,0.6012036489647962,0.36332376465935584
realprize,Affiliate,270,206,0.9130522820665801,0.6012036489647962,0.3641219183925178
realprize,Affiliate,270,207,0.9144408892301924,0.6012036489647962,0.36467568986238774
realprize,Affiliate,270,208,0.9155669499978158,0.6012036489647962,0.3651247587875599
realprize,Affiliate,270,209,0.9188493964747231,0.6012036489647962,0.36643378646501884
realprize,Affiliate,270,210,0.9200283279664092,0.6012036489647962,0.36690394004202376
realprize,Affiliate,270,211,0.9229172513470736,0.6012036489647962,0.368056032144653
realprize,Affiliate,270,212,0.9242966153112859,0.6012036489647962,0.36860611746033034
realprize,Affiliate,270,213,0.9259534823352819,0.6012036489647962,0.3692668699836505
realprize,Affiliate,270,214,0.9266768991714095,0.6012036489647962,0.3695553659781756
realprize,Affiliate,270,215,0.9281286650600454,0.6012036489647962,0.370134324917121
realprize,Affiliate,270,216,0.9294543676395546,0.6012036489647962,0.3706630102683872
realprize,Affiliate,270,217,0.93189216829627,0.6012036489647962,0.37163519627483654
realprize,Affiliate,270,218,0.9336555109532715,0.6012036489647962,0.3723384108920735
realprize,Affiliate,270,219,0.9354089528447732,0.6012036489647962,0.3730376771201566
realprize,Affiliate,270,220,0.9362208577843208,0.6012036489647962,0.3733614618474357
realprize,Affiliate,270,221,0.9373318301113763,0.6012036489647962,0.3738045135575665
realprize,Affiliate,270,222,0.9390470930712959,0.6012036489647962,0.37448855416704824
realprize,Affiliate,270,223,0.9398342898658083,0.6012036489647962,0.3748024853762464
realprize,Affiliate,270,224,0.9414733764380054,0.6012036489647962,0.3754561471202694
realprize,Affiliate,270,225,0.9432788688372807,0.6012036489647962,0.3761761709009222
realprize,Affiliate,270,226,0.9445102286595748,0.6012036489647962,0.3766672327048644
realprize,Affiliate,270,227,0.9449392091205219,0.6012036489647962,0.3768383085473555
realprize,Affiliate,270,228,0.947064683763788,0.6012036489647962,0.37768594007930795
realprize,Affiliate,270,229,0.9479207056845854,0.6012036489647962,0.3780273184977281
realprize,Affiliate,270,230,0.9493139532731509,0.6012036489647962,0.3785829405521366
realprize,Affiliate,270,231,0.9506124958125008,0.6012036489647962,0.3791007945784933
realprize,Affiliate,270,232,0.9518645507064453,0.6012036489647962,0.37960010950149414
realprize,Affiliate,270,233,0.9539045775247088,0.6012036489647962,0.3804136647526316
realprize,Affiliate,270,234,0.9552472981332556,0.6012036489647962,0.38094913683177983
realprize,Affiliate,270,235,0.9561692931544538,0.6012036489647962,0.3813168250819063
realprize,Affiliate,270,236,0.957436665686426,0.6012036489647962,0.3818222486230591
realprize,Affiliate,270,237,0.9585111734977226,0.6012036489647962,0.38225075841736295
realprize,Affiliate,270,238,0.9594855780242759,0.6012036489647962,0.3826393473869846
realprize,Affiliate,270,239,0.9605072056988836,0.6012036489647962,0.38304676877573474
realprize,Affiliate,270,240,0.9620738809340307,0.6012036489647962,0.3836715531427686
realprize,Affiliate,270,241,0.96440209414336,0.6012036489647962,0.3846000360750811
realprize,Affiliate,270,242,0.9657127705938894,0.6012036489647962,0.38512272906094
realprize,Affiliate,270,243,0.9674659382014499,0.6012036489647962,0.38582188590558825
realprize,Affiliate,270,244,0.9689017685131167,0.6012036489647962,0.3863944897945867
realprize,Affiliate,270,245,0.9712304595073764,0.6012036489647962,0.38732316326578603
realprize,Affiliate,270,246,0.9720498945482682,0.6012036489647962,0.38764995097000404
realprize,Affiliate,270,247,0.9729625616564265,0.6012036489647962,0.3880139192824474
realprize,Affiliate,270,248,0.9737226971492335,0.6012036489647962,0.3883170585432712
realprize,Affiliate,270,249,0.9751274752054823,0.6012036489647962,0.3888772789061175
realprize,Affiliate,270,250,0.9762781311666211,0.6012036489647962,0.3893361563047166
realprize,Affiliate,270,251,0.9772236765797734,0.6012036489647962,0.3897132363652198
realprize,Affiliate,270,252,0.9780177351791354,0.6012036489647962,0.3900299040371535
realprize,Affiliate,270,253,0.9791345682781931,0.6012036489647962,0.3904752930017731
realprize,Affiliate,270,254,0.980354840026258,0.6012036489647962,0.3909619329221727
realprize,Affiliate,270,255,0.9812232395511397,0.6012036489647962,0.39130824748393617
realprize,Affiliate,270,256,0.9820990844637256,0.6012036489647962,0.3916575312391482
realprize,Affiliate,270,257,0.9825544014541235,0.6012036489647962,0.39183910999348326
realprize,Affiliate,270,258,0.983091551820878,0.6012036489647962,0.3920533235997022
realprize,Affiliate,270,259,0.9843580207406891,0.6012036489647962,0.3925583867836223
realprize,Affiliate,270,260,0.9851129105766474,0.6012036489647962,0.39285943409563606
realprize,Affiliate,270,261,0.9861647716081514,0.6012036489647962,0.39327891243679597
realprize,Affiliate,270,262,0.9872796595879059,0.6012036489647962,0.3937235256949351
realprize,Affiliate,270,263,0.9894578379752366,0.6012036489647962,0.3945921752877063
realprize,Affiliate,270,264,0.9906124095890745,0.6012036489647962,0.39505261423431365
realprize,Affiliate,270,265,0.9915366186483207,0.6012036489647962,0.3954211854347347
realprize,Affiliate,270,266,0.9934449063435694,0.6012036489647962,0.3961822036043253
realprize,Affiliate,270,267,0.9948595951427024,0.6012036489647962,0.39674637633526993
realprize,Affiliate,270,268,0.9962276168917653,0.6012036489647962,0.397291938416933
realprize,Affiliate,270,269,0.9980841069023934,0.6012036489647962,0.39803229985890476
realprize,Affiliate,270,270,1.0,0.6012036489647962,0.39879635103520383
realprize,Affiliate,365,1,0.16082755585998548,0.6012036489647962,0.06413744242287263
realprize,Affiliate,365,2,0.20299419342859715,0.6012036489647962,0.0809533436206589
realprize,Affiliate,365,3,0.22041166286453287,0.6012036489647962,0.08789936687597726
realprize,Affiliate,365,4,0.23054682398305068,0.6012036489647962,0.09194123214719603
realprize,Affiliate,365,5,0.24235077247363795,0.6012036489647962,0.09664860373304973
realprize,Affiliate,365,6,0.2542599299741102,0.6012036489647962,0.10139793228814159
realprize,Affiliate,365,7,0.26368512610155054,0.6012036489647962,0.10515666611155594
realprize,Affiliate,365,8,0.27307364495517256,0.6012036489647962,0.10890077317200561
realprize,Affiliate,365,9,0.2844285129649371,0.6012036489647962,0.11342905310078608
realprize,Affiliate,365,10,0.2913412535534309,0.6012036489647962,0.11618582882313035
realprize,Affiliate,365,11,0.29692639701987356,0.6012036489647962,0.11841316365755579
realprize,Affiliate,365,12,0.3030319988580637,0.6012036489647962,0.12084805539149986
realprize,Affiliate,365,13,0.312119964805129,0.6012036489647962,0.12447230304952168
realprize,Affiliate,365,14,0.3158725504611895,0.6012036489647962,0.12596882051610567
realprize,Affiliate,365,15,0.3206042569350145,0.6012036489647962,0.12785580779203673
realprize,Affiliate,365,16,0.3265410858651375,0.6012036489647962,0.13022339350609002
realprize,Affiliate,365,17,0.33045585587409027,0.6012036489647962,0.13178458950080243
realprize,Affiliate,365,18,0.3368258756181745,0.6012036489647962,0.13432493013076544
realprize,Affiliate,365,19,0.34385962661221114,0.6012036489647962,0.13712996436127747
realprize,Affiliate,365,20,0.3509525809879785,0.6012036489647962,0.13995860868439267
realprize,Affiliate,365,21,0.3594469788056567,0.6012036489647962,0.14334614353832414
realprize,Affiliate,365,22,0.3647813744891118,0.6012036489647962,0.14547348107186397
realprize,Affiliate,365,23,0.36975473797638453,0.6012036489647962,0.14745684028296005
realprize,Affiliate,365,24,0.3758418374965063,0.6012036489647962,0.14988435335997277
realprize,Affiliate,365,25,0.3824587320407809,0.6012036489647962,0.15252314675941422
realprize,Affiliate,365,26,0.3867268145211336,0.6012036489647962,0.15422524247849617
realprize,Affiliate,365,27,0.3914671599621518,0.6012036489647962,0.1561156749430206
realprize,Affiliate,365,28,0.3966924188075985,0.6012036489647962,0.15819948910379913
realprize,Affiliate,365,29,0.40164821277470675,0.6012036489647962,0.1601758416543642
realprize,Affiliate,365,30,0.4082664651564479,0.6012036489647962,0.1628151765544326
realprize,Affiliate,365,31,0.41220023410373247,0.6012036489647962,0.1643839492564253
realprize,Affiliate,365,32,0.4144720897266043,0.6012036489647962,0.1652899569889054
realprize,Affiliate,365,33,0.41985893211806363,0.6012036489647962,0.16743821007822113
realprize,Affiliate,365,34,0.42321897262676994,0.6012036489647962,0.16877818197242367
realprize,Affiliate,365,35,0.42592015101719033,0.6012036489647962,0.16985540205801847
realprize,Affiliate,365,36,0.4274764062263017,0.6012036489647962,0.1704760309566916
realprize,Affiliate,365,37,0.4302056951475756,0.6012036489647962,0.17156446141941645
realprize,Affiliate,365,38,0.43520466581066874,0.6012036489647962,0.17355803267879003
realprize,Affiliate,365,39,0.43801650599088254,0.6012036489647962,0.17467938428235347
realprize,Affiliate,365,40,0.44071907885103684,0.6012036489647962,0.17575716047738976
realprize,Affiliate,365,41,0.44697687656645746,0.6012036489647962,0.17825274737181596
realprize,Affiliate,365,42,0.45134172425245134,0.6012036489647962,0.17999343270181475
realprize,Affiliate,365,43,0.454097530774497,0.6012036489647962,0.18109243828696558
realprize,Affiliate,365,44,0.45604379148866975,0.6012036489647962,0.18186859995794083
realprize,Affiliate,365,45,0.45882553466051623,0.6012036489647962,0.18297794898439032
realprize,Affiliate,365,46,0.46131683982758453,0.6012036489647962,0.1839714723943323
realprize,Affiliate,365,47,0.46577024130787303,0.6012036489647962,0.18574747265436614
realprize,Affiliate,365,48,0.4723769094515394,0.6012036489647962,0.1883821878025608
realprize,Affiliate,365,49,0.47598589813330894,0.6012036489647962,0.18982143931977785
realprize,Affiliate,365,50,0.4802460865648645,0.6012036489647962,0.1915203869210046
realprize,Affiliate,365,51,0.4818231623071613,0.6012036489647962,0.1921493189723387
realprize,Affiliate,365,52,0.4836587050104792,0.6012036489647962,0.19288132670459116
realprize,Affiliate,365,53,0.48547942409386013,0.6012036489647962,0.19360742283130364
realprize,Affiliate,365,54,0.4877610996621769,0.6012036489647962,0.19451734672219453
realprize,Affiliate,365,55,0.4903150564559902,0.6012036489647962,0.19553585537226886
realprize,Affiliate,365,56,0.49285879713327735,0.6012036489647962,0.1965502898723508
realprize,Affiliate,365,57,0.495867111183803,0.6012036489647962,0.19774999453846834
realprize,Affiliate,365,58,0.5011175429140143,0.6012036489647962,0.19984384755383608
realprize,Affiliate,365,59,0.5037256192262479,0.6012036489647962,0.2008839388703762
realprize,Affiliate,365,60,0.5056510406668813,0.6012036489647962,0.2016517899151057
realprize,Affiliate,365,61,0.5094389884400512,0.6012036489647962,0.2031624096649578
realprize,Affiliate,365,62,0.5160772639430691,0.6012036489647962,0.2058097297127277
realprize,Affiliate,365,63,0.5200430808995655,0.6012036489647962,0.20739128304385204
realprize,Affiliate,365,64,0.5230795202926999,0.6012036489647962,0.20860220399397356
realprize,Affiliate,365,65,0.5270513694068162,0.6012036489647962,0.21018616292754555
realprize,Affiliate,365,66,0.5301312644938327,0.6012036489647962,0.21141441384981902
realprize,Affiliate,365,67,0.5329589941202467,0.6012036489647962,0.21254210210654706
realprize,Affiliate,365,68,0.5360303828014146,0.6012036489647962,0.21376696070520762
realprize,Affiliate,365,69,0.5382019899332675,0.6012036489647962,0.2146329897052726
realprize,Affiliate,365,70,0.5410070191982607,0.6012036489647962,0.21575162514069882
realprize,Affiliate,365,71,0.5453032861060665,0.6012036489647962,0.2174649607066051
realprize,Affiliate,365,72,0.5476434040680982,0.6012036489647962,0.21839819121085527
realprize,Affiliate,365,73,0.550573960557895,0.6012036489647962,0.21956688644548875
realprize,Affiliate,365,74,0.553103504071316,0.6012036489647962,0.22057565916842584
realprize,Affiliate,365,75,0.5551067729808253,0.6012036489647962,0.22137455549968044
realprize,Affiliate,365,76,0.556270843260067,0.6012036489647962,0.22183878247939054
realprize,Affiliate,365,77,0.5577423706379273,0.6012036489647962,0.22242562222812962
realprize,Affiliate,365,78,0.5598580169725159,0.6012036489647962,0.22326933426644457
realprize,Affiliate,365,79,0.5625504864802094,0.6012036489647962,0.2243430812813863
realprize,Affiliate,365,80,0.5643455927716028,0.6012036489647962,0.2250589631201143
realprize,Affiliate,365,81,0.5673983963295607,0.6012036489647962,0.2262764100394552
realprize,Affiliate,365,82,0.5699061025207367,0.6012036489647962,0.2272764741179646
realprize,Affiliate,365,83,0.5733391508074102,0.6012036489647962,0.22864556124761762
realprize,Affiliate,365,84,0.5750639428052741,0.6012036489647962,0.22933340200266045
realprize,Affiliate,365,85,0.5770914467057245,0.6012036489647962,0.23014196315986976
realprize,Affiliate,365,86,0.5790247608200655,0.6012036489647962,0.23091296177407378
realprize,Affiliate,365,87,0.5814663404329806,0.6012036489647962,0.23188665481446627
realprize,Affiliate,365,88,0.5835182008791859,0.6012036489647962,0.23270492927324643
realprize,Affiliate,365,89,0.5861440566777038,0.6012036489647962,0.23375211098403995
realprize,Affiliate,365,90,0.5880569992689071,0.6012036489647962,0.23451498550915167
realprize,Affiliate,365,91,0.5902867952867715,0.6012036489647962,0.23540422002462885
realprize,Affiliate,365,92,0.5923953064950969,0.6012036489647962,0.23624508660062582
realprize,Affiliate,365,93,0.5947325739521027,0.6012036489647962,0.23717718033387306
realprize,Affiliate,365,94,0.5972091548506598,0.6012036489647962,0.23816483175926115
realprize,Affiliate,365,95,0.5986618911855588,0.6012036489647962,0.2387441777086351
realprize,Affiliate,365,96,0.6014730156016944,0.6012036489647962,0.23986524386809596
realprize,Affiliate,365,97,0.603938424085371,0.6012036489647962,0.24084843977519743
realprize,Affiliate,365,98,0.6053847000116654,0.6012036489647962,0.2414252093371937
realprize,Affiliate,365,99,0.6072823365391268,0.6012036489647962,0.2421819798599364
realprize,Affiliate,365,100,0.6095471028355683,0.6012036489647962,0.2430851603949048
realprize,Affiliate,365,101,0.6117599849829053,0.6012036489647962,0.24396764972053372
realprize,Affiliate,365,102,0.6143507328335215,0.6012036489647962,0.24500083050981175
realprize,Affiliate,365,103,0.6162572105727584,0.6012036489647962,0.2457611268755493
realprize,Affiliate,365,104,0.6187602159065103,0.6012036489647962,0.2467593162692712
realprize,Affiliate,365,105,0.6221012019563684,0.6012036489647962,0.24809168931481412
realprize,Affiliate,365,106,0.6244313882599428,0.6012036489647962,0.24902095910991182
realprize,Affiliate,365,107,0.6260923704722043,0.6012036489647962,0.2496833527552961
realprize,Affiliate,365,108,0.6284576488225179,0.6012036489647962,0.2506266171305837
realprize,Affiliate,365,109,0.6310255508827055,0.6012036489647962,0.2516506871020023
realprize,Affiliate,365,110,0.6352213891111411,0.6012036489647962,0.25332397207703644
realprize,Affiliate,365,111,0.6392218328393307,0.6012036489647962,0.25491933443836007
realprize,Affiliate,365,112,0.6408083281523831,0.6012036489647962,0.25555202298013985
realprize,Affiliate,365,113,0.6443266468384307,0.6012036489647962,0.2569551156339146
realprize,Affiliate,365,114,0.6474007612208424,0.6012036489647962,0.25818106123228524
realprize,Affiliate,365,115,0.6507279832523684,0.6012036489647962,0.2595079452375417
realprize,Affiliate,365,116,0.6530920216010302,0.6012036489647962,0.26045071510469536
realprize,Affiliate,365,117,0.6558139535663704,0.6012036489647962,0.2615362116402391
realprize,Affiliate,365,118,0.65745428714713,0.6012036489647962,0.2621903706867265
realprize,Affiliate,365,119,0.6584942145322089,0.6012036489647962,0.2626050899332376
realprize,Affiliate,365,120,0.6600863356087544,0.6012036489647962,0.2632400220089702
realprize,Affiliate,365,121,0.6611940257153154,0.6012036489647962,0.2636817647815445
realprize,Affiliate,365,122,0.6631616437557408,0.6012036489647962,0.26446644367629724
realprize,Affiliate,365,123,0.6645981475310382,0.6012036489647962,0.2650393161401341
realprize,Affiliate,365,124,0.6661106029022369,0.6012036489647962,0.2656424778232717
realprize,Affiliate,365,125,0.6674998744924684,0.6012036489647962,0.26619651426405294
realprize,Affiliate,365,126,0.6700552731147122,0.6012036489647962,0.2672155979100442
realprize,Affiliate,365,127,0.6734954753566518,0.6012036489647962,0.26858753801095275
realprize,Affiliate,365,128,0.6756558094626449,0.6012036489647962,0.26944907136943974
realprize,Affiliate,365,129,0.6796783044246918,0.6012036489647962,0.2710532276823615
realprize,Affiliate,365,130,0.6814102332463687,0.6012036489647962,0.271743914576699
realprize,Affiliate,365,131,0.68299071691017,0.6012036489647962,0.27237420569469367
realprize,Affiliate,365,132,0.6847771175874854,0.6012036489647962,0.2730866157662939
realprize,Affiliate,365,133,0.6867686422643527,0.6012036489647962,0.2738808285404251
realprize,Affiliate,365,134,0.6876848741895624,0.6012036489647962,0.2742462184889007
realprize,Affiliate,365,135,0.6889168760710892,0.6012036489647962,0.2747375363437221
realprize,Affiliate,365,136,0.6903356669224461,0.6012036489647962,0.27530334495812536
realprize,Affiliate,365,137,0.6917409467300515,0.6012036489647962,0.27586376541758184
realprize,Affiliate,365,138,0.6927977238362212,0.6012036489647962,0.27628520427137987
realprize,Affiliate,365,139,0.6946156536548775,0.6012036489647962,0.2770101880494981
realprize,Affiliate,365,140,0.69655177112981,0.6012036489647962,0.2777823046336767
realprize,Affiliate,365,141,0.698558310774063,0.6012036489647962,0.2785825053220123
realprize,Affiliate,365,142,0.7002824735279685,0.6012036489647962,0.2792700951368606
realprize,Affiliate,365,143,0.7028941958301799,0.6012036489647962,0.28031164046089974
realprize,Affiliate,365,144,0.7041821784814986,0.6012036489647962,0.28082528324244227
realprize,Affiliate,365,145,0.7049297377041274,0.6012036489647962,0.28112340713260936
realprize,Affiliate,365,146,0.7064447378297867,0.6012036489647962,0.28172758365454015
realprize,Affiliate,365,147,0.7078831581694325,0.6012036489647962,0.2823012204372457
realprize,Affiliate,365,148,0.7095336037810027,0.6012036489647962,0.282959412124722
realprize,Affiliate,365,149,0.7112603553836797,0.6012036489647962,0.2836480343630138
realprize,Affiliate,365,150,0.7128560880223491,0.6012036489647962,0.2842844067165429
realprize,Affiliate,365,151,0.7147621883312472,0.6012036489647962,0.2850445525644385
realprize,Affiliate,365,152,0.7182415818749298,0.6012036489647962,0.2864321220134746
realprize,Affiliate,365,153,0.7205853134294063,0.6012036489647962,0.2873667936052059
realprize,Affiliate,365,154,0.7243339431265362,0.6012036489647962,0.2888617334498035
realprize,Affiliate,365,155,0.7303713587425547,0.6012036489647962,0.2912694327671546
realprize,Affiliate,365,156,0.7332496262344115,0.6012036489647962,0.2924172753402104
realprize,Affiliate,365,157,0.7355584060601287,0.6012036489647962,0.2933380083100501
realprize,Affiliate,365,158,0.7374792421183421,0.6012036489647962,0.29410403072100244
realprize,Affiliate,365,159,0.7394140258875186,0.6012036489647962,0.2948756154281922
realprize,Affiliate,365,160,0.7419011627306076,0.6012036489647962,0.29586747652574125
realprize,Affiliate,365,161,0.744156884292248,0.6012036489647962,0.2967670500534749
realprize,Affiliate,365,162,0.7459746526658124,0.6012036489647962,0.2974919694478796
realprize,Affiliate,365,163,0.7466197553202134,0.6012036489647962,0.2977492340324978
realprize,Affiliate,365,164,0.7483359228787447,0.6012036489647962,0.2984336353926051
realprize,Affiliate,365,165,0.7499151174461918,0.6012036489647962,0.2990634124236776
realprize,Affiliate,365,166,0.7512019963070697,0.6012036489647962,0.29957661501762006
realprize,Affiliate,365,167,0.7520316043379399,0.6012036489647962,0.2999074596731206
realprize,Affiliate,365,168,0.7537751937964604,0.6012036489647962,0.300602796786882
realprize,Affiliate,365,169,0.7554408012576742,0.6012036489647962,0.3012670349646711
realprize,Affiliate,365,170,0.7567776434537333,0.6012036489647962,0.3018001627543694
realprize,Affiliate,365,171,0.7582258878010419,0.6012036489647962,0.3023777173154834
realprize,Affiliate,365,172,0.7595622786988064,0.6012036489647962,0.30291066512906856
realprize,Affiliate,365,173,0.7608675339457183,0.6012036489647962,0.3034311961587065
realprize,Affiliate,365,174,0.7619263785766158,0.6012036489647962,0.3038534595338217
realprize,Affiliate,365,175,0.7657930357460536,0.6012036489647962,0.30539546830369757
realprize,Affiliate,365,176,0.7676523464961843,0.6012036489647962,0.30613695464629026
realprize,Affiliate,365,177,0.7692429805061797,0.6012036489647962,0.30677129368530887
realprize,Affiliate,365,178,0.7709754343908766,0.6012036489647962,0.3074621899728628
realprize,Affiliate,365,179,0.7737533215661242,0.6012036489647962,0.308570001241939
realprize,Affiliate,365,180,0.7753942017576609,0.6012036489647962,0.3092243782748098
realprize,Affiliate,365,181,0.7762709619476498,0.6012036489647962,0.3095740270393103
realprize,Affiliate,365,182,0.777815636365516,0.6012036489647962,0.31019003756069274
realprize,Affiliate,365,183,0.7803984784984732,0.6012036489647962,0.3112200655786161
realprize,Affiliate,365,184,0.7839231975480014,0.6012036489647962,0.3126257106739922
realprize,Affiliate,365,185,0.7858647325488803,0.6012036489647962,0.31339998774774985
realprize,Affiliate,365,186,0.7883355783147556,0.6012036489647962,0.3143853520231517
realprize,Affiliate,365,187,0.7896658865383259,0.6012036489647962,0.31491587408846367
realprize,Affiliate,365,188,0.7913584642323153,0.6012036489647962,0.3155908678966702
realprize,Affiliate,365,189,0.7933075295241564,0.6012036489647962,0.3163681480229858
realprize,Affiliate,365,190,0.7977984670048731,0.6012036489647962,0.31815911750302284
realprize,Affiliate,365,191,0.7995141670210957,0.6012036489647962,0.31884333240896345
realprize,Affiliate,365,192,0.8013170900924799,0.6012036489647962,0.31956233155102864
realprize,Affiliate,365,193,0.8034474848516472,0.6012036489647962,0.3204119252072491
realprize,Affiliate,365,194,0.8054092415975443,0.6012036489647962,0.3211942666391316
realprize,Affiliate,365,195,0.8066438770854004,0.6012036489647962,0.3216866347665472
realprize,Affiliate,365,196,0.80857605148275,0.6012036489647962,0.32245717886577385
realprize,Affiliate,365,197,0.8100055375354732,0.6012036489647962,0.3230272526874556
realprize,Affiliate,365,198,0.8119338003572566,0.6012036489647962,0.3237962368646196
realprize,Affiliate,365,199,0.8128045323182342,0.6012036489647962,0.32414348159338724
realprize,Affiliate,365,200,0.8136338202047584,0.6012036489647962,0.32447419857649074
realprize,Affiliate,365,201,0.8150048443739968,0.6012036489647962,0.3250209580123641
realprize,Affiliate,365,202,0.8164138413060384,0.6012036489647962,0.3255828608474821
realprize,Affiliate,365,203,0.8175563939024232,0.6012036489647962,0.32603850665378614
realprize,Affiliate,365,204,0.8181766749611742,0.6012036489647962,0.32628587247663227
realprize,Affiliate,365,205,0.8194860113824114,0.6012036489647962,0.32680803106369916
realprize,Affiliate,365,206,0.8212862674704549,0.6012036489647962,0.3275259666225398
realprize,Affiliate,365,207,0.8225353131349645,0.6012036489647962,0.3280240814758226
realprize,Affiliate,365,208,0.8235481995413083,0.6012036489647962,0.32842801687868567
realprize,Affiliate,365,209,0.8265007448315834,0.6012036489647962,0.32960548116671357
realprize,Affiliate,365,210,0.8275611882075298,0.6012036489647962,0.33002838211552044
realprize,Affiliate,365,211,0.8301597613088902,0.6012036489647962,0.3310646835862412
realprize,Affiliate,365,212,0.8314004927586679,0.6012036489647962,0.33155948276102715
realprize,Affiliate,365,213,0.8328908369159077,0.6012036489647962,0.332153826572721
realprize,Affiliate,365,214,0.833541546984584,0.6012036489647962,0.332413327373691
realprize,Affiliate,365,215,0.8348474036275575,0.6012036489647962,0.33293409823788395
realprize,Affiliate,365,216,0.8360398669121755,0.6012036489647962,0.333409648244533
realprize,Affiliate,365,217,0.838232657228256,0.6012036489647962,0.3342841250211713
realprize,Affiliate,365,218,0.8398187757205753,0.6012036489647962,0.3349166632882177
realprize,Affiliate,365,219,0.841395988520524,0.6012036489647962,0.33554564999764325
realprize,Affiliate,365,220,0.8421262932253463,0.6012036489647962,0.3358368928490702
realprize,Affiliate,365,221,0.8431256076498009,0.6012036489647962,0.33623541579507954
realprize,Affiliate,365,222,0.8446684786789321,0.6012036489647962,0.336850707131615
realprize,Affiliate,365,223,0.8453765585225819,0.6012036489647962,0.3371330867895041
realprize,Affiliate,365,224,0.8468509092463914,0.6012036489647962,0.3377210524783055
realprize,Affiliate,365,225,0.8484749412352178,0.6012036489647962,0.33836871050941386
realprize,Affiliate,365,226,0.8495825436499186,0.6012036489647962,0.33881041831079434
realprize,Affiliate,365,227,0.8499684095729427,0.6012036489647962,0.33896430023288515
realprize,Affiliate,365,228,0.8518802640972205,0.6012036489647962,0.3397267408408773
realprize,Affiliate,365,229,0.8526502518208298,0.6012036489647962,0.34003380913539455
realprize,Affiliate,365,230,0.8539034715259327,0.6012036489647962,0.34053358858083504
realprize,Affiliate,365,231,0.8550715044811547,0.6012036489647962,0.34099939586126643
realprize,Affiliate,365,232,0.8561977220162429,0.6012036489647962,0.34144852730473146
realprize,Affiliate,365,233,0.8580327166206254,0.6012036489647962,0.3421803164571285
realprize,Affiliate,365,234,0.8592404875429576,0.6012036489647962,0.342661971093841
realprize,Affiliate,365,235,0.8600698177625506,0.6012036489647962,0.34299270495921796
realprize,Affiliate,365,236,0.8612098134415737,0.6012036489647962,0.34344733107620823
realprize,Affiliate,365,237,0.8621763282042445,0.6012036489647962,0.343832773636783
realprize,Affiliate,365,238,0.8630528005293647,0.6012036489647962,0.3441823076018243
realprize,Affiliate,365,239,0.8639717498558196,0.6012036489647962,0.34454878124000077
realprize,Affiliate,365,240,0.8653809669198196,0.6012036489647962,0.3451107718629405
realprize,Affiliate,365,241,0.8674751838383048,0.6012036489647962,0.3459459379283086
realprize,Affiliate,365,242,0.8686541311900166,0.6012036489647962,0.34641609783023386
realprize,Affiliate,365,243,0.87023109727284,0.6012036489647962,0.3470449861497701
realprize,Affiliate,365,244,0.8715226199386842,0.6012036489647962,0.347560040676188
realprize,Affiliate,365,245,0.8736172666224851,0.6012036489647962,0.34839537813039584
realprize,Affiliate,365,246,0.8743543446183313,0.6012036489647962,0.34868932214556764
realprize,Affiliate,365,247,0.8751752844236684,0.6012036489647962,0.34901670994435563
realprize,Affiliate,365,248,0.8758590227527008,0.6012036489647962,0.34928938229503664
realprize,Affiliate,365,249,0.8771226140596844,0.6012036489647962,0.3497932978974615
realprize,Affiliate,365,250,0.8781576237278355,0.6012036489647962,0.3502060559764063
realprize,Affiliate,365,251,0.8790081374151065,0.6012036489647962,0.3505452377313955
realprize,Affiliate,365,252,0.8797223894202018,0.6012036489647962,0.3508300788247471
realprize,Affiliate,365,253,0.8807269755817264,0.6012036489647962,0.3512307041202636
realprize,Affiliate,365,254,0.8818246043253942,0.6012036489647962,0.35166843445802964
realprize,Affiliate,365,255,0.8826057256461242,0.6012036489647962,0.3519799427904525
realprize,Affiliate,365,256,0.8833935440583541,0.6012036489647962,0.3522941218985282
realprize,Affiliate,365,257,0.8838030995667346,0.6012036489647962,0.3524574511408167
realprize,Affiliate,365,258,0.8842862638153183,0.6012036489647962,0.35265013528010253
realprize,Affiliate,365,259,0.8854254466994186,0.6012036489647962,0.3531044372574435
realprize,Affiliate,365,260,0.8861044665845912,0.6012036489647962,0.3533752279099307
realprize,Affiliate,365,261,0.8870506106745072,0.6012036489647962,0.3537525467205427
realprize,Affiliate,365,262,0.8880534472102944,0.6012036489647962,0.35415247427169944
realprize,Affiliate,365,263,0.8900127085064456,0.6012036489647962,0.354933820527329
realprize,Affiliate,365,264,0.8910512402859294,0.6012036489647962,0.35534798321142125
realprize,Affiliate,365,265,0.8918825620224159,0.6012036489647962,0.3556795112864683
realprize,Affiliate,365,266,0.8935990579003337,0.6012036489647962,0.3563640435791489
realprize,Affiliate,365,267,0.8948715638742988,0.6012036489647962,0.35687151431823666
realprize,Affiliate,365,268,0.8961020930544715,0.6012036489647962,0.3573622448651319
realprize,Affiliate,365,269,0.8977719971567579,0.6012036489647962,0.35802819652770246
realprize,Affiliate,365,270,0.8994953340586103,0.6012036489647962,0.35871545699576546
realprize,Affiliate,365,271,0.9004776691117228,0.6012036489647962,0.3591072086304407
realprize,Affiliate,365,272,0.9017009400582378,0.6012036489647962,0.3595950446202383
realprize,Affiliate,365,273,0.903559972358948,0.6012036489647962,0.36033641991821813
realprize,Affiliate,365,274,0.904379333481149,0.6012036489647962,0.36066317814393195
realprize,Affiliate,365,275,0.9055125454978412,0.6012036489647962,0.3611150989611381
realprize,Affiliate,365,276,0.906398154626165,0.6012036489647962,0.36146827664995707
realprize,Affiliate,365,277,0.9077296513507611,0.6012036489647962,0.3619992726851413
realprize,Affiliate,365,278,0.9089022264463643,0.6012036489647962,0.36246689135458265
realprize,Affiliate,365,279,0.909984844327415,0.6012036489647962,0.3628986354151111
realprize,Affiliate,365,280,0.9111316409429299,0.6012036489647962,0.36335597372075795
realprize,Affiliate,365,281,0.912272446325498,0.6012036489647962,0.36381092274456744
realprize,Affiliate,365,282,0.9137853526780142,0.6012036489647962,0.36441426427740886
realprize,Affiliate,365,283,0.9146564012314928,0.6012036489647962,0.36476163526211064
realprize,Affiliate,365,284,0.9164774751051628,0.6012036489647962,0.36548787287789575
realprize,Affiliate,365,285,0.9171030475014035,0.6012036489647962,0.3657373488668249
realprize,Affiliate,365,286,0.9181405484758107,0.6012036489647962,0.366151100469614
realprize,Affiliate,365,287,0.9192273774682035,0.6012036489647962,0.3665845239059795
realprize,Affiliate,365,288,0.919957624010409,0.6012036489647962,0.36687574356236713
realprize,Affiliate,365,289,0.9203811091967966,0.6012036489647962,0.367044627909416
realprize,Affiliate,365,290,0.920862623231843,0.6012036489647962,0.36723665394956473
realprize,Affiliate,365,291,0.9218642759666055,0.6012036489647962,0.3676361094051924
realprize,Affiliate,365,292,0.9228450924665761,0.6012036489647962,0.3680272554464158
realprize,Affiliate,365,293,0.9248528104687286,0.6012036489647962,0.3688279260595819
realprize,Affiliate,365,294,0.9262279158540433,0.6012036489647962,0.3693763130695343
realprize,Affiliate,365,295,0.927004524205947,0.6012036489647962,0.369686021646457
realprize,Affiliate,365,296,0.9290907675448036,0.6012036489647962,0.37051800787736444
realprize,Affiliate,365,297,0.9303717046825056,0.6012036489647962,0.3710288409337855
realprize,Affiliate,365,298,0.930919197953207,0.6012036489647962,0.37124717925235756
realprize,Affiliate,365,299,0.931666027581073,0.6012036489647962,0.37154501218279545
realprize,Affiliate,365,300,0.9322575835519231,0.6012036489647962,0.3717809225454036
realprize,Affiliate,365,301,0.9326772386286771,0.6012036489647962,0.3719482794587065
realprize,Affiliate,365,302,0.9331608193259598,0.6012036489647962,0.3721411296762139
realprize,Affiliate,365,303,0.934045718691495,0.6012036489647962,0.3724940243142227
realprize,Affiliate,365,304,0.9345355750487241,0.6012036489647962,0.37268937724201706
realprize,Affiliate,365,305,0.9355837850910821,0.6012036489647962,0.3731073995820279
realprize,Affiliate,365,306,0.9369862189531619,0.6012036489647962,0.3736666850887935
realprize,Affiliate,365,307,0.9375538543523988,0.6012036489647962,0.3738930560147276
realprize,Affiliate,365,308,0.93823915902799,0.6012036489647962,0.37416635301870077
realprize,Affiliate,365,309,0.9395227232795887,0.6012036489647962,0.3746782337585575
realprize,Affiliate,365,310,0.9405305655633711,0.6012036489647962,0.37508015758374896
realprize,Affiliate,365,311,0.9413120822380856,0.6012036489647962,0.37539182358189827
realprize,Affiliate,365,312,0.9456974533920661,0.6012036489647962,0.37714069359604074
realprize,Affiliate,365,313,0.9469379621804136,0.6012036489647962,0.37763540397426076
realprize,Affiliate,365,314,0.9474984828078663,0.6012036489647962,0.3778589375551689
realprize,Affiliate,365,315,0.9482200323552489,0.6012036489647962,0.3781466888817562
realprize,Affiliate,365,316,0.9503534540441405,0.6012036489647962,0.37899748966650554
realprize,Affiliate,365,317,0.951418415010183,0.6012036489647962,0.37942219221375817
realprize,Affiliate,365,318,0.95200900810431,0.6012036489647962,0.37965771858464264
realprize,Affiliate,365,319,0.9532482434947142,0.6012036489647962,0.3801519211364095
realprize,Affiliate,365,320,0.9540853539054628,0.6012036489647962,0.38048575771362964
realprize,Affiliate,365,321,0.9553284773346695,0.6012036489647962,0.3809815108010836
realprize,Affiliate,365,322,0.9561559041803199,0.6012036489647962,0.3813114856078776
realprize,Affiliate,365,323,0.9579503802153887,0.6012036489647962,0.38202711610268314
realprize,Affiliate,365,324,0.9584687001479598,0.6012036489647962,0.3822338202004613
realprize,Affiliate,365,325,0.9595696727034654,0.6012036489647962,0.38267288403818683
realprize,Affiliate,365,326,0.9600602831836572,0.6012036489647962,0.382868537707467
realprize,Affiliate,365,327,0.9610681254674394,0.6012036489647962,0.38327046153265826
realprize,Affiliate,365,328,0.9618436404715188,0.6012036489647962,0.38357973408645823
realprize,Affiliate,365,329,0.962879609715203,0.6012036489647962,0.38399287484062417
realprize,Affiliate,365,330,0.9645238300117913,0.6012036489647962,0.3846485838952016
realprize,Affiliate,365,331,0.9653515465032851,0.6012036489647962,0.384978674211701
realprize,Affiliate,365,332,0.9659621982244427,0.6012036489647962,0.385222199889852
realprize,Affiliate,365,333,0.9669548902040049,0.6012036489647962,0.3856180818290033
realprize,Affiliate,365,334,0.9686492401069274,0.6012036489647962,0.38629378238766565
realprize,Affiliate,365,335,0.9696779473291439,0.6012036489647962,0.3867040270741692
realprize,Affiliate,365,336,0.9709448660777075,0.6012036489647962,0.3872092696481544
realprize,Affiliate,365,337,0.9722467119399447,0.6012036489647962,0.3877284410276249
realprize,Affiliate,365,338,0.9726465484564927,0.6012036489647962,0.38788789437143484
realprize,Affiliate,365,339,0.9731601453352166,0.6012036489647962,0.388092714932573
realprize,Affiliate,365,340,0.9737671308184428,0.6012036489647962,0.38833477852841497
realprize,Affiliate,365,341,0.974778044391937,0.6012036489647962,0.3887379271727364
realprize,Affiliate,365,342,0.9763557470769204,0.6012036489647962,0.38936710924652623
realprize,Affiliate,365,343,0.9769335722691268,0.6012036489647962,0.38959754382471434
realprize,Affiliate,365,344,0.9775421651563146,0.6012036489647962,0.38984024844739085
realprize,Affiliate,365,345,0.9782405221608261,0.6012036489647962,0.3901187506725099
realprize,Affiliate,365,346,0.9788026750339378,0.6012036489647962,0.3903429351870308
realprize,Affiliate,365,347,0.9798067493123306,0.6012036489647962,0.3907433563454221
realprize,Affiliate,365,348,0.980740906737247,0.6012036489647962,0.39111589491777127
realprize,Affiliate,365,349,0.981678751275471,0.6012036489647962,0.3914899038974533
realprize,Affiliate,365,350,0.9823303891882218,0.6012036489647962,0.3917497747192545
realprize,Affiliate,365,351,0.9832678475319878,0.6012036489647962,0.3921236296859959
realprize,Affiliate,365,352,0.9839170351974662,0.6012036489647962,0.39238252335812573
realprize,Affiliate,365,353,0.984798758896409,0.6012036489647962,0.3927341515518854
realprize,Affiliate,365,354,0.9851808304678774,0.6012036489647962,0.39288652030042126
realprize,Affiliate,365,355,0.985850901337744,0.6012036489647962,0.39315374211825904
realprize,Affiliate,365,356,0.9878507441042546,0.6012036489647962,0.39395127211618763
realprize,Affiliate,365,357,0.9886808377792042,0.6012036489647962,0.39428231044477496
realprize,Affiliate,365,358,0.9900930621926852,0.6012036489647962,0.394845500387714
realprize,Affiliate,365,359,0.9908639585197977,0.6012036489647962,0.3951529310299929
realprize,Affiliate,365,360,0.9921399606663962,0.6012036489647962,0.3956617960299695
realprize,Affiliate,365,361,0.9934341974540373,0.6012036489647962,0.39617793293825626
realprize,Affiliate,365,362,0.9943304083769721,0.6012036489647962,0.3965353385840805
realprize,Affiliate,365,363,0.9976808057295786,0.6012036489647962,0.39787146482281804
realprize,Affiliate,365,364,0.9987277475928372,0.6012036489647962,0.3982889814176316
realprize,Affiliate,365,365,1.0,0.6012036489647962,0.39879635103520383
realprize,Blended,7,1,0.42866789925029325,0.0,0.42866789925029325
realprize,Blended,7,2,0.6080139456844571,0.0,0.6080139456844571
realprize,Blended,7,3,0.7311527084321892,0.0,0.7311527084321892
realprize,Blended,7,4,0.8081302433317562,0.0,0.8081302433317562
realprize,Blended,7,5,0.8803881685063976,0.0,0.8803881685063976
realprize,Blended,7,6,0.9419747052566142,0.0,0.9419747052566142
realprize,Blended,7,7,1.0,0.0,1.0
realprize,Blended,30,1,0.21929977305537277,0.0,0.21929977305537277
realprize,Blended,30,2,0.3110503971403032,0.0,0.3110503971403032
realprize,Blended,30,3,0.3740462565739707,0.0,0.3740462565739707
realprize,Blended,30,4,0.41342675593807265,0.0,0.41342675593807265
realprize,Blended,30,5,0.4503927769999825,0.0,0.4503927769999825
realprize,Blended,30,6,0.48189948313825326,0.0,0.48189948313825326
realprize,Blended,30,7,0.5115843137284387,0.0,0.5115843137284387
realprize,Blended,30,8,0.5342231003607478,0.0,0.5342231003607478
realprize,Blended,30,9,0.5597605183967149,0.0,0.5597605183967149
realprize,Blended,30,10,0.5854116307076047,0.0,0.5854116307076047
realprize,Blended,30,11,0.6060187551507373,0.0,0.6060187551507373
realprize,Blended,30,12,0.6292507943104757,0.0,0.6292507943104757
realprize,Blended,30,13,0.6580232714931032,0.0,0.6580232714931032
realprize,Blended,30,14,0.6799831531538788,0.0,0.6799831531538788
realprize,Blended,30,15,0.7048910646593368,0.0,0.7048910646593368
realprize,Blended,30,16,0.7285589814960145,0.0,0.7285589814960145
realprize,Blended,30,17,0.7514386503444064,0.0,0.7514386503444064
realprize,Blended,30,18,0.7731309007907903,0.0,0.7731309007907903
realprize,Blended,30,19,0.7916732063864275,0.0,0.7916732063864275
realprize,Blended,30,20,0.8175149447722042,0.0,0.8175149447722042
realprize,Blended,30,21,0.8390179998608674,0.0,0.8390179998608674
realprize,Blended,30,22,0.8571541443078655,0.0,0.8571541443078655
realprize,Blended,30,23,0.8781318877439559,0.0,0.8781318877439559
realprize,Blended,30,24,0.8950099914157518,0.0,0.8950099914157518
realprize,Blended,30,25,0.9129473536828732,0.0,0.9129473536828732
realprize,Blended,30,26,0.9261506848676142,0.0,0.9261506848676142
realprize,Blended,30,27,0.9425829325568656,0.0,0.9425829325568656
realprize,Blended,30,28,0.9660429094059276,0.0,0.9660429094059276
realprize,Blended,30,29,0.9842659622733961,0.0,0.9842659622733961
realprize,Blended,30,30,1.0,0.0,1.0
realprize,Blended,60,1,0.15275017811747058,0.0,0.15275017811747058
realprize,Blended,60,2,0.21665778721391712,0.0,0.21665778721391712
realprize,Blended,60,3,0.2605366686878444,0.0,0.2605366686878444
realprize,Blended,60,4,0.28796660264725,0.0,0.28796660264725
realprize,Blended,60,5,0.31371476564272716,0.0,0.31371476564272716
realprize,Blended,60,6,0.33566031947282843,0.0,0.33566031947282843
realprize,Blended,60,7,0.35633687146767634,0.0,0.35633687146767634
realprize,Blended,60,8,0.37210560046483526,0.0,0.37210560046483526
realprize,Blended,60,9,0.38989333047160246,0.0,0.38989333047160246
realprize,Blended,60,10,0.40776025262938465,0.0,0.40776025262938465
realprize,Blended,60,11,0.4221138558516852,0.0,0.4221138558516852
realprize,Blended,60,12,0.43829580656800476,0.0,0.43829580656800476
realprize,Blended,60,13,0.4583368716055754,0.0,0.4583368716055754
realprize,Blended,60,14,0.47363271887612896,0.0,0.47363271887612896
realprize,Blended,60,15,0.49098197494686935,0.0,0.49098197494686935
realprize,Blended,60,16,0.5074675301396654,0.0,0.5074675301396654
realprize,Blended,60,17,0.5234040422626313,0.0,0.5234040422626313
realprize,Blended,60,18,0.5385134747681417,0.0,0.5385134747681417
realprize,Blended,60,19,0.5514288574107266,0.0,0.5514288574107266
realprize,Blended,60,20,0.5694285574847242,0.0,0.5694285574847242
realprize,Blended,60,21,0.5844062086199753,0.0,0.5844062086199753
realprize,Blended,60,22,0.5970386854166733,0.0,0.5970386854166733
realprize,Blended,60,23,0.611650438095306,0.0,0.611650438095306
realprize,Blended,60,24,0.6234066442519853,0.0,0.6234066442519853
realprize,Blended,60,25,0.6359006621120429,0.0,0.6359006621120429
realprize,Blended,60,26,0.6450972570839123,0.0,0.6450972570839123
realprize,Blended,60,27,0.6565429085154337,0.0,0.6565429085154337
realprize,Blended,60,28,0.6728836260291774,0.0,0.6728836260291774
realprize,Blended,60,29,0.6855766376660251,0.0,0.6855766376660251
realprize,Blended,60,30,0.6965359607504082,0.0,0.6965359607504082
realprize,Blended,60,31,0.7068067630431933,0.0,0.7068067630431933
realprize,Blended,60,32,0.7160602948213782,0.0,0.7160602948213782
realprize,Blended,60,33,0.7352310548784738,0.0,0.7352310548784738
realprize,Blended,60,34,0.7461133900383309,0.0,0.7461133900383309
realprize,Blended,60,35,0.7593780629154971,0.0,0.7593780629154971
realprize,Blended,60,36,0.7724044357787355,0.0,0.7724044357787355
realprize,Blended,60,37,0.783948517906314,0.0,0.783948517906314
realprize,Blended,60,38,0.7924980460648237,0.0,0.7924980460648237
realprize,Blended,60,39,0.8031352767116837,0.0,0.8031352767116837
realprize,Blended,60,40,0.8132783196082018,0.0,0.8132783196082018
realprize,Blended,60,41,0.8227497001702091,0.0,0.8227497001702091
realprize,Blended,60,42,0.8308940650597321,0.0,0.8308940650597321
realprize,Blended,60,43,0.8383987818814682,0.0,0.8383987818814682
realprize,Blended,60,44,0.8481609195691444,0.0,0.8481609195691444
realprize,Blended,60,45,0.8547402161323567,0.0,0.8547402161323567
realprize,Blended,60,46,0.8629188508773281,0.0,0.8629188508773281
realprize,Blended,60,47,0.8719876340073356,0.0,0.8719876340073356
realprize,Blended,60,48,0.8799316246368318,0.0,0.8799316246368318
realprize,Blended,60,49,0.8884523919428367,0.0,0.8884523919428367
realprize,Blended,60,50,0.9026948709170178,0.0,0.9026948709170178
realprize,Blended,60,51,0.9097112108545309,0.0,0.9097112108545309
realprize,Blended,60,52,0.9202780193381941,0.0,0.9202780193381941
realprize,Blended,60,53,0.9287098250510052,0.0,0.9287098250510052
realprize,Blended,60,54,0.938011751365701,0.0,0.938011751365701
realprize,Blended,60,55,0.9452560776586625,0.0,0.9452560776586625
realprize,Blended,60,56,0.9532841497600236,0.0,0.9532841497600236
realprize,Blended,60,57,0.9626987171569725,0.0,0.9626987171569725
realprize,Blended,60,58,0.9748058705344061,0.0,0.9748058705344061
realprize,Blended,60,59,0.9881252016089642,0.0,0.9881252016089642
realprize,Blended,60,60,1.0,0.0,1.0
realprize,Blended,90,1,0.11960808677536329,0.0,0.11960808677536329
realprize,Blended,90,2,0.16964970995786038,0.0,0.16964970995786038
realprize,Blended,90,3,0.20400822349689707,0.0,0.20400822349689707
realprize,Blended,90,4,0.22548670530093123,0.0,0.22548670530093123
realprize,Blended,90,5,0.2456483087230944,0.0,0.2456483087230944
realprize,Blended,90,6,0.26283235223252677,0.0,0.26283235223252677
realprize,Blended,90,7,0.2790227282811438,0.0,0.2790227282811438
realprize,Blended,90,8,0.2913701279992568,0.0,0.2913701279992568
realprize,Blended,90,9,0.305298467595365,0.0,0.305298467595365
realprize,Blended,90,10,0.31928881708100176,0.0,0.31928881708100176
realprize,Blended,90,11,0.33052812980004664,0.0,0.33052812980004664
realprize,Blended,90,12,0.34319909483148336,0.0,0.34319909483148336
realprize,Blended,90,13,0.358891865050324,0.0,0.358891865050324
realprize,Blended,90,14,0.3708689838346446,0.0,0.3708689838346446
realprize,Blended,90,15,0.3844539848550773,0.0,0.3844539848550773
realprize,Blended,90,16,0.3973626815279126,0.0,0.3973626815279126
realprize,Blended,90,17,0.40984146059312876,0.0,0.40984146059312876
realprize,Blended,90,18,0.421672610883872,0.0,0.421672610883872
realprize,Blended,90,19,0.43178575266144364,0.0,0.43178575266144364
realprize,Blended,90,20,0.4458800713386079,0.0,0.4458800713386079
realprize,Blended,90,21,0.45760803276395257,0.0,0.45760803276395257
realprize,Blended,90,22,0.46749965056439297,0.0,0.46749965056439297
realprize,Blended,90,23,0.47894110224624975,0.0,0.47894110224624975
realprize,Blended,90,24,0.4881465731888485,0.0,0.4881465731888485
realprize,Blended,90,25,0.49792977338406835,0.0,0.49792977338406835
realprize,Blended,90,26,0.5051309900568718,0.0,0.5051309900568718
realprize,Blended,90,27,0.5140932870996233,0.0,0.5140932870996233
realprize,Blended,90,28,0.5268885714157732,0.0,0.5268885714157732
realprize,Blended,90,29,0.5368275898575927,0.0,0.5368275898575927
realprize,Blended,90,30,0.5454090768491697,0.0,0.5454090768491697
realprize,Blended,90,31,0.5534514308878229,0.0,0.5534514308878229
realprize,Blended,90,32,0.5606972308308682,0.0,0.5606972308308682
realprize,Blended,90,33,0.5757085254867433,0.0,0.5757085254867433
realprize,Blended,90,34,0.584229728565916,0.0,0.584229728565916
realprize,Blended,90,35,0.5946163753383916,0.0,0.5946163753383916
realprize,Blended,90,36,0.6048164258718598,0.0,0.6048164258718598
realprize,Blended,90,37,0.6138557971765235,0.0,0.6138557971765235
realprize,Blended,90,38,0.620550340636139,0.0,0.620550340636139
realprize,Blended,90,39,0.628879619344284,0.0,0.628879619344284
realprize,Blended,90,40,0.6368219338468568,0.0,0.6368219338468568
realprize,Blended,90,41,0.6442383160868295,0.0,0.6442383160868295
realprize,Blended,90,42,0.6506156042474176,0.0,0.6506156042474176
realprize,Blended,90,43,0.6564920283007397,0.0,0.6564920283007397
realprize,Blended,90,44,0.6641360823113522,0.0,0.6641360823113522
realprize,Blended,90,45,0.6692878738441147,0.0,0.6692878738441147
realprize,Blended,90,46,0.6756919963553712,0.0,0.6756919963553712
realprize,Blended,90,47,0.6827931324255807,0.0,0.6827931324255807
realprize,Blended,90,48,0.6890135213787428,0.0,0.6890135213787428
realprize,Blended,90,49,0.6956855442064055,0.0,0.6956855442064055
realprize,Blended,90,50,0.7068378432219267,0.0,0.7068378432219267
realprize,Blended,90,51,0.7123318531565411,0.0,0.7123318531565411
realprize,Blended,90,52,0.72060598914531,0.0,0.72060598914531
realprize,Blended,90,53,0.7272083523097924,0.0,0.7272083523097924
realprize,Blended,90,54,0.7344920466631343,0.0,0.7344920466631343
realprize,Blended,90,55,0.7401645769250055,0.0,0.7401645769250055
realprize,Blended,90,56,0.7464508042562761,0.0,0.7464508042562761
realprize,Blended,90,57,0.7538227000409132,0.0,0.7538227000409132
realprize,Blended,90,58,0.7633029734495443,0.0,0.7633029734495443
realprize,Blended,90,59,0.7737324192714038,0.0,0.7737324192714038
realprize,Blended,90,60,0.7830307515804023,0.0,0.7830307515804023
realprize,Blended,90,61,0.7890838063807893,0.0,0.7890838063807893
realprize,Blended,90,62,0.7966297984012196,0.0,0.7966297984012196
realprize,Blended,90,63,0.8019420236352487,0.0,0.8019420236352487
realprize,Blended,90,64,0.8089810431529221,0.0,0.8089810431529221
realprize,Blended,90,65,0.8151944817398284,0.0,0.8151944817398284
realprize,Blended,90,66,0.8212583257026043,0.0,0.8212583257026043
realprize,Blended,90,67,0.8278333127962982,0.0,0.8278333127962982
realprize,Blended,90,68,0.8324621358152362,0.0,0.8324621358152362
realprize,Blended,90,69,0.8382204935703153,0.0,0.8382204935703153
realprize,Blended,90,70,0.8447983682743814,0.0,0.8447983682743814
realprize,Blended,90,71,0.8527965502348913,0.0,0.8527965502348913
realprize,Blended,90,72,0.8599253580282472,0.0,0.8599253580282472
realprize,Blended,90,73,0.8677143260545774,0.0,0.8677143260545774
realprize,Blended,90,74,0.8765113719871656,0.0,0.8765113719871656
realprize,Blended,90,75,0.8882408026590795,0.0,0.8882408026590795
realprize,Blended,90,76,0.895602381380772,0.0,0.895602381380772
realprize,Blended,90,77,0.9016035674798577,0.0,0.9016035674798577
realprize,Blended,90,78,0.9091029245927851,0.0,0.9091029245927851
realprize,Blended,90,79,0.9170163781585143,0.0,0.9170163781585143
realprize,Blended,90,80,0.9284891265193883,0.0,0.9284891265193883
realprize,Blended,90,81,0.9329244337041672,0.0,0.9329244337041672
realprize,Blended,90,82,0.9403120402957101,0.0,0.9403120402957101
realprize,Blended,90,83,0.9486687289279914,0.0,0.9486687289279914
realprize,Blended,90,84,0.9611597307403081,0.0,0.9611597307403081
realprize,Blended,90,85,0.9710711809869652,0.0,0.9710711809869652
realprize,Blended,90,86,0.9756607718813533,0.0,0.9756607718813533
realprize,Blended,90,87,0.9815228965714142,0.0,0.9815228965714142
realprize,Blended,90,88,0.9872785406290192,0.0,0.9872785406290192
realprize,Blended,90,89,0.9935773770112928,0.0,0.9935773770112928
realprize,Blended,90,90,1.0,0.0,1.0
realprize,Blended,120,1,0.10020072880357102,0.0,0.10020072880357102
realprize,Blended,120,2,0.14212270288227272,0.0,0.14212270288227272
realprize,Blended,120,3,0.17090627588335822,0.0,0.17090627588335822
realprize,Blended,120,4,0.18889970415715418,0.0,0.18889970415715418
realprize,Blended,120,5,0.2057899279807614,0.0,0.2057899279807614
realprize,Blended,120,6,0.2201857245348123,0.0,0.2201857245348123
realprize,Blended,120,7,0.23374908403175115,0.0,0.23374908403175115
realprize,Blended,120,8,0.24409302049908682,0.0,0.24409302049908682
realprize,Blended,120,9,0.2557613768467209,0.0,0.2557613768467209
realprize,Blended,120,10,0.2674816814889168,0.0,0.2674816814889168
realprize,Blended,120,11,0.27689732683582924,0.0,0.27689732683582924
realprize,Blended,120,12,0.2875123275855615,0.0,0.2875123275855615
realprize,Blended,120,13,0.3006588217338041,0.0,0.3006588217338041
realprize,Blended,120,14,0.3106925582771351,0.0,0.3106925582771351
realprize,Blended,120,15,0.3220732854482096,0.0,0.3220732854482096
realprize,Blended,120,16,0.3328874440004786,0.0,0.3328874440004786
realprize,Blended,120,17,0.3433414424768672,0.0,0.3433414424768672
realprize,Blended,120,18,0.3532528950690613,0.0,0.3532528950690613
realprize,Blended,120,19,0.3617250996158131,0.0,0.3617250996158131
realprize,Blended,120,20,0.3735325036259953,0.0,0.3735325036259953
realprize,Blended,120,21,0.3833575105622467,0.0,0.3833575105622467
realprize,Blended,120,22,0.39164413514902724,0.0,0.39164413514902724
realprize,Blended,120,23,0.40122912081346673,0.0,0.40122912081346673
realprize,Blended,120,24,0.40894093129632186,0.0,0.40894093129632186
realprize,Blended,120,25,0.41713672989172407,0.0,0.41713672989172407
realprize,Blended,120,26,0.42316949221023276,0.0,0.42316949221023276
realprize,Blended,120,27,0.4306775856815746,0.0,0.4306775856815746
realprize,Blended,120,28,0.44139673392892537,0.0,0.44139673392892537
realprize,Blended,120,29,0.4497230680281644,0.0,0.4497230680281644
realprize,Blended,120,30,0.4569121408906818,0.0,0.4569121408906818
realprize,Blended,120,31,0.4636495593854936,0.0,0.4636495593854936
realprize,Blended,120,32,0.4697196709860711,0.0,0.4697196709860711
realprize,Blended,120,33,0.4822952643707289,0.0,0.4822952643707289
realprize,Blended,120,34,0.48943383486237074,0.0,0.48943383486237074
realprize,Blended,120,35,0.4981351660556533,0.0,0.4981351660556533
realprize,Blended,120,36,0.5066801777253599,0.0,0.5066801777253599
realprize,Blended,120,37,0.5142528395500949,0.0,0.5142528395500949
realprize,Blended,120,38,0.5198611403911617,0.0,0.5198611403911617
realprize,Blended,120,39,0.526838927758764,0.0,0.526838927758764
realprize,Blended,120,40,0.5334925389233636,0.0,0.5334925389233636
realprize,Blended,120,41,0.5397055544941818,0.0,0.5397055544941818
realprize,Blended,120,42,0.5450480772174275,0.0,0.5450480772174275
realprize,Blended,120,43,0.5499710049957773,0.0,0.5499710049957773
realprize,Blended,120,44,0.5563747507919604,0.0,0.5563747507919604
realprize,Blended,120,45,0.5606906234067977,0.0,0.5606906234067977
realprize,Blended,120,46,0.5660556263951027,0.0,0.5660556263951027
realprize,Blended,120,47,0.5720045469802522,0.0,0.5720045469802522
realprize,Blended,120,48,0.5772156286332772,0.0,0.5772156286332772
realprize,Blended,120,49,0.5828050629930246,0.0,0.5828050629930246
realprize,Blended,120,50,0.5921478132979374,0.0,0.5921478132979374
realprize,Blended,120,51,0.5967503766725722,0.0,0.5967503766725722
realprize,Blended,120,52,0.6036819686631004,0.0,0.6036819686631004
realprize,Blended,120,53,0.6092130461909057,0.0,0.6092130461909057
realprize,Blended,120,54,0.61531490353403,0.0,0.61531490353403
realprize,Blended,120,55,0.620067020901038,0.0,0.620067020901038
realprize,Blended,120,56,0.625333258134656,0.0,0.625333258134656
realprize,Blended,120,57,0.6315090055293278,0.0,0.6315090055293278
realprize,Blended,120,58,0.6394510296048908,0.0,0.6394510296048908
realprize,Blended,120,59,0.6481882153633283,0.0,0.6481882153633283
realprize,Blended,120,60,0.6559778197215125,0.0,0.6559778197215125
realprize,Blended,120,61,0.6610487185113731,0.0,0.6610487185113731
realprize,Blended,120,62,0.6673703136507813,0.0,0.6673703136507813
realprize,Blended,120,63,0.6718205883301023,0.0,0.6718205883301023
realprize,Blended,120,64,0.6777174712645989,0.0,0.6777174712645989
realprize,Blended,120,65,0.6829227303032587,0.0,0.6829227303032587
realprize,Blended,120,66,0.6880026676285869,0.0,0.6880026676285869
realprize,Blended,120,67,0.6935108110695863,0.0,0.6935108110695863
realprize,Blended,120,68,0.6973885709477409,0.0,0.6973885709477409
realprize,Blended,120,69,0.7022125896184372,0.0,0.7022125896184372
realprize,Blended,120,70,0.7077231521321898,0.0,0.7077231521321898
realprize,Blended,120,71,0.7144235658178617,0.0,0.7144235658178617
realprize,Blended,120,72,0.7203956681702419,0.0,0.7203956681702419
realprize,Blended,120,73,0.726920814537074,0.0,0.726920814537074
realprize,Blended,120,74,0.7342904701977261,0.0,0.7342904701977261
realprize,Blended,120,75,0.7441167079836717,0.0,0.7441167079836717
realprize,Blended,120,76,0.7502838123404516,0.0,0.7502838123404516
realprize,Blended,120,77,0.7553112585359886,0.0,0.7553112585359886
realprize,Blended,120,78,0.7615937856504373,0.0,0.7615937856504373
realprize,Blended,120,79,0.7682232187934362,0.0,0.7682232187934362
realprize,Blended,120,80,0.77783442300322,0.0,0.77783442300322
realprize,Blended,120,81,0.7815500665216824,0.0,0.7815500665216824
realprize,Blended,120,82,0.7877389755205941,0.0,0.7877389755205941
realprize,Blended,120,83,0.7947397253353765,0.0,0.7947397253353765
realprize,Blended,120,84,0.8052039633214878,0.0,0.8052039633214878
realprize,Blended,120,85,0.8135072023832463,0.0,0.8135072023832463
realprize,Blended,120,86,0.8173520958593171,0.0,0.8173520958593171
realprize,Blended,120,87,0.8222630444591781,0.0,0.8222630444591781
realprize,Blended,120,88,0.8270847897512761,0.0,0.8270847897512761
realprize,Blended,120,89,0.8323615901176562,0.0,0.8323615901176562
realprize,Blended,120,90,0.8377420917346388,0.0,0.8377420917346388
realprize,Blended,120,91,0.8431841744729429,0.0,0.8431841744729429
realprize,Blended,120,92,0.8493065515206312,0.0,0.8493065515206312
realprize,Blended,120,93,0.8548350966762901,0.0,0.8548350966762901
realprize,Blended,120,94,0.860560276358928,0.0,0.860560276358928
realprize,Blended,120,95,0.86513737612563,0.0,0.86513737612563
realprize,Blended,120,96,0.8727292924053798,0.0,0.8727292924053798
realprize,Blended,120,97,0.8794703929603821,0.0,0.8794703929603821
realprize,Blended,120,98,0.8863957415946939,0.0,0.8863957415946939
realprize,Blended,120,99,0.8918991471422923,0.0,0.8918991471422923
realprize,Blended,120,100,0.8975533639560442,0.0,0.8975533639560442
realprize,Blended,120,101,0.9064437097292051,0.0,0.9064437097292051
realprize,Blended,120,102,0.9114332716077556,0.0,0.9114332716077556
realprize,Blended,120,103,0.919574855959728,0.0,0.919574855959728
realprize,Blended,120,104,0.9255259596990634,0.0,0.9255259596990634
realprize,Blended,120,105,0.9316603300994899,0.0,0.9316603300994899
realprize,Blended,120,106,0.9366116878995092,0.0,0.9366116878995092
realprize,Blended,120,107,0.9396626137436014,0.0,0.9396626137436014
realprize,Blended,120,108,0.9472493142604024,0.0,0.9472493142604024
realprize,Blended,120,109,0.952373019124728,0.0,0.952373019124728
realprize,Blended,120,110,0.9586169495675034,0.0,0.9586169495675034
realprize,Blended,120,111,0.9625080379998803,0.0,0.9625080379998803
realprize,Blended,120,112,0.9655846258197943,0.0,0.9655846258197943
realprize,Blended,120,113,0.9680137018646684,0.0,0.9680137018646684
realprize,Blended,120,114,0.9712252162219989,0.0,0.9712252162219989
realprize,Blended,120,115,0.9761482078696551,0.0,0.9761482078696551
realprize,Blended,120,116,0.9811424288465196,0.0,0.9811424288465196
realprize,Blended,120,117,0.9856976524845578,0.0,0.9856976524845578
realprize,Blended,120,118,0.9900700183857621,0.0,0.9900700183857621
realprize,Blended,120,119,0.9941538315015725,0.0,0.9941538315015725
realprize,Blended,120,120,1.0,0.0,1.0
realprize,Blended,150,1,0.08777040453064062,0.0,0.08777040453064062
realprize,Blended,150,2,0.12449178038833345,0.0,0.12449178038833345
realprize,Blended,150,3,0.14970462939959198,0.0,0.14970462939959198
realprize,Blended,150,4,0.16546589678099102,0.0,0.16546589678099102
realprize,Blended,150,5,0.18026081689097567,0.0,0.18026081689097567
realprize,Blended,150,6,0.19287075398601225,0.0,0.19287075398601225
realprize,Blended,150,7,0.20475152136221123,0.0,0.20475152136221123
realprize,Blended,150,8,0.21381224875429525,0.0,0.21381224875429525
realprize,Blended,150,9,0.2240330961380222,0.0,0.2240330961380222
realprize,Blended,150,10,0.23429944741062114,0.0,0.23429944741062114
realprize,Blended,150,11,0.24254704212258787,0.0,0.24254704212258787
realprize,Blended,150,12,0.2518452071261926,0.0,0.2518452071261926
realprize,Blended,150,13,0.26336082306360714,0.0,0.26336082306360714
realprize,Blended,150,14,0.27214983214445376,0.0,0.27214983214445376
realprize,Blended,150,15,0.28211873196769,0.0,0.28211873196769
realprize,Blended,150,16,0.2915913484059579,0.0,0.2915913484059579
realprize,Blended,150,17,0.30074848414929223,0.0,0.30074848414929223
realprize,Blended,150,18,0.3094303791204208,0.0,0.3094303791204208
realprize,Blended,150,19,0.31685157085439,0.0,0.31685157085439
realprize,Blended,150,20,0.3271942164499324,0.0,0.3271942164499324
realprize,Blended,150,21,0.3358003897144167,0.0,0.3358003897144167
realprize,Blended,150,22,0.34305902346748135,0.0,0.34305902346748135
realprize,Blended,150,23,0.3514549511142498,0.0,0.3514549511142498
realprize,Blended,150,24,0.3582100788845351,0.0,0.3582100788845351
realprize,Blended,150,25,0.36538915399466015,0.0,0.36538915399466015
realprize,Blended,150,26,0.3706735266280241,0.0,0.3706735266280241
realprize,Blended,150,27,0.37725020934382936,0.0,0.37725020934382936
realprize,Blended,150,28,0.3866396019074127,0.0,0.3866396019074127
realprize,Blended,150,29,0.393933019039938,0.0,0.393933019039938
realprize,Blended,150,30,0.4002302570029508,0.0,0.4002302570029508
realprize,Blended,150,31,0.40613187023314096,0.0,0.40613187023314096
realprize,Blended,150,32,0.4114489588121397,0.0,0.4114489588121397
realprize,Blended,150,33,0.4224644966406922,0.0,0.4224644966406922
realprize,Blended,150,34,0.42871749726556957,0.0,0.42871749726556957
realprize,Blended,150,35,0.4363393915163255,0.0,0.4363393915163255
realprize,Blended,150,36,0.4438243583416613,0.0,0.4438243583416613
realprize,Blended,150,37,0.450457599433487,0.0,0.450457599433487
realprize,Blended,150,38,0.4553701668312245,0.0,0.4553701668312245
realprize,Blended,150,39,0.4614823301587373,0.0,0.4614823301587373
realprize,Blended,150,40,0.4673105327125463,0.0,0.4673105327125463
realprize,Blended,150,41,0.4727527974197712,0.0,0.4727527974197712
realprize,Blended,150,42,0.4774325575994866,0.0,0.4774325575994866
realprize,Blended,150,43,0.48174477536217314,0.0,0.48174477536217314
realprize,Blended,150,44,0.48735410940348745,0.0,0.48735410940348745
realprize,Blended,150,45,0.491134579763634,0.0,0.491134579763634
realprize,Blended,150,46,0.49583403143643295,0.0,0.49583403143643295
realprize,Blended,150,47,0.5010449632581248,0.0,0.5010449632581248
realprize,Blended,150,48,0.5056095881883967,0.0,0.5056095881883967
realprize,Blended,150,49,0.5105056295716307,0.0,0.5105056295716307
realprize,Blended,150,50,0.5186893721799155,0.0,0.5186893721799155
realprize,Blended,150,51,0.5227209680983597,0.0,0.5227209680983597
realprize,Blended,150,52,0.5287926667807381,0.0,0.5287926667807381
realprize,Blended,150,53,0.5336375907438909,0.0,0.5336375907438909
realprize,Blended,150,54,0.5389824868717842,0.0,0.5389824868717842
realprize,Blended,150,55,0.5431450839772107,0.0,0.5431450839772107
realprize,Blended,150,56,0.5477580222049864,0.0,0.5477580222049864
realprize,Blended,150,57,0.553167642010966,0.0,0.553167642010966
realprize,Blended,150,58,0.5601244244039439,0.0,0.5601244244039439
realprize,Blended,150,59,0.567777725309377,0.0,0.567777725309377
realprize,Blended,150,60,0.5746009962956764,0.0,0.5746009962956764
realprize,Blended,150,61,0.5790428286399553,0.0,0.5790428286399553
realprize,Blended,150,62,0.5845802031609777,0.0,0.5845802031609777
realprize,Blended,150,63,0.5884784024409669,0.0,0.5884784024409669
realprize,Blended,150,64,0.5936437521026967,0.0,0.5936437521026967
realprize,Blended,150,65,0.598203276738546,0.0,0.598203276738546
realprize,Blended,150,66,0.6026530263497332,0.0,0.6026530263497332
realprize,Blended,150,67,0.6074778612965633,0.0,0.6074778612965633
realprize,Blended,150,68,0.6108745686582984,0.0,0.6108745686582984
realprize,Blended,150,69,0.615100147406537,0.0,0.615100147406537
realprize,Blended,150,70,0.6199271013299121,0.0,0.6199271013299121
realprize,Blended,150,71,0.6257963003540723,0.0,0.6257963003540723
realprize,Blended,150,72,0.6310275381467072,0.0,0.6310275381467072
realprize,Blended,150,73,0.6367432125043381,0.0,0.6367432125043381
realprize,Blended,150,74,0.6431986312054834,0.0,0.6431986312054834
realprize,Blended,150,75,0.6518058826275506,0.0,0.6518058826275506
realprize,Blended,150,76,0.6572079316010503,0.0,0.6572079316010503
realprize,Blended,150,77,0.6616117018291424,0.0,0.6616117018291424
realprize,Blended,150,78,0.6671148548789658,0.0,0.6671148548789658
realprize,Blended,150,79,0.6729218787970305,0.0,0.6729218787970305
realprize,Blended,150,80,0.6813407724676847,0.0,0.6813407724676847
realprize,Blended,150,81,0.6845954746899251,0.0,0.6845954746899251
realprize,Blended,150,82,0.6900166233474629,0.0,0.6900166233474629
realprize,Blended,150,83,0.6961489005334485,0.0,0.6961489005334485
realprize,Blended,150,84,0.7053150055320098,0.0,0.7053150055320098
realprize,Blended,150,85,0.7125881926641494,0.0,0.7125881926641494
realprize,Blended,150,86,0.7159561108400093,0.0,0.7159561108400093
realprize,Blended,150,87,0.7202578354919723,0.0,0.7202578354919723
realprize,Blended,150,88,0.7244814228838444,0.0,0.7244814228838444
realprize,Blended,150,89,0.7291036138430793,0.0,0.7291036138430793
realprize,Blended,150,90,0.7338166414741069,0.0,0.7338166414741069
realprize,Blended,150,91,0.7385836108278583,0.0,0.7385836108278583
realprize,Blended,150,92,0.7439464811041625,0.0,0.7439464811041625
realprize,Blended,150,93,0.7487891868466462,0.0,0.7487891868466462
realprize,Blended,150,94,0.753804133771242,0.0,0.753804133771242
realprize,Blended,150,95,0.7578134249500326,0.0,0.7578134249500326
realprize,Blended,150,96,0.764463531900279,0.0,0.764463531900279
realprize,Blended,150,97,0.7703683704155174,0.0,0.7703683704155174
realprize,Blended,150,98,0.7764346002564285,0.0,0.7764346002564285
realprize,Blended,150,99,0.7812552850655761,0.0,0.7812552850655761
realprize,Blended,150,100,0.7862080723653554,0.0,0.7862080723653554
realprize,Blended,150,101,0.7939955331377943,0.0,0.7939955331377943
realprize,Blended,150,102,0.7983661187586788,0.0,0.7983661187586788
realprize,Blended,150,103,0.8054977051316063,0.0,0.8054977051316063
realprize,Blended,150,104,0.810710549277972,0.0,0.810710549277972
realprize,Blended,150,105,0.8160839250808738,0.0,0.8160839250808738
realprize,Blended,150,106,0.8204210460007783,0.0,0.8204210460007783
realprize,Blended,150,107,0.8230934915880144,0.0,0.8230934915880144
realprize,Blended,150,108,0.8297390298127694,0.0,0.8297390298127694
realprize,Blended,150,109,0.8342271174145979,0.0,0.8342271174145979
realprize,Blended,150,110,0.8396964618731387,0.0,0.8396964618731387
realprize,Blended,150,111,0.8431048443255631,0.0,0.8431048443255631
realprize,Blended,150,112,0.8457997684119662,0.0,0.8457997684119662
realprize,Blended,150,113,0.8479275072980998,0.0,0.8479275072980998
realprize,Blended,150,114,0.8507406197141925,0.0,0.8507406197141925
realprize,Blended,150,115,0.8550528934229277,0.0,0.8550528934229277
realprize,Blended,150,116,0.8594275601612718,0.0,0.8594275601612718
realprize,Blended,150,117,0.8634176890376987,0.0,0.8634176890376987
realprize,Blended,150,118,0.8672476444530629,0.0,0.8672476444530629
realprize,Blended,150,119,0.870824843276685,0.0,0.870824843276685
realprize,Blended,150,120,0.87594576984267,0.0,0.87594576984267
realprize,Blended,150,121,0.8781066699934408,0.0,0.8781066699934408
realprize,Blended,150,122,0.8812476965108464,0.0,0.8812476965108464
realprize,Blended,150,123,0.883659500347126,0.0,0.883659500347126
realprize,Blended,150,124,0.8879212969870245,0.0,0.8879212969870245
realprize,Blended,150,125,0.8935329003694886,0.0,0.8935329003694886
realprize,Blended,150,126,0.896828836868173,0.0,0.896828836868173
realprize,Blended,150,127,0.9017480193522938,0.0,0.9017480193522938
realprize,Blended,150,128,0.9052575411917614,0.0,0.9052575411917614
realprize,Blended,150,129,0.9105029954851898,0.0,0.9105029954851898
realprize,Blended,150,130,0.9152171527978656,0.0,0.9152171527978656
realprize,Blended,150,131,0.9194862355656718,0.0,0.9194862355656718
realprize,Blended,150,132,0.9239220528083051,0.0,0.9239220528083051
realprize,Blended,150,133,0.927474128065633,0.0,0.927474128065633
realprize,Blended,150,134,0.9306022730908933,0.0,0.9306022730908933
realprize,Blended,150,135,0.9337268868292588,0.0,0.9337268868292588
realprize,Blended,150,136,0.9375764171189415,0.0,0.9375764171189415
realprize,Blended,150,137,0.9416626890492725,0.0,0.9416626890492725
realprize,Blended,150,138,0.9447395360009259,0.0,0.9447395360009259
realprize,Blended,150,139,0.9485435155112228,0.0,0.9485435155112228
realprize,Blended,150,140,0.9544075223451722,0.0,0.9544075223451722
realprize,Blended,150,141,0.9591049217807034,0.0,0.9591049217807034
realprize,Blended,150,142,0.9626686847945947,0.0,0.9626686847945947
realprize,Blended,150,143,0.9672216313725464,0.0,0.9672216313725464
realprize,Blended,150,144,0.9705207410374509,0.0,0.9705207410374509
realprize,Blended,150,145,0.9748544960582403,0.0,0.9748544960582403
realprize,Blended,150,146,0.9796745811256177,0.0,0.9796745811256177
realprize,Blended,150,147,0.9846783321792332,0.0,0.9846783321792332
realprize,Blended,150,148,0.9890573796984372,0.0,0.9890573796984372
realprize,Blended,150,149,0.9950019484911821,0.0,0.9950019484911821
realprize,Blended,150,150,1.0,0.0,1.0
realprize,Blended,180,1,0.07949155926174445,0.0,0.07949155926174445
realprize,Blended,180,2,0.11274923240082113,0.0,0.11274923240082113
realprize,Blended,180,3,0.13558390762025918,0.0,0.13558390762025918
realprize,Blended,180,4,0.1498585110790059,0.0,0.1498585110790059
realprize,Blended,180,5,0.16325791689221547,0.0,0.16325791689221547
realprize,Blended,180,6,0.17467843577027348,0.0,0.17467843577027348
realprize,Blended,180,7,0.18543856304791892,0.0,0.18543856304791892
realprize,Blended,180,8,0.1936446474597883,0.0,0.1936446474597883
realprize,Blended,180,9,0.2029014248422503,0.0,0.2029014248422503
realprize,Blended,180,10,0.21219941401014558,0.0,0.21219941401014558
realprize,Blended,180,11,0.21966906357276417,0.0,0.21966906357276417
realprize,Blended,180,12,0.22809018955893295,0.0,0.22809018955893295
realprize,Blended,180,13,0.23851960789897161,0.0,0.23851960789897161
realprize,Blended,180,14,0.24647960352549544,0.0,0.24647960352549544
realprize,Blended,180,15,0.25550819801940067,0.0,0.25550819801940067
realprize,Blended,180,16,0.2640873205037169,0.0,0.2640873205037169
realprize,Blended,180,17,0.2723807196569017,0.0,0.2723807196569017
realprize,Blended,180,18,0.2802437045923395,0.0,0.2802437045923395
realprize,Blended,180,19,0.2869649007138366,0.0,0.2869649007138366
realprize,Blended,180,20,0.2963319878279705,0.0,0.2963319878279705
realprize,Blended,180,21,0.30412639342207676,0.0,0.30412639342207676
realprize,Blended,180,22,0.31070036466245776,0.0,0.31070036466245776
realprize,Blended,180,23,0.3183043558216579,0.0,0.3183043558216579
realprize,Blended,180,24,0.3244223137181016,0.0,0.3244223137181016
realprize,Blended,180,25,0.33092423059558157,0.0,0.33092423059558157
realprize,Blended,180,26,0.3357101606889031,0.0,0.3357101606889031
realprize,Blended,180,27,0.3416665051611063,0.0,0.3416665051611063
realprize,Blended,180,28,0.3501702537696627,0.0,0.3501702537696627
realprize,Blended,180,29,0.3567757274861289,0.0,0.3567757274861289
realprize,Blended,180,30,0.36247898551939217,0.0,0.36247898551939217
realprize,Blended,180,31,0.36782393568039756,0.0,0.36782393568039756
realprize,Blended,180,32,0.3726394958243624,0.0,0.3726394958243624
realprize,Blended,180,33,0.38261600536400664,0.0,0.38261600536400664
realprize,Blended,180,34,0.38827919869659105,0.0,0.38827919869659105
realprize,Blended,180,35,0.39518216629438996,0.0,0.39518216629438996
realprize,Blended,180,36,0.40196112199306927,0.0,0.40196112199306927
realprize,Blended,180,37,0.4079686900357143,0.0,0.4079686900357143
realprize,Blended,180,38,0.4124178850065343,0.0,0.4124178850065343
realprize,Blended,180,39,0.4179535253623541,0.0,0.4179535253623541
realprize,Blended,180,40,0.42323198922694555,0.0,0.42323198922694555
realprize,Blended,180,41,0.4281609184008044,0.0,0.4281609184008044
realprize,Blended,180,42,0.43239926543413426,0.0,0.43239926543413426
realprize,Blended,180,43,0.43630473807796233,0.0,0.43630473807796233
realprize,Blended,180,44,0.44138497795777737,0.0,0.44138497795777737
realprize,Blended,180,45,0.4448088596782489,0.0,0.4448088596782489
realprize,Blended,180,46,0.4490650408265948,0.0,0.4490650408265948
realprize,Blended,180,47,0.4537844573306889,0.0,0.4537844573306889
realprize,Blended,180,48,0.45791852911824327,0.0,0.45791852911824327
realprize,Blended,180,49,0.46235275687239963,0.0,0.46235275687239963
realprize,Blended,180,50,0.4697645771096212,0.0,0.4697645771096212
realprize,Blended,180,51,0.4734158972508943,0.0,0.4734158972508943
realprize,Blended,180,52,0.47891488974398744,0.0,0.47891488974398744
realprize,Blended,180,53,0.483302821671556,0.0,0.483302821671556
realprize,Blended,180,54,0.48814356644845824,0.0,0.48814356644845824
realprize,Blended,180,55,0.49191353123622755,0.0,0.49191353123622755
realprize,Blended,180,56,0.49609135922351894,0.0,0.49609135922351894
realprize,Blended,180,57,0.5009907226899413,0.0,0.5009907226899413
realprize,Blended,180,58,0.5072913143622676,0.0,0.5072913143622676
realprize,Blended,180,59,0.5142227262171578,0.0,0.5142227262171578
realprize,Blended,180,60,0.5204023997969579,0.0,0.5204023997969579
realprize,Blended,180,61,0.5244252612718951,0.0,0.5244252612718951
realprize,Blended,180,62,0.52944032913271,0.0,0.52944032913271
realprize,Blended,180,63,0.532970835124296,0.0,0.532970835124296
realprize,Blended,180,64,0.5376489689546999,0.0,0.5376489689546999
realprize,Blended,180,65,0.5417784215274002,0.0,0.5417784215274002
realprize,Blended,180,66,0.5458084534818971,0.0,0.5458084534818971
realprize,Blended,180,67,0.5501781912671456,0.0,0.5501781912671456
realprize,Blended,180,68,0.5532545080049351,0.0,0.5532545080049351
realprize,Blended,180,69,0.5570815137624796,0.0,0.5570815137624796
realprize,Blended,180,70,0.5614531706541799,0.0,0.5614531706541799
realprize,Blended,180,71,0.5667687640428959,0.0,0.5667687640428959
realprize,Blended,180,72,0.5715065711799285,0.0,0.5715065711799285
realprize,Blended,180,73,0.5766831209446255,0.0,0.5766831209446255
realprize,Blended,180,74,0.582529639494763,0.0,0.582529639494763
realprize,Blended,180,75,0.5903250215504438,0.0,0.5903250215504438
realprize,Blended,180,76,0.5952175282946947,0.0,0.5952175282946947
realprize,Blended,180,77,0.5992059178199963,0.0,0.5992059178199963
realprize,Blended,180,78,0.604189992111619,0.0,0.604189992111619
realprize,Blended,180,79,0.6094492749916022,0.0,0.6094492749916022
realprize,Blended,180,80,0.617074065930164,0.0,0.617074065930164
realprize,Blended,180,81,0.620021772004462,0.0,0.620021772004462
realprize,Blended,180,82,0.6249315768764101,0.0,0.6249315768764101
realprize,Blended,180,83,0.6304854338734921,0.0,0.6304854338734921
realprize,Blended,180,84,0.6387869562669332,0.0,0.6387869562669332
realprize,Blended,180,85,0.6453741081551805,0.0,0.6453741081551805
realprize,Blended,180,86,0.6484243512148625,0.0,0.6484243512148625
realprize,Blended,180,87,0.6523203204989035,0.0,0.6523203204989035
realprize,Blended,180,88,0.6561455227325442,0.0,0.6561455227325442
realprize,Blended,180,89,0.6603317306977458,0.0,0.6603317306977458
realprize,Blended,180,90,0.6646002072672399,0.0,0.6646002072672399
realprize,Blended,180,91,0.6689175375667756,0.0,0.6689175375667756
realprize,Blended,180,92,0.6737745611006375,0.0,0.6737745611006375
realprize,Blended,180,93,0.6781604840387213,0.0,0.6781604840387213
realprize,Blended,180,94,0.6827024017020019,0.0,0.6827024017020019
realprize,Blended,180,95,0.6863335209732497,0.0,0.6863335209732497
realprize,Blended,180,96,0.6923563640210781,0.0,0.6923563640210781
realprize,Blended,180,97,0.6977042352457259,0.0,0.6977042352457259
realprize,Blended,180,98,0.7031982747397082,0.0,0.7031982747397082
realprize,Blended,180,99,0.7075642538443706,0.0,0.7075642538443706
realprize,Blended,180,100,0.7120498750199432,0.0,0.7120498750199432
realprize,Blended,180,101,0.7191027922623918,0.0,0.7191027922623918
realprize,Blended,180,102,0.723061127281456,0.0,0.723061127281456
realprize,Blended,180,103,0.7295200347437762,0.0,0.7295200347437762
realprize,Blended,180,104,0.7342411831946576,0.0,0.7342411831946576
realprize,Blended,180,105,0.7391077213330671,0.0,0.7391077213330671
realprize,Blended,180,106,0.7430357481716534,0.0,0.7430357481716534
realprize,Blended,180,107,0.745456118317007,0.0,0.745456118317007
realprize,Blended,180,108,0.7514748235792675,0.0,0.7514748235792675
realprize,Blended,180,109,0.7555395773363053,0.0,0.7555395773363053
realprize,Blended,180,110,0.7604930319942159,0.0,0.7604930319942159
realprize,Blended,180,111,0.7635799225828196,0.0,0.7635799225828196
realprize,Blended,180,112,0.7660206509680401,0.0,0.7660206509680401
realprize,Blended,180,113,0.7679476932628214,0.0,0.7679476932628214
realprize,Blended,180,114,0.770495461995683,0.0,0.770495461995683
realprize,Blended,180,115,0.7744009853085112,0.0,0.7744009853085112
realprize,Blended,180,116,0.7783630164981938,0.0,0.7783630164981938
realprize,Blended,180,117,0.7819767809298225,0.0,0.7819767809298225
realprize,Blended,180,118,0.785445480083009,0.0,0.785445480083009
realprize,Blended,180,119,0.7886852636273555,0.0,0.7886852636273555
realprize,Blended,180,120,0.79332316452085,0.0,0.79332316452085
realprize,Blended,180,121,0.79528024018106,0.0,0.79528024018106
realprize,Blended,180,122,0.7981249928842779,0.0,0.7981249928842779
realprize,Blended,180,123,0.8003093060204033,0.0,0.8003093060204033
realprize,Blended,180,124,0.8041691134574731,0.0,0.8041691134574731
realprize,Blended,180,125,0.8092514086253714,0.0,0.8092514086253714
realprize,Blended,180,126,0.812236459599093,0.0,0.812236459599093
realprize,Blended,180,127,0.8166916456956695,0.0,0.8166916456956695
realprize,Blended,180,128,0.8198701358117204,0.0,0.8198701358117204
realprize,Blended,180,129,0.824620818494005,0.0,0.824620818494005
realprize,Blended,180,130,0.8288903181891893,0.0,0.8288903181891893
realprize,Blended,180,131,0.8327567244982987,0.0,0.8327567244982987
realprize,Blended,180,132,0.8367741382393274,0.0,0.8367741382393274
realprize,Blended,180,133,0.8399911679696791,0.0,0.8399911679696791
realprize,Blended,180,134,0.8428242542130949,0.0,0.8428242542130949
realprize,Blended,180,135,0.845654142254304,0.0,0.845654142254304
realprize,Blended,180,136,0.849140569903676,0.0,0.849140569903676
realprize,Blended,180,137,0.8528414088031495,0.0,0.8528414088031495
realprize,Blended,180,138,0.8556280356063938,0.0,0.8556280356063938
realprize,Blended,180,139,0.859073209002714,0.0,0.859073209002714
realprize,Blended,180,140,0.8643840999487553,0.0,0.8643840999487553
realprize,Blended,180,141,0.8686384224348189,0.0,0.8686384224348189
realprize,Blended,180,142,0.8718660374871645,0.0,0.8718660374871645
realprize,Blended,180,143,0.8759895324699233,0.0,0.8759895324699233
realprize,Blended,180,144,0.8789774573045093,0.0,0.8789774573045093
realprize,Blended,180,145,0.8829024357286509,0.0,0.8829024357286509
realprize,Blended,180,146,0.8872678716615151,0.0,0.8872678716615151
realprize,Blended,180,147,0.8917996494918273,0.0,0.8917996494918273
realprize,Blended,180,148,0.8957656482501136,0.0,0.8957656482501136
realprize,Blended,180,149,0.9011495022382655,0.0,0.9011495022382655
realprize,Blended,180,150,0.9056761181269704,0.0,0.9056761181269704
realprize,Blended,180,151,0.9093049715009393,0.0,0.9093049715009393
realprize,Blended,180,152,0.911625993395068,0.0,0.911625993395068
realprize,Blended,180,153,0.9146851130219955,0.0,0.9146851130219955
realprize,Blended,180,154,0.9178839448966276,0.0,0.9178839448966276
realprize,Blended,180,155,0.9219282106354546,0.0,0.9219282106354546
realprize,Blended,180,156,0.9256530592965403,0.0,0.9256530592965403
realprize,Blended,180,157,0.9309504525365014,0.0,0.9309504525365014
realprize,Blended,180,158,0.9334622951287735,0.0,0.9334622951287735
realprize,Blended,180,159,0.93805240623571,0.0,0.93805240623571
realprize,Blended,180,160,0.9419168178421328,0.0,0.9419168178421328
realprize,Blended,180,161,0.9459725553204653,0.0,0.9459725553204653
realprize,Blended,180,162,0.9486099857473514,0.0,0.9486099857473514
realprize,Blended,180,163,0.9513566400602357,0.0,0.9513566400602357
realprize,Blended,180,164,0.953996115725044,0.0,0.953996115725044
realprize,Blended,180,165,0.956664993730222,0.0,0.956664993730222
realprize,Blended,180,166,0.9592267217206547,0.0,0.9592267217206547
realprize,Blended,180,167,0.9612955678242115,0.0,0.9612955678242115
realprize,Blended,180,168,0.9646940190105281,0.0,0.9646940190105281
realprize,Blended,180,169,0.9676298291978868,0.0,0.9676298291978868
realprize,Blended,180,170,0.9702875483849612,0.0,0.9702875483849612
realprize,Blended,180,171,0.9722172058217213,0.0,0.9722172058217213
realprize,Blended,180,172,0.9736977106036206,0.0,0.9736977106036206
realprize,Blended,180,173,0.9764469275996212,0.0,0.9764469275996212
realprize,Blended,180,174,0.9794966248154409,0.0,0.9794966248154409
realprize,Blended,180,175,0.9844448120873237,0.0,0.9844448120873237
realprize,Blended,180,176,0.9877158040463275,0.0,0.9877158040463275
realprize,Blended,180,177,0.9909224016893505,0.0,0.9909224016893505
realprize,Blended,180,178,0.9938006793339572,0.0,0.9938006793339572
realprize,Blended,180,179,0.996939955925532,0.0,0.996939955925532
realprize,Blended,180,180,1.0,0.0,1.0
realprize,Blended,210,1,0.0731906013748309,0.0,0.0731906013748309
realprize,Blended,210,2,0.10381208018318563,0.0,0.10381208018318563
realprize,Blended,210,3,0.1248367477960894,0.0,0.1248367477960894
realprize,Blended,210,4,0.13797986413744556,0.0,0.13797986413744556
realprize,Blended,210,5,0.1503171560290915,0.0,0.1503171560290915
realprize,Blended,210,6,0.16083241893826858,0.0,0.16083241893826858
realprize,Blended,210,7,0.17073963668106606,0.0,0.17073963668106606
realprize,Blended,210,8,0.17829525967570004,0.0,0.17829525967570004
realprize,Blended,210,9,0.18681829167692762,0.0,0.18681829167692762
realprize,Blended,210,10,0.19537926878059886,0.0,0.19537926878059886
realprize,Blended,210,11,0.2022568309849976,0.0,0.2022568309849976
realprize,Blended,210,12,0.21001045012274078,0.0,0.21001045012274078
realprize,Blended,210,13,0.21961317281916773,0.0,0.21961317281916773
realprize,Blended,210,14,0.22694221344004634,0.0,0.22694221344004634
realprize,Blended,210,15,0.2352551496400087,0.0,0.2352551496400087
realprize,Blended,210,16,0.24315424156532742,0.0,0.24315424156532742
realprize,Blended,210,17,0.2507902582330144,0.0,0.2507902582330144
realprize,Blended,210,18,0.25802997778777836,0.0,0.25802997778777836
realprize,Blended,210,19,0.26421841327274304,0.0,0.26421841327274304
realprize,Blended,210,20,0.2728430112222744,0.0,0.2728430112222744
realprize,Blended,210,21,0.28001958742847954,0.0,0.28001958742847954
realprize,Blended,210,22,0.2860724679226213,0.0,0.2860724679226213
realprize,Blended,210,23,0.2930737230364909,0.0,0.2930737230364909
realprize,Blended,210,24,0.29870673642539924,0.0,0.29870673642539924
realprize,Blended,210,25,0.30469327399959606,0.0,0.30469327399959606
realprize,Blended,210,26,0.3090998437652576,0.0,0.3090998437652576
realprize,Blended,210,27,0.31458405413884893,0.0,0.31458405413884893
realprize,Blended,210,28,0.3224137467550328,0.0,0.3224137467550328
realprize,Blended,210,29,0.3284956326579361,0.0,0.3284956326579361
realprize,Blended,210,30,0.33374681767842235,0.0,0.33374681767842235
realprize,Blended,210,31,0.3386680963680801,0.0,0.3386680963680801
realprize,Blended,210,32,0.3431019475362641,0.0,0.3431019475362641
realprize,Blended,210,33,0.352287661587035,0.0,0.352287661587035
realprize,Blended,210,34,0.35750195766530135,0.0,0.35750195766530135
realprize,Blended,210,35,0.36385775637457407,0.0,0.36385775637457407
realprize,Blended,210,36,0.3700993730806443,0.0,0.3700993730806443
realprize,Blended,210,37,0.3756307467500624,0.0,0.3756307467500624
realprize,Blended,210,38,0.3797272729545107,0.0,0.3797272729545107
realprize,Blended,210,39,0.3848241266380969,0.0,0.3848241266380969
realprize,Blended,210,40,0.3896841891173429,0.0,0.3896841891173429
realprize,Blended,210,41,0.3942224230344915,0.0,0.3942224230344915
realprize,Blended,210,42,0.3981248143208822,0.0,0.3981248143208822
realprize,Blended,210,43,0.4017207167551711,0.0,0.4017207167551711
realprize,Blended,210,44,0.4063982676220215,0.0,0.4063982676220215
realprize,Blended,210,45,0.4095507527976168,0.0,0.4095507527976168
realprize,Blended,210,46,0.41346956456456085,0.0,0.41346956456456085
realprize,Blended,210,47,0.41781489299038255,0.0,0.41781489299038255
realprize,Blended,210,48,0.4216212744863289,0.0,0.4216212744863289
realprize,Blended,210,49,0.4257040198617345,0.0,0.4257040198617345
realprize,Blended,210,50,0.43252833662545737,0.0,0.43252833662545737
realprize,Blended,210,51,0.4358902321453559,0.0,0.4358902321453559
realprize,Blended,210,52,0.44095334288645893,0.0,0.44095334288645893
realprize,Blended,210,53,0.4449934621085903,0.0,0.4449934621085903
realprize,Blended,210,54,0.44945050163094935,0.0,0.44945050163094935
realprize,Blended,210,55,0.45292163734071983,0.0,0.45292163734071983
realprize,Blended,210,56,0.4567683066685111,0.0,0.4567683066685111
realprize,Blended,210,57,0.4612793184261318,0.0,0.4612793184261318
realprize,Blended,210,58,0.46708048898810794,0.0,0.46708048898810794
realprize,Blended,210,59,0.4734624772991637,0.0,0.4734624772991637
realprize,Blended,210,60,0.4791523144316375,0.0,0.4791523144316375
realprize,Blended,210,61,0.48285630078355696,0.0,0.48285630078355696
realprize,Blended,210,62,0.48747384554022744,0.0,0.48747384554022744
realprize,Blended,210,63,0.49072450333435597,0.0,0.49072450333435597
realprize,Blended,210,64,0.4950318213884878,0.0,0.4950318213884878
realprize,Blended,210,65,0.4988339498150996,0.0,0.4988339498150996
realprize,Blended,210,66,0.5025445382731545,0.0,0.5025445382731545
realprize,Blended,210,67,0.5065679055252619,0.0,0.5065679055252619
realprize,Blended,210,68,0.5094003757164288,0.0,0.5094003757164288
realprize,Blended,210,69,0.5129240310008513,0.0,0.5129240310008513
realprize,Blended,210,70,0.5169491652400025,0.0,0.5169491652400025
realprize,Blended,210,71,0.5218434141438787,0.0,0.5218434141438787
realprize,Blended,210,72,0.5262056754553669,0.0,0.5262056754553669
realprize,Blended,210,73,0.5309719021320557,0.0,0.5309719021320557
realprize,Blended,210,74,0.5363549920174191,0.0,0.5363549920174191
realprize,Blended,210,75,0.5435324672852418,0.0,0.5435324672852418
realprize,Blended,210,76,0.5480371658239014,0.0,0.5480371658239014
realprize,Blended,210,77,0.5517094126710504,0.0,0.5517094126710504
realprize,Blended,210,78,0.556298420586967,0.0,0.556298420586967
realprize,Blended,210,79,0.5611408224766928,0.0,0.5611408224766928
realprize,Blended,210,80,0.5681612286598594,0.0,0.5681612286598594
realprize,Blended,210,81,0.5708752826079486,0.0,0.5708752826079486
realprize,Blended,210,82,0.5753959081252783,0.0,0.5753959081252783
realprize,Blended,210,83,0.580509534494435,0.0,0.580509534494435
realprize,Blended,210,84,0.588153030507665,0.0,0.588153030507665
realprize,Blended,210,85,0.5942180468757637,0.0,0.5942180468757637
realprize,Blended,210,86,0.5970265101384158,0.0,0.5970265101384158
realprize,Blended,210,87,0.6006136625038375,0.0,0.6006136625038375
realprize,Blended,210,88,0.604135657222027,0.0,0.604135657222027
realprize,Blended,210,89,0.607990042282513,0.0,0.607990042282513
realprize,Blended,210,90,0.6119201748648536,0.0,0.6119201748648536
realprize,Blended,210,91,0.6158952887497926,0.0,0.6158952887497926
realprize,Blended,210,92,0.620367316681268,0.0,0.620367316681268
realprize,Blended,210,93,0.6244055861579683,0.0,0.6244055861579683
realprize,Blended,210,94,0.6285874853213234,0.0,0.6285874853213234
realprize,Blended,210,95,0.631930781208265,0.0,0.631930781208265
realprize,Blended,210,96,0.6374762190981583,0.0,0.6374762190981583
realprize,Blended,210,97,0.6424001873111644,0.0,0.6424001873111644
realprize,Blended,210,98,0.647458737656335,0.0,0.647458737656335
realprize,Blended,210,99,0.6514786441624836,0.0,0.6514786441624836
realprize,Blended,210,100,0.6556087092213261,0.0,0.6556087092213261
realprize,Blended,210,101,0.6621025717045362,0.0,0.6621025717045362
realprize,Blended,210,102,0.665747146338359,0.0,0.665747146338359
realprize,Blended,210,103,0.67169408367085,0.0,0.67169408367085
realprize,Blended,210,104,0.6760410067594018,0.0,0.6760410067594018
realprize,Blended,210,105,0.6805217951131806,0.0,0.6805217951131806
realprize,Blended,210,106,0.6841384639671148,0.0,0.6841384639671148
realprize,Blended,210,107,0.6863669816629976,0.0,0.6863669816629976
realprize,Blended,210,108,0.6919086097519902,0.0,0.6919086097519902
realprize,Blended,210,109,0.6956511677629433,0.0,0.6956511677629433
realprize,Blended,210,110,0.7002119831333107,0.0,0.7002119831333107
realprize,Blended,210,111,0.7030541890311002,0.0,0.7030541890311002
realprize,Blended,210,112,0.7053014512557434,0.0,0.7053014512557434
realprize,Blended,210,113,0.7070757451020292,0.0,0.7070757451020292
realprize,Blended,210,114,0.7094215630411154,0.0,0.7094215630411154
realprize,Blended,210,115,0.7130175121280883,0.0,0.7130175121280883
realprize,Blended,210,116,0.7166654899528013,0.0,0.7166654899528013
realprize,Blended,210,117,0.7199928066444637,0.0,0.7199928066444637
realprize,Blended,210,118,0.7231865567654564,0.0,0.7231865567654564
realprize,Blended,210,119,0.7261695364445216,0.0,0.7261695364445216
realprize,Blended,210,120,0.7304398106555736,0.0,0.7304398106555736
realprize,Blended,210,121,0.7322417572501191,0.0,0.7322417572501191
realprize,Blended,210,122,0.7348610185030732,0.0,0.7348610185030732
realprize,Blended,210,123,0.7368721904250826,0.0,0.7368721904250826
realprize,Blended,210,124,0.7404260473393742,0.0,0.7404260473393742
realprize,Blended,210,125,0.7451054905803611,0.0,0.7451054905803611
realprize,Blended,210,126,0.7478539292564954,0.0,0.7478539292564954
realprize,Blended,210,127,0.7519559716956372,0.0,0.7519559716956372
realprize,Blended,210,128,0.7548825164158346,0.0,0.7548825164158346
realprize,Blended,210,129,0.7592566326828525,0.0,0.7592566326828525
realprize,Blended,210,130,0.7631877072920604,0.0,0.7631877072920604
realprize,Blended,210,131,0.7667476400138651,0.0,0.7667476400138651
realprize,Blended,210,132,0.7704466104505779,0.0,0.7704466104505779
realprize,Blended,210,133,0.7734086399137295,0.0,0.7734086399137295
realprize,Blended,210,134,0.7760171594575417,0.0,0.7760171594575417
realprize,Blended,210,135,0.7786227343070367,0.0,0.7786227343070367
realprize,Blended,210,136,0.7818328076617076,0.0,0.7818328076617076
realprize,Blended,210,137,0.7852402967984088,0.0,0.7852402967984088
realprize,Blended,210,138,0.7878060395443158,0.0,0.7878060395443158
realprize,Blended,210,139,0.7909781286951524,0.0,0.7909781286951524
realprize,Blended,210,140,0.7958680478989888,0.0,0.7958680478989888
realprize,Blended,210,141,0.7997851483319063,0.0,0.7997851483319063
realprize,Blended,210,142,0.8027569240635883,0.0,0.8027569240635883
realprize,Blended,210,143,0.8065535671330804,0.0,0.8065535671330804
realprize,Blended,210,144,0.8093046518713487,0.0,0.8093046518713487
realprize,Blended,210,145,0.8129185139456887,0.0,0.8129185139456887
realprize,Blended,210,146,0.8169379203349578,0.0,0.8169379203349578
realprize,Blended,210,147,0.821110483406787,0.0,0.821110483406787
realprize,Blended,210,148,0.8247621143078115,0.0,0.8247621143078115
realprize,Blended,210,149,0.8297192130836655,0.0,0.8297192130836655
realprize,Blended,210,150,0.8338870233790489,0.0,0.8338870233790489
realprize,Blended,210,151,0.8372282329767538,0.0,0.8372282329767538
realprize,Blended,210,152,0.8393652773348356,0.0,0.8393652773348356
realprize,Blended,210,153,0.8421819135569926,0.0,0.8421819135569926
realprize,Blended,210,154,0.8451271876310662,0.0,0.8451271876310662
realprize,Blended,210,155,0.8488508816218925,0.0,0.8488508816218925
realprize,Blended,210,156,0.8522804773684977,0.0,0.8522804773684977
realprize,Blended,210,157,0.8571579687720198,0.0,0.8571579687720198
realprize,Blended,210,158,0.8594707082829149,0.0,0.8594707082829149
realprize,Blended,210,159,0.8636969808005764,0.0,0.8636969808005764
realprize,Blended,210,160,0.8672550769312946,0.0,0.8672550769312946
realprize,Blended,210,161,0.8709893333456161,0.0,0.8709893333456161
realprize,Blended,210,162,0.873417705877503,0.0,0.873417705877503
realprize,Blended,210,163,0.8759466445823891,0.0,0.8759466445823891
realprize,Blended,210,164,0.8783769002348847,0.0,0.8783769002348847
realprize,Blended,210,165,0.8808342276292543,0.0,0.8808342276292543
realprize,Blended,210,166,0.8831928983349219,0.0,0.8831928983349219
realprize,Blended,210,167,0.8850977558050429,0.0,0.8850977558050429
realprize,Blended,210,168,0.8882268262167893,0.0,0.8882268262167893
realprize,Blended,210,169,0.8909299272143131,0.0,0.8909299272143131
realprize,Blended,210,170,0.8933769803026403,0.0,0.8933769803026403
realprize,Blended,210,171,0.8951536819997206,0.0,0.8951536819997206
realprize,Blended,210,172,0.8965168334629938,0.0,0.8965168334629938
realprize,Blended,210,173,0.8990481317180027,0.0,0.8990481317180027
realprize,Blended,210,174,0.9018560924035142,0.0,0.9018560924035142
realprize,Blended,210,175,0.9064120579111461,0.0,0.9064120579111461
realprize,Blended,210,176,0.909423772246544,0.0,0.909423772246544
realprize,Blended,210,177,0.9123761965295699,0.0,0.9123761965295699
realprize,Blended,210,178,0.9150263253443645,0.0,0.9150263253443645
realprize,Blended,210,179,0.9179167648294263,0.0,0.9179167648294263
realprize,Blended,210,180,0.9207342522220984,0.0,0.9207342522220984
realprize,Blended,210,181,0.9237832621475298,0.0,0.9237832621475298
realprize,Blended,210,182,0.9265340240738963,0.0,0.9265340240738963
realprize,Blended,210,183,0.9307272577406704,0.0,0.9307272577406704
realprize,Blended,210,184,0.9334761418463579,0.0,0.9334761418463579
realprize,Blended,210,185,0.9353947763320152,0.0,0.9353947763320152
realprize,Blended,210,186,0.9374819064153312,0.0,0.9374819064153312
realprize,Blended,210,187,0.9390447414537497,0.0,0.9390447414537497
realprize,Blended,210,188,0.9423093978022121,0.0,0.9423093978022121
realprize,Blended,210,189,0.9440822332828197,0.0,0.9440822332828197
realprize,Blended,210,190,0.9469750210465517,0.0,0.9469750210465517
realprize,Blended,210,191,0.9497621551075927,0.0,0.9497621551075927
realprize,Blended,210,192,0.9543290074879702,0.0,0.9543290074879702
realprize,Blended,210,193,0.9565194627763351,0.0,0.9565194627763351
realprize,Blended,210,194,0.9584973637863873,0.0,0.9584973637863873
realprize,Blended,210,195,0.9603113535849984,0.0,0.9603113535849984
realprize,Blended,210,196,0.9636146029040584,0.0,0.9636146029040584
realprize,Blended,210,197,0.9659809223584266,0.0,0.9659809223584266
realprize,Blended,210,198,0.9682215404965336,0.0,0.9682215404965336
realprize,Blended,210,199,0.970712216747557,0.0,0.970712216747557
realprize,Blended,210,200,0.9744830283931568,0.0,0.9744830283931568
realprize,Blended,210,201,0.9774546996479779,0.0,0.9774546996479779
realprize,Blended,210,202,0.9801444248909901,0.0,0.9801444248909901
realprize,Blended,210,203,0.9817541678899733,0.0,0.9817541678899733
realprize,Blended,210,204,0.9847939489527069,0.0,0.9847939489527069
realprize,Blended,210,205,0.986848562693143,0.0,0.986848562693143
realprize,Blended,210,206,0.9899794981791639,0.0,0.9899794981791639
realprize,Blended,210,207,0.9915387878921398,0.0,0.9915387878921398
realprize,Blended,210,208,0.9952027265034878,0.0,0.9952027265034878
realprize,Blended,210,209,0.9979290617384601,0.0,0.9979290617384601
realprize,Blended,210,210,1.0,0.0,1.0
realprize,Blended,240,1,0.06923136924758087,0.0,0.06923136924758087
realprize,Blended,240,2,0.09819638478873208,0.0,0.09819638478873208
realprize,Blended,240,3,0.11808372687193487,0.0,0.11808372687193487
realprize,Blended,240,4,0.13051586875081345,0.0,0.13051586875081345
realprize,Blended,240,5,0.1421857771054597,0.0,0.1421857771054597
realprize,Blended,240,6,0.15213221880051286,0.0,0.15213221880051286
realprize,Blended,240,7,0.16150350742068895,0.0,0.16150350742068895
realprize,Blended,240,8,0.16865041037832604,0.0,0.16865041037832604
realprize,Blended,240,9,0.17671239053017718,0.0,0.17671239053017718
realprize,Blended,240,10,0.18481026315113047,0.0,0.18481026315113047
realprize,Blended,240,11,0.1913157848923369,0.0,0.1913157848923369
realprize,Blended,240,12,0.198649973428118,0.0,0.198649973428118
realprize,Blended,240,13,0.20773323860548373,0.0,0.20773323860548373
realprize,Blended,240,14,0.21466581612122268,0.0,0.21466581612122268
realprize,Blended,240,15,0.2225290655655576,0.0,0.2225290655655576
realprize,Blended,240,16,0.23000085756521157,0.0,0.23000085756521157
realprize,Blended,240,17,0.2372238053149361,0.0,0.2372238053149361
realprize,Blended,240,18,0.2440718935712126,0.0,0.2440718935712126
realprize,Blended,240,19,0.24992556677619537,0.0,0.24992556677619537
realprize,Blended,240,20,0.2580836186850469,0.0,0.2580836186850469
realprize,Blended,240,21,0.26487197932059775,0.0,0.26487197932059775
realprize,Blended,240,22,0.270597430357068,0.0,0.270597430357068
realprize,Blended,240,23,0.27721995386254505,0.0,0.27721995386254505
realprize,Blended,240,24,0.2825482504276583,0.0,0.2825482504276583
realprize,Blended,240,25,0.2882109473522427,0.0,0.2882109473522427
realprize,Blended,240,26,0.29237914453645997,0.0,0.29237914453645997
realprize,Blended,240,27,0.29756668755801624,0.0,0.29756668755801624
realprize,Blended,240,28,0.3049728343914059,0.0,0.3049728343914059
realprize,Blended,240,29,0.3107257217943825,0.0,0.3107257217943825
realprize,Blended,240,30,0.3156928449264746,0.0,0.3156928449264746
realprize,Blended,240,31,0.3203479079500599,0.0,0.3203479079500599
realprize,Blended,240,32,0.32454191075434513,0.0,0.32454191075434513
realprize,Blended,240,33,0.3332307252920858,0.0,0.3332307252920858
realprize,Blended,240,34,0.33816295498250626,0.0,0.33816295498250626
realprize,Blended,240,35,0.3441749379289434,0.0,0.3441749379289434
realprize,Blended,240,36,0.3500789155266519,0.0,0.3500789155266519
realprize,Blended,240,37,0.35531107055421696,0.0,0.35531107055421696
realprize,Blended,240,38,0.35918599592667166,0.0,0.35918599592667166
realprize,Blended,240,39,0.3640071362471636,0.0,0.3640071362471636
realprize,Blended,240,40,0.3686042945399864,0.0,0.3686042945399864
realprize,Blended,240,41,0.372897033527619,0.0,0.372897033527619
realprize,Blended,240,42,0.37658832567472195,0.0,0.37658832567472195
realprize,Blended,240,43,0.37998970842783786,0.0,0.37998970842783786
realprize,Blended,240,44,0.3844142280403877,0.0,0.3844142280403877
realprize,Blended,240,45,0.3873961801099087,0.0,0.3873961801099087
realprize,Blended,240,46,0.39110300447468793,0.0,0.39110300447468793
realprize,Blended,240,47,0.39521327315808646,0.0,0.39521327315808646
realprize,Blended,240,48,0.39881374914671036,0.0,0.39881374914671036
realprize,Blended,240,49,0.4026756391615362,0.0,0.4026756391615362
realprize,Blended,240,50,0.4091307957643924,0.0,0.4091307957643924
realprize,Blended,240,51,0.412310830164136,0.0,0.412310830164136
realprize,Blended,240,52,0.4171000528604157,0.0,0.4171000528604157
realprize,Blended,240,53,0.42092162257589294,0.0,0.42092162257589294
realprize,Blended,240,54,0.42513755936459674,0.0,0.42513755936459674
realprize,Blended,240,55,0.42842092462622194,0.0,0.42842092462622194
realprize,Blended,240,56,0.43205950908383295,0.0,0.43205950908383295
realprize,Blended,240,57,0.4363264984896532,0.0,0.4363264984896532
realprize,Blended,240,58,0.4418138557964683,0.0,0.4418138557964683
realprize,Blended,240,59,0.44785061162299417,0.0,0.44785061162299417
realprize,Blended,240,60,0.4532326580617102,0.0,0.4532326580617102
realprize,Blended,240,61,0.45673627795280075,0.0,0.45673627795280075
realprize,Blended,240,62,0.4611040374746704,0.0,0.4611040374746704
realprize,Blended,240,63,0.4641788515329715,0.0,0.4641788515329715
realprize,Blended,240,64,0.4682531660087495,0.0,0.4682531660087495
realprize,Blended,240,65,0.4718496189970427,0.0,0.4718496189970427
realprize,Blended,240,66,0.4753594838545509,0.0,0.4753594838545509
realprize,Blended,240,67,0.4791652077947433,0.0,0.4791652077947433
realprize,Blended,240,68,0.4818444560315924,0.0,0.4818444560315924
realprize,Blended,240,69,0.4851774998311332,0.0,0.4851774998311332
realprize,Blended,240,70,0.48898489517353005,0.0,0.48898489517353005
realprize,Blended,240,71,0.4936143905826269,0.0,0.4936143905826269
realprize,Blended,240,72,0.49774067617035456,0.0,0.49774067617035456
realprize,Blended,240,73,0.5022490746911102,0.0,0.5022490746911102
realprize,Blended,240,74,0.5073409673186611,0.0,0.5073409673186611
realprize,Blended,240,75,0.5141301783812565,0.0,0.5141301783812565
realprize,Blended,240,76,0.5183911960805349,0.0,0.5183911960805349
realprize,Blended,240,77,0.5218647934095311,0.0,0.5218647934095311
realprize,Blended,240,78,0.5262055597858016,0.0,0.5262055597858016
realprize,Blended,240,79,0.530786012835448,0.0,0.530786012835448
realprize,Blended,240,80,0.5374266514366488,0.0,0.5374266514366488
realprize,Blended,240,81,0.5399938891353219,0.0,0.5399938891353219
realprize,Blended,240,82,0.5442699722462868,0.0,0.5442699722462868
realprize,Blended,240,83,0.5491069779370066,0.0,0.5491069779370066
realprize,Blended,240,84,0.5563370004384519,0.0,0.5563370004384519
realprize,Blended,240,85,0.5620739308610083,0.0,0.5620739308610083
realprize,Blended,240,86,0.5647304708197275,0.0,0.5647304708197275
realprize,Blended,240,87,0.568123576837343,0.0,0.568123576837343
realprize,Blended,240,88,0.571455049898676,0.0,0.571455049898676
realprize,Blended,240,89,0.5751009327078399,0.0,0.5751009327078399
realprize,Blended,240,90,0.578818465490588,0.0,0.578818465490588
realprize,Blended,240,91,0.5825785463206388,0.0,0.5825785463206388
realprize,Blended,240,92,0.5868086607232229,0.0,0.5868086607232229
realprize,Blended,240,93,0.5906284807549083,0.0,0.5906284807549083
realprize,Blended,240,94,0.5945841608517513,0.0,0.5945841608517513
realprize,Blended,240,95,0.5977466017622637,0.0,0.5977466017622637
realprize,Blended,240,96,0.6029920602088826,0.0,0.6029920602088826
realprize,Blended,240,97,0.6076496672665451,0.0,0.6076496672665451
realprize,Blended,240,98,0.612434576260672,0.0,0.612434576260672
realprize,Blended,240,99,0.6162370266633221,0.0,0.6162370266633221
realprize,Blended,240,100,0.6201436766120078,0.0,0.6201436766120078
realprize,Blended,240,101,0.6262862547979104,0.0,0.6262862547979104
realprize,Blended,240,102,0.6297336768368734,0.0,0.6297336768368734
realprize,Blended,240,103,0.6353589156875478,0.0,0.6353589156875478
realprize,Blended,240,104,0.6394706927706891,0.0,0.6394706927706891
realprize,Blended,240,105,0.6437090937021425,0.0,0.6437090937021425
realprize,Blended,240,106,0.6471301195192503,0.0,0.6471301195192503
realprize,Blended,240,107,0.6492380859600273,0.0,0.6492380859600273
realprize,Blended,240,108,0.654479940696225,0.0,0.654479940696225
realprize,Blended,240,109,0.6580200457195441,0.0,0.6580200457195441
realprize,Blended,240,110,0.6623341446208346,0.0,0.6623341446208346
realprize,Blended,240,111,0.6650226019130462,0.0,0.6650226019130462
realprize,Blended,240,112,0.667148298900746,0.0,0.667148298900746
realprize,Blended,240,113,0.6688266126475731,0.0,0.6688266126475731
realprize,Blended,240,114,0.6710455339964598,0.0,0.6710455339964598
realprize,Blended,240,115,0.6744469608785915,0.0,0.6744469608785915
realprize,Blended,240,116,0.6778976020134592,0.0,0.6778976020134592
realprize,Blended,240,117,0.6810449281203237,0.0,0.6810449281203237
realprize,Blended,240,118,0.6840659129156061,0.0,0.6840659129156061
realprize,Blended,240,119,0.6868875288572729,0.0,0.6868875288572729
realprize,Blended,240,120,0.6909268033698529,0.0,0.6909268033698529
realprize,Blended,240,121,0.6926312739946059,0.0,0.6926312739946059
realprize,Blended,240,122,0.695108846791562,0.0,0.695108846791562
realprize,Blended,240,123,0.6970112247381501,0.0,0.6970112247381501
realprize,Blended,240,124,0.7003728364159442,0.0,0.7003728364159442
realprize,Blended,240,125,0.7047991460349994,0.0,0.7047991460349994
realprize,Blended,240,126,0.7073989084261747,0.0,0.7073989084261747
realprize,Blended,240,127,0.7112790516336212,0.0,0.7112790516336212
realprize,Blended,240,128,0.714047285455146,0.0,0.714047285455146
realprize,Blended,240,129,0.718184784706763,0.0,0.718184784706763
realprize,Blended,240,130,0.721903208557608,0.0,0.721903208557608
realprize,Blended,240,131,0.7252705673732245,0.0,0.7252705673732245
realprize,Blended,240,132,0.7287694426841195,0.0,0.7287694426841195
realprize,Blended,240,133,0.7315712417079512,0.0,0.7315712417079512
realprize,Blended,240,134,0.734038653866547,0.0,0.734038653866547
realprize,Blended,240,135,0.7365032806235232,0.0,0.7365032806235232
realprize,Blended,240,136,0.7395397056501589,0.0,0.7395397056501589
realprize,Blended,240,137,0.7427628672883853,0.0,0.7427628672883853
realprize,Blended,240,138,0.7451898166520953,0.0,0.7451898166520953
realprize,Blended,240,139,0.7481903122234205,0.0,0.7481903122234205
realprize,Blended,240,140,0.7528157121468054,0.0,0.7528157121468054
realprize,Blended,240,141,0.7565209177518576,0.0,0.7565209177518576
realprize,Blended,240,142,0.7593319358216153,0.0,0.7593319358216153
realprize,Blended,240,143,0.7629232001821737,0.0,0.7629232001821737
realprize,Blended,240,144,0.7655254654972383,0.0,0.7655254654972383
realprize,Blended,240,145,0.7689438363669782,0.0,0.7689438363669782
realprize,Blended,240,146,0.7727458137064794,0.0,0.7727458137064794
realprize,Blended,240,147,0.7766926627459514,0.0,0.7766926627459514
realprize,Blended,240,148,0.780146759344639,0.0,0.780146759344639
realprize,Blended,240,149,0.7848357047734423,0.0,0.7848357047734423
realprize,Blended,240,150,0.7887780581370366,0.0,0.7887780581370366
realprize,Blended,240,151,0.7919385256157451,0.0,0.7919385256157451
realprize,Blended,240,152,0.7939599669521145,0.0,0.7939599669521145
realprize,Blended,240,153,0.7966242377555967,0.0,0.7966242377555967
realprize,Blended,240,154,0.7994101877700426,0.0,0.7994101877700426
realprize,Blended,240,155,0.802932449218936,0.0,0.802932449218936
realprize,Blended,240,156,0.8061765216140675,0.0,0.8061765216140675
realprize,Blended,240,157,0.8107901660167114,0.0,0.8107901660167114
realprize,Blended,240,158,0.8129777983088997,0.0,0.8129777983088997
realprize,Blended,240,159,0.8169754513916047,0.0,0.8169754513916047
realprize,Blended,240,160,0.8203410729661917,0.0,0.8203410729661917
realprize,Blended,240,161,0.8238733254662232,0.0,0.8238733254662232
realprize,Blended,240,162,0.8261703356323885,0.0,0.8261703356323885
realprize,Blended,240,163,0.8285624718629111,0.0,0.8285624718629111
realprize,Blended,240,164,0.830861263282622,0.0,0.830861263282622
realprize,Blended,240,165,0.8331856620033067,0.0,0.8331856620033067
realprize,Blended,240,166,0.8354167408507291,0.0,0.8354167408507291
realprize,Blended,240,167,0.8372185554061607,0.0,0.8372185554061607
realprize,Blended,240,168,0.8401783593291792,0.0,0.8401783593291792
realprize,Blended,240,169,0.8427352365751342,0.0,0.8427352365751342
realprize,Blended,240,170,0.8450499167764732,0.0,0.8450499167764732
realprize,Blended,240,171,0.8467305081218487,0.0,0.8467305081218487
realprize,Blended,240,172,0.8480199201572949,0.0,0.8480199201572949
realprize,Blended,240,173,0.85041428829851,0.0,0.85041428829851
realprize,Blended,240,174,0.8530703528669068,0.0,0.8530703528669068
realprize,Blended,240,175,0.8573798642578949,0.0,0.8573798642578949
realprize,Blended,240,176,0.8602286604599421,0.0,0.8602286604599421
realprize,Blended,240,177,0.8630213738941014,0.0,0.8630213738941014
realprize,Blended,240,178,0.8655281444778146,0.0,0.8655281444778146
realprize,Blended,240,179,0.8682622261702614,0.0,0.8682622261702614
realprize,Blended,240,180,0.8709273021003461,0.0,0.8709273021003461
realprize,Blended,240,181,0.8738113763943397,0.0,0.8738113763943397
realprize,Blended,240,182,0.8764133363599529,0.0,0.8764133363599529
realprize,Blended,240,183,0.8803797378223359,0.0,0.8803797378223359
realprize,Blended,240,184,0.8829799215476345,0.0,0.8829799215476345
realprize,Blended,240,185,0.8847947678534795,0.0,0.8847947678534795
realprize,Blended,240,186,0.8867689950186013,0.0,0.8867689950186013
realprize,Blended,240,187,0.8882472887829016,0.0,0.8882472887829016
realprize,Blended,240,188,0.8913353441463132,0.0,0.8913353441463132
realprize,Blended,240,189,0.8930122784174853,0.0,0.8930122784174853
realprize,Blended,240,190,0.8957485813588993,0.0,0.8957485813588993
realprize,Blended,240,191,0.8983849459152479,0.0,0.8983849459152479
realprize,Blended,240,192,0.9027047552556018,0.0,0.9027047552556018
realprize,Blended,240,193,0.9047767182677989,0.0,0.9047767182677989
realprize,Blended,240,194,0.906647625086296,0.0,0.906647625086296
realprize,Blended,240,195,0.9083634874402046,0.0,0.9083634874402046
realprize,Blended,240,196,0.9114880480945635,0.0,0.9114880480945635
realprize,Blended,240,197,0.9137263619330316,0.0,0.9137263619330316
realprize,Blended,240,198,0.9158457742448352,0.0,0.9158457742448352
realprize,Blended,240,199,0.9182017178219032,0.0,0.9182017178219032
realprize,Blended,240,200,0.9217685481046964,0.0,0.9217685481046964
realprize,Blended,240,201,0.9245794673492498,0.0,0.9245794673492498
realprize,Blended,240,202,0.9271236923996746,0.0,0.9271236923996746
realprize,Blended,240,203,0.9286463566470358,0.0,0.9286463566470358
realprize,Blended,240,204,0.9315217013119628,0.0,0.9315217013119628
realprize,Blended,240,205,0.9334651710997954,0.0,0.9334651710997954
realprize,Blended,240,206,0.9364267392062381,0.0,0.9364267392062381
realprize,Blended,240,207,0.9379016794288241,0.0,0.9379016794288241
realprize,Blended,240,208,0.9413674179545077,0.0,0.9413674179545077
realprize,Blended,240,209,0.9439462725861075,0.0,0.9439462725861075
realprize,Blended,240,210,0.9459051838230756,0.0,0.9459051838230756
realprize,Blended,240,211,0.9493420596278059,0.0,0.9493420596278059
realprize,Blended,240,212,0.950657502943415,0.0,0.950657502943415
realprize,Blended,240,213,0.9526985285859705,0.0,0.9526985285859705
realprize,Blended,240,214,0.9538158074271119,0.0,0.9538158074271119
realprize,Blended,240,215,0.9553966944636677,0.0,0.9553966944636677
realprize,Blended,240,216,0.9565726271283208,0.0,0.9565726271283208
realprize,Blended,240,217,0.9581597475842213,0.0,0.9581597475842213
realprize,Blended,240,218,0.9599024027470366,0.0,0.9599024027470366
realprize,Blended,240,219,0.962124680687944,0.0,0.962124680687944
realprize,Blended,240,220,0.9630778349240084,0.0,0.9630778349240084
realprize,Blended,240,221,0.9652216148846087,0.0,0.9652216148846087
realprize,Blended,240,222,0.9670885216099171,0.0,0.9670885216099171
realprize,Blended,240,223,0.9685380237028762,0.0,0.9685380237028762
realprize,Blended,240,224,0.970259818699436,0.0,0.970259818699436
realprize,Blended,240,225,0.9719130981862572,0.0,0.9719130981862572
realprize,Blended,240,226,0.9738332873843654,0.0,0.9738332873843654
realprize,Blended,240,227,0.9764001156848745,0.0,0.9764001156848745
realprize,Blended,240,228,0.9780339086312837,0.0,0.9780339086312837
realprize,Blended,240,229,0.9794307842761996,0.0,0.9794307842761996
realprize,Blended,240,230,0.9809251731460711,0.0,0.9809251731460711
realprize,Blended,240,231,0.9826538173252845,0.0,0.9826538173252845
realprize,Blended,240,232,0.9845263748631138,0.0,0.9845263748631138
realprize,Blended,240,233,0.986350874442989,0.0,0.986350874442989
realprize,Blended,240,234,0.9881093641961296,0.0,0.9881093641961296
realprize,Blended,240,235,0.9900500275242649,0.0,0.9900500275242649
realprize,Blended,240,236,0.9918500102511566,0.0,0.9918500102511566
realprize,Blended,240,237,0.9937620903201477,0.0,0.9937620903201477
realprize,Blended,240,238,0.9959160824783977,0.0,0.9959160824783977
realprize,Blended,240,239,0.9977990748359958,0.0,0.9977990748359958
realprize,Blended,240,240,1.0,0.0,1.0
realprize,Blended,270,1,0.06448558809746355,0.0,0.06448558809746355
realprize,Blended,270,2,0.09146506404490155,0.0,0.09146506404490155
realprize,Blended,270,3,0.10998913721965796,0.0,0.10998913721965796
realprize,Blended,270,4,0.12156906101841487,0.0,0.12156906101841487
realprize,Blended,270,5,0.1324390020794053,0.0,0.1324390020794053
realprize,Blended,270,6,0.1417036193931102,0.0,0.1417036193931102
realprize,Blended,270,7,0.15043251013253808,0.0,0.15043251013253808
realprize,Blended,270,8,0.15708949590802646,0.0,0.15708949590802646
realprize,Blended,270,9,0.16459883072217743,0.0,0.16459883072217743
realprize,Blended,270,10,0.1721415975918182,0.0,0.1721415975918182
realprize,Blended,270,11,0.1782011685626349,0.0,0.1782011685626349
realprize,Blended,270,12,0.18503260156890966,0.0,0.18503260156890966
realprize,Blended,270,13,0.19349321275100193,0.0,0.19349321275100193
realprize,Blended,270,14,0.19995056500320083,0.0,0.19995056500320083
realprize,Blended,270,15,0.20727479201598245,0.0,0.20727479201598245
realprize,Blended,270,16,0.2142343958267426,0.0,0.2142343958267426
realprize,Blended,270,17,0.2209622135559075,0.0,0.2209622135559075
realprize,Blended,270,18,0.22734086825173033,0.0,0.22734086825173033
realprize,Blended,270,19,0.2327932746284375,0.0,0.2327932746284375
realprize,Blended,270,20,0.24039209552118346,0.0,0.24039209552118346
realprize,Blended,270,21,0.24671511689947956,0.0,0.24671511689947956
realprize,Blended,270,22,0.25204809068322315,0.0,0.25204809068322315
realprize,Blended,270,23,0.2582166429967379,0.0,0.2582166429967379
realprize,Blended,270,24,0.2631796870805588,0.0,0.2631796870805588
realprize,Blended,270,25,0.2684542085203074,0.0,0.2684542085203074
realprize,Blended,270,26,0.27233667754629504,0.0,0.27233667754629504
realprize,Blended,270,27,0.2771686166825796,0.0,0.2771686166825796
realprize,Blended,270,28,0.28406707527552416,0.0,0.28406707527552416
realprize,Blended,270,29,0.28942560467442674,0.0,0.28942560467442674
realprize,Blended,270,30,0.2940522336116648,0.0,0.2940522336116648
realprize,Blended,270,31,0.29838819402916217,0.0,0.29838819402916217
realprize,Blended,270,32,0.3022946997108506,0.0,0.3022946997108506
realprize,Blended,270,33,0.3103878996782278,0.0,0.3103878996782278
realprize,Blended,270,34,0.31498202710449774,0.0,0.31498202710449774
realprize,Blended,270,35,0.32058189115668045,0.0,0.32058189115668045
realprize,Blended,270,36,0.3260811535812177,0.0,0.3260811535812177
realprize,Blended,270,37,0.3309546465893229,0.0,0.3309546465893229
realprize,Blended,270,38,0.3345639474624998,0.0,0.3345639474624998
realprize,Blended,270,39,0.33905460064827625,0.0,0.33905460064827625
realprize,Blended,270,40,0.34333662567987233,0.0,0.34333662567987233
realprize,Blended,270,41,0.3473350992212008,0.0,0.3473350992212008
realprize,Blended,270,42,0.35077335484914074,0.0,0.35077335484914074
realprize,Blended,270,43,0.3539415742497258,0.0,0.3539415742497258
realprize,Blended,270,44,0.35806279490973764,0.0,0.35806279490973764
realprize,Blended,270,45,0.3608403354231116,0.0,0.3608403354231116
realprize,Blended,270,46,0.36429305854175986,0.0,0.36429305854175986
realprize,Blended,270,47,0.3681215700412172,0.0,0.3681215700412172
realprize,Blended,270,48,0.37147523492002243,0.0,0.37147523492002243
realprize,Blended,270,49,0.3750723940038357,0.0,0.3750723940038357
realprize,Blended,270,50,0.3810850523452847,0.0,0.3810850523452847
realprize,Blended,270,51,0.38404709672872434,0.0,0.38404709672872434
realprize,Blended,270,52,0.38850802022996084,0.0,0.38850802022996084
realprize,Blended,270,53,0.392067622953933,0.0,0.392067622953933
realprize,Blended,270,54,0.39599455905466296,0.0,0.39599455905466296
realprize,Blended,270,55,0.39905285101300214,0.0,0.39905285101300214
realprize,Blended,270,56,0.40244201204132507,0.0,0.40244201204132507
realprize,Blended,270,57,0.4064165011238096,0.0,0.4064165011238096
realprize,Blended,270,58,0.41152770240260345,0.0,0.41152770240260345
realprize,Blended,270,59,0.41715064116439765,0.0,0.41715064116439765
realprize,Blended,270,60,0.4221637505906653,0.0,0.4221637505906653
realprize,Blended,270,61,0.42542719881655516,0.0,0.42542719881655516
realprize,Blended,270,62,0.4294955502661533,0.0,0.4294955502661533
realprize,Blended,270,63,0.43235958711815914,0.0,0.43235958711815914
realprize,Blended,270,64,0.4361546090557577,0.0,0.4361546090557577
realprize,Blended,270,65,0.43950452670920737,0.0,0.43950452670920737
realprize,Blended,270,66,0.44277379181170207,0.0,0.44277379181170207
realprize,Blended,270,67,0.446318634981599,0.0,0.446318634981599
realprize,Blended,270,68,0.4488142218823066,0.0,0.4488142218823066
realprize,Blended,270,69,0.4519187869357487,0.0,0.4519187869357487
realprize,Blended,270,70,0.4554651869339343,0.0,0.4554651869339343
realprize,Blended,270,71,0.4597773323861283,0.0,0.4597773323861283
realprize,Blended,270,72,0.46362076283788123,0.0,0.46362076283788123
realprize,Blended,270,73,0.4678201125423337,0.0,0.4678201125423337
realprize,Blended,270,74,0.47256295807876264,0.0,0.47256295807876264
realprize,Blended,270,75,0.47888677158768833,0.0,0.47888677158768833
realprize,Blended,270,76,0.4828556983215946,0.0,0.4828556983215946
realprize,Blended,270,77,0.48609118201935386,0.0,0.48609118201935386
realprize,Blended,270,78,0.49013439069209414,0.0,0.49013439069209414
realprize,Blended,270,79,0.4944008556178848,0.0,0.4944008556178848
realprize,Blended,270,80,0.5005862812449551,0.0,0.5005862812449551
realprize,Blended,270,81,0.5029775358826163,0.0,0.5029775358826163
realprize,Blended,270,82,0.506960495300595,0.0,0.506960495300595
realprize,Blended,270,83,0.5114659262921644,0.0,0.5114659262921644
realprize,Blended,270,84,0.5182003338018047,0.0,0.5182003338018047
realprize,Blended,270,85,0.5235440000645619,0.0,0.5235440000645619
realprize,Blended,270,86,0.5260184353300237,0.0,0.5260184353300237
realprize,Blended,270,87,0.5291789453618345,0.0,0.5291789453618345
realprize,Blended,270,88,0.5322820473505103,0.0,0.5322820473505103
realprize,Blended,270,89,0.5356780064314667,0.0,0.5356780064314667
realprize,Blended,270,90,0.5391407039105504,0.0,0.5391407039105504
realprize,Blended,270,91,0.542643032786247,0.0,0.542643032786247
realprize,Blended,270,92,0.546583174631408,0.0,0.546583174631408
realprize,Blended,270,93,0.550141147611674,0.0,0.550141147611674
realprize,Blended,270,94,0.5538256675069563,0.0,0.5538256675069563
realprize,Blended,270,95,0.556771324427428,0.0,0.556771324427428
realprize,Blended,270,96,0.5616572089108243,0.0,0.5616572089108243
realprize,Blended,270,97,0.5659955389699364,0.0,0.5659955389699364
realprize,Blended,270,98,0.5704524444714825,0.0,0.5704524444714825
realprize,Blended,270,99,0.5739942385034544,0.0,0.5739942385034544
realprize,Blended,270,100,0.5776330892465475,0.0,0.5776330892465475
realprize,Blended,270,101,0.5833545962896346,0.0,0.5833545962896346
realprize,Blended,270,102,0.5865656990024478,0.0,0.5865656990024478
realprize,Blended,270,103,0.5918053301034477,0.0,0.5918053301034477
realprize,Blended,270,104,0.595635246602482,0.0,0.595635246602482
realprize,Blended,270,105,0.5995831069384547,0.0,0.5995831069384547
realprize,Blended,270,106,0.6027696228792833,0.0,0.6027696228792833
realprize,Blended,270,107,0.6047330891099901,0.0,0.6047330891099901
realprize,Blended,270,108,0.6096156169157939,0.0,0.6096156169157939
realprize,Blended,270,109,0.6129130492334929,0.0,0.6129130492334929
realprize,Blended,270,110,0.6169314184754107,0.0,0.6169314184754107
realprize,Blended,270,111,0.6194355831546213,0.0,0.6194355831546213
realprize,Blended,270,112,0.6214155645107408,0.0,0.6214155645107408
realprize,Blended,270,113,0.6229788305583783,0.0,0.6229788305583783
realprize,Blended,270,114,0.6250456457850608,0.0,0.6250456457850608
realprize,Blended,270,115,0.628213906289636,0.0,0.628213906289636
realprize,Blended,270,116,0.631428007430688,0.0,0.631428007430688
realprize,Blended,270,117,0.6343595856609243,0.0,0.6343595856609243
realprize,Blended,270,118,0.6371734832231785,0.0,0.6371734832231785
realprize,Blended,270,119,0.6398016785826097,0.0,0.6398016785826097
realprize,Blended,270,120,0.6435640625317025,0.0,0.6435640625317025
realprize,Blended,270,121,0.6451516924143209,0.0,0.6451516924143209
realprize,Blended,270,122,0.6474594286414442,0.0,0.6474594286414442
realprize,Blended,270,123,0.6492313993824919,0.0,0.6492313993824919
realprize,Blended,270,124,0.6523625739981871,0.0,0.6523625739981871
realprize,Blended,270,125,0.6564854619605137,0.0,0.6564854619605137
realprize,Blended,270,126,0.6589070117367297,0.0,0.6589070117367297
realprize,Blended,270,127,0.6625211727645114,0.0,0.6625211727645114
realprize,Blended,270,128,0.665099645325612,0.0,0.665099645325612
realprize,Blended,270,129,0.6689535207493262,0.0,0.6689535207493262
realprize,Blended,270,130,0.6724170482141648,0.0,0.6724170482141648
realprize,Blended,270,131,0.6755535760038097,0.0,0.6755535760038097
realprize,Blended,270,132,0.6788126048884745,0.0,0.6788126048884745
realprize,Blended,270,133,0.6814223417714267,0.0,0.6814223417714267
realprize,Blended,270,134,0.683720613867662,0.0,0.683720613867662
realprize,Blended,270,135,0.6860162915003836,0.0,0.6860162915003836
realprize,Blended,270,136,0.6888445708726465,0.0,0.6888445708726465
realprize,Blended,270,137,0.6918467861405683,0.0,0.6918467861405683
realprize,Blended,270,138,0.6941073691494342,0.0,0.6941073691494342
realprize,Blended,270,139,0.696902182015388,0.0,0.696902182015388
realprize,Blended,270,140,0.7012105127256876,0.0,0.7012105127256876
realprize,Blended,270,141,0.704661728049905,0.0,0.704661728049905
realprize,Blended,270,142,0.7072800520170749,0.0,0.7072800520170749
realprize,Blended,270,143,0.7106251367210317,0.0,0.7106251367210317
realprize,Blended,270,144,0.7130490178467604,0.0,0.7130490178467604
realprize,Blended,270,145,0.7162330608357428,0.0,0.7162330608357428
realprize,Blended,270,146,0.7197744142328452,0.0,0.7197744142328452
realprize,Blended,270,147,0.7234507084360132,0.0,0.7234507084360132
realprize,Blended,270,148,0.7266680281702982,0.0,0.7266680281702982
realprize,Blended,270,149,0.7310355483684323,0.0,0.7310355483684323
realprize,Blended,270,150,0.7347076550724071,0.0,0.7347076550724071
realprize,Blended,270,151,0.7376514738389924,0.0,0.7376514738389924
realprize,Blended,270,152,0.7395343462246899,0.0,0.7395343462246899
realprize,Blended,270,153,0.7420159823887682,0.0,0.7420159823887682
realprize,Blended,270,154,0.7446109567052406,0.0,0.7446109567052406
realprize,Blended,270,155,0.7478917686180117,0.0,0.7478917686180117
realprize,Blended,270,156,0.7509134612192757,0.0,0.7509134612192757
realprize,Blended,270,157,0.7552108422448209,0.0,0.7552108422448209
realprize,Blended,270,158,0.7572485132664394,0.0,0.7572485132664394
realprize,Blended,270,159,0.7609721289171132,0.0,0.7609721289171132
realprize,Blended,270,160,0.7641070385528682,0.0,0.7641070385528682
realprize,Blended,270,161,0.7673971566344374,0.0,0.7673971566344374
realprize,Blended,270,162,0.7695367077229233,0.0,0.7695367077229233
realprize,Blended,270,163,0.7717648640241925,0.0,0.7717648640241925
realprize,Blended,270,164,0.7739060742620449,0.0,0.7739060742620449
realprize,Blended,270,165,0.7760711364311943,0.0,0.7760711364311943
realprize,Blended,270,166,0.7781492757650177,0.0,0.7781492757650177
realprize,Blended,270,167,0.7798275766929404,0.0,0.7798275766929404
realprize,Blended,270,168,0.7825844873059092,0.0,0.7825844873059092
realprize,Blended,270,169,0.7849660916955147,0.0,0.7849660916955147
realprize,Blended,270,170,0.7871221015457188,0.0,0.7871221015457188
realprize,Blended,270,171,0.7886874890634853,0.0,0.7886874890634853
realprize,Blended,270,172,0.7898885124479621,0.0,0.7898885124479621
realprize,Blended,270,173,0.7921187476633877,0.0,0.7921187476633877
realprize,Blended,270,174,0.7945927401263331,0.0,0.7945927401263331
realprize,Blended,270,175,0.7986068363298442,0.0,0.7986068363298442
realprize,Blended,270,176,0.8012603487542752,0.0,0.8012603487542752
realprize,Blended,270,177,0.8038616228608934,0.0,0.8038616228608934
realprize,Blended,270,178,0.8061965553788113,0.0,0.8061965553788113
realprize,Blended,270,179,0.808743216924872,0.0,0.808743216924872
realprize,Blended,270,180,0.8112256030244639,0.0,0.8112256030244639
realprize,Blended,270,181,0.8139119752425239,0.0,0.8139119752425239
realprize,Blended,270,182,0.8163355719503773,0.0,0.8163355719503773
realprize,Blended,270,183,0.8200300782661158,0.0,0.8200300782661158
realprize,Blended,270,184,0.8224520204941788,0.0,0.8224520204941788
realprize,Blended,270,185,0.8241424598515227,0.0,0.8241424598515227
realprize,Blended,270,186,0.82598135457749,0.0,0.82598135457749
realprize,Blended,270,187,0.8273583119280057,0.0,0.8273583119280057
realprize,Blended,270,188,0.8302346823992437,0.0,0.8302346823992437
realprize,Blended,270,189,0.8317966635337004,0.0,0.8317966635337004
realprize,Blended,270,190,0.8343453940630489,0.0,0.8343453940630489
realprize,Blended,270,191,0.8368010369414595,0.0,0.8368010369414595
realprize,Blended,270,192,0.8408247251742526,0.0,0.8408247251742526
realprize,Blended,270,193,0.8427546559962171,0.0,0.8427546559962171
realprize,Blended,270,194,0.8444973129417254,0.0,0.8444973129417254
realprize,Blended,270,195,0.8460955536552723,0.0,0.8460955536552723
realprize,Blended,270,196,0.8490059269951665,0.0,0.8490059269951665
realprize,Blended,270,197,0.8510908053644523,0.0,0.8510908053644523
realprize,Blended,270,198,0.8530649328565563,0.0,0.8530649328565563
realprize,Blended,270,199,0.8552593774954941,0.0,0.8552593774954941
realprize,Blended,270,200,0.8585817030674067,0.0,0.8585817030674067
realprize,Blended,270,201,0.8611999349837982,0.0,0.8611999349837982
realprize,Blended,270,202,0.8635697544805385,0.0,0.8635697544805385
realprize,Blended,270,203,0.864988040736223,0.0,0.864988040736223
realprize,Blended,270,204,0.8676662817376055,0.0,0.8676662817376055
realprize,Blended,270,205,0.8694765274915188,0.0,0.8694765274915188
realprize,Blended,270,206,0.8722350813538827,0.0,0.8722350813538827
realprize,Blended,270,207,0.8736089150465535,0.0,0.8736089150465535
realprize,Blended,270,208,0.8768370786586512,0.0,0.8768370786586512
realprize,Blended,270,209,0.8792391538933887,0.0,0.8792391538933887
realprize,Blended,270,210,0.8810637825916148,0.0,0.8810637825916148
realprize,Blended,270,211,0.884265062010102,0.0,0.884265062010102
realprize,Blended,270,212,0.8854903322414703,0.0,0.8854903322414703
realprize,Blended,270,213,0.8873914464374285,0.0,0.8873914464374285
realprize,Blended,270,214,0.8884321362854395,0.0,0.8884321362854395
realprize,Blended,270,215,0.8899046541826863,0.0,0.8899046541826863
realprize,Blended,270,216,0.8909999771593559,0.0,0.8909999771593559
realprize,Blended,270,217,0.8924783011776812,0.0,0.8924783011776812
realprize,Blended,270,218,0.8941014980643897,0.0,0.8941014980643897
realprize,Blended,270,219,0.8961714397901259,0.0,0.8961714397901259
realprize,Blended,270,220,0.8970592557054865,0.0,0.8970592557054865
realprize,Blended,270,221,0.899056080454344,0.0,0.899056080454344
realprize,Blended,270,222,0.9007950115113639,0.0,0.9007950115113639
realprize,Blended,270,223,0.9021451508474603,0.0,0.9021451508474603
realprize,Blended,270,224,0.9037489175235079,0.0,0.9037489175235079
realprize,Blended,270,225,0.9052888653990999,0.0,0.9052888653990999
realprize,Blended,270,226,0.9070774264378914,0.0,0.9070774264378914
realprize,Blended,270,227,0.90946829974146,0.0,0.90946829974146
realprize,Blended,270,228,0.910990096870763,0.0,0.910990096870763
realprize,Blended,270,229,0.912291217279624,0.0,0.912291217279624
realprize,Blended,270,230,0.9136831664230153,0.0,0.9136831664230153
realprize,Blended,270,231,0.9152933127731356,0.0,0.9152933127731356
realprize,Blended,270,232,0.9170375072818624,0.0,0.9170375072818624
realprize,Blended,270,233,0.9187369381853749,0.0,0.9187369381853749
realprize,Blended,270,234,0.920374884207923,0.0,0.920374884207923
realprize,Blended,270,235,0.9221825158837671,0.0,0.9221825158837671
realprize,Blended,270,236,0.9238591105542234,0.0,0.9238591105542234
realprize,Blended,270,237,0.9256401183412772,0.0,0.9256401183412772
realprize,Blended,270,238,0.9276464552459445,0.0,0.9276464552459445
realprize,Blended,270,239,0.9294003692719478,0.0,0.9294003692719478
realprize,Blended,270,240,0.931450421944628,0.0,0.931450421944628
realprize,Blended,270,241,0.9336030523643251,0.0,0.9336030523643251
realprize,Blended,270,242,0.9356482717500438,0.0,0.9356482717500438
realprize,Blended,270,243,0.9385090217260859,0.0,0.9385090217260859
realprize,Blended,270,244,0.9409031951653434,0.0,0.9409031951653434
realprize,Blended,270,245,0.9441814961330152,0.0,0.9441814961330152
realprize,Blended,270,246,0.9464912160998687,0.0,0.9464912160998687
realprize,Blended,270,247,0.9484237036446035,0.0,0.9484237036446035
realprize,Blended,270,248,0.9505858219544059,0.0,0.9505858219544059
realprize,Blended,270,249,0.9529087137863662,0.0,0.9529087137863662
realprize,Blended,270,250,0.9560604227843543,0.0,0.9560604227843543
realprize,Blended,270,251,0.9579013889190192,0.0,0.9579013889190192
realprize,Blended,270,252,0.9598724854041464,0.0,0.9598724854041464
realprize,Blended,270,253,0.9622568179976096,0.0,0.9622568179976096
realprize,Blended,270,254,0.9652327352088879,0.0,0.9652327352088879
realprize,Blended,270,255,0.9664347125707774,0.0,0.9664347125707774
realprize,Blended,270,256,0.9676241004444475,0.0,0.9676241004444475
realprize,Blended,270,257,0.9720577400916988,0.0,0.9720577400916988
realprize,Blended,270,258,0.9752474690352747,0.0,0.9752474690352747
realprize,Blended,270,259,0.977845730277607,0.0,0.977845730277607
realprize,Blended,270,260,0.9792226810102036,0.0,0.9792226810102036
realprize,Blended,270,261,0.9807012322437535,0.0,0.9807012322437535
realprize,Blended,270,262,0.9828121741846736,0.0,0.9828121741846736
realprize,Blended,270,263,0.9852729591862734,0.0,0.9852729591862734
realprize,Blended,270,264,0.987589330161885,0.0,0.987589330161885
realprize,Blended,270,265,0.9896754284342697,0.0,0.9896754284342697
realprize,Blended,270,266,0.9915856532989422,0.0,0.9915856532989422
realprize,Blended,270,267,0.99351168616652,0.0,0.99351168616652
realprize,Blended,270,268,0.9958802438466733,0.0,0.9958802438466733
realprize,Blended,270,269,0.997532559577696,0.0,0.997532559577696
realprize,Blended,270,270,1.0,0.0,1.0
realprize,Blended,365,1,0.05312740779845329,0.0,0.05312740779845329
realprize,Blended,365,2,0.07535484904752332,0.0,0.07535484904752332
realprize,Blended,365,3,0.09061618136500563,0.0,0.09061618136500563
realprize,Blended,365,4,0.10015647326715503,0.0,0.10015647326715503
realprize,Blended,365,5,0.1091118353648003,0.0,0.1091118353648003
realprize,Blended,365,6,0.11674462769318679,0.0,0.11674462769318679
realprize,Blended,365,7,0.12393605374083058,0.0,0.12393605374083058
realprize,Blended,365,8,0.12942051016647937,0.0,0.12942051016647937
realprize,Blended,365,9,0.1356071869843064,0.0,0.1356071869843064
realprize,Blended,365,10,0.14182140729670256,0.0,0.14182140729670256
realprize,Blended,365,11,0.1468136746784264,0.0,0.1468136746784264
realprize,Blended,365,12,0.15244185204146185,0.0,0.15244185204146185
realprize,Blended,365,13,0.1594122519983609,0.0,0.1594122519983609
realprize,Blended,365,14,0.16473223738613973,0.0,0.16473223738613973
realprize,Blended,365,15,0.17076641039745485,0.0,0.17076641039745485
realprize,Blended,365,16,0.17650018317798827,0.0,0.17650018317798827
realprize,Blended,365,17,0.18204299555880712,0.0,0.18204299555880712
realprize,Blended,365,18,0.1872981447980187,0.0,0.1872981447980187
realprize,Blended,365,19,0.1917901906272418,0.0,0.1917901906272418
realprize,Blended,365,20,0.1980505918776136,0.0,0.1980505918776136
realprize,Blended,365,21,0.20325990678337763,0.0,0.20325990678337763
realprize,Blended,365,22,0.20765355630021515,0.0,0.20765355630021515
realprize,Blended,365,23,0.21273560957684617,0.0,0.21273560957684617
realprize,Blended,365,24,0.21682448702593346,0.0,0.21682448702593346
realprize,Blended,365,25,0.22116997971257352,0.0,0.22116997971257352
realprize,Blended,365,26,0.22436860937997705,0.0,0.22436860937997705
realprize,Blended,365,27,0.22834947407431314,0.0,0.22834947407431314
realprize,Blended,365,28,0.23403287146062818,0.0,0.23403287146062818
realprize,Blended,365,29,0.2384475753498945,0.0,0.2384475753498945
realprize,Blended,365,30,0.2422592921928776,0.0,0.2422592921928776
realprize,Blended,365,31,0.2458315374665063,0.0,0.2458315374665063
realprize,Blended,365,32,0.2490499700890693,0.0,0.2490499700890693
realprize,Blended,365,33,0.25571767286959474,0.0,0.25571767286959474
realprize,Blended,365,34,0.2595026128609089,0.0,0.2595026128609089
realprize,Blended,365,35,0.26411614388223664,0.0,0.26411614388223664
realprize,Blended,365,36,0.2686467927611385,0.0,0.2686467927611385
realprize,Blended,365,37,0.2726618922288396,0.0,0.2726618922288396
realprize,Blended,365,38,0.27563546826363927,0.0,0.27563546826363927
realprize,Blended,365,39,0.2793351594678442,0.0,0.2793351594678442
realprize,Blended,365,40,0.28286296927416804,0.0,0.28286296927416804
realprize,Blended,365,41,0.28615717098138393,0.0,0.28615717098138393
realprize,Blended,365,42,0.28898982885502866,0.0,0.28898982885502866
realprize,Blended,365,43,0.29160001337928937,0.0,0.29160001337928937
realprize,Blended,365,44,0.29499534212004525,0.0,0.29499534212004525
realprize,Blended,365,45,0.29728366005098694,0.0,0.29728366005098694
realprize,Blended,365,46,0.30012823718134246,0.0,0.30012823718134246
realprize,Blended,365,47,0.30328241314055554,0.0,0.30328241314055554
realprize,Blended,365,48,0.3060453796714081,0.0,0.3060453796714081
realprize,Blended,365,49,0.30900895251303,0.0,0.30900895251303
realprize,Blended,365,50,0.3139625702295365,0.0,0.3139625702295365
realprize,Blended,365,51,0.3164028944092318,0.0,0.3164028944092318
realprize,Blended,365,52,0.32007809237206497,0.0,0.32007809237206497
realprize,Blended,365,53,0.3230107238498322,0.0,0.3230107238498322
realprize,Blended,365,54,0.326245988376018,0.0,0.326245988376018
realprize,Blended,365,55,0.32876560754723255,0.0,0.32876560754723255
realprize,Blended,365,56,0.3315578181071207,0.0,0.3315578181071207
realprize,Blended,365,57,0.33483225986233145,0.0,0.33483225986233145
realprize,Blended,365,58,0.33904319881303224,0.0,0.33904319881303224
realprize,Blended,365,59,0.3436757402759723,0.0,0.3436757402759723
realprize,Blended,365,60,0.3478058647996884,0.0,0.3478058647996884
realprize,Blended,365,61,0.3504945050035111,0.0,0.3504945050035111
realprize,Blended,365,62,0.35384627666144425,0.0,0.35384627666144425
realprize,Blended,365,63,0.35620585588333703,0.0,0.35620585588333703
realprize,Blended,365,64,0.3593324409705064,0.0,0.3593324409705064
realprize,Blended,365,65,0.3620923202941945,0.0,0.3620923202941945
realprize,Blended,365,66,0.36478575281804737,0.0,0.36478575281804737
realprize,Blended,365,67,0.3677062244183689,0.0,0.3677062244183689
realprize,Blended,365,68,0.36976225068535407,0.0,0.36976225068535407
realprize,Blended,365,69,0.3723199926320005,0.0,0.3723199926320005
realprize,Blended,365,70,0.37524174684838874,0.0,0.37524174684838874
realprize,Blended,365,71,0.37879437180977865,0.0,0.37879437180977865
realprize,Blended,365,72,0.38196083896902444,0.0,0.38196083896902444
realprize,Blended,365,73,0.3854205354813609,0.0,0.3854205354813609
realprize,Blended,365,74,0.38932799909258053,0.0,0.38932799909258053
realprize,Blended,365,75,0.3945379666069076,0.0,0.3945379666069076
realprize,Blended,365,76,0.39780782573877643,0.0,0.39780782573877643
realprize,Blended,365,77,0.40047342695150484,0.0,0.40047342695150484
realprize,Blended,365,78,0.40380448435996424,0.0,0.40380448435996424
realprize,Blended,365,79,0.4073194747424307,0.0,0.4073194747424307
realprize,Blended,365,80,0.41241542934859315,0.0,0.41241542934859315
realprize,Blended,365,81,0.41438549993386814,0.0,0.41438549993386814
realprize,Blended,365,82,0.4176669201005544,0.0,0.4176669201005544
realprize,Blended,365,83,0.42137878621915326,0.0,0.42137878621915326
realprize,Blended,365,84,0.42692702768831503,0.0,0.42692702768831503
realprize,Blended,365,85,0.43132948636251145,0.0,0.43132948636251145
realprize,Blended,365,86,0.43336808654121145,0.0,0.43336808654121145
realprize,Blended,365,87,0.4359719195877108,0.0,0.4359719195877108
realprize,Blended,365,88,0.43852845616675845,0.0,0.43852845616675845
realprize,Blended,365,89,0.44132626740309466,0.0,0.44132626740309466
realprize,Blended,365,90,0.4441790620581718,0.0,0.4441790620581718
realprize,Blended,365,91,0.44706450762691213,0.0,0.44706450762691213
realprize,Blended,365,92,0.4503106519014319,0.0,0.4503106519014319
realprize,Blended,365,93,0.45324194069068463,0.0,0.45324194069068463
realprize,Blended,365,94,0.456277487032021,0.0,0.456277487032021
realprize,Blended,365,95,0.45870431015739455,0.0,0.45870431015739455
realprize,Blended,365,96,0.4627296185257265,0.0,0.4627296185257265
realprize,Blended,365,97,0.4663038160637311,0.0,0.4663038160637311
realprize,Blended,365,98,0.4699757037379496,0.0,0.4699757037379496
realprize,Blended,365,99,0.4728936632607861,0.0,0.4728936632607861
realprize,Blended,365,100,0.475891584394014,0.0,0.475891584394014
realprize,Blended,365,101,0.48060533279684137,0.0,0.48060533279684137
realprize,Blended,365,102,0.48325084737365676,0.0,0.48325084737365676
realprize,Blended,365,103,0.4875675951374448,0.0,0.4875675951374448
realprize,Blended,365,104,0.4907229286263894,0.0,0.4907229286263894
realprize,Blended,365,105,0.49397543189399645,0.0,0.49397543189399645
realprize,Blended,365,106,0.4966006902941959,0.0,0.4966006902941959
realprize,Blended,365,107,0.49821832105813646,0.0,0.49821832105813646
realprize,Blended,365,108,0.5022408639778688,0.0,0.5022408639778688
realprize,Blended,365,109,0.5049575024795665,0.0,0.5049575024795665
realprize,Blended,365,110,0.5082680955546808,0.0,0.5082680955546808
realprize,Blended,365,111,0.5103311887516572,0.0,0.5103311887516572
realprize,Blended,365,112,0.5119624257465173,0.0,0.5119624257465173
realprize,Blended,365,113,0.513250345656386,0.0,0.513250345656386
realprize,Blended,365,114,0.5149531220228829,0.0,0.5149531220228829
realprize,Blended,365,115,0.5175633404112754,0.0,0.5175633404112754
realprize,Blended,365,116,0.520211325287649,0.0,0.520211325287649
realprize,Blended,365,117,0.5226265494753456,0.0,0.5226265494753456
realprize,Blended,365,118,0.5249448207000261,0.0,0.5249448207000261
realprize,Blended,365,119,0.5271100984117447,0.0,0.5271100984117447
realprize,Blended,365,120,0.5302097942082025,0.0,0.5302097942082025
realprize,Blended,365,121,0.5315177866247311,0.0,0.5315177866247311
realprize,Blended,365,122,0.5334190493292651,0.0,0.5334190493292651
realprize,Blended,365,123,0.5348789136949941,0.0,0.5348789136949941
realprize,Blended,365,124,0.5374585783240083,0.0,0.5374585783240083
realprize,Blended,365,125,0.5408552806964951,0.0,0.5408552806964951
realprize,Blended,365,126,0.5428503103808152,0.0,0.5428503103808152
realprize,Blended,365,127,0.5458278905260412,0.0,0.5458278905260412
realprize,Blended,365,128,0.5479522033731796,0.0,0.5479522033731796
realprize,Blended,365,129,0.5511272757774298,0.0,0.5511272757774298
realprize,Blended,365,130,0.5539807542285764,0.0,0.5539807542285764
realprize,Blended,365,131,0.5565648291493136,0.0,0.5565648291493136
realprize,Blended,365,132,0.5592498284133481,0.0,0.5592498284133481
realprize,Blended,365,133,0.5613998988355595,0.0,0.5613998988355595
realprize,Blended,365,134,0.563293364375549,0.0,0.563293364375549
realprize,Blended,365,135,0.5651846924283078,0.0,0.5651846924283078
realprize,Blended,365,136,0.5675148123203846,0.0,0.5675148123203846
realprize,Blended,365,137,0.5699882318788222,0.0,0.5699882318788222
realprize,Blended,365,138,0.5718506467054151,0.0,0.5718506467054151
realprize,Blended,365,139,0.5741531947201045,0.0,0.5741531947201045
realprize,Blended,365,140,0.5777026768498283,0.0,0.5777026768498283
realprize,Blended,365,141,0.580546011761388,0.0,0.580546011761388
realprize,Blended,365,142,0.5827031567802418,0.0,0.5827031567802418
realprize,Blended,365,143,0.5854590544068383,0.0,0.5854590544068383
realprize,Blended,365,144,0.5874560048080184,0.0,0.5874560048080184
realprize,Blended,365,145,0.5900792258301761,0.0,0.5900792258301761
realprize,Blended,365,146,0.5929968223294426,0.0,0.5929968223294426
realprize,Blended,365,147,0.5960255918123789,0.0,0.5960255918123789
realprize,Blended,365,148,0.5986762283745054,0.0,0.5986762283745054
realprize,Blended,365,149,0.6022744746413078,0.0,0.6022744746413078
realprize,Blended,365,150,0.6052997941909511,0.0,0.6052997941909511
realprize,Blended,365,151,0.6077251029259934,0.0,0.6077251029259934
realprize,Blended,365,152,0.6092763352558624,0.0,0.6092763352558624
realprize,Blended,365,153,0.611320868001646,0.0,0.611320868001646
realprize,Blended,365,154,0.6134587760645974,0.0,0.6134587760645974
realprize,Blended,365,155,0.6161617215992862,0.0,0.6161617215992862
realprize,Blended,365,156,0.6186511878475631,0.0,0.6186511878475631
realprize,Blended,365,157,0.6221916489171654,0.0,0.6221916489171654
realprize,Blended,365,158,0.6238704143982369,0.0,0.6238704143982369
realprize,Blended,365,159,0.6269381703572746,0.0,0.6269381703572746
realprize,Blended,365,160,0.6295209121379394,0.0,0.6295209121379394
realprize,Blended,365,161,0.632231524697763,0.0,0.632231524697763
realprize,Blended,365,162,0.633994225582367,0.0,0.633994225582367
realprize,Blended,365,163,0.6358299251851575,0.0,0.6358299251851575
realprize,Blended,365,164,0.6375939929845653,0.0,0.6375939929845653
realprize,Blended,365,165,0.6393777115511937,0.0,0.6393777115511937
realprize,Blended,365,166,0.6410898174512465,0.0,0.6410898174512465
realprize,Blended,365,167,0.6424725105527115,0.0,0.6424725105527115
realprize,Blended,365,168,0.6447438322343515,0.0,0.6447438322343515
realprize,Blended,365,169,0.646705952319694,0.0,0.646705952319694
realprize,Blended,365,170,0.6484822129991524,0.0,0.6484822129991524
realprize,Blended,365,171,0.6497718807136391,0.0,0.6497718807136391
realprize,Blended,365,172,0.6507613616349598,0.0,0.6507613616349598
realprize,Blended,365,173,0.6525987739819993,0.0,0.6525987739819993
realprize,Blended,365,174,0.6546370093512812,0.0,0.6546370093512812
realprize,Blended,365,175,0.6579440820203533,0.0,0.6579440820203533
realprize,Blended,365,176,0.6601302175714154,0.0,0.6601302175714154
realprize,Blended,365,177,0.6622733158098774,0.0,0.6622733158098774
realprize,Blended,365,178,0.6641969845817867,0.0,0.6641969845817867
realprize,Blended,365,179,0.6662950894525637,0.0,0.6662950894525637
realprize,Blended,365,180,0.6683402400438384,0.0,0.6683402400438384
realprize,Blended,365,181,0.6705534476230514,0.0,0.6705534476230514
realprize,Blended,365,182,0.6725501637023482,0.0,0.6725501637023482
realprize,Blended,365,183,0.6755939375042331,0.0,0.6755939375042331
realprize,Blended,365,184,0.6775892905158257,0.0,0.6775892905158257
realprize,Blended,365,185,0.6789819840423301,0.0,0.6789819840423301
realprize,Blended,365,186,0.6804969847252305,0.0,0.6804969847252305
realprize,Blended,365,187,0.6816314114528174,0.0,0.6816314114528174
realprize,Blended,365,188,0.6840011519097692,0.0,0.6840011519097692
realprize,Blended,365,189,0.6852880132248641,0.0,0.6852880132248641
realprize,Blended,365,190,0.6873878226581969,0.0,0.6873878226581969
realprize,Blended,365,191,0.6894109404502144,0.0,0.6894109404502144
realprize,Blended,365,192,0.6927259156548189,0.0,0.6927259156548189
realprize,Blended,365,193,0.6943159177750811,0.0,0.6943159177750811
realprize,Blended,365,194,0.6957516315357573,0.0,0.6957516315357573
realprize,Blended,365,195,0.6970683658426595,0.0,0.6970683658426595
realprize,Blended,365,196,0.6994661200670703,0.0,0.6994661200670703
realprize,Blended,365,197,0.7011837780213996,0.0,0.7011837780213996
realprize,Blended,365,198,0.702810192223603,0.0,0.702810192223603
realprize,Blended,365,199,0.7046181179735825,0.0,0.7046181179735825
realprize,Blended,365,200,0.7073552651518242,0.0,0.7073552651518242
realprize,Blended,365,201,0.7095123343332795,0.0,0.7095123343332795
realprize,Blended,365,202,0.7114647452599158,0.0,0.7114647452599158
realprize,Blended,365,203,0.7126332214187562,0.0,0.7126332214187562
realprize,Blended,365,204,0.7148397299745584,0.0,0.7148397299745584
realprize,Blended,365,205,0.7163311277770908,0.0,0.7163311277770908
realprize,Blended,365,206,0.7186038032741072,0.0,0.7186038032741072
realprize,Blended,365,207,0.7197356565298683,0.0,0.7197356565298683
realprize,Blended,365,208,0.722395226981499,0.0,0.722395226981499
realprize,Blended,365,209,0.7243742122760982,0.0,0.7243742122760982
realprize,Blended,365,210,0.7258774596805401,0.0,0.7258774596805401
realprize,Blended,365,211,0.7285148811906876,0.0,0.7285148811906876
realprize,Blended,365,212,0.7295243382362965,0.0,0.7295243382362965
realprize,Blended,365,213,0.7310905993519963,0.0,0.7310905993519963
realprize,Blended,365,214,0.7319479871122417,0.0,0.7319479871122417
realprize,Blended,365,215,0.7331611428130056,0.0,0.7331611428130056
realprize,Blended,365,216,0.734063540886271,0.0,0.734063540886271
realprize,Blended,365,217,0.7352814800459654,0.0,0.7352814800459654
realprize,Blended,365,218,0.7366187748661196,0.0,0.7366187748661196
realprize,Blended,365,219,0.7383241270452146,0.0,0.7383241270452146
realprize,Blended,365,220,0.7390555673495819,0.0,0.7390555673495819
realprize,Blended,365,221,0.7407006810232645,0.0,0.7407006810232645
realprize,Blended,365,222,0.7421333251554705,0.0,0.7421333251554705
realprize,Blended,365,223,0.7432456574642822,0.0,0.7432456574642822
realprize,Blended,365,224,0.744566944417317,0.0,0.744566944417317
realprize,Blended,365,225,0.7458356533054376,0.0,0.7458356533054376
realprize,Blended,365,226,0.7473091858339257,0.0,0.7473091858339257
realprize,Blended,365,227,0.749278942251455,0.0,0.749278942251455
realprize,Blended,365,228,0.7505326973781478,0.0,0.7505326973781478
realprize,Blended,365,229,0.7516046447170163,0.0,0.7516046447170163
realprize,Blended,365,230,0.7527514226554276,0.0,0.7527514226554276
realprize,Blended,365,231,0.7540779655975304,0.0,0.7540779655975304
realprize,Blended,365,232,0.7555149461024596,0.0,0.7555149461024596
realprize,Blended,365,233,0.756915047447581,0.0,0.756915047447581
realprize,Blended,365,234,0.7582644935619631,0.0,0.7582644935619631
realprize,Blended,365,235,0.7597537377175227,0.0,0.7597537377175227
realprize,Blended,365,236,0.7611350250934775,0.0,0.7611350250934775
realprize,Blended,365,237,0.7626023347635392,0.0,0.7626023347635392
realprize,Blended,365,238,0.76425528516781,0.0,0.76425528516781
realprize,Blended,365,239,0.7657002732411463,0.0,0.7657002732411463
realprize,Blended,365,240,0.7673892395290117,0.0,0.7673892395290117
realprize,Blended,365,241,0.7691627160145444,0.0,0.7691627160145444
realprize,Blended,365,242,0.7708477003272898,0.0,0.7708477003272898
realprize,Blended,365,243,0.7732045716076895,0.0,0.7732045716076895
realprize,Blended,365,244,0.7751770468909329,0.0,0.7751770468909329
realprize,Blended,365,245,0.777877923746275,0.0,0.777877923746275
realprize,Blended,365,246,0.7797808207841961,0.0,0.7797808207841961
realprize,Blended,365,247,0.7813729292984176,0.0,0.7813729292984176
realprize,Blended,365,248,0.7831542225228783,0.0,0.7831542225228783
realprize,Blended,365,249,0.7850679713971497,0.0,0.7850679713971497
realprize,Blended,365,250,0.7876645535814526,0.0,0.7876645535814526
realprize,Blended,365,251,0.7891812608251186,0.0,0.7891812608251186
realprize,Blended,365,252,0.7908051778872872,0.0,0.7908051778872872
realprize,Blended,365,253,0.7927695456438255,0.0,0.7927695456438255
realprize,Blended,365,254,0.7952212991584101,0.0,0.7952212991584101
realprize,Blended,365,255,0.7962115660281656,0.0,0.7962115660281656
realprize,Blended,365,256,0.7971914608614034,0.0,0.7971914608614034
realprize,Blended,365,257,0.8008441806166284,0.0,0.8008441806166284
realprize,Blended,365,258,0.8034720860967763,0.0,0.8034720860967763
realprize,Blended,365,259,0.8056127021423286,0.0,0.8056127021423286
realprize,Blended,365,260,0.8067471234176448,0.0,0.8067471234176448
realprize,Blended,365,261,0.8079652497719705,0.0,0.8079652497719705
realprize,Blended,365,262,0.8097043805862016,0.0,0.8097043805862016
realprize,Blended,365,263,0.8117317347926443,0.0,0.8117317347926443
realprize,Blended,365,264,0.8136401113627364,0.0,0.8136401113627364
realprize,Blended,365,265,0.8153587743523198,0.0,0.8153587743523198
realprize,Blended,365,266,0.8169325414275121,0.0,0.8169325414275121
realprize,Blended,365,267,0.8185193321602627,0.0,0.8185193321602627
realprize,Blended,365,268,0.8204707035205965,0.0,0.8204707035205965
realprize,Blended,365,269,0.8218319883323465,0.0,0.8218319883323465
realprize,Blended,365,270,0.8238648257058073,0.0,0.8238648257058073
realprize,Blended,365,271,0.8254830630579475,0.0,0.8254830630579475
realprize,Blended,365,272,0.8271015596219251,0.0,0.8271015596219251
realprize,Blended,365,273,0.8298448066985086,0.0,0.8298448066985086
realprize,Blended,365,274,0.8320633015584143,0.0,0.8320633015584143
realprize,Blended,365,275,0.8346221473026713,0.0,0.8346221473026713
realprize,Blended,365,276,0.8373390778154484,0.0,0.8373390778154484
realprize,Blended,365,277,0.8389133746597206,0.0,0.8389133746597206
realprize,Blended,365,278,0.8410894531117383,0.0,0.8410894531117383
realprize,Blended,365,279,0.843167665970542,0.0,0.843167665970542
realprize,Blended,365,280,0.8450301358328491,0.0,0.8450301358328491
realprize,Blended,365,281,0.8465244937152097,0.0,0.8465244937152097
realprize,Blended,365,282,0.8480456053762792,0.0,0.8480456053762792
realprize,Blended,365,283,0.849787957621609,0.0,0.849787957621609
realprize,Blended,365,284,0.8519435583384837,0.0,0.8519435583384837
realprize,Blended,365,285,0.8540713347973844,0.0,0.8540713347973844
realprize,Blended,365,286,0.8561520134498048,0.0,0.8561520134498048
realprize,Blended,365,287,0.8594453269117293,0.0,0.8594453269117293
realprize,Blended,365,288,0.8615706859741602,0.0,0.8615706859741602
realprize,Blended,365,289,0.8652961629891335,0.0,0.8652961629891335
realprize,Blended,365,290,0.866668821734193,0.0,0.866668821734193
realprize,Blended,365,291,0.8686792703845292,0.0,0.8686792703845292
realprize,Blended,365,292,0.8702169248466178,0.0,0.8702169248466178
realprize,Blended,365,293,0.8726469808614177,0.0,0.8726469808614177
realprize,Blended,365,294,0.8765332044879864,0.0,0.8765332044879864
realprize,Blended,365,295,0.8780528986868573,0.0,0.8780528986868573
realprize,Blended,365,296,0.8798365648694759,0.0,0.8798365648694759
realprize,Blended,365,297,0.8820550105119443,0.0,0.8820550105119443
realprize,Blended,365,298,0.8832246456869263,0.0,0.8832246456869263
realprize,Blended,365,299,0.8844729598574218,0.0,0.8844729598574218
realprize,Blended,365,300,0.8857877864728918,0.0,0.8857877864728918
realprize,Blended,365,301,0.8881024021678543,0.0,0.8881024021678543
realprize,Blended,365,302,0.8900087272278044,0.0,0.8900087272278044
realprize,Blended,365,303,0.891995001093154,0.0,0.891995001093154
realprize,Blended,365,304,0.8933667419330052,0.0,0.8933667419330052
realprize,Blended,365,305,0.8951115829400889,0.0,0.8951115829400889
realprize,Blended,365,306,0.8968991290973605,0.0,0.8968991290973605
realprize,Blended,365,307,0.8988812965878457,0.0,0.8988812965878457
realprize,Blended,365,308,0.9003733732419794,0.0,0.9003733732419794
realprize,Blended,365,309,0.9027542183816512,0.0,0.9027542183816512
realprize,Blended,365,310,0.9042759485418513,0.0,0.9042759485418513
realprize,Blended,365,311,0.9058387375289567,0.0,0.9058387375289567
realprize,Blended,365,312,0.9087948721703737,0.0,0.9087948721703737
realprize,Blended,365,313,0.9100700844907276,0.0,0.9100700844907276
realprize,Blended,365,314,0.9115714214057189,0.0,0.9115714214057189
realprize,Blended,365,315,0.9135190751681896,0.0,0.9135190751681896
realprize,Blended,365,316,0.9156518414549574,0.0,0.9156518414549574
realprize,Blended,365,317,0.9189013218670856,0.0,0.9189013218670856
realprize,Blended,365,318,0.920056122906419,0.0,0.920056122906419
realprize,Blended,365,319,0.9215154929327841,0.0,0.9215154929327841
realprize,Blended,365,320,0.9231531629698123,0.0,0.9231531629698123
realprize,Blended,365,321,0.9247206038250478,0.0,0.9247206038250478
realprize,Blended,365,322,0.9261226552237544,0.0,0.9261226552237544
realprize,Blended,365,323,0.9282044757207235,0.0,0.9282044757207235
realprize,Blended,365,324,0.9299853127209795,0.0,0.9299853127209795
realprize,Blended,365,325,0.931560771096776,0.0,0.931560771096776
realprize,Blended,365,326,0.9327442888702825,0.0,0.9327442888702825
realprize,Blended,365,327,0.93428350598601,0.0,0.93428350598601
realprize,Blended,365,328,0.9354099364538138,0.0,0.9354099364538138
realprize,Blended,365,329,0.9373375923511564,0.0,0.9373375923511564
realprize,Blended,365,330,0.938899109887794,0.0,0.938899109887794
realprize,Blended,365,331,0.9406163464747913,0.0,0.9406163464747913
realprize,Blended,365,332,0.9421544758851507,0.0,0.9421544758851507
realprize,Blended,365,333,0.9437142338983993,0.0,0.9437142338983993
realprize,Blended,365,334,0.9458202406644239,0.0,0.9458202406644239
realprize,Blended,365,335,0.9473524598808362,0.0,0.9473524598808362
realprize,Blended,365,336,0.9492359201599266,0.0,0.9492359201599266
realprize,Blended,365,337,0.9508403585831865,0.0,0.9508403585831865
realprize,Blended,365,338,0.9521619156832284,0.0,0.9521619156832284
realprize,Blended,365,339,0.9533498777913371,0.0,0.9533498777913371
realprize,Blended,365,340,0.9550362419204008,0.0,0.9550362419204008
realprize,Blended,365,341,0.9565812584908416,0.0,0.9565812584908416
realprize,Blended,365,342,0.9583267918232122,0.0,0.9583267918232122
realprize,Blended,365,343,0.959662464484316,0.0,0.959662464484316
realprize,Blended,365,344,0.9616351001977473,0.0,0.9616351001977473
realprize,Blended,365,345,0.9632521210588919,0.0,0.9632521210588919
realprize,Blended,365,346,0.9645733492223938,0.0,0.9645733492223938
realprize,Blended,365,347,0.9664538597363997,0.0,0.9664538597363997
realprize,Blended,365,348,0.9686554147746248,0.0,0.9686554147746248
realprize,Blended,365,349,0.9704421472035971,0.0,0.9704421472035971
realprize,Blended,365,350,0.9718456054007243,0.0,0.9718456054007243
realprize,Blended,365,351,0.9738008566949566,0.0,0.9738008566949566
realprize,Blended,365,352,0.9760347869635387,0.0,0.9760347869635387
realprize,Blended,365,353,0.9772558207287443,0.0,0.9772558207287443
realprize,Blended,365,354,0.9790734264359406,0.0,0.9790734264359406
realprize,Blended,365,355,0.9805863138632116,0.0,0.9805863138632116
realprize,Blended,365,356,0.9824215385927259,0.0,0.9824215385927259
realprize,Blended,365,357,0.9842211085699673,0.0,0.9842211085699673
realprize,Blended,365,358,0.9858713003433747,0.0,0.9858713003433747
realprize,Blended,365,359,0.9874057728981318,0.0,0.9874057728981318
realprize,Blended,365,360,0.9893731316819777,0.0,0.9893731316819777
realprize,Blended,365,361,0.9909509098396596,0.0,0.9909509098396596
realprize,Blended,365,362,0.9922174065721318,0.0,0.9922174065721318
realprize,Blended,365,363,0.9952803873485166,0.0,0.9952803873485166
realprize,Blended,365,364,0.9971534676700481,0.0,0.9971534676700481
realprize,Blended,365,365,1.0,0.0,1.0
lonestar,Web,7,1,0.41223375175027005,0.35735643527446903,0.26491936772497315
lonestar,Web,7,2,0.549058452841217,0.35735643527446903,0.35284888137656456
lonestar,Web,7,3,0.6543677144780594,0.35735643527446903,0.42052520067347854
lonestar,Web,7,4,0.7527385638116121,0.35735643527446903,0.48374259395427094
lonestar,Web,7,5,0.8417307281268949,0.35735643527446903,0.5409328356624845
lonestar,Web,7,6,0.9129844231415148,0.35735643527446903,0.5867235642265457
lonestar,Web,7,7,1.0,0.35735643527446903,0.642643564725531
lonestar,Web,30,1,0.18522519383792224,0.362543843892529,0.11807294007818313
lonestar,Web,30,2,0.2467033762375511,0.362543843892529,0.15726258591512451
lonestar,Web,30,3,0.2940210165733896,0.362543843892529,0.18742550703968394
lonestar,Web,30,4,0.3382210840313458,0.362543843892529,0.21560111214112365
lonestar,Web,30,5,0.37820711335419516,0.362543843892529,0.2410904526912678
lonestar,Web,30,6,0.41022287968753135,0.362543843892529,0.2614991000329513
lonestar,Web,30,7,0.4493207871783655,0.362543843892529,0.2864223018539039
lonestar,Web,30,8,0.48181051715687656,0.362543843892529,0.30713308023897523
lonestar,Web,30,9,0.514369469598014,0.362543843892529,0.32788798490898863
lonestar,Web,30,10,0.5378489788069529,0.362543843892529,0.3428551425966088
lonestar,Web,30,11,0.5603954605378987,0.362543843892529,0.3572275361745648
lonestar,Web,30,12,0.580963712679077,0.362543843892529,0.3703388951223296
lonestar,Web,30,13,0.6115609706487275,0.362543843892529,0.3898433055750917
lonestar,Web,30,14,0.6507401180744516,0.362543843892529,0.41481829429266176
lonestar,Web,30,15,0.6752259378700528,0.362543843892529,0.43042693085870587
lonestar,Web,30,16,0.6987744462488641,0.362543843892529,0.4454380724919275
lonestar,Web,30,17,0.7301001305711946,0.362543843892529,0.46540682280747636
lonestar,Web,30,18,0.7550387206208717,0.362543843892529,0.4813040805592836
lonestar,Web,30,19,0.7723289308163401,0.362543843892529,0.49232583148877707
lonestar,Web,30,20,0.7893549774620765,0.362543843892529,0.5031791897372747
lonestar,Web,30,21,0.813849596212217,0.362543843892529,0.5187934352510573
lonestar,Web,30,22,0.8359954370737962,0.362543843892529,0.5329104378404472
lonestar,Web,30,23,0.8540765507652686,0.362543843892529,0.5444363550723554
lonestar,Web,30,24,0.8751503949470609,0.362543843892529,0.5578700067788885
lonestar,Web,30,25,0.8915703161421205,0.362543843892529,0.5683369866274788
lonestar,Web,30,26,0.9096896885789637,0.362543843892529,0.5798872921321485
lonestar,Web,30,27,0.9294536997828731,0.362543843892529,0.5924859827434575
lonestar,Web,30,28,0.9577172922359041,0.362543843892529,0.6105027837463549
lonestar,Web,30,29,0.9795967837315126,0.362543843892529,0.6244500002927316
lonestar,Web,30,30,1.0,0.362543843892529,0.637456156107471
lonestar,Web,60,1,0.11934761195947684,0.4116007495801701,0.0702240454163529
lonestar,Web,60,2,0.15896033474828486,0.4116007495801701,0.09353214181237605
lonestar,Web,60,3,0.18944888363640888,0.4116007495801701,0.11147158112453656
lonestar,Web,60,4,0.21792866217113024,0.4116007495801701,0.12822906146648938
lonestar,Web,60,5,0.2436931762339393,0.4116007495801701,0.14338888222847737
lonestar,Web,60,6,0.26432214779965296,0.4116007495801701,0.15552695363467528
lonestar,Web,60,7,0.28951441130850747,0.4116007495801701,0.17035006259966412
lonestar,Web,60,8,0.3104487756128392,0.4116007495801701,0.18266782686434854
lonestar,Web,60,9,0.3314277425731985,0.4116007495801701,0.19501183529840635
lonestar,Web,60,10,0.3465564801709545,0.4116007495801701,0.20391357316072425
lonestar,Web,60,11,0.3610840328052411,0.4116007495801701,0.21246157424117312
lonestar,Web,60,12,0.3743369371449068,0.4116007495801701,0.22025957322051812
lonestar,Web,60,13,0.3940519100139929,0.4116007495801701,0.2318598484787357
lonestar,Web,60,14,0.41929651949168667,0.4116007495801701,0.24671375777255203
lonestar,Web,60,15,0.4350736611370732,0.4116007495801701,0.25599701609046494
lonestar,Web,60,16,0.45024685751487314,0.4116007495801701,0.2649249134656353
lonestar,Web,60,17,0.4704311830885205,0.4116007495801701,0.27680135550339924
lonestar,Web,60,18,0.4865000617674639,0.4116007495801701,0.2862562716731767
lonestar,Web,60,19,0.49764079945195094,0.4116007495801701,0.29281147337585284
lonestar,Web,60,20,0.5086113265502104,0.4116007495801701,0.29926652329717907
lonestar,Web,60,21,0.524394137695465,0.4116007495801701,0.3085531175445646
lonestar,Web,60,22,0.5386635422343358,0.4116007495801701,0.31694922447917356
lonestar,Web,60,23,0.5503138890145546,0.4116007495801701,0.3238042797917854
lonestar,Web,60,24,0.5638925654666566,0.4116007495801701,0.3317939628378956
lonestar,Web,60,25,0.5744725429664126,0.4116007495801701,0.3380192136682107
lonestar,Web,60,26,0.5861475413061842,0.4116007495801701,0.34488877393998507
lonestar,Web,60,27,0.5988822427312557,0.4116007495801701,0.35238186271281746
lonestar,Web,60,28,0.6170935464679211,0.4116007495801701,0.36309738018063925
lonestar,Web,60,29,0.6311913320163249,0.4116007495801701,0.37139250662989953
lonestar,Web,60,30,0.6443378974887708,0.4116007495801701,0.3791279358994819
lonestar,Web,60,31,0.6575412987377709,0.4116007495801701,0.38689680729738585
lonestar,Web,60,32,0.6682046685357014,0.4116007495801701,0.3931711260934376
lonestar,Web,60,33,0.6798640300753535,0.4116007495801701,0.40003148568374264
lonestar,Web,60,34,0.69096425961205,0.4116007495801701,0.40656285242262297
lonestar,Web,60,35,0.7078560415567826,0.4116007495801701,0.41650196425715885
lonestar,Web,60,36,0.7285277194629688,0.4116007495801701,0.42866516404207894
lonestar,Web,60,37,0.7384615222211927,0.4116007495801701,0.4345102061388363
lonestar,Web,60,38,0.7523654968806887,0.4116007495801701,0.4426912944063401
lonestar,Web,60,39,0.7620487572559186,0.4116007495801701,0.4483889175527454
lonestar,Web,60,40,0.7735215375341954,0.4116007495801701,0.45513949286871486
lonestar,Web,60,41,0.7835190255127253,0.4116007495801701,0.46102200730136317
lonestar,Web,60,42,0.7943103895281479,0.4116007495801701,0.46737163779904534
lonestar,Web,60,43,0.8072607412909253,0.4116007495801701,0.47499161506893667
lonestar,Web,60,44,0.8196359227875053,0.4116007495801701,0.4822731625853337
lonestar,Web,60,45,0.833594285992654,0.4116007495801701,0.4904862530323309
lonestar,Web,60,46,0.8450660466356456,0.4116007495801701,0.49723622839566284
lonestar,Web,60,47,0.8565623145125962,0.4116007495801701,0.5040006237970862
lonestar,Web,60,48,0.8643716171875039,0.4116007495801701,0.5085956116373034
lonestar,Web,60,49,0.8758358565208085,0.4116007495801701,0.5153411614676534
lonestar,Web,60,50,0.8853606295856816,0.4116007495801701,0.5209455307994437
lonestar,Web,60,51,0.89381350206082,0.4116007495801701,0.5259191946277095
lonestar,Web,60,52,0.9086668531359674,0.4116007495801701,0.5346588952665489
lonestar,Web,60,53,0.9195086950958331,0.4116007495801701,0.5410382269489041
lonestar,Web,60,54,0.9316105663532994,0.4116007495801701,0.5481589589254746
lonestar,Web,60,55,0.9437250451011673,0.4116007495801701,0.5552871091399469
lonestar,Web,60,56,0.9521835915467722,0.4116007495801701,0.5602641115281822
lonestar,Web,60,57,0.9688383262813953,0.4116007495801701,0.5700637449619755
lonestar,Web,60,58,0.9804777509523062,0.4116007495801701,0.5769123737136576
lonestar,Web,60,59,0.9872438467739597,0.4116007495801701,0.5808935394233873
lonestar,Web,60,60,1.0,0.4116007495801701,0.5883992504198299
lonestar,Web,90,1,0.09336391070074626,0.3794767120427458,0.05793448084457454
lonestar,Web,90,2,0.12435237081608931,0.3794767120427458,0.07716354200407945
lonestar,Web,90,3,0.14820312165266789,0.3794767120427458,0.09196348833344241
lonestar,Web,90,4,0.1704824404948043,0.3794767120427458,0.1057883245148129
lonestar,Web,90,5,0.19063764721167584,0.3794767120427458,0.11829509965622416
lonestar,Web,90,6,0.20677539330887862,0.3794767120427458,0.12830894692467978
lonestar,Web,90,7,0.22648293669390232,0.3794767120427458,0.14053793654351493
lonestar,Web,90,8,0.24285958711360364,0.3794767120427458,0.15070002950767453
lonestar,Web,90,9,0.25927112954602316,0.3794767120427458,0.1608837737782895
lonestar,Web,90,10,0.271106122160467,0.3794767120427458,0.16822766230835398
lonestar,Web,90,11,0.2824708164729804,0.3794767120427458,0.1752797197897839
lonestar,Web,90,12,0.2928383718599638,0.3794767120427458,0.1817130293465938
lonestar,Web,90,13,0.3082611099960395,0.3794767120427458,0.19128319752409523
lonestar,Web,90,14,0.3280096028754017,0.3794767120427458,0.2035375972577975
lonestar,Web,90,15,0.34035183259838137,0.3794767120427458,0.21119623822622458
lonestar,Web,90,16,0.3522216046734422,0.3794767120427458,0.21856170822154453
lonestar,Web,90,17,0.3680115106420062,0.3794767120427458,0.22835971258969373
lonestar,Web,90,18,0.38058196202691863,0.3794767120427458,0.23615997041416642
lonestar,Web,90,19,0.38929719998801043,0.3794767120427458,0.24156797852911296
lonestar,Web,90,20,0.3978792846692673,0.3794767120427458,0.24689336193305408
lonestar,Web,90,21,0.4102259495599952,0.3794767120427458,0.25455475502635494
lonestar,Web,90,22,0.4213886983510838,0.3794767120427458,0.26148150060884207
lonestar,Web,90,23,0.43050259613724473,0.3794767120427458,0.267136886429217
lonestar,Web,90,24,0.44112499833611596,0.3794767120427458,0.27372833436766497
lonestar,Web,90,25,0.4494015617150172,0.3794767120427458,0.2788641346885274
lonestar,Web,90,26,0.45853474405967865,0.3794767120427458,0.28453148702654985
lonestar,Web,90,27,0.46849691680138994,0.3794767120427458,0.29071324721143466
lonestar,Web,90,28,0.48274335632287374,0.3794767120427458,0.29955349470498993
lonestar,Web,90,29,0.49377185005986074,0.3794767120427458,0.3063969318998811
lonestar,Web,90,30,0.5040562180890066,0.3794767120427458,0.31277862176388915
lonestar,Web,90,31,0.51438504792413,0.3794767120427458,0.3191879012139309
lonestar,Web,90,32,0.5227268478917828,0.3794767120427458,0.32436418235734055
lonestar,Web,90,33,0.5318477977938673,0.3794767120427458,0.3300239441798754
lonestar,Web,90,34,0.5405313468168155,0.3794767120427458,0.33541228857073324
lonestar,Web,90,35,0.5537455435248315,0.3794767120427458,0.34361200535970526
lonestar,Web,90,36,0.5699166981745204,0.3794767120427458,0.35364658341299543
lonestar,Web,90,37,0.5776877683988039,0.3794767120427458,0.35846871345951453
lonestar,Web,90,38,0.5885646466805026,0.3794767120427458,0.36521806973358506
lonestar,Web,90,39,0.5961397212221867,0.3794767120427458,0.3699185798947122
lonestar,Web,90,40,0.6051147113020386,0.3794767120427458,0.37548777024844565
lonestar,Web,90,41,0.6129356015530826,0.3794767120427458,0.3803408147817763
lonestar,Web,90,42,0.6213775295458879,0.3794767120427458,0.3855792276965702
lonestar,Web,90,43,0.6315084024278164,0.3794767120427458,0.3918656702471415
lonestar,Web,90,44,0.6411893279292376,0.3794767120427458,0.39787290996975255
lonestar,Web,90,45,0.6521087535835739,0.3794767120427458,0.40464866787938614
lonestar,Web,90,46,0.6610829460174893,0.3794767120427458,0.41021736327524044
lonestar,Web,90,47,0.6700763101060805,0.3794767120427458,0.41579795512928974
lonestar,Web,90,48,0.6761854146420199,0.3794767120427458,0.4195887967624054
lonestar,Web,90,49,0.6851537232641485,0.3794767120427458,0.42515384111602406
lonestar,Web,90,50,0.6926048154751567,0.3794767120427458,0.4297774173536716
lonestar,Web,90,51,0.6992173753578093,0.3794767120427458,0.4338806647538694
lonestar,Web,90,52,0.7108369370785561,0.3794767120427458,0.44109087339744946
lonestar,Web,90,53,0.7193183532372321,0.3794767120427458,0.4463537896387649
lonestar,Web,90,54,0.7287854720915051,0.3794767120427458,0.4522283573577005
lonestar,Web,90,55,0.738262453603176,0.3794767120427458,0.4581090450852326
lonestar,Web,90,56,0.7448794521508613,0.3794767120427458,0.4622150467804506
lonestar,Web,90,57,0.7579082102548436,0.3794767120427458,0.47029969459713344
lonestar,Web,90,58,0.7670135638328603,0.3794767120427458,0.4759497785373778
lonestar,Web,90,59,0.7723065827354928,0.3794767120427458,0.47923422003005917
lonestar,Web,90,60,0.7822855369108427,0.3794767120427458,0.485426393485322
lonestar,Web,90,61,0.7868236685363831,0.3794767120427458,0.48824240984278516
lonestar,Web,90,62,0.789158702368431,0.3794767120427458,0.489691352713739
lonestar,Web,90,63,0.7938444303695725,0.3794767120427458,0.4925989560594807
lonestar,Web,90,64,0.7959932889604503,0.3794767120427458,0.49393237285764735
lonestar,Web,90,65,0.8023685977080712,0.3794767120427458,0.4978884004034637
lonestar,Web,90,66,0.8069913161918961,0.3794767120427458,0.5007569048763475
lonestar,Web,90,67,0.8127899800351086,0.3794767120427458,0.5043551108300965
lonestar,Web,90,68,0.814830070945009,0.3794767120427458,0.5056210347492397
lonestar,Web,90,69,0.8186423439761349,0.3794767120427458,0.5079866389451047
lonestar,Web,90,70,0.8275238589048078,0.3794767120427458,0.5134978257906863
lonestar,Web,90,71,0.8331749263724196,0.3794767120427458,0.517004444756157
lonestar,Web,90,72,0.8378388403524366,0.3794767120427458,0.519898511993787
lonestar,Web,90,73,0.8409984941487999,0.3794767120427458,0.521859150756313
lonestar,Web,90,74,0.8431712442866234,0.3794767120427458,0.5232073928157447
lonestar,Web,90,75,0.8482080347048848,0.3794767120427458,0.5263328385668359
lonestar,Web,90,76,0.853472984794365,0.3794767120427458,0.529599862707291
lonestar,Web,90,77,0.862452340670107,0.3794767120427458,0.5351717621390447
lonestar,Web,90,78,0.8668158549354709,0.3794767120427458,0.5378794243580367
lonestar,Web,90,79,0.8734428993277138,0.3794767120427458,0.54199165973375
lonestar,Web,90,80,0.8843111600887092,0.3794767120427458,0.5487356686355397
lonestar,Web,90,81,0.8900374261017162,0.3794767120427458,0.5522889500496486
lonestar,Web,90,82,0.8951075489754031,0.3794767120427458,0.5554350793655761
lonestar,Web,90,83,0.9175839458166537,0.3794767120427458,0.5693822070349409
lonestar,Web,90,84,0.9575192385136787,0.3794767120427458,0.5941629861648342
lonestar,Web,90,85,0.9641046929428011,0.3794767120427458,0.598249413999886
lonestar,Web,90,86,0.9721206290911233,0.3794767120427458,0.6032234890546982
lonestar,Web,90,87,0.9788721935436728,0.3794767120427458,0.6074129920276495
lonestar,Web,90,88,0.9831630207030838,0.3794767120427458,0.6100755502046635
lonestar,Web,90,89,0.9887362861435744,0.3794767120427458,0.6135338912004553
lonestar,Web,90,90,1.0,0.3794767120427458,0.6205232879572542
lonestar,Web,120,1,0.08438847404602752,0.35566988073828776,0.05437403554639082
lonestar,Web,120,2,0.11239789270193525,0.35566988073828776,0.07242134760940307
lonestar,Web,120,3,0.13395577789380728,0.35566988073828776,0.08631174234611227
lonestar,Web,120,4,0.15409329897407809,0.35566988073828776,0.09928695370539842
lonestar,Web,120,5,0.1723109071071684,0.35566988073828776,0.11102510732645564
lonestar,Web,120,6,0.1868972687694407,0.35566988073828776,0.12042353947590202
lonestar,Web,120,7,0.2047102491917008,0.35566988073828776,0.13190097927578343
lonestar,Web,120,8,0.21951254837273526,0.35566988073828776,0.14143854647244689
lonestar,Web,120,9,0.23434638526130133,0.35566988073828776,0.15099643436396545
lonestar,Web,120,10,0.2450436339046246,0.35566988073828776,0.15788899385809013
lonestar,Web,120,11,0.2553157958549371,0.35566988073828776,0.1645076571926106
lonestar,Web,120,12,0.2646866777313344,0.35566988073828776,0.1705455986296171
lonestar,Web,120,13,0.2786267679347807,0.35566988073828776,0.17952761861292266
lonestar,Web,120,14,0.29647676121687333,0.35566988073828776,0.19102890691319419
lonestar,Web,120,15,0.3076324842883518,0.35566988073828776,0.19821687529029056
lonestar,Web,120,16,0.3183611689071778,0.35566988073828776,0.20512968993025998
lonestar,Web,120,17,0.332633129668208,0.35566988073828776,0.21432554410951307
lonestar,Web,120,18,0.3439951345636826,0.35566988073828776,0.22164642607886634
lonestar,Web,120,19,0.3518725427288343,0.35566988073828776,0.22672207742139172
lonestar,Web,120,20,0.35962959815795376,0.35566988073828776,0.231720181871156
lonestar,Web,120,21,0.3707893300272173,0.35566988073828776,0.2389107332374073
lonestar,Web,120,22,0.38087896026623397,0.35566988073828776,0.2454117858926195
lonestar,Web,120,23,0.38911670353355243,0.35566988073828776,0.25071961199449816
lonestar,Web,120,24,0.39871793280445467,0.35566988073828776,0.25690597319567765
lonestar,Web,120,25,0.40619883788489203,0.35566988073828776,0.2617261456583414
lonestar,Web,120,26,0.41445401181093383,0.35566988073828776,0.2670452028586341
lonestar,Web,120,27,0.42345848205587217,0.35566988073828776,0.27284705424544375
lonestar,Web,120,28,0.4363353558155895,0.35566988073828776,0.28114401185076043
lonestar,Web,120,29,0.44630363746216223,0.35566988073828776,0.28756687595293096
lonestar,Web,120,30,0.4555993291056833,0.35566988073828776,0.293556370058221
lonestar,Web,120,31,0.4649352082684675,0.35566988073828776,0.2995717581925907
lonestar,Web,120,32,0.4724750784900969,0.35566988073828776,0.304429923671711
lonestar,Web,120,33,0.4807191959259469,0.35566988073828776,0.3097418568423598
lonestar,Web,120,34,0.48856796153409765,0.35566988073828776,0.31479905292271676
lonestar,Web,120,35,0.5005118260055396,0.35566988073828776,0.3224948445420467
lonestar,Web,120,36,0.5151283845259257,0.35566988073828776,0.33191273343668287
lonestar,Web,120,37,0.5221523914790381,0.35566988073828776,0.3364385126744769
lonestar,Web,120,38,0.5319836330550145,0.35566988073828776,0.34277307773161647
lonestar,Web,120,39,0.5388304861544588,0.35566988073828776,0.34718471140574886
lonestar,Web,120,40,0.5469426754547179,0.35566988073828776,0.3524116393050583
lonestar,Web,120,41,0.554011713041227,0.35566988073828776,0.35696643313623927
lonestar,Web,120,42,0.5616420855906663,0.35566988073828776,0.36188291199103084
lonestar,Web,120,43,0.5707990381737739,0.35566988073828776,0.3677830123409784
lonestar,Web,120,44,0.5795492985718924,0.35566988073828776,0.37342106866686914
lonestar,Web,120,45,0.5894189972757312,0.35566988073828776,0.37978041280979075
lonestar,Web,120,46,0.5975304656108669,0.35566988073828776,0.3850068761695563
lonestar,Web,120,47,0.6056592625547859,0.35566988073828776,0.39024450487388584
lonestar,Web,120,48,0.6111810750592772,0.35566988073828776,0.3938023749834456
lonestar,Web,120,49,0.6192872252163872,0.35566988073828776,0.39902541168092964
lonestar,Web,120,50,0.6260220148898686,0.35566988073828776,0.40336483951444646
lonestar,Web,120,51,0.6319988836161972,0.35566988073828776,0.40721591605369334
lonestar,Web,120,52,0.6425014115773533,0.35566988073828776,0.4139830111474545
lonestar,Web,120,53,0.6501674761413591,0.35566988073828776,0.4189224874422483
lonestar,Web,120,54,0.6587244839587071,0.35566988073828776,0.4244360253097236
lonestar,Web,120,55,0.6672904062977542,0.35566988073828776,0.42995530707202834
lonestar,Web,120,56,0.6732712869829447,0.35566988073828776,0.43380896863720725
lonestar,Web,120,57,0.6850475397861715,0.35566988073828776,0.44139676301036646
lonestar,Web,120,58,0.6932775602333787,0.35566988073828776,0.4466996130666418
lonestar,Web,120,59,0.6980617405974769,0.35566988073828776,0.44978220457121076
lonestar,Web,120,60,0.7070813790114266,0.35566988073828776,0.4555938292661685
lonestar,Web,120,61,0.7111832423548213,0.35566988073828776,0.4582367833634132
lonestar,Web,120,62,0.7132938002829694,0.35566988073828776,0.4595966794049656
lonestar,Web,120,63,0.7175290709870693,0.35566988073828776,0.46232559188284394
lonestar,Web,120,64,0.7194713514256653,0.35566988073828776,0.4635770616694842
lonestar,Web,120,65,0.7252337768933436,0.35566988073828776,0.46728996595831007
lonestar,Web,120,66,0.7294120954306286,0.35566988073828776,0.4699821824397523
lonestar,Web,120,67,0.7346533111162379,0.35566988073828776,0.47335925556753733
lonestar,Web,120,68,0.7364972801349894,0.35566988073828776,0.4745473803453044
lonestar,Web,120,69,0.7399430644999427,0.35566988073828776,0.4767676029961249
lonestar,Web,120,70,0.7479707647796585,0.35566988073828776,0.48194009207475147
lonestar,Web,120,71,0.7530785731045628,0.35566988073828776,0.48523120682190307
lonestar,Web,120,72,0.7572941268544169,0.35566988073828776,0.48794741507230066
lonestar,Web,120,73,0.7601500308154611,0.35566988073828776,0.48978756001212026
lonestar,Web,120,74,0.762113906013469,0.35566988073828776,0.4910529439526678
lonestar,Web,120,75,0.7666664901361405,0.35566988073828776,0.49398631102337776
lonestar,Web,120,76,0.7714253000515029,0.35566988073828776,0.497052555583687
lonestar,Web,120,77,0.779541435446676,0.35566988073828776,0.5022820260708031
lonestar,Web,120,78,0.7834854680773612,0.35566988073828776,0.5048232850861045
lonestar,Web,120,79,0.7894754288609147,0.35566988073828776,0.5086827972321446
lonestar,Web,120,80,0.799298881352043,0.35566988073828776,0.5150123435473151
lonestar,Web,120,81,0.8044746590930607,0.35566988073828776,0.5183472530364571
lonestar,Web,120,82,0.8090573712922925,0.35566988073828776,0.5213000325343302
lonestar,Web,120,83,0.829373024495441,0.35566988073828776,0.5343900197855945
lonestar,Web,120,84,0.8654691818434909,0.35566988073828776,0.557647861154553
lonestar,Web,120,85,0.8714215508691903,0.35566988073828776,0.5614831517987716
lonestar,Web,120,86,0.8786668838306114,0.35566988073828776,0.5661515380498949
lonestar,Web,120,87,0.8847693940757131,0.35566988073828776,0.5700835692039171
lonestar,Web,120,88,0.8886477272952648,0.35566988073828776,0.5725824961098075
lonestar,Web,120,89,0.8936852130051761,0.35566988073828776,0.5758282998780538
lonestar,Web,120,90,0.9038661021442518,0.35566988073828776,0.5823881533912247
lonestar,Web,120,91,0.9076535974790839,0.35566988073828776,0.5848285507120203
lonestar,Web,120,92,0.9095762949639001,0.35566988073828776,0.5860674026117161
lonestar,Web,120,93,0.916753174384093,0.35566988073828776,0.5906916821844559
lonestar,Web,120,94,0.9231100660926778,0.35566988073828776,0.5947876189771821
lonestar,Web,120,95,0.9251232354183144,0.35566988073828776,0.5960847646088636
lonestar,Web,120,96,0.9301940327093692,0.35566988073828776,0.5993520320321609
lonestar,Web,120,97,0.9325257183733648,0.35566988073828776,0.6008544073341241
lonestar,Web,120,98,0.937719598766662,0.35566988073828776,0.6042009809073683
lonestar,Web,120,99,0.9451845898940556,0.35566988073828776,0.6090108995307695
lonestar,Web,120,100,0.9477581066128143,0.35566988073828776,0.6106690938650893
lonestar,Web,120,101,0.9511588167650162,0.35566988073828776,0.612860273843032
lonestar,Web,120,102,0.9537137821673972,0.35566988073828776,0.6145065150054577
lonestar,Web,120,103,0.9572259173840759,0.35566988073828776,0.6167694895084835
lonestar,Web,120,104,0.9592679291247551,0.35566988073828776,0.6180852191768892
lonestar,Web,120,105,0.9609973023652116,0.35566988073828776,0.6191995064431606
lonestar,Web,120,106,0.9641735415892402,0.35566988073828776,0.6212460530411826
lonestar,Web,120,107,0.9660354493394414,0.35566988073828776,0.6224457362839241
lonestar,Web,120,108,0.9688185568778684,0.35566988073828776,0.6242389762960769
lonestar,Web,120,109,0.9724282329632921,0.35566988073828776,0.626564799318694
lonestar,Web,120,110,0.9759150798065923,0.35566988073828776,0.6288114797610851
lonestar,Web,120,111,0.978533236850867,0.35566988073828776,0.6304984372016684
lonestar,Web,120,112,0.981074259474412,0.35566988073828776,0.6321356946117439
lonestar,Web,120,113,0.9835144410476666,0.35566988073828776,0.6337079770958592
lonestar,Web,120,114,0.9883345026520968,0.35566988073828776,0.6368136879642906
lonestar,Web,120,115,0.9903807909593932,0.35566988073828776,0.6381321731533748
lonestar,Web,120,116,0.9923164353102712,0.35566988073828776,0.6393793671088243
lonestar,Web,120,117,0.9936963017501664,0.35566988073828776,0.6402684566166071
lonestar,Web,120,118,0.9957404810657063,0.35566988073828776,0.6415855829187813
lonestar,Web,120,119,0.9980505105087937,0.35566988073828776,0.6430740044653438
lonestar,Web,120,120,1.0,0.35566988073828776,0.6443301192617122
lonestar,Web,150,1,0.07803550932557898,0.3091571290975272,0.05391027529481967
lonestar,Web,150,2,0.10393631243211442,0.3091571290975272,0.07180366047161829
lonestar,Web,150,3,0.12387126883401042,0.3091571290975272,0.08557558298361977
lonestar,Web,150,4,0.14249278950751393,0.3091571290975272,0.09844012778627267
lonestar,Web,150,5,0.1593389328396487,0.3091571290975272,0.11007816580947921
lonestar,Web,150,6,0.17282719855827855,0.3091571290975272,0.11939643802203286
lonestar,Web,150,7,0.1892991755145092,0.3091571290975272,0.1307759858719146
lonestar,Web,150,8,0.20298712246270975,0.3091571290975272,0.14023220643837023
lonestar,Web,150,9,0.2167042328849275,0.3091571290975272,0.14970857438294136
lonestar,Web,150,10,0.22659616724801113,0.3091571290975272,0.15654234671711287
lonestar,Web,150,11,0.23609501645377182,0.3091571290975272,0.16310455897269027
lonestar,Web,150,12,0.244760436089819,0.3091571290975272,0.16909100235163177
lonestar,Web,150,13,0.25765108319972074,0.3091571290975272,0.17799641400882696
lonestar,Web,150,14,0.27415728659980265,0.3091571290975272,0.1893996069534397
lonestar,Web,150,15,0.2844731803473673,0.3091571290975272,0.19652626860593211
lonestar,Web,150,16,0.2943941841110679,0.3091571290975272,0.20338012332828126
lonestar,Web,150,17,0.30759171777489763,0.3091571290975272,0.21249754537343343
lonestar,Web,150,18,0.31809836396089797,0.3091571290975272,0.21975598698812643
lonestar,Web,150,19,0.32538274213318014,0.3091571290975272,0.22478834771740516
lonestar,Web,150,20,0.332555828009196,0.3091571290975272,0.2297438229572219
lonestar,Web,150,21,0.34287542876272886,0.3091571290975272,0.2368730455683599
lonestar,Web,150,22,0.3522054876778716,0.3091571290975272,0.2433186502549863
lonestar,Web,150,23,0.3598230740701547,0.3091571290975272,0.24858120550757876
lonestar,Web,150,24,0.3687015000018508,0.3091571290975272,0.25471480276732666
lonestar,Web,150,25,0.3756192247831975,0.3091571290975272,0.2594938636153854
lonestar,Web,150,26,0.3832529296128233,0.3091571290975272,0.2647675541755062
lonestar,Web,150,27,0.3915795219551322,0.3091571290975272,0.2705199211341014
lonestar,Web,150,28,0.4034869940799707,0.3091571290975272,0.278746113362016
lonestar,Web,150,29,0.4127048398128707,0.3091571290975272,0.28511419637166874
lonestar,Web,150,30,0.42130072971532406,0.3091571290975272,0.2910526056298412
lonestar,Web,150,31,0.42993378172515856,0.3091571290975272,0.2970166880649656
lonestar,Web,150,32,0.436906032611846,0.3091571290975272,0.3018334178841771
lonestar,Web,150,33,0.44452951331011714,0.3091571290975272,0.3071000451760403
lonestar,Web,150,34,0.45178740520510585,0.3091571290975272,0.3121141080494741
lonestar,Web,150,35,0.4628321071964737,0.3091571290975272,0.3197442616814529
lonestar,Web,150,36,0.47634829648203125,0.3091571290975272,0.3290818246911487
lonestar,Web,150,37,0.48284351951205756,0.3091571290975272,0.33356900321636396
lonestar,Web,150,38,0.4919346418762999,0.3091571290975272,0.33984954029020287
lonestar,Web,150,39,0.4982660476154431,0.3091571290975272,0.34422354680788086
lonestar,Web,150,40,0.5057675320414555,0.3091571290975272,0.3494058938447775
lonestar,Web,150,41,0.5123043956918637,0.3091571290975272,0.35392183949572353
lonestar,Web,150,42,0.519360335676211,0.3091571290975272,0.35879638533142555
lonestar,Web,150,43,0.5278279311241775,0.3091571290975272,0.36464616328033944
lonestar,Web,150,44,0.535919451140598,0.3091571290975272,0.3702361321984482
lonestar,Web,150,45,0.5450461354887947,0.3091571290975272,0.37654123701537706
lonestar,Web,150,46,0.5525469532256501,0.3091571290975272,0.3817231234748224
lonestar,Web,150,47,0.5600637950324702,0.3091571290975272,0.38691608004876576
lonestar,Web,150,48,0.5651699123791746,0.3091571290975272,0.39044360481572793
lonestar,Web,150,49,0.5726658123030751,0.3091571290975272,0.39562209383915303
lonestar,Web,150,50,0.5788935910170748,0.3091571290975272,0.3999245103652779
lonestar,Web,150,51,0.584420506872631,0.3091571290975272,0.4037427407821667
lonestar,Web,150,52,0.5941323795888972,0.3091571290975272,0.41045211881131144
lonestar,Web,150,53,0.6012213246081977,0.3091571290975272,0.4153494659401148
lonestar,Web,150,54,0.6091341405570382,0.3091571290975272,0.42081597842713464
lonestar,Web,150,55,0.6170551999212152,0.3091571290975272,0.42628818581887157
lonestar,Web,150,56,0.6225858257058431,0.3091571290975272,0.43010897921381114
lonestar,Web,150,57,0.6334755342334004,0.3091571290975272,0.43763205671628
lonestar,Web,150,58,0.6410859791978094,0.3091571290975272,0.44288967836433757
lonestar,Web,150,59,0.6455099951032779,0.3091571290975272,0.4459459782133896
lonestar,Web,150,60,0.6538506137188156,0.3091571290975272,0.4517080351228503
lonestar,Web,150,61,0.6576436790491728,0.3091571290975272,0.4543284472651949
lonestar,Web,150,62,0.659595349164624,0.3091571290975272,0.4556767446508078
lonestar,Web,150,63,0.6635117786327749,0.3091571290975272,0.4583823820282722
lonestar,Web,150,64,0.66530783958769,0.3091571290975272,0.4596231779346816
lonestar,Web,150,65,0.6706364559823378,0.3091571290975272,0.46330441458269805
lonestar,Web,150,66,0.6745002207780336,0.3091571290975272,0.46597366894664843
lonestar,Web,150,67,0.6793468653007045,0.3091571290975272,0.46932193876293415
lonestar,Web,150,68,0.6810520159529179,0.3091571290975272,0.4704999299348305
lonestar,Web,150,69,0.6842383934882977,0.3091571290975272,0.47270121613915145
lonestar,Web,150,70,0.6916617494278663,0.3091571290975272,0.4778295886681739
lonestar,Web,150,71,0.6963850298127439,0.3091571290975272,0.48109263324934004
lonestar,Web,150,72,0.7002832266657855,0.3091571290975272,0.4837856747546383
lonestar,Web,150,73,0.7029241313948302,0.3091571290975272,0.4856101249594315
lonestar,Web,150,74,0.7047401614043886,0.3091571290975272,0.4868647163448798
lonestar,Web,150,75,0.7089500161834481,0.3091571290975272,0.4897730645065278
lonestar,Web,150,76,0.713350571587808,0.3091571290975272,0.4928131568356412
lonestar,Web,150,77,0.7208557050373385,0.3091571290975272,0.49799802477442107
lonestar,Web,150,78,0.7245028215258339,0.3091571290975272,0.5005176091998489
lonestar,Web,150,79,0.7300418438374578,0.3091571290975272,0.504344203275604
lonestar,Web,150,80,0.7391257634976559,0.3091571290975272,0.5106197644127027
lonestar,Web,150,81,0.7439118963995972,0.3091571290975272,0.5139262302072006
lonestar,Web,150,82,0.7481496111420696,0.3091571290975272,0.5168538252259559
lonestar,Web,150,83,0.7669358537292367,0.3091571290975272,0.5298321669883448
lonestar,Web,150,84,0.8003146066358832,0.3091571290975272,0.5528916404735167
lonestar,Web,150,85,0.805818867186452,0.3091571290975272,0.5566942196344669
lonestar,Web,150,86,0.8125187542773068,0.3091571290975272,0.5613227888670355
lonestar,Web,150,87,0.8181618530597463,0.3091571290975272,0.5652212834306822
lonestar,Web,150,88,0.8217482161447921,0.3091571290975272,0.5676988968004539
lonestar,Web,150,89,0.826406467968126,0.3091571290975272,0.5709170168634725
lonestar,Web,150,90,0.835820915596622,0.3091571290975272,0.5774209208911036
lonestar,Web,150,91,0.8393232792886194,0.3091571290975272,0.5798405038790277
lonestar,Web,150,92,0.8411012315410183,0.3091571290975272,0.5810687895174026
lonestar,Web,150,93,0.8477378184357826,0.3091571290975272,0.5856536282607753
lonestar,Web,150,94,0.8536161482410638,0.3091571290975272,0.5897146304995673
lonestar,Web,150,95,0.855477761399266,0.3091571290975272,0.5910007126782896
lonestar,Web,150,96,0.8601668170288108,0.3091571290975272,0.5942401133312256
lonestar,Web,150,97,0.8623229678590512,0.3091571290975272,0.5957296747608877
lonestar,Web,150,98,0.8671258406026205,0.3091571290975272,0.5990477051556343
lonestar,Web,150,99,0.8740288494710989,0.3091571290975272,0.6038165996201992
lonestar,Web,150,100,0.8764086257400323,0.3091571290975272,0.6054606510899347
lonestar,Web,150,101,0.8795533223564328,0.3091571290975272,0.6076331423285262
lonestar,Web,150,102,0.8819159438961384,0.3091571290975272,0.6092653425758723
lonestar,Web,150,103,0.8851636772335648,0.3091571290975272,0.6115090159986257
lonestar,Web,150,104,0.887051961481314,0.3091571290975272,0.6128135237094207
lonestar,Web,150,105,0.8886511433975488,0.3091571290975272,0.6139183071355276
lonestar,Web,150,106,0.8915882677902919,0.3091571290975272,0.6159473985832079
lonestar,Web,150,107,0.8933100067036528,0.3091571290975272,0.6171368496370587
lonestar,Web,150,108,0.8958835952976419,0.3091571290975272,0.618914794969852
lonestar,Web,150,109,0.8992215263955874,0.3091571290975272,0.6212207808724313
lonestar,Web,150,110,0.9024458751284347,0.3091571290975272,0.6234482992078222
lonestar,Web,150,111,0.9048669310931734,0.3091571290975272,0.6251208684611179
lonestar,Web,150,112,0.9072166594995431,0.3091571290975272,0.6267441615792154
lonestar,Web,150,113,0.909473138409352,0.3091571290975272,0.6283030339473987
lonestar,Web,150,114,0.9139303343301743,0.3091571290975272,0.6313822559735144
lonestar,Web,150,115,0.9158225731944505,0.3091571290975272,0.6326894957029442
lonestar,Web,150,116,0.9176124976420896,0.3091571290975272,0.6339260522470497
lonestar,Web,150,117,0.9188884844596705,0.3091571290975272,0.634807558643341
lonestar,Web,150,118,0.9207787731020978,0.3091571290975272,0.6361134510759098
lonestar,Web,150,119,0.9229148980431658,0.3091571290975272,0.6375891777628037
lonestar,Web,150,120,0.9247176253360919,0.3091571290975272,0.6388345790613029
lonestar,Web,150,121,0.9283617287460738,0.3091571290975272,0.6413520819229203
lonestar,Web,150,122,0.9308672820745362,0.3091571290975272,0.6430830255775545
lonestar,Web,150,123,0.9323719634739603,0.3091571290975272,0.6441225239953262
lonestar,Web,150,124,0.937094350179492,0.3091571290975272,0.6473849511844875
lonestar,Web,150,125,0.9402932485978196,0.3091571290975272,0.6495948873515303
lonestar,Web,150,126,0.9430537216304862,0.3091571290975272,0.6515019404664665
lonestar,Web,150,127,0.9466676427560937,0.3091571290975272,0.6539985921120962
lonestar,Web,150,128,0.9477000985226685,0.3091571290975272,0.6547118568179565
lonestar,Web,150,129,0.950440297925874,0.3091571290975272,0.6566049040405123
lonestar,Web,150,130,0.9541984160558803,0.3091571290975272,0.6592011731586365
lonestar,Web,150,131,0.9552414323625602,0.3091571290975272,0.6599217335383414
lonestar,Web,150,132,0.9574286375576678,0.3091571290975272,0.6614327486545823
lonestar,Web,150,133,0.9600124171091311,0.3091571290975272,0.6632177343376943
lonestar,Web,150,134,0.9612023357437551,0.3091571290975272,0.6640397811433784
lonestar,Web,150,135,0.962502194815955,0.3091571290975272,0.6649377795165855
lonestar,Web,150,136,0.9651256415813316,0.3091571290975272,0.6667501690116381
lonestar,Web,150,137,0.9690951008904788,0.3091571290975272,0.6694924416766999
lonestar,Web,150,138,0.9712882708350902,0.3091571290975272,0.6710075774976122
lonestar,Web,150,139,0.9761927290746566,0.3091571290975272,0.6743957875080555
lonestar,Web,150,140,0.9787449573828428,0.3091571290975272,0.6761589762396815
lonestar,Web,150,141,0.9822706784420167,0.3091571290975272,0.6785946954982024
lonestar,Web,150,142,0.9835346838286745,0.3091571290975272,0.6794679246083574
lonestar,Web,150,143,0.9857625666597428,0.3091571290975272,0.681007041579407
lonestar,Web,150,144,0.98695457132698,0.3091571290975272,0.6818305295058501
lonestar,Web,150,145,0.9895022038445648,0.3091571290975272,0.6835905432683029
lonestar,Web,150,146,0.9919306391548518,0.3091571290975272,0.6852682104898625
lonestar,Web,150,147,0.9928266879450688,0.3091571290975272,0.6858872394085648
lonestar,Web,150,148,0.9974115268751568,0.3091571290975272,0.6890546426976522
lonestar,Web,150,149,0.9979659878249361,0.3091571290975272,0.689437688092001
lonestar,Web,150,150,1.0,0.3091571290975272,0.6908428709024728
lonestar,Web,180,1,0.07099647261057801,0.338399034704514,0.04697133481173294
lonestar,Web,180,2,0.09456094568491932,0.338399034704514,0.06256161294439665
lonestar,Web,180,3,0.11269770929948518,0.338399034704514,0.07456091325912946
lonestar,Web,180,4,0.1296395130230671,0.338399034704514,0.08576962695649791
lonestar,Web,180,5,0.14496608376003464,0.338399034704514,0.09590970095074519
lonestar,Web,180,6,0.1572376675035524,0.338399034704514,0.10402859260116093
lonestar,Web,180,7,0.1722238227926263,0.338399034704514,0.11394344740648027
lonestar,Web,180,8,0.18467707592061508,0.338399034704514,0.12218253169702668
lonestar,Web,180,9,0.19715686188989862,0.338399034704514,0.13043917014098574
lonestar,Web,180,10,0.206156514139802,0.338399034704514,0.1363933487568455
lonestar,Web,180,11,0.21479853869115256,0.338399034704514,0.14211092054212632
lonestar,Web,180,12,0.22268231151671328,0.338399034704514,0.14732683225368762
lonestar,Web,180,13,0.23441018364031815,0.338399034704514,0.15508600377152662
lonestar,Web,180,14,0.2494274780454745,0.338399034704514,0.16502146024610456
lonestar,Web,180,15,0.25881284727330806,0.338399034704514,0.17123082958689378
lonestar,Web,180,16,0.2678389467768085,0.338399034704514,0.17720250573126278
lonestar,Web,180,17,0.2798460233678257,0.338399034704514,0.1851463991942566
lonestar,Web,180,18,0.289404938592704,0.338399034704514,0.1914705867342138
lonestar,Web,180,19,0.2960322440317678,0.338399034704514,0.19585521841000644
lonestar,Web,180,20,0.30255829607309087,0.338399034704514,0.20017286074011437
lonestar,Web,180,21,0.3119470379238491,0.338399034704514,0.20638446141148611
lonestar,Web,180,22,0.3204354975744467,0.338399034704514,0.2120004345101933
lonestar,Web,180,23,0.3273659548538633,0.338399034704514,0.2165856317361944
lonestar,Web,180,24,0.3354435201690946,0.338399034704514,0.2219297567459888
lonestar,Web,180,25,0.3417372454514823,0.338399034704514,0.2260936914681211
lonestar,Web,180,26,0.3486823672369067,0.338399034704514,0.23068859074545262
lonestar,Web,180,27,0.3562578760056616,0.338399034704514,0.23570055465946527
lonestar,Web,180,28,0.3670912584731893,0.338399034704514,0.24286793095739678
lonestar,Web,180,29,0.37547762690674363,0.338399034704514,0.2484163604083599
lonestar,Web,180,30,0.3832981417889734,0.338399034704514,0.25359042060355086
lonestar,Web,180,31,0.3911524666451707,0.338399034704514,0.25878684951015535
lonestar,Web,180,32,0.3974957996148516,0.338399034704514,0.2629836047260869
lonestar,Web,180,33,0.40443161951619827,0.338399034704514,0.2675723498679335
lonestar,Web,180,34,0.41103482781952644,0.338399034704514,0.27194103885546256
lonestar,Web,180,35,0.42108326460425455,0.338399034704514,0.27858909433194934
lonestar,Web,180,36,0.4333802531253115,0.338399034704514,0.2867247938077081
lonestar,Web,180,37,0.4392895875800518,0.338399034704514,0.2906344151872182
lonestar,Web,180,38,0.4475606634724313,0.338399034704514,0.29610656698164867
lonestar,Web,180,39,0.4533209574466796,0.338399034704514,0.2999175830353971
lonestar,Web,180,40,0.460145785504994,0.338399034704514,0.30443289586675365
lonestar,Web,180,41,0.46609300447141355,0.338399034704514,0.30836758167576045
lonestar,Web,180,42,0.4725124775314348,0.338399034704514,0.3126147112489589
lonestar,Web,180,43,0.4802162705033089,0.338399034704514,0.3177115481155874
lonestar,Web,180,44,0.4875779111741854,0.338399034704514,0.3225820166895978
lonestar,Web,180,45,0.495881341253032,0.338399034704514,0.32807557404502624
lonestar,Web,180,46,0.5027055627595487,0.338399034704514,0.3325904855811279
lonestar,Web,180,47,0.5095443629169153,0.338399034704514,0.3371150423667046
lonestar,Web,180,48,0.5141898931823641,0.338399034704514,0.34018852967463487
lonestar,Web,180,49,0.521009640477387,0.338399034704514,0.3447004810680933
lonestar,Web,180,50,0.526675654894599,0.338399034704514,0.3484491216758989
lonestar,Web,180,51,0.5317040263827997,0.338399034704514,0.3517758971063568
lonestar,Web,180,52,0.5405398590858458,0.338399034704514,0.35762169255188153
lonestar,Web,180,53,0.5469893600277932,0.338399034704514,0.3618886886007481
lonestar,Web,180,54,0.5541884162733357,0.338399034704514,0.3666515911620155
lonestar,Web,180,55,0.5613949723534561,0.338399034704514,0.37141945562107925
lonestar,Web,180,56,0.5664267191240124,0.338399034704514,0.37474846414160173
lonestar,Web,180,57,0.5763341433196854,0.338399034704514,0.3813032255530508
lonestar,Web,180,58,0.5832581033494159,0.338399034704514,0.3858841241923878
lonestar,Web,180,59,0.5872830597670246,0.338399034704514,0.38854703924355
lonestar,Web,180,60,0.5948713295971441,0.338399034704514,0.3935674458880797
lonestar,Web,180,61,0.5983222490716783,0.338399034704514,0.39585057754358854
lonestar,Web,180,62,0.6000978726960262,0.338399034704514,0.3970253318474586
lonestar,Web,180,63,0.6036610284935586,0.338399034704514,0.39938271916260426
lonestar,Web,180,64,0.6052950793698149,0.338399034704514,0.4004638087996773
lonestar,Web,180,65,0.610143038602534,0.338399034704514,0.40367122330775745
lonestar,Web,180,66,0.6136582802388364,0.338399034704514,0.40599691056758197
lonestar,Web,180,67,0.618067742906292,0.338399034704514,0.408914215324805
lonestar,Web,180,68,0.6196190838614933,0.338399034704514,0.40994058399826866
lonestar,Web,180,69,0.622518040597634,0.338399034704514,0.4118585365732492
lonestar,Web,180,70,0.6292717875930343,0.338399034704514,0.41632682210476746
lonestar,Web,180,71,0.6335690139374917,0.338399034704514,0.41916987120235366
lonestar,Web,180,72,0.6371155817564179,0.338399034704514,0.4215162838948412
lonestar,Web,180,73,0.6395182689674478,0.338399034704514,0.42310590407296167
lonestar,Web,180,74,0.6411704876297962,0.338399034704514,0.4241990135348506
lonestar,Web,180,75,0.6450006008961685,0.338399034704514,0.42673302016907355
lonestar,Web,180,76,0.6490042130201501,0.338399034704514,0.4293818138149685
lonestar,Web,180,77,0.6558323609491299,0.338399034704514,0.4338993230759619
lonestar,Web,180,78,0.6591504966045625,0.338399034704514,0.4360946048285775
lonestar,Web,180,79,0.6641898825102258,0.338399034704514,0.4394286674082608
lonestar,Web,180,80,0.6724544054040432,0.338399034704514,0.44489648373251706
lonestar,Web,180,81,0.6768088147802357,0.338399034704514,0.4477773651790977
lonestar,Web,180,82,0.6806642749578597,0.338399034704514,0.45032814135427207
lonestar,Web,180,83,0.6977559421850293,0.338399034704514,0.46163600489027673
lonestar,Web,180,84,0.7281238315855436,0.338399034704514,0.4817274298316435
lonestar,Web,180,85,0.7331315913451362,0.338399034704514,0.48504056852255784
lonestar,Web,180,86,0.7392271285492986,0.338399034704514,0.48907338182082627
lonestar,Web,180,87,0.7443612029163245,0.338399034704514,0.49247009037794937
lonestar,Web,180,88,0.7476240653072999,0.338399034704514,0.494628803285445
lonestar,Web,180,89,0.7518621288612733,0.338399034704514,0.4974327102237375
lonestar,Web,180,90,0.7604273651104734,0.338399034704514,0.5030994787941921
lonestar,Web,180,91,0.7636138051052935,0.338399034704514,0.5052076305706212
lonestar,Web,180,92,0.7652313807382494,0.338399034704514,0.5062778201708233
lonestar,Web,180,93,0.7712693276136394,0.338399034704514,0.5102725316519843
lonestar,Web,180,94,0.7766174144605563,0.338399034704514,0.5138108310723886
lonestar,Web,180,95,0.7783111045349859,0.338399034704514,0.5149313780605426
lonestar,Web,180,96,0.7825771932995701,0.338399034704514,0.5177538265052277
lonestar,Web,180,97,0.7845388528656627,0.338399034704514,0.5190516623677357
lonestar,Web,180,98,0.7889084920996204,0.338399034704514,0.5219426199029151
lonestar,Web,180,99,0.7951888288885655,0.338399034704514,0.526097696784862
lonestar,Web,180,100,0.797353942208858,0.338399034704514,0.5275301378475415
lonestar,Web,180,101,0.8002149777697765,0.338399034704514,0.5294230017363899
lonestar,Web,180,102,0.8023644837688086,0.338399034704514,0.530845116980258
lonestar,Web,180,103,0.8053192618298455,0.338399034704514,0.532800000997674
lonestar,Web,180,104,0.8070372171816454,0.338399034704514,0.5339366019167594
lonestar,Web,180,105,0.808492148098308,0.338399034704514,0.5348991856156616
lonestar,Web,180,106,0.8111643350719745,0.338399034704514,0.5366671070968894
lonestar,Web,180,107,0.8127307679774739,0.338399034704514,0.5377034606192383
lonestar,Web,180,108,0.8150722111704917,0.338399034704514,0.5392525616959235
lonestar,Web,180,109,0.81810905088384,0.338399034704514,0.5412617377817224
lonestar,Web,180,110,0.8210425537016848,0.338399034704514,0.5432025460777055
lonestar,Web,180,111,0.823245223165558,0.338399034704514,0.544659834321231
lonestar,Web,180,112,0.8253829990305058,0.338399034704514,0.5460741888970658
lonestar,Web,180,113,0.8274359367828333,0.338399034704514,0.5474324144956972
lonestar,Web,180,114,0.8314910802790125,0.338399034704514,0.5501153013471811
lonestar,Web,180,115,0.8332126335290817,0.338399034704514,0.5512542826392345
lonestar,Web,180,116,0.8348411014294015,0.338399034704514,0.5523316785740388
lonestar,Web,180,117,0.8360019904135162,0.338399034704514,0.55309972384653
lonestar,Web,180,118,0.8377217693575895,0.338399034704514,0.5542375312560236
lonestar,Web,180,119,0.8396652094297056,0.338399034704514,0.5555233130837296
lonestar,Web,180,120,0.8413053253203134,0.338399034704514,0.5566084153401523
lonestar,Web,180,121,0.8446207196859409,0.338399034704514,0.5588018834527866
lonestar,Web,180,122,0.8469002645981981,0.338399034704514,0.5603100325671704
lonestar,Web,180,123,0.848269219227765,0.338399034704514,0.5612157342715375
lonestar,Web,180,124,0.8525656325054309,0.338399034704514,0.5640582454433496
lonestar,Web,180,125,0.8554759807033682,0.338399034704514,0.5659837346204509
lonestar,Web,180,126,0.8579874507988381,0.338399034704514,0.5676453256599245
lonestar,Web,180,127,0.8612753854125599,0.338399034704514,0.5698206263741913
lonestar,Web,180,128,0.8622147105760241,0.338399034704514,0.5704420848090656
lonestar,Web,180,129,0.8647077357841447,0.338399034704514,0.5720914726932642
lonestar,Web,180,130,0.8681268604004924,0.338399034704514,0.5743535688399053
lonestar,Web,180,131,0.8690757935117075,0.338399034704514,0.5749813839022861
lonestar,Web,180,132,0.8710657062459257,0.338399034704514,0.5762979120880987
lonestar,Web,180,133,0.873416421141524,0.338399034704514,0.577853147332161
lonestar,Web,180,134,0.874499005550622,0.338399034704514,0.5785693862222341
lonestar,Web,180,135,0.875681613440474,0.338399034704514,0.5793518007437262
lonestar,Web,180,136,0.8780684174484581,0.338399034704514,0.5809309125793796
lonestar,Web,180,137,0.8816798196364656,0.338399034704514,0.5833202197530356
lonestar,Web,180,138,0.8836751590819134,0.338399034704514,0.5846403382562361
lonestar,Web,180,139,0.8881372204958058,0.338399034704514,0.587592442394875
lonestar,Web,180,140,0.8904592301647898,0.338399034704514,0.5891286862333003
lonestar,Web,180,141,0.8936669206222945,0.338399034704514,0.5912508973363545
lonestar,Web,180,142,0.8948169089364485,0.338399034704514,0.5920117307150773
lonestar,Web,180,143,0.8968438300620043,0.338399034704514,0.5933527436883228
lonestar,Web,180,144,0.8979283123373245,0.338399034704514,0.5940702382085205
lonestar,Web,180,145,0.9002461407697872,0.338399034704514,0.5956037157368271
lonestar,Web,180,146,0.9024555239401336,0.338399034704514,0.597065445775036
lonestar,Web,180,147,0.9032707464451469,0.338399034704514,0.5976047977712834
lonestar,Web,180,148,0.9074420191687711,0.338399034704514,0.6003645158317438
lonestar,Web,180,149,0.9079464660798613,0.338399034704514,0.6006982583950614
lonestar,Web,180,150,0.9097970042633696,0.338399034704514,0.6019225762435867
lonestar,Web,180,151,0.9118567569507058,0.338399034704514,0.6032853106097983
lonestar,Web,180,152,0.9141431057428081,0.338399034704514,0.6047979611776554
lonestar,Web,180,153,0.9167960609883214,0.338399034704514,0.6065531589289727
lonestar,Web,180,154,0.9191413042556031,0.338399034704514,0.608104774138459
lonestar,Web,180,155,0.9224280510749052,0.338399034704514,0.6102792890067911
lonestar,Web,180,156,0.9259672205471918,0.338399034704514,0.6126208069460003
lonestar,Web,180,157,0.9268678864525712,0.338399034704514,0.613216688378408
lonestar,Web,180,158,0.9306799906377988,0.338399034704514,0.6157387801871615
lonestar,Web,180,159,0.9312515622963852,0.338399034704514,0.6161169325482178
lonestar,Web,180,160,0.9337928200517694,0.338399034704514,0.6177982311322446
lonestar,Web,180,161,0.935610002090676,0.338399034704514,0.6190004805233029
lonestar,Web,180,162,0.9372720694458786,0.338399034704514,0.6201001058898911
lonestar,Web,180,163,0.9399901971000734,0.338399034704514,0.6218984217697027
lonestar,Web,180,164,0.9427241749824162,0.338399034704514,0.6237072241757572
lonestar,Web,180,165,0.944075422471515,0.338399034704514,0.6246012108188981
lonestar,Web,180,166,0.9493513418445744,0.338399034704514,0.6280917641689353
lonestar,Web,180,167,0.9511686792778747,0.338399034704514,0.6292941163690744
lonestar,Web,180,168,0.9577405568147853,0.338399034704514,0.6336420768912981
lonestar,Web,180,169,0.9601698995278899,0.338399034704514,0.6352493323753217
lonestar,Web,180,170,0.9667202704807245,0.338399034704514,0.6395830641207606
lonestar,Web,180,171,0.9683913196318781,0.338399034704514,0.64068863185222
lonestar,Web,180,172,0.9697424117265832,0.338399034704514,0.64158251568628
lonestar,Web,180,173,0.9739646949531912,0.338399034704514,0.6443759823447548
lonestar,Web,180,174,0.980424750684458,0.338399034704514,0.6486499614524236
lonestar,Web,180,175,0.985315074409207,0.338399034704514,0.6518854043493248
lonestar,Web,180,176,0.9876729046223712,0.338399034704514,0.6534453470943572
lonestar,Web,180,177,0.9903356807935607,0.338399034704514,0.655207042379582
lonestar,Web,180,178,0.9935413428182757,0.338399034704514,0.6573279114695445
lonestar,Web,180,179,0.9969557616713697,0.338399034704514,0.6595868942786746
lonestar,Web,180,180,1.0,0.338399034704514,0.661600965295486
lonestar,Web,210,1,0.0646425211222196,0.306502989333126,0.04482939516022956
lonestar,Web,210,2,0.08609805112858117,0.306502989333126,0.05970874108191473
lonestar,Web,210,3,0.10261163387337513,0.306502989333126,0.07116086135082941
lonestar,Web,210,4,0.11803720171893836,0.306502989333126,0.08185844653956656
lonestar,Web,210,5,0.13199209463354777,0.306502989333126,0.09153612306002454
lonestar,Web,210,6,0.14316541187276569,0.306502989333126,0.0992847851646548
lonestar,Web,210,7,0.15681035540578406,0.306502989333126,0.10874751271552134
lonestar,Web,210,8,0.16814908321528968,0.306502989333126,0.11661088655617885
lonestar,Web,210,9,0.17951196926380011,0.306502989333126,0.12449101406336915
lonestar,Web,210,10,0.18770618214882634,0.306502989333126,0.13017367620390283
lonestar,Web,210,11,0.19557477384159427,0.306502989333126,0.1356305210209956
lonestar,Web,210,12,0.20275297485158583,0.306502989333126,0.14060858196339068
lonestar,Web,210,13,0.2134312408779442,0.306502989333126,0.14801392753177584
lonestar,Web,210,14,0.22710453667826644,0.306502989333126,0.15749631729526323
lonestar,Web,210,15,0.23564994613653392,0.306502989333126,0.16342253320949618
lonestar,Web,210,16,0.2438682393326856,0.306502989333126,0.16912189497381125
lonestar,Web,210,17,0.25480072194218495,0.306502989333126,0.17670353898266666
lonestar,Web,210,18,0.26350414559985036,0.306502989333126,0.18273933727182495
lonestar,Web,210,19,0.26953832893425245,0.306502989333126,0.18692402537604869
lonestar,Web,210,20,0.2754803207179834,0.306502989333126,0.19104477891547322
lonestar,Web,210,21,0.2840288009604832,0.306502989333126,0.1969731244093917
lonestar,Web,210,22,0.2917575713075484,0.306502989333126,0.2023330035412122
lonestar,Web,210,23,0.29806777538668144,0.306502989333126,0.20670911120678884
lonestar,Web,210,24,0.3054224250939988,0.306502989333126,0.21180953879331543
lonestar,Web,210,25,0.31115288260187757,0.306502989333126,0.21578359394478291
lonestar,Web,210,26,0.31747643876181825,0.306502989333126,0.22016896123848587
lonestar,Web,210,27,0.3243739643372345,0.306502989333126,0.22495237460603534
lonestar,Web,210,28,0.334237794598541,0.306502989333126,0.23179291140597688
lonestar,Web,210,29,0.3418736105577128,0.306502989333126,0.2370883269476649
lonestar,Web,210,30,0.3489942150028673,0.306502989333126,0.24202644484452082
lonestar,Web,210,31,0.35614560354018826,0.306502989333126,0.24698591141727025
lonestar,Web,210,32,0.36192122901002005,0.306502989333126,0.25099129041533
lonestar,Web,210,33,0.36823631577400545,0.306502989333126,0.2553707842082559
lonestar,Web,210,34,0.3742485585873013,0.306502989333126,0.25954025662667995
lonestar,Web,210,35,0.3833976932304399,0.306502989333126,0.2658851541518853
lonestar,Web,210,36,0.39459414160291406,0.306502989333126,0.2736498576282821
lonestar,Web,210,37,0.3999746100017328,0.306502989333126,0.2773811963788505
lonestar,Web,210,38,0.40750545172409963,0.306502989333126,0.2826038126011173
lonestar,Web,210,39,0.41275021827669967,0.306502989333126,0.286241042526991
lonestar,Web,210,40,0.41896424660364184,0.306502989333126,0.29055045259592466
lonestar,Web,210,41,0.42437920897457465,0.306502989333126,0.2943057128130402
lonestar,Web,210,42,0.43022416024633847,0.306502989333126,0.2983591690475019
lonestar,Web,210,43,0.4372384890093618,0.306502989333126,0.3032235850764933
lonestar,Web,210,44,0.44394128698034757,0.306502989333126,0.3078719554324759
lonestar,Web,210,45,0.45150158729558804,0.306502989333126,0.313115001100839
lonestar,Web,210,46,0.4577150633551294,0.306502989333126,0.31742402817398113
lonestar,Web,210,47,0.4639418133240756,0.306502989333126,0.32174226066361533
lonestar,Web,210,48,0.46817158386430163,0.306502989333126,0.3246755938890689
lonestar,Web,210,49,0.47438098613960605,0.306502989333126,0.3289817958050206
lonestar,Web,210,50,0.4795399108463649,0.306502989333126,0.33255949466741336
lonestar,Web,210,51,0.4841182595753121,0.306502989333126,0.33573456582472877
lonestar,Web,210,52,0.4921633142257309,0.306502989333126,0.3413137871754458
lonestar,Web,210,53,0.4980356059824553,0.306502989333126,0.3453862039544979
lonestar,Web,210,54,0.5045903703010306,0.306502989333126,0.34993191341505575
lonestar,Web,210,55,0.5111519632435826,0.306502989333126,0.3544823585059284
lonestar,Web,210,56,0.5157333851781827,0.306502989333126,0.3576595609221772
lonestar,Web,210,57,0.5247541273965807,0.306502989333126,0.36391541868463273
lonestar,Web,210,58,0.5310584157085689,0.306502989333126,0.3682874237833787
lonestar,Web,210,59,0.5347231517253626,0.306502989333126,0.3708289072559083
lonestar,Web,210,60,0.541632296288997,0.306502989333126,0.3756203783570541
lonestar,Web,210,61,0.5447743697867502,0.306502989333126,0.3777993969350415
lonestar,Web,210,62,0.5463910809193103,0.306502989333126,0.3789205812725838
lonestar,Web,210,63,0.5496353459571967,0.306502989333126,0.381170469378169
lonestar,Web,210,64,0.5511231546383766,0.306502989333126,0.38220226025101156
lonestar,Web,210,65,0.5555372374171035,0.306502989333126,0.3852634134628948
lonestar,Web,210,66,0.5587378764540707,0.306502989333126,0.3874830470672552
lonestar,Web,210,67,0.5627527066722153,0.306502989333126,0.39026731982187357
lonestar,Web,210,68,0.5641652076990541,0.306502989333126,0.39124688506155014
lonestar,Web,210,69,0.5668047173135142,0.306502989333126,0.39307737708880475
lonestar,Web,210,70,0.5729540260995853,0.306502989333126,0.3973419043496126
lonestar,Web,210,71,0.5768666647775971,0.306502989333126,0.4000553075766333
lonestar,Web,210,72,0.5800958264065674,0.306502989333126,0.40229472151328444
lonestar,Web,210,73,0.5822834809910565,0.306502989333126,0.4038118534279993
lonestar,Web,210,74,0.583787831501049,0.306502989333126,0.4048551160096742
lonestar,Web,210,75,0.5872751621897158,0.306502989333126,0.4072735694174715
lonestar,Web,210,76,0.59092046415717,0.306502989333126,0.4098015754348791
lonestar,Web,210,77,0.5971375152372395,0.306502989333126,0.4141130817740705
lonestar,Web,210,78,0.6001586886322785,0.306502989333126,0.4162082564922364
lonestar,Web,210,79,0.6047470660244438,0.306502989333126,0.41939028249751453
lonestar,Web,210,80,0.6122719412201314,0.306502989333126,0.4246087609513652
lonestar,Web,210,81,0.6162366452360515,0.306502989333126,0.4273582713345847
lonestar,Web,210,82,0.6197470543705302,0.306502989333126,0.4297927295755634
lonestar,Web,210,83,0.6353090734275395,0.306502989333126,0.44058494327154024
lonestar,Web,210,84,0.6629591363085156,0.306502989333126,0.4597601792242482
lonestar,Web,210,85,0.6675187179909756,0.306502989333126,0.4629222354909257
lonestar,Web,210,86,0.6730687246037356,0.306502989333126,0.46677114848605616
lonestar,Web,210,87,0.677743316150472,0.306502989333126,0.4700129637498065
lonestar,Web,210,88,0.6807141630569717,0.306502989333126,0.472073237198613
lonestar,Web,210,89,0.6845729338202423,0.306502989333126,0.47474928318778986
lonestar,Web,210,90,0.6923716095120994,0.306502989333126,0.4801576414672532
lonestar,Web,210,91,0.6952728735762969,0.306502989333126,0.48216965942292933
lonestar,Web,210,92,0.6967456814944265,0.306502989333126,0.48319104731143875
lonestar,Web,210,93,0.7022432519239902,0.306502989333126,0.48700359597027176
lonestar,Web,210,94,0.7071127025354531,0.306502989333126,0.49038054541291126
lonestar,Web,210,95,0.7086548129021377,0.306502989333126,0.49144999434232545
lonestar,Web,210,96,0.7125391007115691,0.306502989333126,0.4941437363267359
lonestar,Web,210,97,0.7143251981791333,0.306502989333126,0.49538238958125136
lonestar,Web,210,98,0.71830376903049,0.306502989333126,0.49814151657339356
lonestar,Web,210,99,0.7240220362711859,0.306502989333126,0.5021071178110105
lonestar,Web,210,100,0.7259933790491109,0.306502989333126,0.5034742381345012
lonestar,Web,210,101,0.7285983613091808,0.306502989333126,0.5052807855446999
lonestar,Web,210,102,0.7305554935699189,0.306502989333126,0.5066380509170015
lonestar,Web,210,103,0.7332458286837452,0.306502989333126,0.5085037902761321
lonestar,Web,210,104,0.7348100326650457,0.306502989333126,0.5095885610612373
lonestar,Web,210,105,0.7361347520356489,0.306502989333126,0.5105072499847232
lonestar,Web,210,106,0.7385677870377572,0.306502989333126,0.512194552485533
lonestar,Web,210,107,0.7399940293348315,0.306502989333126,0.5131836472550407
lonestar,Web,210,108,0.7421259210400903,0.306502989333126,0.5146621077797033
lonestar,Web,210,109,0.7448909735574413,0.306502989333126,0.5165796634348231
lonestar,Web,210,110,0.7475619374925758,0.306502989333126,0.5184319689394379
lonestar,Web,210,111,0.7495674752623844,0.306502989333126,0.5198228033875797
lonestar,Web,210,112,0.7515139271975735,0.306502989333126,0.5211726619860401
lonestar,Web,210,113,0.7533831337530222,0.306502989333126,0.5224689511445627
lonestar,Web,210,114,0.7570753552038432,0.306502989333126,0.5250294956834272
lonestar,Web,210,115,0.758642835083316,0.306502989333126,0.526116538294122
lonestar,Web,210,116,0.7601255604465983,0.306502989333126,0.5271448039011982
lonestar,Web,210,117,0.7611825536733998,0.306502989333126,0.5278778255442802
lonestar,Web,210,118,0.7627484180414451,0.306502989333126,0.5289637478026293
lonestar,Web,210,119,0.7645179265999986,0.306502989333126,0.5301908966983357
lonestar,Web,210,120,0.7660112574966341,0.306502989333126,0.5312265172110889
lonestar,Web,210,121,0.7690299349383163,0.306502989333126,0.533319960993063
lonestar,Web,210,122,0.771105468055967,0.306502989333126,0.5347593370056939
lonestar,Web,210,123,0.7723519057352378,0.306502989333126,0.5356237378102507
lonestar,Web,210,124,0.7762638041132697,0.306502989333126,0.5383366276414484
lonestar,Web,210,125,0.7789136856910502,0.306502989333126,0.5401743125942605
lonestar,Web,210,126,0.7812003874485407,0.306502989333126,0.5417601334273668
lonestar,Web,210,127,0.7841940626960673,0.306502989333126,0.5438362382624339
lonestar,Web,210,128,0.7850493213376187,0.306502989333126,0.5444293575736968
lonestar,Web,210,129,0.7873192289646938,0.306502989333126,0.5460035317275633
lonestar,Web,210,130,0.7904323531398069,0.306502989333126,0.548162474036839
lonestar,Web,210,131,0.7912963598492918,0.306502989333126,0.548761660107063
lonestar,Web,210,132,0.7931081819190816,0.306502989333126,0.5500181532963224
lonestar,Web,210,133,0.7952485155399436,0.306502989333126,0.55150246826422
lonestar,Web,210,134,0.7962342121944176,0.306502989333126,0.5521860459475221
lonestar,Web,210,135,0.7973109805561133,0.306502989333126,0.5529327815875387
lonestar,Web,210,136,0.7994841734321453,0.306502989333126,0.5544398843506695
lonestar,Web,210,137,0.8027723669667677,0.306502989333126,0.5567202367374242
lonestar,Web,210,138,0.8045891300749273,0.306502989333126,0.5579801565220228
lonestar,Web,210,139,0.8086518516241836,0.306502989333126,0.560797641771604
lonestar,Web,210,140,0.8107660490420836,0.306502989333126,0.5622638313608772
lonestar,Web,210,141,0.8136866617222395,0.306502989333126,0.5642892675238811
lonestar,Web,210,142,0.8147337298532966,0.306502989333126,0.5650154061427337
lonestar,Web,210,143,0.8165792481847565,0.306502989333126,0.566295267588732
lonestar,Web,210,144,0.8175666728526493,0.306502989333126,0.5669800436441744
lonestar,Web,210,145,0.8196770632409857,0.306502989333126,0.5684435930698258
lonestar,Web,210,146,0.8216887138625536,0.306502989333126,0.5698386667623894
lonestar,Web,210,147,0.8224309766266303,0.306502989333126,0.5703534237704059
lonestar,Web,210,148,0.8262289341198487,0.306502989333126,0.5729872959385927
lonestar,Web,210,149,0.826688234686569,0.306502989333126,0.5733058195086109
lonestar,Web,210,150,0.8283731557709032,0.306502989333126,0.5744743072438062
lonestar,Web,210,151,0.8302485673470248,0.306502989333126,0.5757748995656166
lonestar,Web,210,152,0.8323302954195855,0.306502989333126,0.5772185717609587
lonestar,Web,210,153,0.8347458198701461,0.306502989333126,0.5788937307466152
lonestar,Web,210,154,0.8368811715554834,0.306502989333126,0.5803745907571192
lonestar,Web,210,155,0.8398737653122957,0.306502989333126,0.5824499455816089
lonestar,Web,210,156,0.8430961907223902,0.306502989333126,0.5846846879706064
lonestar,Web,210,157,0.8439162499826847,0.306502989333126,0.5852533966161902
lonestar,Web,210,158,0.8473871833439144,0.306502989333126,0.587660478526427
lonestar,Web,210,159,0.8479076012133441,0.306502989333126,0.5880213867631741
lonestar,Web,210,160,0.8502214247328659,0.306502989333126,0.5896260164571732
lonestar,Web,210,161,0.8518759749381591,0.306502989333126,0.5907734420785423
lonestar,Web,210,162,0.853389292715291,0.306502989333126,0.5918229234331722
lonestar,Web,210,163,0.8558641568576679,0.306502989333126,0.5935392343177174
lonestar,Web,210,164,0.8583534526847497,0.306502989333126,0.595265553532464
lonestar,Web,210,165,0.8595837679545593,0.306502989333126,0.5961187734942548
lonestar,Web,210,166,0.8643875098444247,0.306502989333126,0.5994501541348917
lonestar,Web,210,167,0.8660422015368232,0.306502989333126,0.6005976778771454
lonestar,Web,210,168,0.8720259175845566,0.306502989333126,0.604747367068928
lonestar,Web,210,169,0.874237842091093,0.306502989333126,0.6062813301020317
lonestar,Web,210,170,0.8802019763235012,0.306502989333126,0.6104174393634227
lonestar,Web,210,171,0.8817234720552992,0.306502989333126,0.6114725921051671
lonestar,Web,210,172,0.8829536458380038,0.306502989333126,0.6123257139460735
lonestar,Web,210,173,0.8867980485614616,0.306502989333126,0.6149917957425911
lonestar,Web,210,174,0.8926799504884725,0.306502989333126,0.6190708771460088
lonestar,Web,210,175,0.8971326062761134,0.306502989333126,0.6221587806242663
lonestar,Web,210,176,0.8992794184169516,0.306502989333126,0.623647588426401
lonestar,Web,210,177,0.9017038848525448,0.306502989333126,0.6253289486519471
lonestar,Web,210,178,0.9046226506379941,0.306502989333126,0.6273531039989929
lonestar,Web,210,179,0.9077314902002338,0.306502989333126,0.629509074942049
lonestar,Web,210,180,0.9105032791810603,0.306502989333126,0.6314313023144517
lonestar,Web,210,181,0.9123072580372371,0.306502989333126,0.6326823562585164
lonestar,Web,210,182,0.9142807961879423,0.306502989333126,0.6340509990664676
lonestar,Web,210,183,0.917768072744966,0.306502989333126,0.6364694149341321
lonestar,Web,210,184,0.9211560485470771,0.306502989333126,0.6388189660251079
lonestar,Web,210,185,0.9267814862812489,0.306502989333126,0.6427201902774486
lonestar,Web,210,186,0.9313167052972556,0.306502989333126,0.6458653511077689
lonestar,Web,210,187,0.9365397311890112,0.306502989333126,0.6494875039503372
lonestar,Web,210,188,0.9409961819026306,0.306502989333126,0.6525780391984164
lonestar,Web,210,189,0.9470484705488171,0.306502989333126,0.6567752832822398
lonestar,Web,210,190,0.950069315197586,0.306502989333126,0.65887023001585
lonestar,Web,210,191,0.9513825139274689,0.306502989333126,0.6597809294094353
lonestar,Web,210,192,0.9548429892743378,0.306502989333126,0.6621807587179753
lonestar,Web,210,193,0.9579608936728765,0.306502989333126,0.664343016097907
lonestar,Web,210,194,0.9620451861135089,0.306502989333126,0.667175460696175
lonestar,Web,210,195,0.9654019998305923,0.306502989333126,0.6695034009743378
lonestar,Web,210,196,0.9669818781724797,0.306502989333126,0.6705990418816541
lonestar,Web,210,197,0.970990339844493,0.306502989333126,0.6733788980685681
lonestar,Web,210,198,0.9729003424710119,0.306502989333126,0.6747034791804247
lonestar,Web,210,199,0.9741985204096668,0.306502989333126,0.6756037617001956
lonestar,Web,210,200,0.9793058014141772,0.306502989333126,0.6791456458094594
lonestar,Web,210,201,0.9812279781497152,0.306502989333126,0.6804786696295283
lonestar,Web,210,202,0.9836191306371841,0.306502989333126,0.6821369267316366
lonestar,Web,210,203,0.9867947257762257,0.306502989333126,0.6843391924676503
lonestar,Web,210,204,0.9887380103575018,0.306502989333126,0.6856868545156403
lonestar,Web,210,205,0.9910048173433929,0.306502989333126,0.6872588783841145
lonestar,Web,210,206,0.9928693941899881,0.306502989333126,0.688551956853387
lonestar,Web,210,207,0.9952514615214721,0.306502989333126,0.6902039134269784
lonestar,Web,210,208,0.9979876076655336,0.306502989333126,0.6921014225986327
lonestar,Web,210,209,0.9988651428820966,0.306502989333126,0.692709990648074
lonestar,Web,210,210,1.0,0.306502989333126,0.6934970106668741
lonestar,Web,240,1,0.060891496604272836,0.2865633609224273,0.04344222468575584
lonestar,Web,240,2,0.08110202227444459,0.2865633609224273,0.057861154193874186
lonestar,Web,240,3,0.09665736804643006,0.2865633609224273,0.06895890780112904
lonestar,Web,240,4,0.1111878333776195,0.2865633609224273,0.07932547415124602
lonestar,Web,240,5,0.12433296292657905,0.2865633609224273,0.08870369119689502
lonestar,Web,240,6,0.13485792384887885,0.2865633609224273,0.09621258394372337
lonestar,Web,240,7,0.1477110895110809,0.2865633609224273,0.10538250325527206
lonestar,Web,240,8,0.1583918626913825,0.2865633609224273,0.11300255817577631
lonestar,Web,240,9,0.1690953922757165,0.2865633609224273,0.12063884834869092
lonestar,Web,240,10,0.17681411792875662,0.2865633609224273,0.12614567003655772
lonestar,Web,240,11,0.18422611727566784,0.2865633609224273,0.1314336619394632
lonestar,Web,240,12,0.19098778737820424,0.2865633609224273,0.1362576851319681
lonestar,Web,240,13,0.20104642352350804,0.2865633609224273,0.14343388469717783
lonestar,Web,240,14,0.2139262962503215,0.2865633609224273,0.15262285780714252
lonestar,Web,240,15,0.2219758395227196,0.2865633609224273,0.1583656969055117
lonestar,Web,240,16,0.22971724817384936,0.2865633609224273,0.16388870147529977
lonestar,Web,240,17,0.24001534942571687,0.2865633609224273,0.17123574422131266
lonestar,Web,240,18,0.2482137377759218,0.2865633609224273,0.1770847748517356
lonestar,Web,240,19,0.25389777434562183,0.2865633609224273,0.1811399747984164
lonestar,Web,240,20,0.2594949689822231,0.2865633609224273,0.1851332185282162
lonestar,Web,240,21,0.2675474048498419,0.2865633609224273,0.1908781213099979
lonestar,Web,240,22,0.27482769629227705,0.2865633609224273,0.19607214796819403
lonestar,Web,240,23,0.28077173689567986,0.2865633609224273,0.20031284431882634
lonestar,Web,240,24,0.28769961687164813,0.2865633609224273,0.20525544772481397
lonestar,Web,240,25,0.2930975519741822,0.2865633609224273,0.20910653240232474
lonestar,Web,240,26,0.2990541698745259,0.2865633609224273,0.21335620185741525
lonestar,Web,240,27,0.30555145135213485,0.2865633609224273,0.21799160051794156
lonestar,Web,240,28,0.31484291115961777,0.2865633609224273,0.2246204683751165
lonestar,Web,240,29,0.32203564209704,0.2865633609224273,0.22975202616090032
lonestar,Web,240,30,0.32874305780214097,0.2865633609224273,0.23453734227844367
lonestar,Web,240,31,0.33547947128472766,0.2865633609224273,0.23934334647289718
lonestar,Web,240,32,0.3409199533788415,0.2865633609224273,0.24322478573308345
lonestar,Web,240,33,0.346868593338565,0.2865633609224273,0.24746876343303115
lonestar,Web,240,34,0.3525319625341707,0.2865633609224273,0.2515092185177995
lonestar,Web,240,35,0.3611501985092403,0.2865633609224273,0.2576577838266306
lonestar,Web,240,36,0.3716969483298948,0.2865633609224273,0.2651822215718704
lonestar,Web,240,37,0.37676520321148627,0.2865633609224273,0.2687981003005815
lonestar,Web,240,38,0.383859051273164,0.2865633609224273,0.27385911141983177
lonestar,Web,240,39,0.3887994787067418,0.2865633609224273,0.27738379336365016
lonestar,Web,240,40,0.39465292436758553,0.2865633609224273,0.2815598559629457
lonestar,Web,240,41,0.39975367163266373,0.2865633609224273,0.28519891594852725
lonestar,Web,240,42,0.4052594567465183,0.2865633609224273,0.289126944775639
lonestar,Web,240,43,0.411866763649777,0.2865633609224273,0.2938408396060539
lonestar,Web,240,44,0.4181806170206523,0.2865633609224273,0.29834537393459976
lonestar,Web,240,45,0.42530221427553583,0.2865633609224273,0.30342618234498797
lonestar,Web,240,46,0.4311551397155098,0.2865633609224273,0.3076018737996546
lonestar,Web,240,47,0.43702056881708945,0.2865633609224273,0.31178648582463336
lonestar,Web,240,48,0.4410048976151582,0.2865633609224273,0.3146290519713075
lonestar,Web,240,49,0.4468539856611889,0.2865633609224273,0.31880200568853645
lonestar,Web,240,50,0.45171355241090416,0.2865633609224273,0.32226899865782643
lonestar,Web,240,51,0.4560262323813338,0.2865633609224273,0.3253458225613469
lonestar,Web,240,52,0.46360445503451514,0.2865633609224273,0.33075240426121416
lonestar,Web,240,53,0.46913599414153456,0.2865633609224273,0.33469880693065224
lonestar,Web,240,54,0.4753104038383919,0.2865633609224273,0.3391038570330661
lonestar,Web,240,55,0.4814912459132949,0.2865633609224273,0.34351349622965416
lonestar,Web,240,56,0.48580682075985754,0.2865633609224273,0.34659238544387355
lonestar,Web,240,57,0.4943041145631278,0.2865633609224273,0.35265466617613334
lonestar,Web,240,58,0.5002425826747906,0.2865633609224273,0.3568913869069874
lonestar,Web,240,59,0.5036946643208673,0.2865633609224273,0.35935422843438575
lonestar,Web,240,60,0.5102028905693384,0.2865633609224273,0.36399743549545144
lonestar,Web,240,61,0.5131626383390313,0.2865633609224273,0.36610902799677847
lonestar,Web,240,62,0.5146855362509529,0.2865633609224273,0.36719551916471804
lonestar,Web,240,63,0.5177415456718155,0.2865633609224273,0.3693757882549277
lonestar,Web,240,64,0.5191430209807162,0.2865633609224273,0.37037565208906
lonestar,Web,240,65,0.5233009668941134,0.2865633609224273,0.3733420830469804
lonestar,Web,240,66,0.5263158818087484,0.2865633609224273,0.3754930338107825
lonestar,Web,240,67,0.5300977426698474,0.2865633609224273,0.37819115191298397
lonestar,Web,240,68,0.5314282802167458,0.2865633609224273,0.37914040614860967
lonestar,Web,240,69,0.5339146264782408,0.2865633609224273,0.38091425666899376
lonestar,Web,240,70,0.5397071080919719,0.2865633609224273,0.38504682528341266
lonestar,Web,240,71,0.5433927073019013,0.2865633609224273,0.3876762667967316
lonestar,Web,240,72,0.5464344897223816,0.2865633609224273,0.38984638582360437
lonestar,Web,240,73,0.5484952008362145,0.2865633609224273,0.3913165726347671
lonestar,Web,240,74,0.5499122580979146,0.2865633609224273,0.3923275532049349
lonestar,Web,240,75,0.5531972287503656,0.2865633609224273,0.394671171626688
lonestar,Web,240,76,0.5566310040505758,0.2865633609224273,0.3971209527362175
lonestar,Web,240,77,0.5624872970626457,0.2865633609224273,0.40129904674020217
lonestar,Web,240,78,0.565333160224095,0.2865633609224273,0.4033293897893812
lonestar,Web,240,79,0.5696552869224939,0.2865633609224273,0.4064129533347544
lonestar,Web,240,80,0.5767435146783307,0.2865633609224273,0.411469954721895
lonestar,Web,240,81,0.5804781580203795,0.2865633609224273,0.41413438611599973
lonestar,Web,240,82,0.5837848679410458,0.2865633609224273,0.41649351412820435
lonestar,Web,240,83,0.5984438666019101,0.2865633609224273,0.426951780865054
lonestar,Web,240,84,0.624489473747114,0.2865633609224273,0.44553367128946314
lonestar,Web,240,85,0.6287844756702211,0.2865633609224273,0.4485978830263163
lonestar,Web,240,86,0.6340124309378631,0.2865633609224273,0.45232769786171073
lonestar,Web,240,87,0.6384157690248212,0.2865633609224273,0.4554692005871924
lonestar,Web,240,88,0.6412142260029596,0.2865633609224273,0.45746572232827865
lonestar,Web,240,89,0.6448490831024238,0.2865633609224273,0.46005896256084766
lonestar,Web,240,90,0.6521952234782099,0.2865633609224273,0.4652999682607405
lonestar,Web,240,91,0.6549281353115705,0.2865633609224273,0.4672497276940286
lonestar,Web,240,92,0.6563154803097022,0.2865633609224273,0.4682395104467368
lonestar,Web,240,93,0.6614940421190507,0.2865633609224273,0.47193408617925386
lonestar,Web,240,94,0.6660809321447655,0.2865633609224273,0.4752065415830183
lonestar,Web,240,95,0.667533558164392,0.2865633609224273,0.4762428982082972
lonestar,Web,240,96,0.6711924516272695,0.2865633609224273,0.47885328686319545
lonestar,Web,240,97,0.6728749068594139,0.2865633609224273,0.480053612069415
lonestar,Web,240,98,0.6766226123832626,0.2865633609224273,0.4827273625026021
lonestar,Web,240,99,0.6820090645856888,0.2865633609224273,0.486570254858453
lonestar,Web,240,100,0.683866015861474,0.2865633609224273,0.48789507193558
lonestar,Web,240,101,0.686319838294286,0.2865633609224273,0.48964571876493856
lonestar,Web,240,102,0.688163403649411,0.2865633609224273,0.4909609858358188
lonestar,Web,240,103,0.6906976261488426,0.2865633609224273,0.49276899301848803
lonestar,Web,240,104,0.6921710637524853,0.2865633609224273,0.4938201973903214
lonestar,Web,240,105,0.6934189133668929,0.2865633609224273,0.4947104590252986
lonestar,Web,240,106,0.695710766159714,0.2865633609224273,0.49634555077906944
lonestar,Web,240,107,0.6970542476094082,0.2865633609224273,0.49730403966920234
lonestar,Web,240,108,0.6990624316077706,0.2865633609224273,0.4987367517116434
lonestar,Web,240,109,0.7016670358689902,0.2865633609224273,0.5005949718218949
lonestar,Web,240,110,0.704183011244995,0.2865633609224273,0.5023899608381539
lonestar,Web,240,111,0.7060721732730222,0.2865633609224273,0.5037377582461026
lonestar,Web,240,112,0.7079056780519873,0.2865633609224273,0.50504584773334
lonestar,Web,240,113,0.709666419784331,0.2865633609224273,0.506302025397147
lonestar,Web,240,114,0.7131443919616507,0.2865633609224273,0.5087833381781393
lonestar,Web,240,115,0.7146209153722666,0.2865633609224273,0.5098367440777284
lonestar,Web,240,116,0.716017602333975,0.2865633609224273,0.5108331917295331
lonestar,Web,240,117,0.7170132612031401,0.2865633609224273,0.5115435312468181
lonestar,Web,240,118,0.7184882628459336,0.2865633609224273,0.5125958514614866
lonestar,Web,240,119,0.7201550917770124,0.2865633609224273,0.5137850282919927
lonestar,Web,240,120,0.7215617688626665,0.2865633609224273,0.5147886032642491
lonestar,Web,240,121,0.7244052809039443,0.2865633609224273,0.5168172689381549
lonestar,Web,240,122,0.7263603766457476,0.2865633609224273,0.518212105873262
lonestar,Web,240,123,0.7275344870362018,0.2865633609224273,0.5190497592441338
lonestar,Web,240,124,0.7312193889036865,0.2865633609224273,0.5216787032478027
lonestar,Web,240,125,0.7337155052725094,0.2865633609224273,0.5234595241207222
lonestar,Web,240,126,0.7358695161292016,0.2865633609224273,0.5249962743868573
lonestar,Web,240,127,0.7386894767836508,0.2865633609224273,0.5270081376384985
lonestar,Web,240,128,0.7394951071607417,0.2865633609224273,0.5275829038670691
lonestar,Web,240,129,0.7416332984033872,0.2865633609224273,0.5291083678409272
lonestar,Web,240,130,0.744565776698582,0.2865633609224273,0.5312005053000188
lonestar,Web,240,131,0.7453796475177167,0.2865633609224273,0.5317811505618656
lonestar,Web,240,132,0.7470863346254419,0.2865633609224273,0.5329987636759581
lonestar,Web,240,133,0.7491024706786803,0.2865633609224273,0.5344371490057036
lonestar,Web,240,134,0.7500309701159976,0.2865633609224273,0.5350995745236488
lonestar,Web,240,135,0.7510452566243442,0.2865633609224273,0.5358232036812253
lonestar,Web,240,136,0.7530923452021727,0.2865633609224273,0.5372836716760853
lonestar,Web,240,137,0.7561897340720946,0.2865633609224273,0.5394934623813586
lonestar,Web,240,138,0.7579010755035668,0.2865633609224273,0.5407143960605424
lonestar,Web,240,139,0.7617280486959166,0.2865633609224273,0.5434446989527324
lonestar,Web,240,140,0.7637195651568761,0.2865633609224273,0.544865519763307
lonestar,Web,240,141,0.7664707028601823,0.2865633609224273,0.5468282821999934
lonestar,Web,240,142,0.7674570125591212,0.2865633609224273,0.547531951676694
lonestar,Web,240,143,0.769195440628793,0.2865633609224273,0.5487722099559986
lonestar,Web,240,144,0.7701255678077483,0.2865633609224273,0.5494357967644673
lonestar,Web,240,145,0.772113498150411,0.2865633609224273,0.5508540591068568
lonestar,Web,240,146,0.7740084183185243,0.2865633609224273,0.5522059645829159
lonestar,Web,240,147,0.7747076096525505,0.2865633609224273,0.5527047932983358
lonestar,Web,240,148,0.7782851823057615,0.2865633609224273,0.5552571647080985
lonestar,Web,240,149,0.778717830946521,0.2865633609224273,0.5555658321002634
lonestar,Web,240,150,0.7803049807776858,0.2865633609224273,0.5566981629415222
lonestar,Web,240,151,0.7820715674707251,0.2865633609224273,0.5579585106144432
lonestar,Web,240,152,0.7840324986915493,0.2865633609224273,0.5593575107940904
lonestar,Web,240,153,0.7863078570211038,0.2865633609224273,0.5609808347934249
lonestar,Web,240,154,0.7883193002265879,0.2865633609224273,0.5624158720736409
lonestar,Web,240,155,0.7911382421462011,0.2865633609224273,0.5644270085225246
lonestar,Web,240,156,0.7941736792317272,0.2865633609224273,0.5665926005549538
lonestar,Web,240,157,0.7949461527491062,0.2865633609224273,0.567143711464969
lonestar,Web,240,158,0.7982156775651228,0.2865633609224273,0.5694763102610887
lonestar,Web,240,159,0.7987058970426285,0.2865633609224273,0.5698260507975307
lonestar,Web,240,160,0.8008854558614353,0.2865633609224273,0.5713810279158922
lonestar,Web,240,161,0.8024439971506393,0.2865633609224273,0.5724929483751254
lonestar,Web,240,162,0.8038695013340726,0.2865633609224273,0.5735099552887452
lonestar,Web,240,163,0.8062007560392638,0.2865633609224273,0.5751731578104505
lonestar,Web,240,164,0.8085456049989012,0.2865633609224273,0.5768460589713588
lonestar,Web,240,165,0.8097045285181765,0.2865633609224273,0.5776728774718984
lonestar,Web,240,166,0.8142295227154404,0.2865633609224273,0.5809011741238399
lonestar,Web,240,167,0.8157881972816489,0.2865633609224273,0.5820131896677714
lonestar,Web,240,168,0.8214246950400299,0.2865633609224273,0.5860344736846791
lonestar,Web,240,169,0.8235082677602834,0.2865633609224273,0.5875209708034904
lonestar,Web,240,170,0.8291263199812584,0.2865633609224273,0.5915290950981851
lonestar,Web,240,171,0.8305595275755451,0.2865633609224273,0.5925515979073535
lonestar,Web,240,172,0.831718317817816,0.2865633609224273,0.5933783213231951
lonestar,Web,240,173,0.8353396406145908,0.2865633609224273,0.5959619056883411
lonestar,Web,240,174,0.8408802322406209,0.2865633609224273,0.5999147667565173
lonestar,Web,240,175,0.8450745128792196,0.2865633609224273,0.6029071202386674
lonestar,Web,240,176,0.8470967515220582,0.2865633609224273,0.604349859379427
lonestar,Web,240,177,0.8493805329582892,0.2865633609224273,0.6059791927316793
lonestar,Web,240,178,0.8521299309370177,0.2865633609224273,0.6079407139851101
lonestar,Web,240,179,0.8550583732434284,0.2865633609224273,0.6100299720219282
lonestar,Web,240,180,0.8576693230700084,0.2865633609224273,0.6118927192910038
lonestar,Web,240,181,0.8593686220838478,0.2865633609224273,0.6131050614682251
lonestar,Web,240,182,0.8612276413410772,0.2865633609224273,0.6144313539190833
lonestar,Web,240,183,0.8645125610029927,0.2865633609224273,0.6167749359623201
lonestar,Web,240,184,0.8677039420547861,0.2865633609224273,0.6190517841339275
lonestar,Web,240,185,0.8730029513870525,0.2865633609224273,0.6228322915423804
lonestar,Web,240,186,0.8772750043410312,0.2865633609224273,0.6258801306438283
lonestar,Web,240,187,0.8821949526634449,0.2865633609224273,0.6293902020394065
lonestar,Web,240,188,0.8863928080190925,0.2865633609224273,0.6323851058556735
lonestar,Web,240,189,0.8920938993000245,0.2865633609224273,0.6364524732582161
lonestar,Web,240,190,0.8949394527914293,0.2865633609224273,0.6384825953774393
lonestar,Web,240,191,0.8961764502756426,0.2865633609224273,0.6393651147051239
lonestar,Web,240,192,0.8994361239265921,0.2865633609224273,0.6416906853191471
lonestar,Web,240,193,0.9023731050622306,0.2865633609224273,0.6437860352695912
lonestar,Web,240,194,0.906220397447523,0.2865633609224273,0.646530834618503
lonestar,Web,240,195,0.9093824246628369,0.2865633609224273,0.6487867406876683
lonestar,Web,240,196,0.910870627087806,0.2865633609224273,0.6498484788240053
lonestar,Web,240,197,0.9146464889516753,0.2865633609224273,0.6525423170217854
lonestar,Web,240,198,0.9164456594733035,0.2865633609224273,0.6538259111918633
lonestar,Web,240,199,0.9176685077807495,0.2865633609224273,0.6546983359784293
lonestar,Web,240,200,0.9224794275676684,0.2865633609224273,0.6581306224220805
lonestar,Web,240,201,0.9242900657688539,0.2865633609224273,0.6594223980549198
lonestar,Web,240,202,0.9265424663720995,0.2865633609224273,0.6610293431711556
lonestar,Web,240,203,0.929533790616089,0.2865633609224273,0.6631634634861787
lonestar,Web,240,204,0.9313643118338208,0.2865633609224273,0.6644694243915176
lonestar,Web,240,205,0.9334995823568093,0.2865633609224273,0.6659928046169599
lonestar,Web,240,206,0.9352559630293421,0.2865633609224273,0.6672458709409125
lonestar,Web,240,207,0.9374998056627687,0.2865633609224273,0.6688467104879232
lonestar,Web,240,208,0.9400771809066102,0.2865633609224273,0.6706855044195312
lonestar,Web,240,209,0.9409037952114335,0.2865633609224273,0.6712752413509779
lonestar,Web,240,210,0.9419727997480991,0.2865633609224273,0.6720379083547753
lonestar,Web,240,211,0.9440026931360489,0.2865633609224273,0.67348610867116
lonestar,Web,240,212,0.9448891561764736,0.2865633609224273,0.674118543883387
lonestar,Web,240,213,0.950607334870478,0.2865633609224273,0.6781981020724825
lonestar,Web,240,214,0.9524175451731721,0.2865633609224273,0.6794895724268601
lonestar,Web,240,215,0.9534838111594955,0.2865633609224273,0.6802502856485055
lonestar,Web,240,216,0.9566119773408921,0.2865633609224273,0.6824820340154372
lonestar,Web,240,217,0.9576468355779794,0.2865633609224273,0.6832203397980264
lonestar,Web,240,218,0.9604386164923544,0.2865633609224273,0.6852120985906192
lonestar,Web,240,219,0.962137544660835,0.2865633609224273,0.6864241761931741
lonestar,Web,240,220,0.9639963357055357,0.2865633609224273,0.6877503058288529
lonestar,Web,240,221,0.9660865057275777,0.2865633609224273,0.6892415097044793
lonestar,Web,240,222,0.9679883718870346,0.2865633609224273,0.6905983707052575
lonestar,Web,240,223,0.9695449810174243,0.2865633609224273,0.6917089126916002
lonestar,Web,240,224,0.9710760018180552,0.2865633609224273,0.6928011990259602
lonestar,Web,240,225,0.9728689250217152,0.2865633609224273,0.6940803361305036
lonestar,Web,240,226,0.9754009430255154,0.2865633609224273,0.6958867705452186
lonestar,Web,240,227,0.9764670949055746,0.2865633609224273,0.6966474023592744
lonestar,Web,240,228,0.9782519736176047,0.2865633609224273,0.6979208002287463
lonestar,Web,240,229,0.9800967866449343,0.2865633609224273,0.6992369574346907
lonestar,Web,240,230,0.9812253831781064,0.2865633609224273,0.7000421395521916
lonestar,Web,240,231,0.9834066670521555,0.2865633609224273,0.7015983473881674
lonestar,Web,240,232,0.9845442209270716,0.2865633609224273,0.7024099200014572
lonestar,Web,240,233,0.9863205131427165,0.2865633609224273,0.7036771919498066
lonestar,Web,240,234,0.9880369280961943,0.2865633609224273,0.7049017452654782
lonestar,Web,240,235,0.9897302935842927,0.2865633609224273,0.7061098542480371
lonestar,Web,240,236,0.9922705272391192,0.2865633609224273,0.7079221500092083
lonestar,Web,240,237,0.9932226013814902,0.2865633609224273,0.7086013945854941
lonestar,Web,240,238,0.9971693659026464,0.2865633609224273,0.7114171610006984
lonestar,Web,240,239,0.9988370860078534,0.2865633609224273,0.7126069736274794
lonestar,Web,240,240,1.0,0.2865633609224273,0.7134366390775727
lonestar,Web,270,1,0.05686678655847425,0.19102592307171734,0.04600375616401938
lonestar,Web,270,2,0.07574146879841731,0.19102592307171734,0.061272884806391974
lonestar,Web,270,3,0.09026866187444839,0.19102592307171734,0.07302500741543315
lonestar,Web,270,4,0.10383871543963007,0.19102592307171734,0.08400282897219336
lonestar,Web,270,5,0.116114998960829,0.19102592307171734,0.09393402410186515
lonestar,Web,270,6,0.12594429762619808,0.19102592307171734,0.1018856719165345
lonestar,Web,270,7,0.13794791502885959,0.19102592307171734,0.11159628722465287
lonestar,Web,270,8,0.14792272731949835,0.19102592307171734,0.11966565179000524
lonestar,Web,270,9,0.15791879189728905,0.19102592307171734,0.12775220890473898
lonestar,Web,270,10,0.1651273374035273,0.19102592307171734,0.13358373535164358
lonestar,Web,270,11,0.17204943011495485,0.19102592307171734,0.1391835289132827
lonestar,Web,270,12,0.1783641780180762,0.19102592307171734,0.14429199626924508
lonestar,Web,270,13,0.18775797430562233,0.19102592307171734,0.15189133394981505
lonestar,Web,270,14,0.1997865335314867,0.19102592307171734,0.16162212654633587
lonestar,Web,270,15,0.20730403079616297,0.19102592307171734,0.16770358695683824
lonestar,Web,270,16,0.2145337600354806,0.19102592307171734,0.17355225049465664
lonestar,Web,270,17,0.22415119364289193,0.19102592307171734,0.18133250496963124
lonestar,Web,270,18,0.23180769785832406,0.19102592307171734,0.18752641839980796
lonestar,Web,270,19,0.23711603994918035,0.19102592307171734,0.19182072954277798
lonestar,Web,270,20,0.242343280047981,0.19102592307171734,0.19604943127658775
lonestar,Web,270,21,0.2498634787176841,0.19102592307171734,0.2021330770537281
lonestar,Web,270,22,0.256662568945849,0.19102592307171734,0.2076333647950099
lonestar,Web,270,23,0.2622137297341173,0.19102592307171734,0.21212410996957973
lonestar,Web,270,24,0.2686837016327628,0.19102592307171734,0.2173581495140384
lonestar,Web,270,25,0.2737248525397149,0.19102592307171734,0.22143630991564617
lonestar,Web,270,26,0.2792877593105999,0.19102592307171734,0.22593655728566095
lonestar,Web,270,27,0.28535559373087577,0.19102592307171734,0.2308452780347573
lonestar,Web,270,28,0.2940329212914484,0.19102592307171734,0.2378650110882759
lonestar,Web,270,29,0.30075023845067594,0.19102592307171734,0.24329914653659648
lonestar,Web,270,30,0.30701431797790124,0.19102592307171734,0.24836662448993893
lonestar,Web,270,31,0.31330547863327923,0.19102592307171734,0.2534560103739309
lonestar,Web,270,32,0.31838636432790784,0.19102592307171734,0.2575663151887212
lonestar,Web,270,33,0.3239418204715013,0.19102592307171734,0.2620605351944002
lonestar,Web,270,34,0.3292308612277396,0.19102592307171734,0.2663392320580142
lonestar,Web,270,35,0.33727946264231634,0.19102592307171734,0.27285034195793506
lonestar,Web,270,36,0.34712911003782315,0.19102592307171734,0.28081845136778427
lonestar,Web,270,37,0.35186237140678717,0.19102592307171734,0.2846475371146022
lonestar,Web,270,38,0.3584873414945377,0.19102592307171734,0.2900069661760177
lonestar,Web,270,39,0.36310122435241426,0.19102592307171734,0.29373947780202364
lonestar,Web,270,40,0.3685677781996631,0.19102592307171734,0.2981617781545805
lonestar,Web,270,41,0.3733313843218284,0.19102592307171734,0.30201541202010906
lonestar,Web,270,42,0.3784732567402577,0.19102592307171734,0.30617505351349095
lonestar,Web,270,43,0.38464384429923687,0.19102592307171734,0.31116689888812127
lonestar,Web,270,44,0.39054037455429835,0.19102592307171734,0.3159370390082893
lonestar,Web,270,45,0.397191259712875,0.19102592307171734,0.32131743269020485
lonestar,Web,270,46,0.4026573277239921,0.19102592307171734,0.3257393400139255
lonestar,Web,270,47,0.4081350729494229,0.19102592307171734,0.33017069390131676
lonestar,Web,270,48,0.4118560518705201,0.19102592307171734,0.33318086938928093
lonestar,Web,270,49,0.4173185361257028,0.19102592307171734,0.3375998775473526
lonestar,Web,270,50,0.4218569029015873,0.19102592307171734,0.34127129862063577
lonestar,Web,270,51,0.4258845301574465,0.19102592307171734,0.34452954466215563
lonestar,Web,270,52,0.43296185940937393,0.19102592307171734,0.35025492056085117
lonestar,Web,270,53,0.43812778357417187,0.19102592307171734,0.3544340192935501
lonestar,Web,270,54,0.4438940868831157,0.19102592307171734,0.35909880919019144
lonestar,Web,270,55,0.4496663974129325,0.19102592307171734,0.3637684587727934
lonestar,Web,270,56,0.45369672820397067,0.19102592307171734,0.36702889190418914
lonestar,Web,270,57,0.46163238129155315,0.19102592307171734,0.37344862953553926
lonestar,Web,270,58,0.4671783379098462,0.19102592307171734,0.3779351646715072
lonestar,Web,270,59,0.47040224931123054,0.19102592307171734,0.3805432254215406
lonestar,Web,270,60,0.47648030509217676,0.19102592307171734,0.3854602149864502
lonestar,Web,270,61,0.479244424124755,0.19102592307171734,0.3876963156293501
lonestar,Web,270,62,0.4806666639338767,0.19102592307171734,0.38884687076610497
lonestar,Web,270,63,0.4835206820669223,0.19102592307171734,0.3911556974508221
lonestar,Web,270,64,0.4848295248726127,0.19102592307171734,0.3922145173513998
lonestar,Web,270,65,0.48871264543894555,0.19102592307171734,0.3953558612271501
lonestar,Web,270,66,0.49152828526558234,0.19102592307171734,0.3976336408568661
lonestar,Web,270,67,0.49506017865588003,0.19102592307171734,0.40049085105209126
lonestar,Web,270,68,0.4963027724318096,0.19102592307171734,0.4014960772049707
lonestar,Web,270,69,0.4986247801019738,0.19102592307171734,0.4033745212165622
lonestar,Web,270,70,0.5040343994074847,0.19102592307171734,0.40775076300077134
lonestar,Web,270,71,0.5074763936973151,0.19102592307171734,0.4105352471541793
lonestar,Web,270,72,0.5103171251837972,0.19102592307171734,0.41283332528625727
lonestar,Web,270,73,0.5122416306665676,0.19102592307171734,0.41439020033272483
lonestar,Web,270,74,0.5135650255137322,0.19102592307171734,0.41546079245762146
lonestar,Web,270,75,0.516632871360219,0.19102592307171734,0.41794260021944135
lonestar,Web,270,76,0.5198396863996954,0.19102592307171734,0.4205368304558815
lonestar,Web,270,77,0.5253088993984426,0.19102592307171734,0.42496128199306726
lonestar,Web,270,78,0.5279666611878845,0.19102592307171734,0.4271113423833762
lonestar,Web,270,79,0.5320031107767962,0.19102592307171734,0.43037672546363365
lonestar,Web,270,80,0.5386228320408116,0.19102592307171734,0.435731908362713
lonestar,Web,270,81,0.5421106288211162,0.19102592307171734,0.43855344554357334
lonestar,Web,270,82,0.5451987770479758,0.19102592307171734,0.4410516774048148
lonestar,Web,270,83,0.5588888683496542,0.19102592307171734,0.45212660637865404
lonestar,Web,270,84,0.5832129540580067,0.19102592307171734,0.4718041611616929
lonestar,Web,270,85,0.5872240717222164,0.19102592307171734,0.4750490513715477
lonestar,Web,270,86,0.5921064778531472,0.19102592307171734,0.4789987913645064
lonestar,Web,270,87,0.5962187710484219,0.19102592307171734,0.48232552995621225
lonestar,Web,270,88,0.5988322600336426,0.19102592307171734,0.4844397747955934
lonestar,Web,270,89,0.6022268660849459,0.19102592307171734,0.48718592309248165
lonestar,Web,270,90,0.6090874528675856,0.19102592307171734,0.49273595995215397
lonestar,Web,270,91,0.6116397290075669,0.19102592307171734,0.49480068518656145
lonestar,Web,270,92,0.6129353754654697,0.19102592307171734,0.4958488295838688
lonestar,Web,270,93,0.6177716528689622,0.19102592307171734,0.4997612526321282
lonestar,Web,270,94,0.6220553658766208,0.19102592307171734,0.5032266654083245
lonestar,Web,270,95,0.6234119785140837,0.19102592307171734,0.5043241298644653
lonestar,Web,270,96,0.6268290322111848,0.19102592307171734,0.507088437724892
lonestar,Web,270,97,0.6284002831725848,0.19102592307171734,0.5083595390210133
lonestar,Web,270,98,0.6319002787712109,0.19102592307171734,0.5111909447296649
lonestar,Web,270,99,0.6369307057566646,0.19102592307171734,0.5152604297567773
lonestar,Web,270,100,0.638664919197596,0.19102592307171734,0.5166633634743515
lonestar,Web,270,101,0.6409565527477776,0.19102592307171734,0.5185172356102675
lonestar,Web,270,102,0.6426782650295075,0.19102592307171734,0.5199100562141161
lonestar,Web,270,103,0.6450449844895896,0.19102592307171734,0.5218246709046842
lonestar,Web,270,104,0.6464210331398326,0.19102592307171734,0.5229378585913229
lonestar,Web,270,105,0.647586404359738,0.19102592307171734,0.5238806136982247
lonestar,Web,270,106,0.6497267738835781,0.19102592307171734,0.5256121171580587
lonestar,Web,270,107,0.6509814560166441,0.19102592307171734,0.5266271224784942
lonestar,Web,270,108,0.652856906238326,0.19102592307171734,0.5281443130904042
lonestar,Web,270,109,0.6552893554775794,0.19102592307171734,0.5301121014684042
lonestar,Web,270,110,0.6576390338838022,0.19102592307171734,0.5320129303881566
lonestar,Web,270,111,0.6594033290615078,0.19102592307171734,0.5334401994509699
lonestar,Web,270,112,0.6611156457351636,0.19102592307171734,0.5348254192514496
lonestar,Web,270,113,0.6627600087392215,0.19102592307171734,0.5361556662947923
lonestar,Web,270,114,0.6660080994003742,0.19102592307171734,0.5387832874391777
lonestar,Web,270,115,0.6673870298967908,0.19102592307171734,0.5398988064646645
lonestar,Web,270,116,0.668691400847905,0.19102592307171734,0.5409540087508142
lonestar,Web,270,117,0.6696212502284488,0.19102592307171734,0.541706232795122
lonestar,Web,270,118,0.6709987595404509,0.19102592307171734,0.542820602119259
lonestar,Web,270,119,0.6725554170433723,0.19102592307171734,0.5440798976857784
lonestar,Web,270,120,0.6738691178069854,0.19102592307171734,0.5451426475483823
lonestar,Web,270,121,0.6765246838768865,0.19102592307171734,0.5472909316585025
lonestar,Web,270,122,0.6783505547858092,0.19102592307171734,0.5487680138916384
lonestar,Web,270,123,0.6794470606806136,0.19102592307171734,0.5496550587357343
lonestar,Web,270,124,0.6828884037198397,0.19102592307171734,0.5524390160442858
lonestar,Web,270,125,0.6852195357281965,0.19102592307171734,0.5543248414089442
lonestar,Web,270,126,0.6872311741746648,0.19102592307171734,0.5559522047642894
lonestar,Web,270,127,0.6898647455201358,0.19102592307171734,0.5580826957125165
lonestar,Web,270,128,0.6906171266119784,0.19102592307171734,0.5586913525117881
lonestar,Web,270,129,0.6926139910642833,0.19102592307171734,0.5603067640888425
lonestar,Web,270,130,0.6953526430370531,0.19102592307171734,0.5625222625405417
lonestar,Web,270,131,0.696112719907206,0.19102592307171734,0.5631371450249683
lonestar,Web,270,132,0.6977066011039166,0.19102592307171734,0.5644265535948104
lonestar,Web,270,133,0.6995894777781008,0.19102592307171734,0.5659497520142784
lonestar,Web,270,134,0.7004566067249344,0.19102592307171734,0.566651236853621
lonestar,Web,270,135,0.7014038525243624,0.19102592307171734,0.5674175341498374
lonestar,Web,270,136,0.7033156358720146,0.19102592307171734,0.5689641173187913
lonestar,Web,270,137,0.7062082984205991,0.19102592307171734,0.5713042063338973
lonestar,Web,270,138,0.7078065263069108,0.19102592307171734,0.5725971312629474
lonestar,Web,270,139,0.711380550264783,0.19102592307171734,0.5754884239951866
lonestar,Web,270,140,0.713240434613645,0.19102592307171734,0.5769930222195006
lonestar,Web,270,141,0.7158097319587837,0.19102592307171734,0.5790715171676385
lonestar,Web,270,142,0.7167308501158003,0.19102592307171734,0.5798166778784529
lonestar,Web,270,143,0.718354374310447,0.19102592307171734,0.581130066865188
lonestar,Web,270,144,0.7192230234110207,0.19102592307171734,0.5818327814694991
lonestar,Web,270,145,0.7210795586711736,0.19102592307171734,0.5833346703678661
lonestar,Web,270,146,0.7228492313965093,0.19102592307171734,0.5847662897273097
lonestar,Web,270,147,0.7235022086851773,0.19102592307171734,0.5852945314266651
lonestar,Web,270,148,0.7268433165871518,0.19102592307171734,0.5879974011075827
lonestar,Web,270,149,0.7272473687008448,0.19102592307171734,0.5883242687932885
lonestar,Web,270,150,0.7287296136072515,0.19102592307171734,0.5895233664982305
lonestar,Web,270,151,0.7303794352410173,0.19102592307171734,0.5908580294315025
lonestar,Web,270,152,0.7322107559246781,0.19102592307171734,0.5923395203911266
lonestar,Web,270,153,0.7343357212102536,0.19102592307171734,0.5940585622215296
lonestar,Web,270,154,0.7362142152171283,0.19102592307171734,0.5955782151767564
lonestar,Web,270,155,0.7388468351624907,0.19102592307171734,0.597707936466959
lonestar,Web,270,156,0.7416816407179544,0.19102592307171734,0.6000012206744614
lonestar,Web,270,157,0.7424030564998714,0.19102592307171734,0.6005848273407192
lonestar,Web,270,158,0.7454564774244443,0.19102592307171734,0.6030549657146491
lonestar,Web,270,159,0.7459142951485724,0.19102592307171734,0.6034253283854271
lonestar,Web,270,160,0.7479497929282745,0.19102592307171734,0.605071993322851
lonestar,Web,270,161,0.7494053202149779,0.19102592307171734,0.6062494771660558
lonestar,Web,270,162,0.7507366036725737,0.19102592307171734,0.6073264509722943
lonestar,Web,270,163,0.7529137707833626,0.19102592307171734,0.6090877227260634
lonestar,Web,270,164,0.7551036336170215,0.19102592307171734,0.6108592649905221
lonestar,Web,270,165,0.7561859564384908,0.19102592307171734,0.6117348360959587
lonestar,Web,270,166,0.7604118647104856,0.19102592307171734,0.6151534863394793
lonestar,Web,270,167,0.7618675164650605,0.19102592307171734,0.6163310708739655
lonestar,Web,270,168,0.7671314618899243,0.19102592307171734,0.6205894662650456
lonestar,Web,270,169,0.7690773179087333,0.19102592307171734,0.622163613341697
lonestar,Web,270,170,0.7743240369802126,0.19102592307171734,0.6264080730594489
lonestar,Web,270,171,0.7756625146807683,0.19102592307171734,0.627490866821745
lonestar,Web,270,172,0.7767447130343663,0.19102592307171734,0.6283663372359003
lonestar,Web,270,173,0.7801266793519601,0.19102592307171734,0.6311022603158783
lonestar,Web,270,174,0.7853010576966536,0.19102592307171734,0.6352881982609544
lonestar,Web,270,175,0.7892181113928637,0.19102592307171734,0.6384569931591245
lonestar,Web,270,176,0.7911066872973116,0.19102592307171734,0.6399848021081342
lonestar,Web,270,177,0.7932395189523516,0.19102592307171734,0.6417102076275136
lonestar,Web,270,178,0.7958071915624823,0.19102592307171734,0.6437873882071481
lonestar,Web,270,179,0.7985420743108852,0.19102592307171734,0.6459998374540445
lonestar,Web,270,180,0.8009804496963343,0.19102592307171734,0.6479724199306929
lonestar,Web,270,181,0.8025674311257288,0.19102592307171734,0.6492562467676396
lonestar,Web,270,182,0.8043035758619307,0.19102592307171734,0.6506607428530223
lonestar,Web,270,183,0.8073713740881739,0.19102592307171734,0.6531425120912997
lonestar,Web,270,184,0.8103518162717277,0.19102592307171734,0.6555536125555783
lonestar,Web,270,185,0.8153005800478542,0.19102592307171734,0.6595570341633064
lonestar,Web,270,186,0.8192902655876798,0.19102592307171734,0.6627845863401208
lonestar,Web,270,187,0.8238850229303626,0.19102592307171734,0.6665016259201271
lonestar,Web,270,188,0.8278054150676155,0.19102592307171734,0.6696731215305582
lonestar,Web,270,189,0.8331296846143158,0.19102592307171734,0.6739803175724174
lonestar,Web,270,190,0.8357871572017951,0.19102592307171734,0.6761301440058357
lonestar,Web,270,191,0.8369423935784815,0.19102592307171734,0.6770647002872996
lonestar,Web,270,192,0.8399866144647491,0.19102592307171734,0.6795273960687337
lonestar,Web,270,193,0.8427294716563212,0.19102592307171734,0.6817462964334318
lonestar,Web,270,194,0.8463224717811879,0.19102592307171734,0.6846529403928491
lonestar,Web,270,195,0.8492755003118205,0.19102592307171734,0.6870418639225605
lonestar,Web,270,196,0.8506653378815312,0.19102592307171734,0.6881662064875974
lonestar,Web,270,197,0.8541916287868506,0.19102592307171734,0.6910188844177088
lonestar,Web,270,198,0.8558718805747259,0.19102592307171734,0.6923781645568122
lonestar,Web,270,199,0.8570139029846011,0.19102592307171734,0.6933020310816725
lonestar,Web,270,200,0.8615068381878633,0.19102592307171734,0.6969366991904301
lonestar,Web,270,201,0.8631977996827103,0.19102592307171734,0.6983046432048452
lonestar,Web,270,202,0.8653013246655396,0.19102592307171734,0.7000063403861251
lonestar,Web,270,203,0.8680949330804493,0.19102592307171734,0.7022662971748758
lonestar,Web,270,204,0.8698044633955936,0.19102592307171734,0.7036492628835506
lonestar,Web,270,205,0.87179860017736,0.19102592307171734,0.7052624678458488
lonestar,Web,270,206,0.873438890372056,0.19102592307171734,0.7065894200919975
lonestar,Web,270,207,0.8755344230362494,0.19102592307171734,0.7082846516946865
lonestar,Web,270,208,0.8779414429987435,0.19102592307171734,0.7102318684469932
lonestar,Web,270,209,0.8787134210557794,0.19102592307171734,0.7108563786830926
lonestar,Web,270,210,0.8797117682176446,0.19102592307171734,0.7116640156568165
lonestar,Web,270,211,0.8816074929159418,0.19102592307171734,0.7131976077947315
lonestar,Web,270,212,0.8824353639213044,0.19102592307171734,0.7138673339771104
lonestar,Web,270,213,0.8877755914642145,0.19102592307171734,0.7181874396242232
lonestar,Web,270,214,0.8894661533431294,0.19102592307171734,0.7195550603597085
lonestar,Web,270,215,0.8904619429630312,0.19102592307171734,0.7203606283482833
lonestar,Web,270,216,0.8933833485529281,0.19102592307171734,0.7227239697387032
lonestar,Web,270,217,0.8943498063634361,0.19102592307171734,0.7235058090538491
lonestar,Web,270,218,0.8969570605488202,0.19102592307171734,0.7256150101017876
lonestar,Web,270,219,0.8985436956444073,0.19102592307171734,0.7268985567636622
lonestar,Web,270,220,0.9002796272521119,0.19102592307171734,0.7283028804336156
lonestar,Web,270,221,0.9022316445146675,0.19102592307171734,0.7298820117967397
lonestar,Web,270,222,0.9040078041261728,0.19102592307171734,0.7313188788789344
lonestar,Web,270,223,0.905461526962846,0.19102592307171734,0.7324949029688417
lonestar,Web,270,224,0.9068913527667983,0.19102592307171734,0.7336515949787623
lonestar,Web,270,225,0.9085657701620692,0.19102592307171734,0.7350061552454942
lonestar,Web,270,226,0.9109304308357932,0.19102592307171734,0.7369191044312686
lonestar,Web,270,227,0.9119261138914464,0.19102592307171734,0.7377245862121289
lonestar,Web,270,228,0.9135930185071997,0.19102592307171734,0.7390730688349854
lonestar,Web,270,229,0.9153158959944657,0.19102592307171734,0.7404668320599069
lonestar,Web,270,230,0.9163698963350982,0.19102592307171734,0.7413194910125522
lonestar,Web,270,231,0.9184070051500636,0.19102592307171734,0.7429674592357413
lonestar,Web,270,232,0.9194693707842017,0.19102592307171734,0.7438268854939785
lonestar,Web,270,233,0.9211282564402569,0.19102592307171734,0.7451688809863153
lonestar,Web,270,234,0.9227312225069234,0.19102592307171734,0.7464656389804443
lonestar,Web,270,235,0.9243126625953975,0.19102592307171734,0.7477449830162349
lonestar,Web,270,236,0.926684995895012,0.19102592307171734,0.7496641391574568
lonestar,Web,270,237,0.9275741413432493,0.19102592307171734,0.7503834347756996
lonestar,Web,270,238,0.9312600388517267,0.19102592307171734,0.7533652303102724
lonestar,Web,270,239,0.932817528625355,0.19102592307171734,0.7546251991622186
lonestar,Web,270,240,0.9339035781637174,0.19102592307171734,0.7555037850850136
lonestar,Web,270,241,0.9363135286430445,0.19102592307171734,0.7574533725494701
lonestar,Web,270,242,0.9381588750928739,0.19102592307171734,0.7589462099903337
lonestar,Web,270,243,0.9396473112334889,0.19102592307171734,0.7601503162432545
lonestar,Web,270,244,0.9402727101667434,0.19102592307171734,0.760656247767996
lonestar,Web,270,245,0.9422217436303416,0.19102592307171734,0.7622329653151126
lonestar,Web,270,246,0.9433237778059756,0.19102592307171734,0.7631244823950896
lonestar,Web,270,247,0.9450835265232153,0.19102592307171734,0.7645480734892443
lonestar,Web,270,248,0.9472565047549898,0.19102592307171734,0.7663059565484793
lonestar,Web,270,249,0.9490403103513234,0.19102592307171734,0.7677490090341929
lonestar,Web,270,250,0.9505552809898091,0.19102592307171734,0.7689745810080353
lonestar,Web,270,251,0.9529169578645756,0.19102592307171734,0.7708851163778023
lonestar,Web,270,252,0.9546021382489428,0.19102592307171734,0.7722483836237034
lonestar,Web,270,253,0.9560160326977475,0.19102592307171734,0.7733921875802993
lonestar,Web,270,254,0.9589691145105045,0.19102592307171734,0.7757811542138681
lonestar,Web,270,255,0.9613391300377147,0.19102592307171734,0.7776984353372985
lonestar,Web,270,256,0.9643220498400453,0.19102592307171734,0.7801115401309401
lonestar,Web,270,257,0.9680265161688199,0.19102592307171734,0.7831083573597724
lonestar,Web,270,258,0.9702924184252671,0.19102592307171734,0.7849414135460916
lonestar,Web,270,259,0.9713893108759123,0.19102592307171734,0.7858287711038418
lonestar,Web,270,260,0.9733971411636082,0.19102592307171734,0.7874530537574592
lonestar,Web,270,261,0.9751542524156975,0.19102592307171734,0.7888745112106785
lonestar,Web,270,262,0.9789970391389968,0.19102592307171734,0.7919832260529919
lonestar,Web,270,263,0.9815027908777055,0.19102592307171734,0.7940103142528251
lonestar,Web,270,264,0.9840592405576281,0.19102592307171734,0.7960784157728541
lonestar,Web,270,265,0.9855528450642941,0.19102592307171734,0.7972867030999301
lonestar,Web,270,266,0.9875206871177488,0.19102592307171734,0.7988786363086643
lonestar,Web,270,267,0.9890915773456231,0.19102592307171734,0.8001494457807147
lonestar,Web,270,268,0.9924283437350251,0.19102592307171734,0.8028488032905063
lonestar,Web,270,269,0.9971104304793357,0.19102592307171734,0.8066364900925832
lonestar,Web,270,270,1.0,0.19102592307171734,0.8089740769282827
lonestar,Web,365,1,0.045896524271125866,0.18199338238549256,0.03754366057928581
lonestar,Web,365,2,0.06113006152480144,0.18199338238549256,0.050004794862469566
lonestar,Web,365,3,0.07285479066735281,0.18199338238549256,0.05959570089081426
lonestar,Web,365,4,0.0838070236051928,0.18199338238549256,0.06855469991162295
lonestar,Web,365,5,0.09371506973701642,0.18199338238549256,0.07665954721508449
lonestar,Web,365,6,0.10164818275544545,0.18199338238549256,0.08314888616244323
lonestar,Web,365,7,0.11133616322355341,0.18199338238549256,0.09107371829667564
lonestar,Web,365,8,0.1193867186022449,0.18199338238549256,0.09765912587191734
lonestar,Web,365,9,0.12745442645555502,0.18199338238549256,0.10425856428490556
lonestar,Web,365,10,0.13327235997719653,0.18199338238549256,0.10901767240644958
lonestar,Web,365,11,0.13885910076850774,0.18199338238549256,0.11358766334463907
lonestar,Web,365,12,0.14395566060495346,0.18199338238549256,0.11775668301791997
lonestar,Web,365,13,0.1515372847022821,0.18199338238549256,0.12395850170180041
lonestar,Web,365,14,0.1612453954267888,0.18199338238549256,0.13189980051898129
lonestar,Web,365,15,0.16731268033151184,0.18199338238549256,0.13686287972199732
lonestar,Web,365,16,0.1731477109985746,0.18199338238549256,0.14163597342163825
lonestar,Web,365,17,0.18090983018451826,0.18199338238549256,0.1479854382824527
lonestar,Web,365,18,0.18708930598792448,0.18199338238549256,0.15304029038302772
lonestar,Web,365,19,0.19137360735884693,0.18199338238549256,0.15654487725629718
lonestar,Web,365,20,0.19559245225205912,0.18199338238549256,0.15999592029763393
lonestar,Web,365,21,0.2016619174294665,0.18199338238549256,0.16496078297813396
lonestar,Web,365,22,0.2071493843422956,0.18199338238549256,0.16944956722676882
lonestar,Web,365,23,0.21162966186931392,0.18199338238549256,0.1731144638926194
lonestar,Web,365,24,0.21685150119329863,0.18199338238549256,0.17738596301575854
lonestar,Web,365,25,0.22092015565678627,0.18199338238549256,0.18071414929167823
lonestar,Web,365,26,0.22540991323022325,0.18199338238549256,0.18438680069823452
lonestar,Web,365,27,0.23030719205671363,0.18199338238549256,0.18839280718660706
lonestar,Web,365,28,0.2373105625493089,0.18199338238549256,0.19412161059515617
lonestar,Web,365,29,0.2427320313660552,0.18199338238549256,0.19855640796444535
lonestar,Web,365,30,0.24778769734362777,0.18199338238549256,0.2026919761905482
lonestar,Web,365,31,0.2528652201858268,0.18199338238549256,0.20684542347655585
lonestar,Web,365,32,0.2569659441358701,0.18199338238549256,0.21019984280470158
lonestar,Web,365,33,0.26144968839438254,0.18199338238549256,0.2138675752798558
lonestar,Web,365,34,0.26571841188186246,0.18199338238549256,0.21735941934138087
lonestar,Web,365,35,0.2722143447897804,0.18199338238549256,0.2226731354476376
lonestar,Web,365,36,0.2801638810324353,0.18199338238549256,0.22917590870109564
lonestar,Web,365,37,0.283984041418654,0.18199338238549256,0.23230082517737136
lonestar,Web,365,38,0.28933097798443425,0.18199338238549256,0.23667465467214457
lonestar,Web,365,39,0.2930547893581069,0.18199338238549256,0.239720757018557
lonestar,Web,365,40,0.2974667816037332,0.18199338238549256,0.24332979587234316
lonestar,Web,365,41,0.3013114328885254,0.18199338238549256,0.24647474606572334
lonestar,Web,365,42,0.3054613785164326,0.18199338238549256,0.2498694290520918
lonestar,Web,365,43,0.3104415882101276,0.18199338238549256,0.2539432735386422
lonestar,Web,365,44,0.31520060943051215,0.18199338238549256,0.25783618439028466
lonestar,Web,365,45,0.32056846174956666,0.18199338238549256,0.26222712310964863
lonestar,Web,365,46,0.32498006188248246,0.18199338238549256,0.2658358412126428
lonestar,Web,365,47,0.3294010865597168,0.18199338238549256,0.2694522686552575
lonestar,Web,365,48,0.3324042455159359,0.18199338238549256,0.271908872555193
lonestar,Web,365,49,0.3368129532409775,0.18199338238549256,0.27551522464940525
lonestar,Web,365,50,0.3404758164602042,0.18199338238549256,0.27851147100214946
lonestar,Web,365,51,0.3437264677329557,0.18199338238549256,0.2811705252548172
lonestar,Web,365,52,0.34943849813671046,0.18199338238549256,0.28584300392510387
lonestar,Web,365,53,0.35360785565032066,0.18199338238549256,0.2892535659624378
lonestar,Web,365,54,0.3582617722119938,0.18199338238549256,0.29306050050771215
lonestar,Web,365,55,0.36292053713200195,0.18199338238549256,0.2968714010421892
lonestar,Web,365,56,0.36617337039665887,0.18199338238549256,0.29953224017867514
lonestar,Web,365,57,0.37257814401907813,0.18199338238549256,0.3047713873861369
lonestar,Web,365,58,0.37705422132083255,0.18199338238549256,0.3084328482399261
lonestar,Web,365,59,0.3796562028435522,0.18199338238549256,0.3105612863444215
lonestar,Web,365,60,0.3845617312117608,0.18199338238549256,0.3145740410125118
lonestar,Web,365,61,0.38679261964321027,0.18199338238549256,0.3163989225125971
lonestar,Web,365,62,0.3879404929075382,0.18199338238549256,0.3173378904390001
lonestar,Web,365,63,0.3902439378609271,0.18199338238549256,0.319222123654183
lonestar,Web,365,64,0.3913002897182048,0.18199338238549256,0.3200862264639655
lonestar,Web,365,65,0.3944343113168605,0.18199338238549256,0.3226498768714127
lonestar,Web,365,66,0.39670678158400147,0.18199338238549256,0.3245087725882662
lonestar,Web,365,67,0.39955733180006026,0.18199338238549256,0.3268405415288448
lonestar,Web,365,68,0.4005602148333306,0.18199338238549256,0.3276609064867532
lonestar,Web,365,69,0.402434280308823,0.18199338238549256,0.32919390444754887
lonestar,Web,365,70,0.4068003213457582,0.18199338238549256,0.33276535490853837
lonestar,Web,365,71,0.4095783150398777,0.18199338238549256,0.3350377721340195
lonestar,Web,365,72,0.41187103649483475,0.18199338238549256,0.33691323345652113
lonestar,Web,365,73,0.4134242825624503,0.18199338238549256,0.33818379901861434
lonestar,Web,365,74,0.4144923792037246,0.18199338238549256,0.33905750913942856
lonestar,Web,365,75,0.4169684020260898,0.18199338238549256,0.34108291219348785
lonestar,Web,365,76,0.4195565852732828,0.18199338238549256,0.34320006321729074
lonestar,Web,365,77,0.4239707236892605,0.18199338238549256,0.34681085765262687
lonestar,Web,365,78,0.42611577242259374,0.18199338238549256,0.3485655217115991
lonestar,Web,365,79,0.4293735440980895,0.18199338238549256,0.3512304005008317
lonestar,Web,365,80,0.4347162443990738,0.18199338238549256,0.3556007647029679
lonestar,Web,365,81,0.4375312047523444,0.18199338238549256,0.3579034209002658
lonestar,Web,365,82,0.4400236133905775,0.18199338238549256,0.35994222766014
lonestar,Web,365,83,0.45107272739415005,0.18199338238549256,0.36898047603383943
lonestar,Web,365,84,0.4707044150214858,0.18199338238549256,0.3850393264279409
lonestar,Web,365,85,0.4739417415941847,0.18199338238549256,0.38768748098778794
lonestar,Web,365,86,0.4778822749890045,0.18199338238549256,0.39091086338168146
lonestar,Web,365,87,0.48120125916006956,0.18199338238549256,0.3936258143973705
lonestar,Web,365,88,0.4833105758262955,0.18199338238549256,0.3953512493889879
lonestar,Web,365,89,0.48605032302239126,0.18199338238549256,0.397592380725985
lonestar,Web,365,90,0.49158742309151165,0.18199338238549256,0.40212176522491927
lonestar,Web,365,91,0.49364733557988166,0.18199338238549256,0.40380678727211267
lonestar,Web,365,92,0.49469303681782284,0.18199338238549256,0.40466217780479624
lonestar,Web,365,93,0.4985963402514193,0.18199338238549256,0.4078551058440356
lonestar,Web,365,94,0.5020536753660803,0.18199338238549256,0.41068322884713926
lonestar,Web,365,95,0.5031485817008667,0.18199338238549256,0.41157886947466266
lonestar,Web,365,96,0.5059064461316884,0.18199338238549256,0.41383482082955847
lonestar,Web,365,97,0.5071745845697866,0.18199338238549256,0.41487216646397407
lonestar,Web,365,98,0.5099993904479243,0.18199338238549256,0.4171828763657671
lonestar,Web,365,99,0.5140593897586747,0.18199338238549256,0.42050398266947125
lonestar,Web,365,100,0.5154590533250551,0.18199338238549256,0.4216489167292044
lonestar,Web,365,101,0.5173086042003852,0.18199338238549256,0.42316186158483904
lonestar,Web,365,102,0.5186981782260787,0.18199338238549256,0.42429854233352154
lonestar,Web,365,103,0.5206083300689458,0.18199338238549256,0.4258610591816354
lonestar,Web,365,104,0.5217189229843585,0.18199338238549256,0.4267695315359188
lonestar,Web,365,105,0.522659480587772,0.18199338238549256,0.4275389138797587
lonestar,Web,365,106,0.5243869480207891,0.18199338238549256,0.42895199367168024
lonestar,Web,365,107,0.5253995874269846,0.18199338238549256,0.42978033940720534
lonestar,Web,365,108,0.52691324156199,0.18199338238549256,0.43101851850641937
lonestar,Web,365,109,0.5288764431477325,0.18199338238549256,0.43262443039526804
lonestar,Web,365,110,0.5307728413535578,0.18199338238549256,0.4341756966772654
lonestar,Web,365,111,0.532196783541002,0.18199338238549256,0.43534049080969517
lonestar,Web,365,112,0.5335787744803263,0.18199338238549256,0.4364709685435458
lonestar,Web,365,113,0.5349059208005897,0.18199338238549256,0.43755658301606404
lonestar,Web,365,114,0.5375274171235993,0.18199338238549256,0.4397009843563379
lonestar,Web,365,115,0.5386403359436543,0.18199338238549256,0.4406113593160107
lonestar,Web,365,116,0.5396930786189383,0.18199338238549256,0.4414725097910382
lonestar,Web,365,117,0.5404435492758081,0.18199338238549256,0.4420863997546831
lonestar,Web,365,118,0.5415553210743956,0.18199338238549256,0.44299583644320495
lonestar,Web,365,119,0.542811681301313,0.18199338238549256,0.444023547422931
lonestar,Web,365,120,0.54387195396012,0.18199338238549256,0.4448908574743109
lonestar,Web,365,121,0.5460152305536631,0.18199338238549256,0.44664407191120736
lonestar,Web,365,122,0.5474888698000296,0.18199338238549256,0.4478495185667117
lonestar,Web,365,123,0.548373846997793,0.18199338238549256,0.44857343577092007
lonestar,Web,365,124,0.5511513150750985,0.18199338238549256,0.450845423038369
lonestar,Web,365,125,0.5530327446981831,0.18199338238549256,0.4523844449206282
lonestar,Web,365,126,0.5546563147708147,0.18199338238549256,0.4537125359842017
lonestar,Web,365,127,0.556781839677218,0.18199338238549256,0.455451229423544
lonestar,Web,365,128,0.557389077735366,0.18199338238549256,0.4559479541735765
lonestar,Web,365,129,0.559000723888558,0.18199338238549256,0.45726629139214053
lonestar,Web,365,130,0.5612110581512326,0.18199338238549256,0.45907435944614844
lonestar,Web,365,131,0.5618245073828508,0.18199338238549256,0.4595761649771827
lonestar,Web,365,132,0.5631109104215543,0.18199338238549256,0.46062845117576146
lonestar,Web,365,133,0.5646305583602921,0.18199338238549256,0.46187153324609326
lonestar,Web,365,134,0.5653304080821261,0.18199338238549256,0.4624440149498892
lonestar,Web,365,135,0.5660949191870304,0.18199338238549256,0.4630693900929406
lonestar,Web,365,136,0.5676378973668582,0.18199338238549256,0.4643315564548746
lonestar,Web,365,137,0.5699725317800893,0.18199338238549256,0.46624130285460824
lonestar,Web,365,138,0.5712624429815859,0.18199338238549256,0.4672964587535675
lonestar,Web,365,139,0.5741469962903859,0.18199338238549256,0.4696560424490277
lonestar,Web,365,140,0.5756480873898673,0.18199338238549256,0.4708839449020457
lonestar,Web,365,141,0.5777217374956217,0.18199338238549256,0.4725802044111699
lonestar,Web,365,142,0.5784651612831891,0.18199338238549256,0.47318832998909205
lonestar,Web,365,143,0.5797754888419258,0.18199338238549256,0.47426018660338126
lonestar,Web,365,144,0.5804765654622229,0.18199338238549256,0.47483367191823916
lonestar,Web,365,145,0.5819749535510275,0.18199338238549256,0.47605936329063603
lonestar,Web,365,146,0.583403235894831,0.18199338238549256,0.4772277076996893
lonestar,Web,365,147,0.5839302462956567,0.18199338238549256,0.47765880569511643
lonestar,Web,365,148,0.5866268157555424,0.18199338238549256,0.4798646173581601
lonestar,Web,365,149,0.5869529215330131,0.18199338238549256,0.4801313740421735
lonestar,Web,365,150,0.5881492242158225,0.18199338238549256,0.4811099575533815
lonestar,Web,365,151,0.5894807761328505,0.18199338238549256,0.48219917583320776
lonestar,Web,365,152,0.590958813829238,0.18199338238549256,0.48340822044993637
lonestar,Web,365,153,0.5926738486801072,0.18199338238549256,0.4848111303073869
lonestar,Web,365,154,0.5941899594188603,0.18199338238549256,0.48605131892472336
lonestar,Web,365,155,0.5963147164612639,0.18199338238549256,0.4877893842462325
lonestar,Web,365,156,0.5986026551659852,0.18199338238549256,0.4896609332473909
lonestar,Web,365,157,0.5991849014814207,0.18199338238549256,0.4901372145864988
lonestar,Web,365,158,0.6016492821165129,0.18199338238549256,0.4921530942543253
lonestar,Web,365,159,0.6020187814949521,0.18199338238549256,0.492455347191093
lonestar,Web,365,160,0.6036616081588758,0.18199338238549256,0.49379919027377617
lonestar,Web,365,161,0.6048363473605147,0.18199338238549256,0.49476013471468794
lonestar,Web,365,162,0.6059108108078288,0.18199338238549256,0.4956390529249758
lonestar,Web,365,163,0.6076679771467405,0.18199338238549256,0.49707642661845497
lonestar,Web,365,164,0.6094353900564203,0.18199338238549256,0.4985221820746304
lonestar,Web,365,165,0.6103089202600952,0.18199338238549256,0.4992367355619226
lonestar,Web,365,166,0.6137196018426342,0.18199338238549256,0.5020266956670154
lonestar,Web,365,167,0.6148944415008494,0.18199338238549256,0.5029877222820714
lonestar,Web,365,168,0.6191429108372646,0.18199338238549256,0.5064629983139913
lonestar,Web,365,169,0.6207133886750363,0.18199338238549256,0.5077476595781055
lonestar,Web,365,170,0.6249479548213107,0.18199338238549256,0.5112115627084843
lonestar,Web,365,171,0.6260282246587271,0.18199338238549256,0.5120952305843003
lonestar,Web,365,172,0.6269016544058259,0.18199338238549256,0.5128097018974486
lonestar,Web,365,173,0.6296312002193556,0.18199338238549256,0.5150424884359978
lonestar,Web,365,174,0.6338073810035646,0.18199338238549256,0.5184586319538352
lonestar,Web,365,175,0.636968789638015,0.18199338238549256,0.5210446851377993
lonestar,Web,365,176,0.6384930373594372,0.18199338238549256,0.5222915298608065
lonestar,Web,365,177,0.6402144210659195,0.18199338238549256,0.5236996331241629
lonestar,Web,365,178,0.6422867598668819,0.18199338238549256,0.5253948199772894
lonestar,Web,365,179,0.6444940520322601,0.18199338238549256,0.5272003995755774
lonestar,Web,365,180,0.6464620365419054,0.18199338238549256,0.5288102239278302
lonestar,Web,365,181,0.6477428708583853,0.18199338238549256,0.5298579548747785
lonestar,Web,365,182,0.6491440931507921,0.18199338238549256,0.5310041639827162
lonestar,Web,365,183,0.6516200775394108,0.18199338238549256,0.5330295355977165
lonestar,Web,365,184,0.6540255578785451,0.18199338238549256,0.53499723443367
lonestar,Web,365,185,0.6580196477596308,0.18199338238549256,0.5382644263877452
lonestar,Web,365,186,0.6612396767131655,0.18199338238549256,0.5408984313806469
lonestar,Web,365,187,0.664948052105215,0.18199338238549256,0.5439319069919422
lonestar,Web,365,188,0.6681121551567342,0.18199338238549256,0.5465201642268991
lonestar,Web,365,189,0.6724093113926484,0.18199338238549256,0.5500352664648004
lonestar,Web,365,190,0.6745541267144298,0.18199338238549256,0.5517897395915786
lonestar,Web,365,191,0.6754865046033572,0.18199338238549256,0.5525524308748386
lonestar,Web,365,192,0.6779434599941736,0.18199338238549256,0.5545622366437101
lonestar,Web,365,193,0.6801571882401996,0.18199338238549256,0.5563730809985594
lonestar,Web,365,194,0.6830570569934222,0.18199338238549256,0.5587451928289091
lonestar,Web,365,195,0.685440412091044,0.18199338238549256,0.560694793070889
lonestar,Web,365,196,0.6865621338835275,0.18199338238549256,0.5616123689202629
lonestar,Web,365,197,0.6894081623989003,0.18199338238549256,0.5639404390797575
lonestar,Web,365,198,0.690764274140585,0.18199338238549256,0.5650497474586803
lonestar,Web,365,199,0.6916859871900662,0.18199338238549256,0.5658037148326976
lonestar,Web,365,200,0.6953121831136407,0.18199338238549256,0.5687699670949483
lonestar,Web,365,201,0.6966769385356827,0.18199338238549256,0.5698863460616039
lonestar,Web,365,202,0.6983746691667263,0.18199338238549256,0.5712751009527244
lonestar,Web,365,203,0.7006293581368351,0.18199338238549256,0.5731194514509359
lonestar,Web,365,204,0.7020091002385024,0.18199338238549256,0.5742480896207011
lonestar,Web,365,205,0.7036185449204201,0.18199338238549256,0.5755646260211942
lonestar,Web,365,206,0.7049424041234567,0.18199338238549256,0.576647551610068
lonestar,Web,365,207,0.7066336842467706,0.18199338238549256,0.5780310299431787
lonestar,Web,365,208,0.7085763621579992,0.18199338238549256,0.5796201533304572
lonestar,Web,365,209,0.7091994166996004,0.18199338238549256,0.5801298160686218
lonestar,Web,365,210,0.7100051711217963,0.18199338238549256,0.5807889285181501
lonestar,Web,365,211,0.7115351885518704,0.18199338238549256,0.5820404929010162
lonestar,Web,365,212,0.712203353644194,0.18199338238549256,0.582587056368196
lonestar,Web,365,213,0.716513389393875,0.18199338238549256,0.5861126941335901
lonestar,Web,365,214,0.7178778222905303,0.18199338238549256,0.5872288092723451
lonestar,Web,365,215,0.7186815125502527,0.18199338238549256,0.5878862332233104
lonestar,Web,365,216,0.7210393451389577,0.18199338238549256,0.5898149558840983
lonestar,Web,365,217,0.7218193620353124,0.18199338238549256,0.5904530148671675
lonestar,Web,365,218,0.7239236466668596,0.18199338238549256,0.5921743336211176
lonestar,Web,365,219,0.725204201461338,0.18199338238549256,0.5932218359172189
lonestar,Web,365,220,0.7266052517402052,0.18199338238549256,0.594367904316943
lonestar,Web,365,221,0.728180702246388,0.18199338238549256,0.5956566332567246
lonestar,Web,365,222,0.7296142200808277,0.18199338238549256,0.5968292603317646
lonestar,Web,365,223,0.7307875029317631,0.18199338238549256,0.5977890134681635
lonestar,Web,365,224,0.7319414987645873,0.18199338238549256,0.5987329896961132
lonestar,Web,365,225,0.733292901635629,0.18199338238549256,0.5998384461876886
lonestar,Web,365,226,0.7352013918558905,0.18199338238549256,0.6013996038175151
lonestar,Web,365,227,0.7360049961088432,0.18199338238549256,0.6020569574143735
lonestar,Web,365,228,0.7373503355026192,0.18199338238549256,0.6031574539414197
lonestar,Web,365,229,0.7387408499521947,0.18199338238549256,0.6042949039630612
lonestar,Web,365,230,0.7395915214098807,0.18199338238549256,0.6049907588448641
lonestar,Web,365,231,0.7412356483216914,0.18199338238549256,0.6063356655389234
lonestar,Web,365,232,0.7420930713108012,0.18199338238549256,0.6070370432181099
lonestar,Web,365,233,0.743431938695155,0.18199338238549256,0.6081322455986196
lonestar,Web,365,234,0.7447256740270944,0.18199338238549256,0.6091905296615877
lonestar,Web,365,235,0.7460020359915488,0.18199338238549256,0.6102346021949828
lonestar,Web,365,236,0.7479167186992308,0.18199338238549256,0.6118008253204988
lonestar,Web,365,237,0.7486343376841479,0.18199338238549256,0.6123878423990868
lonestar,Web,365,238,0.7516091828388809,0.18199338238549256,0.6148212854220368
lonestar,Web,365,239,0.7528662147818387,0.18199338238549256,0.6158495458699291
lonestar,Web,365,240,0.7537427527755204,0.18199338238549256,0.6165665597493514
lonestar,Web,365,241,0.7556877958729163,0.18199338238549256,0.6181576178745666
lonestar,Web,365,242,0.7571771536026016,0.18199338238549256,0.6193759223534445
lonestar,Web,365,243,0.7583784531587761,0.18199338238549256,0.6203585933401325
lonestar,Web,365,244,0.7588832053886165,0.18199338238549256,0.6207714840043977
lonestar,Web,365,245,0.760456247705247,0.18199338238549256,0.6220582430291891
lonestar,Web,365,246,0.7613456867143878,0.18199338238549256,0.6227858100246308
lonestar,Web,365,247,0.7627659595062893,0.18199338238549256,0.623947602567224
lonestar,Web,365,248,0.764519745049503,0.18199338238549256,0.6253822107474496
lonestar,Web,365,249,0.7659594338696707,0.18199338238549256,0.6265598857296523
lonestar,Web,365,250,0.7671821491115071,0.18199338238549256,0.6275600748889326
lonestar,Web,365,251,0.7690882311422161,0.18199338238549256,0.6291192626037687
lonestar,Web,365,252,0.7704483206970005,0.18199338238549256,0.6302318248601307
lonestar,Web,365,253,0.7715894585177502,0.18199338238549256,0.6311652831491141
lonestar,Web,365,254,0.7739728566187569,0.18199338238549256,0.6331149185681475
lonestar,Web,365,255,0.7758856686791974,0.18199338238549256,0.6346796114918406
lonestar,Web,365,256,0.7782931486757279,0.18199338238549256,0.636648946060777
lonestar,Web,365,257,0.7812829805100859,0.18199338238549256,0.6390946482868365
lonestar,Web,365,258,0.7831117639565023,0.18199338238549256,0.640590605248189
lonestar,Web,365,259,0.7839970531390039,0.18199338238549256,0.6413147776579778
lonestar,Web,365,260,0.7856175496908319,0.18199338238549256,0.6426403545611946
lonestar,Web,365,261,0.7870356938151822,0.18199338238549256,0.6438004058396444
lonestar,Web,365,262,0.7901371624366473,0.18199338238549256,0.6463374276963265
lonestar,Web,365,263,0.7921595256200287,0.18199338238549256,0.6479917341635524
lonestar,Web,365,264,0.7942228065241083,0.18199338238549256,0.6496795115970871
lonestar,Web,365,265,0.7954282774086143,0.18199338238549256,0.6506655947579547
lonestar,Web,365,266,0.7970164999201019,0.18199338238549256,0.6519647712825959
lonestar,Web,365,267,0.7982843472143529,0.18199338238549256,0.6530018787594178
lonestar,Web,365,268,0.8009774126897652,0.18199338238549256,0.6552048241399743
lonestar,Web,365,269,0.8047562706296068,0.18199338238549256,0.6582959549417898
lonestar,Web,365,270,0.8070884086958557,0.18199338238549256,0.6602036593131722
lonestar,Web,365,271,0.8105968858887185,0.18199338238549256,0.6630736168746835
lonestar,Web,365,272,0.8138376723427698,0.18199338238549256,0.665724601640373
lonestar,Web,365,273,0.8159147733482479,0.18199338238549256,0.6674236840083078
lonestar,Web,365,274,0.8184312969878369,0.18199338238549256,0.6694822169988749
lonestar,Web,365,275,0.8203576152179969,0.18199338238549256,0.6710579580587772
lonestar,Web,365,276,0.8240426078299123,0.18199338238549256,0.6740723064011847
lonestar,Web,365,277,0.8299038153809523,0.18199338238549256,0.6788668129651474
lonestar,Web,365,278,0.8316587070471158,0.18199338238549256,0.6803023259612657
lonestar,Web,365,279,0.8341035796075122,0.18199338238549256,0.6823022478948941
lonestar,Web,365,280,0.8375006448003423,0.18199338238549256,0.685081069703097
lonestar,Web,365,281,0.8393946827265957,0.18199338238549256,0.6866304052607851
lonestar,Web,365,282,0.840859662320202,0.18199338238549256,0.6878287682630253
lonestar,Web,365,283,0.8421039382700171,0.18199338238549256,0.6888465942241127
lonestar,Web,365,284,0.8450290969706269,0.18199338238549256,0.6912393933987842
lonestar,Web,365,285,0.8460649503801863,0.18199338238549256,0.6920867283426823
lonestar,Web,365,286,0.8481945174812946,0.18199338238549256,0.693828728324043
lonestar,Web,365,287,0.8498713291480446,0.18199338238549256,0.6952003713639378
lonestar,Web,365,288,0.8511851358207787,0.18199338238549256,0.6962750739165003
lonestar,Web,365,289,0.8537540407417472,0.18199338238549256,0.698376455141875
lonestar,Web,365,290,0.8553410850053039,0.18199338238549256,0.6996746678519116
lonestar,Web,365,291,0.8579235771692729,0.18199338238549256,0.7017871635319758
lonestar,Web,365,292,0.8593681674169538,0.18199338238549256,0.7029688479143201
lonestar,Web,365,293,0.8612148111397823,0.18199338238549256,0.7044794146999701
lonestar,Web,365,294,0.8625523997284795,0.18199338238549256,0.7055735710171701
lonestar,Web,365,295,0.8643631161346107,0.18199338238549256,0.7070547490200085
lonestar,Web,365,296,0.8654617660155647,0.18199338238549256,0.7079534518930704
lonestar,Web,365,297,0.8668012714063331,0.18199338238549256,0.7090491761670492
lonestar,Web,365,298,0.8681219480333934,0.18199338238549256,0.7101294983877133
lonestar,Web,365,299,0.8703685757636468,0.18199338238549256,0.7119672547383769
lonestar,Web,365,300,0.8734295729685594,0.18199338238549256,0.7144711707084949
lonestar,Web,365,301,0.8751047222759907,0.18199338238549256,0.715841453927466
lonestar,Web,365,302,0.876133620916973,0.18199338238549256,0.7166830998246442
lonestar,Web,365,303,0.877769670854722,0.18199338238549256,0.7180213995004706
lonestar,Web,365,304,0.8796094615860746,0.18199338238549256,0.7195263604937429
lonestar,Web,365,305,0.882128919798746,0.18199338238549256,0.7215872939845113
lonestar,Web,365,306,0.8833663936456354,0.18199338238549256,0.7225995557803917
lonestar,Web,365,307,0.8853604954251452,0.18199338238549256,0.7242307442322276
lonestar,Web,365,308,0.889722594128001,0.18199338238549256,0.7277989698378513
lonestar,Web,365,309,0.8907532569054026,0.18199338238549256,0.7286420588102948
lonestar,Web,365,310,0.8935251223288668,0.18199338238549256,0.7309094630698253
lonestar,Web,365,311,0.8954954930809642,0.18199338238549256,0.7325212393841951
lonestar,Web,365,312,0.8966380088925033,0.18199338238549256,0.7334558248787633
lonestar,Web,365,313,0.8984047236652477,0.18199338238549256,0.7349010092543055
lonestar,Web,365,314,0.8999849658258794,0.18199338238549256,0.7361936577991357
lonestar,Web,365,315,0.9014717087562765,0.18199338238549256,0.737409823354892
lonestar,Web,365,316,0.9024770968868987,0.18199338238549256,0.7382322374990121
lonestar,Web,365,317,0.9040029391869785,0.18199338238549256,0.7394803865979135
lonestar,Web,365,318,0.9054371820960446,0.18199338238549256,0.7406536067887963
lonestar,Web,365,319,0.9063799094580735,0.18199338238549256,0.7414247640095422
lonestar,Web,365,320,0.9076243380735398,0.18199338238549256,0.7424427148521425
lonestar,Web,365,321,0.9085262019294671,0.18199338238549256,0.7431804454544784
lonestar,Web,365,322,0.9117957743402868,0.18199338238549256,0.7458549773232988
lonestar,Web,365,323,0.9130352158777982,0.18199338238549256,0.7468688487031293
lonestar,Web,365,324,0.9147340622869421,0.18199338238549256,0.7482585163081197
lonestar,Web,365,325,0.9164957390931807,0.18199338238549256,0.7496995795937208
lonestar,Web,365,326,0.9186307173434991,0.18199338238549256,0.7514460059309443
lonestar,Web,365,327,0.9204837730236985,0.18199338238549256,0.7529618177401556
lonestar,Web,365,328,0.9236431547596995,0.18199338238549256,0.7555462129077748
lonestar,Web,365,329,0.9247975615292201,0.18199338238549256,0.7564905252846617
lonestar,Web,365,330,0.927580334065355,0.18199338238549256,0.7587668516345359
lonestar,Web,365,331,0.9293589228332306,0.18199338238549256,0.760221749016673
lonestar,Web,365,332,0.9306321204426152,0.18199338238549256,0.7612632330866805
lonestar,Web,365,333,0.9320071460416767,0.18199338238549256,0.7623880131261022
lonestar,Web,365,334,0.9337636322157578,0.18199338238549256,0.763824830440249
lonestar,Web,365,335,0.9350504679566934,0.18199338238549256,0.7648774705921172
lonestar,Web,365,336,0.9381212188004635,0.18199338238549256,0.7673893651033664
lonestar,Web,365,337,0.9408476068225745,0.18199338238549256,0.7696195685476381
lonestar,Web,365,338,0.9424651333279186,0.18199338238549256,0.7709427159331764
lonestar,Web,365,339,0.9441521735933316,0.18199338238549256,0.7723227260344664
lonestar,Web,365,340,0.9464971349661226,0.18199338238549256,0.77424091995546
lonestar,Web,365,341,0.9488372449637605,0.18199338238549256,0.7761551454194736
lonestar,Web,365,342,0.9528260591853869,0.18199338238549256,0.7794180218491988
lonestar,Web,365,343,0.9543572617461253,0.18199338238549256,0.7806705556767911
lonestar,Web,365,344,0.9555933107135992,0.18199338238549256,0.7816816519118803
lonestar,Web,365,345,0.9575518074705653,0.18199338238549256,0.7832837152196552
lonestar,Web,365,346,0.9585688999678169,0.18199338238549256,0.784115703613133
lonestar,Web,365,347,0.9616381411179205,0.18199338238549256,0.7866263631849725
lonestar,Web,365,348,0.9635607614467397,0.18199338238549256,0.7881990793371069
lonestar,Web,365,349,0.9654411103528914,0.18199338238549256,0.7897372171857631
lonestar,Web,365,350,0.9666699501090353,0.18199338238549256,0.7907424162382767
lonestar,Web,365,351,0.9682705646527423,0.18199338238549256,0.792051729527279
lonestar,Web,365,352,0.9706836827575875,0.18199338238549256,0.7940256761061277
lonestar,Web,365,353,0.9728611529476259,0.18199338238549256,0.7958068611312374
lonestar,Web,365,354,0.976651094713652,0.18199338238549256,0.7989070585762204
lonestar,Web,365,355,0.9787060591996352,0.18199338238549256,0.8005880331247175
lonestar,Web,365,356,0.9801301243985892,0.18199338238549256,0.8017529278813763
lonestar,Web,365,357,0.9822173522256291,0.18199338238549256,0.8034602940563642
lonestar,Web,365,358,0.9850439398037981,0.18199338238549256,0.8057724614005733
lonestar,Web,365,359,0.9873397767624459,0.18199338238549256,0.8076504712257112
lonestar,Web,365,360,0.9906361504765624,0.18199338238549256,0.810346926737989
lonestar,Web,365,361,0.992195901514167,0.18199338238549256,0.8116228134085807
lonestar,Web,365,362,0.995139244390178,0.18199338238549256,0.8140304873590661
lonestar,Web,365,363,0.9965937579052185,0.18199338238549256,0.8152202890397791
lonestar,Web,365,364,0.9981518465835045,0.18199338238549256,0.8164948158894473
lonestar,Web,365,365,1.0,0.18199338238549256,0.8180066176145074
lonestar,Affiliate,7,1,0.5147139094329706,0.35735643527446903,0.3307775815718183
lonestar,Affiliate,7,2,0.669098266261914,0.35735643527446903,0.4299916949822289
lonestar,Affiliate,7,3,0.7766407769011955,0.35735643527446903,0.49910319737899006
lonestar,Affiliate,7,4,0.8503028132814701,0.35735643527446903,0.5464416310233515
lonestar,Affiliate,7,5,0.9069004693805435,0.35735643527446903,0.5828137504939697
lonestar,Affiliate,7,6,0.9567761381256715,0.35735643527446903,0.6148660280494086
lonestar,Affiliate,7,7,1.0,0.35735643527446903,0.642643564725531
lonestar,Affiliate,30,1,0.3430080088326594,0.362543843892529,0.21865256682454454
lonestar,Affiliate,30,2,0.44589054194536293,0.362543843892529,0.2842356709131681
lonestar,Affiliate,30,3,0.5175574267200181,0.362543843892529,0.3299201678018169
lonestar,Affiliate,30,4,0.5666461883841273,0.362543843892529,0.36121210112029567
lonestar,Affiliate,30,5,0.6043631588552097,0.362543843892529,0.38525501613681085
lonestar,Affiliate,30,6,0.637600562220334,0.362543843892529,0.4064424035249365
lonestar,Affiliate,30,7,0.6664051671160991,0.362543843892529,0.42480407623998534
lonestar,Affiliate,30,8,0.6901116221255363,0.362543843892529,0.4399159019252359
lonestar,Affiliate,30,9,0.7124632383813905,0.362543843892529,0.45416407730648195
lonestar,Affiliate,30,10,0.7374346296017502,0.362543843892529,0.47008224436646834
lonestar,Affiliate,30,11,0.7538453778601556,0.362543843892529,0.4805433768701188
lonestar,Affiliate,30,12,0.7699105348257311,0.362543843892529,0.49078421007665773
lonestar,Affiliate,30,13,0.7851677739680203,0.362543843892529,0.5005100310931139
lonestar,Affiliate,30,14,0.8002302902620467,0.362543843892529,0.51011172483121
lonestar,Affiliate,30,15,0.8166239141210719,0.362543843892529,0.520561941281056
lonestar,Affiliate,30,16,0.8361933653185251,0.362543843892529,0.5330366084185172
lonestar,Affiliate,30,17,0.8494717624945326,0.362543843892529,0.5415010044416033
lonestar,Affiliate,30,18,0.8650327164645739,0.362543843892529,0.5514204303447111
lonestar,Affiliate,30,19,0.8760272894680406,0.362543843892529,0.5584289885895439
lonestar,Affiliate,30,20,0.8889894103303054,0.362543843892529,0.5666917723294037
lonestar,Affiliate,30,21,0.9032322070451532,0.362543843892529,0.5757709307754707
lonestar,Affiliate,30,22,0.9156971542137896,0.362543843892529,0.5837167880836724
lonestar,Affiliate,30,23,0.9293483614035669,0.362543843892529,0.5924188341450946
lonestar,Affiliate,30,24,0.9412739290748859,0.362543843892529,0.600020860672253
lonestar,Affiliate,30,25,0.9562165386107823,0.362543843892529,0.6095461191092204
lonestar,Affiliate,30,26,0.9659854341326298,0.362543843892529,0.6157733616979928
lonestar,Affiliate,30,27,0.9732058010868907,0.362543843892529,0.6203760290623413
lonestar,Affiliate,30,28,0.9828387690668354,0.362543843892529,0.6265166238027433
lonestar,Affiliate,30,29,0.9908566062307621,0.362543843892529,0.6316276434615555
lonestar,Affiliate,30,30,1.0,0.362543843892529,0.637456156107471
lonestar,Affiliate,60,1,0.2877871361899406,0.4116007495801701,0.16933373521463055
lonestar,Affiliate,60,2,0.3741066063073758,0.4116007495801701,0.22012404672836633
lonestar,Affiliate,60,3,0.4342358365231477,0.4116007495801701,0.25550404071564786
lonestar,Affiliate,60,4,0.4754217965434473,0.4116007495801701,0.2797378287194133
lonestar,Affiliate,60,5,0.5070667104758473,0.4116007495801701,0.29835767235683747
lonestar,Affiliate,60,6,0.5349532229843804,0.4116007495801701,0.31476607541368157
lonestar,Affiliate,60,7,0.5591205734210262,0.4116007495801701,0.32898612629523727
lonestar,Affiliate,60,8,0.5790105253192339,0.4116007495801701,0.34068935908302916
lonestar,Affiliate,60,9,0.5977637540073343,0.4116007495801701,0.35172374478605906
lonestar,Affiliate,60,10,0.6187149999868179,0.4116007495801701,0.3640514422157487
lonestar,Affiliate,60,11,0.6324837812467465,0.4116007495801701,0.3721529827882853
lonestar,Affiliate,60,12,0.6459626079694788,0.4116007495801701,0.38008391432847977
lonestar,Affiliate,60,13,0.6587635835906241,0.4116007495801701,0.3876159987886042
lonestar,Affiliate,60,14,0.6714011848023992,0.4116007495801701,0.39505195386871733
lonestar,Affiliate,60,15,0.6851555985206679,0.4116007495801701,0.4031450405905109
lonestar,Affiliate,60,16,0.7015745630110025,0.4116007495801701,0.41280594698929357
lonestar,Affiliate,60,17,0.7127152705107511,0.4116007495801701,0.41936113093129224
lonestar,Affiliate,60,18,0.7257710658977516,0.4116007495801701,0.427043151150638
lonestar,Affiliate,60,19,0.7349956221670559,0.4116007495801701,0.4324708731449522
lonestar,Affiliate,60,20,0.7458709706890754,0.4116007495801701,0.43886992006336284
lonestar,Affiliate,60,21,0.7578208190085098,0.4116007495801701,0.44590120185714877
lonestar,Affiliate,60,22,0.7682790338491169,0.4116007495801701,0.4520548076300915
lonestar,Affiliate,60,23,0.779732532664062,0.4116007495801701,0.45879403774748956
lonestar,Affiliate,60,24,0.7897382027335401,0.4116007495801701,0.46468136651631864
lonestar,Affiliate,60,25,0.8022752009808262,0.4116007495801701,0.47205812688753646
lonestar,Affiliate,60,26,0.810471401633805,0.4116007495801701,0.4768807652080398
lonestar,Affiliate,60,27,0.8165293614321169,0.4116007495801701,0.4804452642124399
lonestar,Affiliate,60,28,0.8246115175234346,0.4116007495801701,0.4852007987983474
lonestar,Affiliate,60,29,0.8313385627714348,0.4116007495801701,0.48915898717981093
lonestar,Affiliate,60,30,0.8390099612232117,0.4116007495801701,0.4936728322785083
lonestar,Affiliate,60,31,0.8436595535001535,0.4116007495801701,0.4964086488890187
lonestar,Affiliate,60,32,0.8502049333537733,0.4116007495801701,0.5002599454886016
lonestar,Affiliate,60,33,0.862990461332088,0.4116007495801701,0.5077829405672638
lonestar,Affiliate,60,34,0.8693754917995223,0.4116007495801701,0.5115398877082099
lonestar,Affiliate,60,35,0.8742271583036106,0.4116007495801701,0.5143946046425024
lonestar,Affiliate,60,36,0.8787090391430662,0.4116007495801701,0.517031739968909
lonestar,Affiliate,60,37,0.8834663988010584,0.4116007495801701,0.5198309668256492
lonestar,Affiliate,60,38,0.8887879907774906,0.4116007495801701,0.5229621875556222
lonestar,Affiliate,60,39,0.8932028895100191,0.4116007495801701,0.5255599106605214
lonestar,Affiliate,60,40,0.8981069622277905,0.4116007495801701,0.5284454633716624
lonestar,Affiliate,60,41,0.903332857362687,0.4116007495801701,0.5315203761518081
lonestar,Affiliate,60,42,0.9110632698851004,0.4116007495801701,0.5360689450854322
lonestar,Affiliate,60,43,0.9199116645468488,0.4116007495801701,0.5412753338718238
lonestar,Affiliate,60,44,0.924718572298111,0.4116007495801701,0.5441037147895038
lonestar,Affiliate,60,45,0.928783621418806,0.4116007495801701,0.5464955866450405
lonestar,Affiliate,60,46,0.934147545397382,0.4116007495801701,0.5496517154933436
lonestar,Affiliate,60,47,0.9365909518757075,0.4116007495801701,0.5510894140336613
lonestar,Affiliate,60,48,0.940891177760147,0.4116007495801701,0.5536196637207014
lonestar,Affiliate,60,49,0.9477976656914724,0.4116007495801701,0.5576834360425269
lonestar,Affiliate,60,50,0.9525539856347698,0.4116007495801701,0.56048205113192
lonestar,Affiliate,60,51,0.9579564369439322,0.4116007495801701,0.5636608494326607
lonestar,Affiliate,60,52,0.9642252666573727,0.4116007495801701,0.5673494241370587
lonestar,Affiliate,60,53,0.967726302577458,0.4116007495801701,0.5694094310481297
lonestar,Affiliate,60,54,0.9717669963547942,0.4116007495801701,0.5717869722378904
lonestar,Affiliate,60,55,0.9758311053167615,0.4116007495801701,0.5741782909047366
lonestar,Affiliate,60,56,0.9820765790346119,0.4116007495801701,0.5778531229588364
lonestar,Affiliate,60,57,0.9871436936480451,0.4116007495801701,0.580834609399172
lonestar,Affiliate,60,58,0.9902277741442743,0.4116007495801701,0.5826492800513876
lonestar,Affiliate,60,59,0.9958030642007915,0.4116007495801701,0.5859297765415155
lonestar,Affiliate,60,60,1.0,0.4116007495801701,0.5883992504198299
lonestar,Affiliate,90,1,0.24445854651637916,0.3794767120427458,0.15169222105359498
lonestar,Affiliate,90,2,0.3177819496411287,0.3794767120427458,0.19719110024477976
lonestar,Affiliate,90,3,0.3688582569990604,0.3794767120427458,0.22888513842323882
lonestar,Affiliate,90,4,0.4038433506927516,0.3794767120427458,0.2505942037915407
lonestar,Affiliate,90,5,0.4307238769281032,0.3794767120427458,0.2672741963131223
lonestar,Affiliate,90,6,0.45441185827952657,0.3794767120427458,0.28197314038637766
lonestar,Affiliate,90,7,0.47494062630964157,0.3794767120427458,0.2947117190221364
lonestar,Affiliate,90,8,0.4918359913898495,0.3794767120427458,0.3051956865129452
lonestar,Affiliate,90,9,0.5077657757724167,0.3794767120427458,0.31508048869446587
lonestar,Affiliate,90,10,0.5255626488629198,0.3794767120427458,0.3261238628999429
lonestar,Affiliate,90,11,0.5372584331104916,0.3794767120427458,0.3333813693964848
lonestar,Affiliate,90,12,0.5487079177296045,0.3794767120427458,0.3404860412377527
lonestar,Affiliate,90,13,0.5595816069978817,0.3794767120427458,0.3472334186547296
lonestar,Affiliate,90,14,0.5703165191436601,0.3794767120427458,0.35389468163536025
lonestar,Affiliate,90,15,0.5820000989946154,0.3794767120427458,0.36114461501958617
lonestar,Affiliate,90,16,0.5959470607933601,0.3794767120427458,0.3697990296119575
lonestar,Affiliate,90,17,0.6054104482074354,0.3794767120427458,0.37567128188535276
lonestar,Affiliate,90,18,0.6165005921456791,0.3794767120427458,0.382552974465831
lonestar,Affiliate,90,19,0.6243363197869742,0.3794767120427458,0.38741522594534494
lonestar,Affiliate,90,20,0.6335743000794543,0.3794767120427458,0.393147607850519
lonestar,Affiliate,90,21,0.6437250058751856,0.3794767120427458,0.39944635718597293
lonestar,Affiliate,90,22,0.6526086552034288,0.3794767120427458,0.40495886847619367
lonestar,Affiliate,90,23,0.6623377407695765,0.3794767120427458,0.4109959926405171
lonestar,Affiliate,90,24,0.670836979458594,0.3794767120427458,0.4162699681769597
lonestar,Affiliate,90,25,0.6814864351979469,0.3794767120427458,0.42287820346729826
lonestar,Affiliate,90,26,0.6884486341520428,0.3794767120427458,0.4271984100537064
lonestar,Affiliate,90,27,0.6935945210278639,0.3794767120427458,0.43039155269734697
lonestar,Affiliate,90,28,0.7004598457152678,0.3794767120427458,0.43465164654526894
lonestar,Affiliate,90,29,0.7061740820270349,0.3794767120427458,0.43819746324961145
lonestar,Affiliate,90,30,0.7126904918294231,0.3794767120427458,0.4422410472858663
lonestar,Affiliate,90,31,0.7166400518582801,0.3794767120427458,0.4446918412609571
lonestar,Affiliate,90,32,0.722199973912466,0.3794767120427458,0.4481419023748066
lonestar,Affiliate,90,33,0.7330605413005804,0.3794767120427458,0.4548811373595607
lonestar,Affiliate,90,34,0.7384842558147052,0.3794767120427458,0.4582466785228069
lonestar,Affiliate,90,35,0.7426054662255447,0.3794767120427458,0.4608039855573047
lonestar,Affiliate,90,36,0.7464125650770714,0.3794767120427458,0.46316637905423236
lonestar,Affiliate,90,37,0.7504536672703288,0.3794767120427458,0.4656739770741637
lonestar,Affiliate,90,38,0.7549740522219801,0.3794767120427458,0.46847898120719483
lonestar,Affiliate,90,39,0.7587242536432787,0.3794767120427458,0.470806068523641
lonestar,Affiliate,90,40,0.7628899801050958,0.3794767120427458,0.4733909988044583
lonestar,Affiliate,90,41,0.7673290761183403,0.3794767120427458,0.4761455612581547
lonestar,Affiliate,90,42,0.7738956149644476,0.3794767120427458,0.4802202515334402
lonestar,Affiliate,90,43,0.7814118150512598,0.3794767120427458,0.4848842287242535
lonestar,Affiliate,90,44,0.7854950054873199,0.3794767120427458,0.48741794347899314
lonestar,Affiliate,90,45,0.7889480298744381,0.3794767120427458,0.48956062552508434
lonestar,Affiliate,90,46,0.7935043734163594,0.3794767120427458,0.49238794280078013
lonestar,Affiliate,90,47,0.7955799060622867,0.3794767120427458,0.49367585914249357
lonestar,Affiliate,90,48,0.7992326995238693,0.3794767120427458,0.4959425025515036
lonestar,Affiliate,90,49,0.8050993620285839,0.3794767120427458,0.4995829032582646
lonestar,Affiliate,90,50,0.8091395810442732,0.3794767120427458,0.5020899532459475
lonestar,Affiliate,90,51,0.8137286513277749,0.3794767120427458,0.504937578226933
lonestar,Affiliate,90,52,0.8190536600143861,0.3794767120427458,0.5082418701255499
lonestar,Affiliate,90,53,0.8220275877710485,0.3794767120427458,0.5100872615552613
lonestar,Affiliate,90,54,0.8254599237010098,0.3794767120427458,0.5122171059318948
lonestar,Affiliate,90,55,0.8289121494776026,0.3794767120427458,0.514359292421557
lonestar,Affiliate,90,56,0.834217318595253,0.3794767120427458,0.5176512734056107
lonestar,Affiliate,90,57,0.8385215397283833,0.3794767120427458,0.5203221428552357
lonestar,Affiliate,90,58,0.8411412879403052,0.3794767120427458,0.5219477576293177
lonestar,Affiliate,90,59,0.8458771747546618,0.3794767120427458,0.5248864856867557
lonestar,Affiliate,90,60,0.8494422292559858,0.3794767120427458,0.527098685027664
lonestar,Affiliate,90,61,0.8545610035039408,0.3794767120427458,0.530275003654316
lonestar,Affiliate,90,62,0.8579055731658305,0.3794767120427458,0.5323503870177139
lonestar,Affiliate,90,63,0.8630633493455975,0.3794767120427458,0.5355509072513305
lonestar,Affiliate,90,64,0.8683421424004839,0.3794767120427458,0.5388265212741945
lonestar,Affiliate,90,65,0.8746245404476665,0.3794767120427458,0.5427248955666885
lonestar,Affiliate,90,66,0.8787574720783784,0.3794767120427458,0.5452894758910803
lonestar,Affiliate,90,67,0.8839681315373971,0.3794767120427458,0.5485228114310162
lonestar,Affiliate,90,68,0.88943298803778,0.3794767120427458,0.5519138821548484
lonestar,Affiliate,90,69,0.8953045795175015,0.3794767120427458,0.555557341405387
lonestar,Affiliate,90,70,0.8995330035930553,0.3794767120427458,0.5581811770156272
lonestar,Affiliate,90,71,0.9068247103057064,0.3794767120427458,0.5627058508397815
lonestar,Affiliate,90,72,0.9127069553773463,0.3794767120427458,0.5663559208922058
lonestar,Affiliate,90,73,0.9189215004673417,0.3794767120427458,0.5702121908446084
lonestar,Affiliate,90,74,0.9242263107814099,0.3794767120427458,0.5735039491826835
lonestar,Affiliate,90,75,0.9297151698290385,0.3794767120427458,0.576909914046052
lonestar,Affiliate,90,76,0.9347885531660394,0.3794767120427458,0.5800580665553953
lonestar,Affiliate,90,77,0.9373373958049421,0.3794767120427458,0.5816396827701729
lonestar,Affiliate,90,78,0.9429354119370319,0.3794767120427458,0.585113382146495
lonestar,Affiliate,90,79,0.9484781970077337,0.3794767120427458,0.5885528093630072
lonestar,Affiliate,90,80,0.9570516052863608,0.3794767120427458,0.5938728088570608
lonestar,Affiliate,90,81,0.9625544972263177,0.3794767120427458,0.5972874814569163
lonestar,Affiliate,90,82,0.9652161197897072,0.3794767120427458,0.5989390802412521
lonestar,Affiliate,90,83,0.9702756313620523,0.3794767120427458,0.6020786249975814
lonestar,Affiliate,90,84,0.9747933054822977,0.3794767120427458,0.6048819469965955
lonestar,Affiliate,90,85,0.9796889309097903,0.3794767120427458,0.6079197965834703
lonestar,Affiliate,90,86,0.9850049263180588,0.3794767120427458,0.6112184955329748
lonestar,Affiliate,90,87,0.9886816558158609,0.3794767120427458,0.6134999918098804
lonestar,Affiliate,90,88,0.9934220942131273,0.3794767120427458,0.6164415442305109
lonestar,Affiliate,90,89,0.9955999667399905,0.3794767120427458,0.6177929648516318
lonestar,Affiliate,90,90,1.0,0.3794767120427458,0.6205232879572542
lonestar,Affiliate,120,1,0.21875915656888878,0.35566988073828776,0.1409531134416237
lonestar,Affiliate,120,2,0.2843742314063567,0.35566988073828776,0.18323088243701557
lonestar,Affiliate,120,3,0.33008099878061914,0.35566988073828776,0.21268112931034142
lonestar,Affiliate,120,4,0.36138818643258636,0.35566988073828776,0.23285329326388227
lonestar,Affiliate,120,5,0.3854428219982912,0.35566988073828776,0.2483524194667299
lonestar,Affiliate,120,6,0.4066405379100551,0.35566988073828776,0.2620107462882326
lonestar,Affiliate,120,7,0.42501116165654557,0.35566988073828776,0.2738474924777209
lonestar,Affiliate,120,8,0.4401303541230773,0.35566988073828776,0.28358924356282206
lonestar,Affiliate,120,9,0.45438547526943973,0.35566988073828776,0.2927742474711479
lonestar,Affiliate,120,10,0.4703114021896555,0.35566988073828776,0.30303580186300383
lonestar,Affiliate,120,11,0.4807776343335952,0.35566988073828776,0.3097795104685293
lonestar,Affiliate,120,12,0.4910234597879234,0.35566988073828776,0.31638120440545126
lonestar,Affiliate,120,13,0.500754021991692,0.35566988073828776,0.322650898710689
lonestar,Affiliate,120,14,0.5103603964069725,0.35566988073828776,0.32884057508335934
lonestar,Affiliate,120,15,0.5208157071757002,0.35566988073828776,0.33557724671789196
lonestar,Affiliate,120,16,0.5332964555204406,0.35566988073828776,0.3436189687873339
lonestar,Affiliate,120,17,0.5417649778056659,0.35566988073828776,0.3490754927613436
lonestar,Affiliate,120,18,0.551689239275474,0.35566988073828776,0.35546999333776946
lonestar,Affiliate,120,19,0.558701214084047,0.35566988073828776,0.35998801990243745
lonestar,Affiliate,120,20,0.5669680258031764,0.35566988073828776,0.3653145756833382
lonestar,Affiliate,120,21,0.576051610198555,0.35566988073828776,0.3711674027001363
lonestar,Affiliate,120,22,0.5840013409892928,0.35566988073828776,0.37628965368863093
lonestar,Affiliate,120,23,0.592707629163572,0.35566988073828776,0.38189937738629104
lonestar,Affiliate,120,24,0.6003133615610792,0.35566988073828776,0.3867999798490495
lonestar,Affiliate,120,25,0.6098432634142037,0.35566988073828776,0.3929403826466257
lonestar,Affiliate,120,26,0.616073541687419,0.35566988073828776,0.39695473858944014
lonestar,Affiliate,120,27,0.6206784527809165,0.35566988073828776,0.39992182150350297
lonestar,Affiliate,120,28,0.6268220409662754,0.35566988073828776,0.4038803204116701
lonestar,Affiliate,120,29,0.6319355521681173,0.35566988073828776,0.40717510969419896
lonestar,Affiliate,120,30,0.6377669061237957,0.35566988073828776,0.41093242668391855
lonestar,Affiliate,120,31,0.6413012575835556,0.35566988073828776,0.4132097157814984
lonestar,Affiliate,120,32,0.6462766772467049,0.35566988073828776,0.4164155285264325
lonestar,Affiliate,120,33,0.6559954970447449,0.35566988073828776,0.4226776568459867
lonestar,Affiliate,120,34,0.6608490283672872,0.35566988073828776,0.42580493326188085
lonestar,Affiliate,120,35,0.6645369849814682,0.35566988073828776,0.42818119478692807
lonestar,Affiliate,120,36,0.6679438518944995,0.35566988073828776,0.4303763417513103
lonestar,Affiliate,120,37,0.6715601218920242,0.35566988073828776,0.43270641343009797
lonestar,Affiliate,120,38,0.6756052887044828,0.35566988073828776,0.43531283624480294
lonestar,Affiliate,120,39,0.6789612396891286,0.35566988073828776,0.4374751765429762
lonestar,Affiliate,120,40,0.6826890324796447,0.35566988073828776,0.4398771057162724
lonestar,Affiliate,120,41,0.6866614560812087,0.35566988073828776,0.44243665788922615
lonestar,Affiliate,120,42,0.6925376691243679,0.35566988073828776,0.4462228789401322
lonestar,Affiliate,120,43,0.6992637076082949,0.35566988073828776,0.45055666811863976
lonestar,Affiliate,120,44,0.7029176412041196,0.35566988073828776,0.45291100758821184
lonestar,Affiliate,120,45,0.7060076567233241,0.35566988073828776,0.4549019976562214
lonestar,Affiliate,120,46,0.7100850018784546,0.35566988073828776,0.4575291539462978
lonestar,Affiliate,120,47,0.711942338337026,0.35566988073828776,0.45872589176815826
lonestar,Affiliate,120,48,0.7152111216467665,0.35566988073828776,0.46083206730796406
lonestar,Affiliate,120,49,0.7204610348107544,0.35566988073828776,0.46421474448303
lonestar,Affiliate,120,50,0.7240765144772284,0.35566988073828776,0.4665443069277175
lonestar,Affiliate,120,51,0.7281831458834941,0.35566988073828776,0.46919033323148057
lonestar,Affiliate,120,52,0.7329483481053235,0.35566988073828776,0.47226069654737807
lonestar,Affiliate,120,53,0.7356096333703109,0.35566988073828776,0.47397544279955683
lonestar,Affiliate,120,54,0.7386811353644093,0.35566988073828776,0.4759545040457268
lonestar,Affiliate,120,55,0.7417704362292584,0.35566988073828776,0.4779450336404104
lonestar,Affiliate,120,56,0.7465178845724267,0.35566988073828776,0.4810039575975529
lonestar,Affiliate,120,57,0.750369612393718,0.35566988073828776,0.4834857418440091
lonestar,Affiliate,120,58,0.752713952231411,0.35566988073828776,0.48499627061121986
lonestar,Affiliate,120,59,0.7569519656691821,0.35566988073828776,0.4877269503150116
lonestar,Affiliate,120,60,0.7601422338228033,0.35566988073828776,0.48978253617491124
lonestar,Affiliate,120,61,0.7647228825794389,0.35566988073828776,0.4927339861345702
lonestar,Affiliate,120,62,0.7677158449804153,0.35566988073828776,0.4946624419553372
lonestar,Affiliate,120,63,0.7723313954814544,0.35566988073828776,0.4976363801601301
lonestar,Affiliate,120,64,0.7770552406193919,0.35566988073828776,0.5006800958612313
lonestar,Affiliate,120,65,0.7826771839615919,0.35566988073828776,0.5043024832853936
lonestar,Affiliate,120,66,0.7863756295695505,0.35566988073828776,0.5066855031850526
lonestar,Affiliate,120,67,0.791038503846872,0.35566988073828776,0.5096899335242615
lonestar,Affiliate,120,68,0.7959288519890414,0.35566988073828776,0.5128409321259367
lonestar,Affiliate,120,69,0.8011831759557221,0.35566988073828776,0.5162264513140278
lonestar,Affiliate,120,70,0.8049670750975823,0.35566988073828776,0.5186645314993769
lonestar,Affiliate,120,71,0.8114922207025873,0.35566988073828776,0.5228688793452498
lonestar,Affiliate,120,72,0.8167560782724728,0.35566988073828776,0.5262605413210307
lonestar,Affiliate,120,73,0.8223173018898097,0.35566988073828776,0.5298438051976305
lonestar,Affiliate,120,74,0.8270644291496282,0.35566988073828776,0.5329025222710999
lonestar,Affiliate,120,75,0.8319762565039819,0.35566988073828776,0.5360673605761236
lonestar,Affiliate,120,76,0.8365162861964133,0.35566988073828776,0.5389926384492996
lonestar,Affiliate,120,77,0.8387971746082072,0.35566988073828776,0.5404622835516935
lonestar,Affiliate,120,78,0.8438066836025386,0.35566988073828776,0.5436900610794536
lonestar,Affiliate,120,79,0.8487667678556294,0.35566988073828776,0.5468859927577957
lonestar,Affiliate,120,80,0.8564388725567327,0.35566988073828776,0.5518293608948459
lonestar,Affiliate,120,81,0.8613632575562731,0.35566988073828776,0.5550022904688904
lonestar,Affiliate,120,82,0.8637450695868573,0.35566988073828776,0.5565369636986157
lonestar,Affiliate,120,83,0.8682726858227764,0.35566988073828776,0.5594542432078767
lonestar,Affiliate,120,84,0.8723154267875795,0.35566988073828776,0.5620591029758725
lonestar,Affiliate,120,85,0.876696385869015,0.35566988073828776,0.5648818868632945
lonestar,Affiliate,120,86,0.8814535223586528,0.35566988073828776,0.5679470531850072
lonestar,Affiliate,120,87,0.8847437253617099,0.35566988073828776,0.5700670300783621
lonestar,Affiliate,120,88,0.8889858118844787,0.35566988073828776,0.5728003341934962
lonestar,Affiliate,120,89,0.8909347294571323,0.35566988073828776,0.5740560804855154
lonestar,Affiliate,120,90,0.8948721968868925,0.35566988073828776,0.5765931093441219
lonestar,Affiliate,120,91,0.8983775884586425,0.35566988073828776,0.5788517387136065
lonestar,Affiliate,120,92,0.9026769455380041,0.35566988073828776,0.5816219439733004
lonestar,Affiliate,120,93,0.9076886322460851,0.35566988073828776,0.5848511246676205
lonestar,Affiliate,120,94,0.9134726732821558,0.35566988073828776,0.5885779565182065
lonestar,Affiliate,120,95,0.91687935777797,0.35566988073828776,0.5907729859456815
lonestar,Affiliate,120,96,0.9190006824548809,0.35566988073828776,0.5921398193277483
lonestar,Affiliate,120,97,0.9243949815245602,0.35566988073828776,0.5956155286906482
lonestar,Affiliate,120,98,0.9276796976128253,0.35566988073828776,0.5977319701995408
lonestar,Affiliate,120,99,0.9304410640970692,0.35566988073828776,0.599511201795659
lonestar,Affiliate,120,100,0.9334261948235787,0.35566988073828776,0.6014346114326827
lonestar,Affiliate,120,101,0.9369501563402417,0.35566988073828776,0.6037052059769878
lonestar,Affiliate,120,102,0.940219330718959,0.35566988073828776,0.6058116334943141
lonestar,Affiliate,120,103,0.9438721348490919,0.35566988073828776,0.6081652452151224
lonestar,Affiliate,120,104,0.9485693444912915,0.35566988073828776,0.611191798864078
lonestar,Affiliate,120,105,0.9522701908314725,0.35566988073828776,0.6135763656278161
lonestar,Affiliate,120,106,0.9541015995555598,0.35566988073828776,0.6147563974294243
lonestar,Affiliate,120,107,0.9578941525956548,0.35566988073828776,0.6172000535820551
lonestar,Affiliate,120,108,0.9605142544464531,0.35566988073828776,0.6188882641200577
lonestar,Affiliate,120,109,0.9630199506020417,0.35566988073828776,0.6205027596228218
lonestar,Affiliate,120,110,0.9659024747935842,0.35566988073828776,0.6223600567789331
lonestar,Affiliate,120,111,0.9713212856552815,0.35566988073828776,0.6258515598277072
lonestar,Affiliate,120,112,0.9754111009596996,0.35566988073828776,0.6284867510105613
lonestar,Affiliate,120,113,0.9792614798218328,0.35566988073828776,0.6309676660820023
lonestar,Affiliate,120,114,0.9838926107409662,0.35566988073828776,0.6339516432194442
lonestar,Affiliate,120,115,0.9876512562927643,0.35566988073828776,0.6363734517560967
lonestar,Affiliate,120,116,0.9908329300621788,0.35566988073828776,0.6384234999953954
lonestar,Affiliate,120,117,0.9923411559833936,0.35566988073828776,0.6393952953830854
lonestar,Affiliate,120,118,0.9959179376571415,0.35566988073828776,0.6416999235455045
lonestar,Affiliate,120,119,0.9975501145769978,0.35566988073828776,0.6427515842949317
lonestar,Affiliate,120,120,1.0,0.35566988073828776,0.6443301192617122
lonestar,Affiliate,150,1,0.1973272030604252,0.3091571290975272,0.13632209146941934
lonestar,Affiliate,150,2,0.25651393334113337,0.3091571290975272,0.1772108221358741
lonestar,Affiliate,150,3,0.29774278386495817,0.3091571290975272,0.20569347959576215
lonestar,Affiliate,150,4,0.3259827893209362,0.3091571290975272,0.22520288603927152
lonestar,Affiliate,150,5,0.34768077916175744,0.3091571290975272,0.24019278763371713
lonestar,Affiliate,150,6,0.36680174332044224,0.3091571290975272,0.25340236940752625
lonestar,Affiliate,150,7,0.3833725870703762,0.3091571290975272,0.2648502186770069
lonestar,Affiliate,150,8,0.397010544030653,0.3091571290975272,0.2742719040166889
lonestar,Affiliate,150,9,0.40986908320779325,0.3091571290975272,0.28315513413743637
lonestar,Affiliate,150,10,0.42423473840870496,0.3091571290975272,0.29307954461882924
lonestar,Affiliate,150,11,0.43367558809900975,0.3091571290975272,0.2996016883226381
lonestar,Affiliate,150,12,0.4429176244629195,0.3091571290975272,0.30598648325726663
lonestar,Affiliate,150,13,0.45169487819707577,0.3091571290975272,0.31205018642561055
lonestar,Affiliate,150,14,0.460360110887903,0.3091571290975272,0.3180365006547796
lonestar,Affiliate,150,15,0.4697911091760633,0.3091571290975272,0.3245518385876486
lonestar,Affiliate,150,16,0.48104911181968335,0.3091571290975272,0.3323293494545947
lonestar,Affiliate,150,17,0.4886879683722874,0.3091571290975272,0.3376065990458078
lonestar,Affiliate,150,18,0.4976399445500748,0.3091571290975272,0.34379100796872103
lonestar,Affiliate,150,19,0.5039649523742395,0.3091571290975272,0.34816059453244763
lonestar,Affiliate,150,20,0.5114218600545781,0.3091571290975272,0.3533121460423874
lonestar,Affiliate,150,21,0.5196155207479943,0.3091571290975272,0.3589726781190278
lonestar,Affiliate,150,22,0.5267864120908929,0.3091571290975272,0.36392663728128555
lonestar,Affiliate,150,23,0.5346397404791269,0.3091571290975272,0.369352053211153
lonestar,Affiliate,150,24,0.5415003351384116,0.3091571290975272,0.3740916461216714
lonestar,Affiliate,150,25,0.5500965873255753,0.3091571290975272,0.38003030566165324
lonestar,Affiliate,150,26,0.5557164818489599,0.3091571290975272,0.38391276972835736
lonestar,Affiliate,150,27,0.5598702472989361,0.3091571290975272,0.3867823689768744
lonestar,Affiliate,150,28,0.5654119448095049,0.3091571290975272,0.39061081119474883
lonestar,Affiliate,150,29,0.570024482538685,0.3091571290975272,0.3937973500017216
lonestar,Affiliate,150,30,0.575284535576817,0.3091571290975272,0.397431220143684
lonestar,Affiliate,150,31,0.5784726247024364,0.3091571290975272,0.3996336887879199
lonestar,Affiliate,150,32,0.58296059979605,0.3091571290975272,0.40273417438613063
lonestar,Affiliate,150,33,0.5917272615343513,0.3091571290975272,0.4087905601496496
lonestar,Affiliate,150,34,0.5961052897543578,0.3091571290975272,0.41181508973405095
lonestar,Affiliate,150,35,0.5994319352539045,0.3091571290975272,0.4141132790614325
lonestar,Affiliate,150,36,0.6025050295631517,0.3091571290975272,0.41623630435658693
lonestar,Affiliate,150,37,0.605767011622852,0.3091571290975272,0.41848982140754265
lonestar,Affiliate,150,38,0.6094158712433358,0.3091571290975272,0.42101061006327783
lonestar,Affiliate,150,39,0.6124430378853845,0.3091571290975272,0.4231019065569709
lonestar,Affiliate,150,40,0.6158056167894118,0.3091571290975272,0.42542492022066525
lonestar,Affiliate,150,41,0.6193888598909228,0.3091571290975272,0.4279003781720546
lonestar,Affiliate,150,42,0.6246893771473452,0.3091571290975272,0.4315622027307495
lonestar,Affiliate,150,43,0.6307564619840531,0.3091571290975272,0.43575360503734967
lonestar,Affiliate,150,44,0.6340524177188501,0.3091571290975272,0.4380305925595443
lonestar,Affiliate,150,45,0.6368397027375959,0.3091571290975272,0.4399561685439181
lonestar,Affiliate,150,46,0.6405175881710247,0.3091571290975272,0.4424970094755984
lonestar,Affiliate,150,47,0.6421929603669155,0.3091571290975272,0.4436544284132378
lonestar,Affiliate,150,48,0.6451414991985625,0.3091571290975272,0.44569140544466024
lonestar,Affiliate,150,49,0.6498770755154953,0.3091571290975272,0.44896294458282787
lonestar,Affiliate,150,50,0.6531383446733077,0.3091571290975272,0.45121596913059664
lonestar,Affiliate,150,51,0.656842647167925,0.3091571290975272,0.45377506010066926
lonestar,Affiliate,150,52,0.6611409999372401,0.3091571290975272,0.45674454646797447
lonestar,Affiliate,150,53,0.6635415576378753,0.3091571290975272,0.4584029546416483
lonestar,Affiliate,150,54,0.6663121429116353,0.3091571290975272,0.46031699372625284
lonestar,Affiliate,150,55,0.6690987832911015,0.3091571290975272,0.462242124366176
lonestar,Affiliate,150,56,0.6733811215389007,0.3091571290975272,0.4652005472154611
lonestar,Affiliate,150,57,0.6768554934913548,0.3091571290975272,0.4676007923096775
lonestar,Affiliate,150,58,0.6789701570805308,0.3091571290975272,0.4690616925746168
lonestar,Affiliate,150,59,0.6827929700375944,0.3091571290975272,0.4717026556527978
lonestar,Affiliate,150,60,0.6856706858856557,0.3091571290975272,0.473690705130914
lonestar,Affiliate,150,61,0.6898025659931039,0.3091571290975272,0.4765451850465683
lonestar,Affiliate,150,62,0.6925023062403822,0.3091571290975272,0.47841028134968905
lonestar,Affiliate,150,63,0.6966656687493583,0.3091571290975272,0.4812865106579978
lonestar,Affiliate,150,64,0.7009267162107764,0.3091571290975272,0.48423022491929557
lonestar,Affiliate,150,65,0.7059978747070891,0.3091571290975272,0.4877335986136897
lonestar,Affiliate,150,66,0.7093339815879901,0.3091571290975272,0.49003832426892885
lonestar,Affiliate,150,67,0.7135400315371565,0.3091571290975272,0.49294404389097013
lonestar,Affiliate,150,68,0.717951269612954,0.3091571290975272,0.4959915162674884
lonestar,Affiliate,150,69,0.7226908246038417,0.3091571290975272,0.4992658040441934
lonestar,Affiliate,150,70,0.7261040130894669,0.3091571290975272,0.501623780976534
lonestar,Affiliate,150,71,0.7319898866318263,0.3091571290975272,0.5056899947523065
lonestar,Affiliate,150,72,0.7367380412136293,0.3091571290975272,0.5089702234950879
lonestar,Affiliate,150,73,0.741754428729537,0.3091571290975272,0.512435759048137
lonestar,Affiliate,150,74,0.7460364773506968,0.3091571290975272,0.515393981810923
lonestar,Affiliate,150,75,0.7504670903085827,0.3091571290975272,0.5184548391866066
lonestar,Affiliate,150,76,0.7545623308236313,0.3091571290975272,0.5212840069010589
lonestar,Affiliate,150,77,0.7566197593576022,0.3091571290975272,0.522705366736144
lonestar,Affiliate,150,78,0.7611384840320875,0.3091571290975272,0.5258270954630833
lonestar,Affiliate,150,79,0.7656126261341041,0.3091571290975272,0.528918024637666
lonestar,Affiliate,150,80,0.7725330905663148,0.3091571290975272,0.5336989781539929
lonestar,Affiliate,150,81,0.7769750308900609,0.3091571290975272,0.5367676609596271
lonestar,Affiliate,150,82,0.7791234955010169,0.3091571290975272,0.5382519124194923
lonestar,Affiliate,150,83,0.7832075387126369,0.3091571290975272,0.5410733445566976
lonestar,Affiliate,150,84,0.7868542101470789,0.3091571290975272,0.5435926215197056
lonestar,Affiliate,150,85,0.7908059642853776,0.3091571290975272,0.5463226626937087
lonestar,Affiliate,150,86,0.7950970415266694,0.3091571290975272,0.5492871228143469
lonestar,Affiliate,150,87,0.7980649015526327,0.3091571290975272,0.5513374477551201
lonestar,Affiliate,150,88,0.8018913885523423,0.3091571290975272,0.5539809490194705
lonestar,Affiliate,150,89,0.803649369610776,0.3091571290975272,0.555195437700871
lonestar,Affiliate,150,90,0.8072010812156406,0.3091571290975272,0.5576491123425932
lonestar,Affiliate,150,91,0.810363047669224,0.3091571290975272,0.5598335343250841
lonestar,Affiliate,150,92,0.8142411943979591,0.3091571290975272,0.5625127243449445
lonestar,Affiliate,150,93,0.8187618834343939,0.3091571290975272,0.5656358101373324
lonestar,Affiliate,150,94,0.8239792588253761,0.3091571290975272,0.5692401967310146
lonestar,Affiliate,150,95,0.8270521885889203,0.3091571290975272,0.571363108350943
lonestar,Affiliate,150,96,0.8289656859338693,0.3091571290975272,0.5726850343501919
lonestar,Affiliate,150,97,0.8338315025908105,0.3091571290975272,0.5760465490987582
lonestar,Affiliate,150,98,0.8367944132580073,0.3091571290975272,0.5780934548103119
lonestar,Affiliate,150,99,0.839285247166434,0.3091571290975272,0.5798142296585508
lonestar,Affiliate,150,100,0.8419779230126511,0.3091571290975272,0.581674445570561
lonestar,Affiliate,150,101,0.8451566401035479,0.3091571290975272,0.5838704396114229
lonestar,Affiliate,150,102,0.8481055316909313,0.3091571290975272,0.5859076603416311
lonestar,Affiliate,150,103,0.8514004686144045,0.3091571290975272,0.5881839440252858
lonestar,Affiliate,150,104,0.8556374900740837,0.3091571290975272,0.591111060094566
lonestar,Affiliate,150,105,0.8589757624861661,0.3091571290975272,0.5934172817915836
lonestar,Affiliate,150,106,0.8606277471018172,0.3091571290975272,0.5945585435861467
lonestar,Affiliate,150,107,0.8640487416585619,0.3091571290975272,0.5969219132870699
lonestar,Affiliate,150,108,0.8664121507064876,0.3091571290975272,0.5985546575788557
lonestar,Affiliate,150,109,0.8686723624473655,0.3091571290975272,0.6001161087467713
lonestar,Affiliate,150,110,0.8712724841766334,0.3091571290975272,0.6019123843069146
lonestar,Affiliate,150,111,0.8761604111920015,0.3091571290975272,0.6052891738389733
lonestar,Affiliate,150,112,0.8798495450674121,0.3091571290975272,0.6078377856766055
lonestar,Affiliate,150,113,0.88332270021897,0.3091571290975272,0.6102371901525975
lonestar,Affiliate,150,114,0.8875001167240089,0.3091571290975272,0.613123128563894
lonestar,Affiliate,150,115,0.8908905257275207,0.3091571290975272,0.6154653684534137
lonestar,Affiliate,150,116,0.8937604891878689,0.3091571290975272,0.6174480622497458
lonestar,Affiliate,150,117,0.8951209533955594,0.3091571290975272,0.6183879292487467
lonestar,Affiliate,150,118,0.8983473158240332,0.3091571290975272,0.6206168387314055
lonestar,Affiliate,150,119,0.8998195874836362,0.3091571290975272,0.621633947111474
lonestar,Affiliate,150,120,0.9020294562997435,0.3091571290975272,0.6231606192287114
lonestar,Affiliate,150,121,0.905804359244012,0.3091571290975272,0.6257684840161081
lonestar,Affiliate,150,122,0.9107652083279307,0.3091571290975272,0.6291956512393564
lonestar,Affiliate,150,123,0.915002733012294,0.3091571290975272,0.6321231149578219
lonestar,Affiliate,150,124,0.9174563229322551,0.3091571290975272,0.6338181600621453
lonestar,Affiliate,150,125,0.9211811737388886,0.3091571290975272,0.6363914466870834
lonestar,Affiliate,150,126,0.9246061966282345,0.3091571290975272,0.6387575993328658
lonestar,Affiliate,150,127,0.9279574176395178,0.3091571290975272,0.6410727664773294
lonestar,Affiliate,150,128,0.9322680561028877,0.3091571290975272,0.6440507403287864
lonestar,Affiliate,150,129,0.9354243056240923,0.3091571290975272,0.6462312128093
lonestar,Affiliate,150,130,0.9376266464211118,0.3091571290975272,0.6477526842482186
lonestar,Affiliate,150,131,0.9405829566979453,0.3091571290975272,0.6497950301271448
lonestar,Affiliate,150,132,0.9431627711393924,0.3091571290975272,0.6515772765422697
lonestar,Affiliate,150,133,0.945921471234282,0.3091571290975272,0.6534831048357822
lonestar,Affiliate,150,134,0.9483273500064892,0.3091571290975272,0.6551451890338171
lonestar,Affiliate,150,135,0.9518973916033641,0.3091571290975272,0.6576115268198434
lonestar,Affiliate,150,136,0.9538233999326272,0.3091571290975272,0.6589420959434136
lonestar,Affiliate,150,137,0.9582994617077608,0.3091571290975272,0.6620343513104837
lonestar,Affiliate,150,138,0.9619588409033627,0.3091571290975272,0.6645624073396942
lonestar,Affiliate,150,139,0.9686839939485915,0.3091571290975272,0.6692084313767185
lonestar,Affiliate,150,140,0.9727878342761213,0.3091571290975272,0.6720435402103145
lonestar,Affiliate,150,141,0.9788376746474422,0.3091571290975272,0.6762230293009396
lonestar,Affiliate,150,142,0.9809306824682071,0.3091571290975272,0.6776689688326581
lonestar,Affiliate,150,143,0.9838752374823663,0.3091571290975272,0.6797031936721701
lonestar,Affiliate,150,144,0.9859150428040204,0.3091571290975272,0.6811123786366637
lonestar,Affiliate,150,145,0.9887588596320329,0.3091571290975272,0.6830770092184487
lonestar,Affiliate,150,146,0.990991258218432,0.3091571290975272,0.6846192458668753
lonestar,Affiliate,150,147,0.9937923063752573,0.3091571290975272,0.6865543300170726
lonestar,Affiliate,150,148,0.9966061471502498,0.3091571290975272,0.6884982518563307
lonestar,Affiliate,150,149,0.9981844386832983,0.3091571290975272,0.689588603310143
lonestar,Affiliate,150,150,1.0,0.3091571290975272,0.6908428709024728
lonestar,Affiliate,180,1,0.18440918213944965,0.338399034704514,0.12200529291281098
lonestar,Affiliate,180,2,0.2397212544502873,0.338399034704514,0.1585998133461549
lonestar,Affiliate,180,3,0.2782510591996101,0.338399034704514,0.18409116936095343
lonestar,Affiliate,180,4,0.3046423333320256,0.338399034704514,0.20155166180233736
lonestar,Affiliate,180,5,0.3249198647547492,0.338399034704514,0.21496729616542082
lonestar,Affiliate,180,6,0.34278907542379744,0.338399034704514,0.22678958319313153
lonestar,Affiliate,180,7,0.35827510925943734,0.338399034704514,0.23703515812738946
lonestar,Affiliate,180,8,0.37102025767330066,0.338399034704514,0.24546736062083566
lonestar,Affiliate,180,9,0.3830370128717129,0.338399034704514,0.2534176574598247
lonestar,Affiliate,180,10,0.39646222077721505,0.338399034704514,0.26229978796939757
lonestar,Affiliate,180,11,0.40528502545436573,0.338399034704514,0.268136964060414
lonestar,Affiliate,180,12,0.4139220321150731,0.338399034704514,0.2738512160044015
lonestar,Affiliate,180,13,0.42212468313045565,0.338399034704514,0.2792780978341606
lonestar,Affiliate,180,14,0.43022264655759723,0.338399034704514,0.284635718254485
lonestar,Affiliate,180,15,0.4390362447544238,0.338399034704514,0.290466803329232
lonestar,Affiliate,180,16,0.4495572425075719,0.338399034704514,0.29742750559858644
lonestar,Affiliate,180,17,0.4566960214873506,0.338399034704514,0.30215052866263914
lonestar,Affiliate,180,18,0.4650619567455122,0.338399034704514,0.3076854395050384
lonestar,Affiliate,180,19,0.4709728980743804,0.338399034704514,0.3115961239940226
lonestar,Affiliate,180,20,0.4779416394607342,0.338399034704514,0.3162066500221289
lonestar,Affiliate,180,21,0.48559890234069475,0.338399034704514,0.32127270253503204
lonestar,Affiliate,180,22,0.4923003514427217,0.338399034704514,0.3257063877298117
lonestar,Affiliate,180,23,0.49963956186422287,0.338399034704514,0.33056201642918354
lonestar,Affiliate,180,24,0.5060510278480668,0.338399034704514,0.33480384851305384
lonestar,Affiliate,180,25,0.5140845265786695,0.338399034704514,0.3401188190279207
lonestar,Affiliate,180,26,0.5193365148331728,0.338399034704514,0.3435935395268206
lonestar,Affiliate,180,27,0.5232183541211631,0.338399034704514,0.34616176814687694
lonestar,Affiliate,180,28,0.5283972645285401,0.338399034704514,0.34958814027157636
lonestar,Affiliate,180,29,0.5327078425787696,0.338399034704514,0.35244002287058973
lonestar,Affiliate,180,30,0.5376235463627786,0.338399034704514,0.3556922572391968
lonestar,Affiliate,180,31,0.5406029273053196,0.338399034704514,0.35766341854676487
lonestar,Affiliate,180,32,0.5447970972101253,0.338399034704514,0.3604382854043976
lonestar,Affiliate,180,33,0.5529898496344238,0.338399034704514,0.3658586183167404
lonestar,Affiliate,180,34,0.5570812703352361,0.338399034704514,0.36856550620182776
lonestar,Affiliate,180,35,0.560190137061794,0.338399034704514,0.3706223354290935
lonestar,Affiliate,180,36,0.5630620513210365,0.338399034704514,0.37252239667525416
lonestar,Affiliate,180,37,0.5661104877983867,0.338399034704514,0.37453924519131104
lonestar,Affiliate,180,38,0.569520474905684,0.338399034704514,0.37679529595314415
lonestar,Affiliate,180,39,0.5723494681514306,0.338399034704514,0.3786669606153445
lonestar,Affiliate,180,40,0.5754919159029511,0.338399034704514,0.3807460070811411
lonestar,Affiliate,180,41,0.5788405820752179,0.338399034704514,0.38296148785316514
lonestar,Affiliate,180,42,0.5837941010883747,0.338399034704514,0.3862387408138792
lonestar,Affiliate,180,43,0.589464004352373,0.338399034704514,0.38998995428647254
lonestar,Affiliate,180,44,0.592544190418942,0.338399034704514,0.3920278083614043
lonestar,Affiliate,180,45,0.5951490058864732,0.338399034704514,0.3937511567891395
lonestar,Affiliate,180,46,0.5985861186325222,0.338399034704514,0.39602515389975496
lonestar,Affiliate,180,47,0.600151812625199,0.338399034704514,0.39706101855666726
lonestar,Affiliate,180,48,0.6029073254283877,0.338399034704514,0.398884068487141
lonestar,Affiliate,180,49,0.6073328873479833,0.338399034704514,0.4018120245251204
lonestar,Affiliate,180,50,0.6103806575935516,0.338399034704514,0.40382843226158727
lonestar,Affiliate,180,51,0.6138424580084711,0.338399034704514,0.4061187627577583
lonestar,Affiliate,180,52,0.6178594192101841,0.338399034704514,0.4087763881663661
lonestar,Affiliate,180,53,0.6201028244548077,0.338399034704514,0.41026062724175805
lonestar,Affiliate,180,54,0.6226920334257839,0.338399034704514,0.4119736503963077
lonestar,Affiliate,180,55,0.6252962464553314,0.338399034704514,0.4136966002504914
lonestar,Affiliate,180,56,0.6292982415258201,0.338399034704514,0.4163443240522345
lonestar,Affiliate,180,57,0.6325451637963603,0.338399034704514,0.4184924909606632
lonestar,Affiliate,180,58,0.634521390981117,0.338399034704514,0.4197999647737415
lonestar,Affiliate,180,59,0.6380939435737178,0.338399034704514,0.42216356901757507
lonestar,Affiliate,180,60,0.6407832698183524,0.338399034704514,0.4239428298570198
lonestar,Affiliate,180,61,0.6446446564872722,0.338399034704514,0.42649752700455623
lonestar,Affiliate,180,62,0.6471676582998358,0.338399034704514,0.4281667474391906
lonestar,Affiliate,180,63,0.6510584663755741,0.338399034704514,0.4307409098178785
lonestar,Affiliate,180,64,0.6550405644605343,0.338399034704514,0.43337546975478947
lonestar,Affiliate,180,65,0.659779739679666,0.338399034704514,0.43651091265447145
lonestar,Affiliate,180,66,0.6628974483984601,0.338399034704514,0.4385735917523358
lonestar,Affiliate,180,67,0.6668281493820742,0.338399034704514,0.4411741473173828
lonestar,Affiliate,180,68,0.6709506058562135,0.338399034704514,0.44390156850006196
lonestar,Affiliate,180,69,0.6753798859859628,0.338399034704514,0.4468319845094682
lonestar,Affiliate,180,70,0.6785696301639572,0.338399034704514,0.44894232233667497
lonestar,Affiliate,180,71,0.6840701851269257,0.338399034704514,0.45258149480983584
lonestar,Affiliate,180,72,0.6885075018755641,0.338399034704514,0.4555172278540568
lonestar,Affiliate,180,73,0.6931954916952942,0.338399034704514,0.45861880644408565
lonestar,Affiliate,180,74,0.6971972160995448,0.338399034704514,0.46126635117278436
lonestar,Affiliate,180,75,0.7013377790795512,0.338399034704514,0.46400575163722335
lonestar,Affiliate,180,76,0.7051649247661659,0.338399034704514,0.46653779491781405
lonestar,Affiliate,180,77,0.7070876637873222,0.338399034704514,0.4678098809102224
lonestar,Affiliate,180,78,0.7113105702523779,0.338399034704514,0.4706037599038558
lonestar,Affiliate,180,79,0.7154918127420709,0.338399034704514,0.47337007397117115
lonestar,Affiliate,180,80,0.7219592291254996,0.338399034704514,0.47764892289341543
lonestar,Affiliate,180,81,0.7261103779256142,0.338399034704514,0.48039532694665643
lonestar,Affiliate,180,82,0.7281181933490184,0.338399034704514,0.48172369956891586
lonestar,Affiliate,180,83,0.7319348747634222,0.338399034704514,0.48424881967691075
lonestar,Affiliate,180,84,0.7353428169342279,0.338399034704514,0.486503517506787
lonestar,Affiliate,180,85,0.7390358695765273,0.338399034704514,0.48894684469981936
lonestar,Affiliate,180,86,0.7430460315424956,0.338399034704514,0.4915999717274952
lonestar,Affiliate,180,87,0.7458196006784482,0.338399034704514,0.4934349677451552
lonestar,Affiliate,180,88,0.7493955867925757,0.338399034704514,0.4958008436101452
lonestar,Affiliate,180,89,0.7510384816604624,0.338399034704514,0.49688778444061804
lonestar,Affiliate,180,90,0.7543576805448031,0.338399034704514,0.4990837696265056
lonestar,Affiliate,180,91,0.7573126489354469,0.338399034704514,0.5010387795661732
lonestar,Affiliate,180,92,0.7609369128755982,0.338399034704514,0.5034365960874628
lonestar,Affiliate,180,93,0.7651616551056922,0.338399034704514,0.5062316896250176
lonestar,Affiliate,180,94,0.7700374751337646,0.338399034704514,0.5094575368621974
lonestar,Affiliate,180,95,0.7729092356192848,0.338399034704514,0.5113574963715151
lonestar,Affiliate,180,96,0.7746974659034794,0.338399034704514,0.5125405912537088
lonestar,Affiliate,180,97,0.7792447419821469,0.338399034704514,0.5155490734968202
lonestar,Affiliate,180,98,0.7820136857689935,0.338399034704514,0.517381009379047
lonestar,Affiliate,180,99,0.7843414572914914,0.338399034704514,0.5189210652653189
lonestar,Affiliate,180,100,0.7868578571738506,0.338399034704514,0.5205859178565572
lonestar,Affiliate,180,101,0.7898284796217119,0.338399034704514,0.5225512845355906
lonestar,Affiliate,180,102,0.7925843220874906,0.338399034704514,0.5243745525711522
lonestar,Affiliate,180,103,0.7956635560391964,0.338399034704514,0.5264117767259713
lonestar,Affiliate,180,104,0.7996232009840825,0.338399034704514,0.5290314816437354
lonestar,Affiliate,180,105,0.8027429334676077,0.338399034704514,0.5310954996662993
lonestar,Affiliate,180,106,0.8042867709474604,0.338399034704514,0.5321169040332292
lonestar,Affiliate,180,107,0.8074838101723038,0.338399034704514,0.5342320682704731
lonestar,Affiliate,180,108,0.809692498699934,0.338399034704514,0.5356933387323903
lonestar,Affiliate,180,109,0.8118047457299071,0.338399034704514,0.5370908034063631
lonestar,Affiliate,180,110,0.8142346505485067,0.338399034704514,0.5386984307799247
lonestar,Affiliate,180,111,0.8188025895314828,0.338399034704514,0.5417205836204726
lonestar,Affiliate,180,112,0.8222502143405117,0.338399034704514,0.5440015355221027
lonestar,Affiliate,180,113,0.8254959994679991,0.338399034704514,0.5461489500955902
lonestar,Affiliate,180,114,0.8293999414952631,0.338399034704514,0.5487318019092856
lonestar,Affiliate,180,115,0.8325683974494297,0.338399034704514,0.5508280554270585
lonestar,Affiliate,180,116,0.8352504788162387,0.338399034704514,0.5526025230483403
lonestar,Affiliate,180,117,0.8365218802650972,0.338399034704514,0.5534436834741833
lonestar,Affiliate,180,118,0.8395370289495798,0.338399034704514,0.5554385087543463
lonestar,Affiliate,180,119,0.84091291837802,0.338399034704514,0.5563487985283422
lonestar,Affiliate,180,120,0.8429781181816629,0.338399034704514,0.5577151367119604
lonestar,Affiliate,180,121,0.8465058971893814,0.338399034704514,0.5600491187088161
lonestar,Affiliate,180,122,0.8511419843993266,0.338399034704514,0.56311635848211
lonestar,Affiliate,180,123,0.855102099625304,0.338399034704514,0.565736374538298
lonestar,Affiliate,180,124,0.8573950653362056,0.338399034704514,0.5672534028660199
lonestar,Affiliate,180,125,0.8608760688683562,0.338399034704514,0.5695564381630878
lonestar,Affiliate,180,126,0.8640768727110973,0.338399034704514,0.5716740930751667
lonestar,Affiliate,180,127,0.8672087061140673,0.338399034704514,0.5737461170777163
lonestar,Affiliate,180,128,0.8712371487271493,0.338399034704514,0.5764113385991688
lonestar,Affiliate,180,129,0.8741867744442642,0.338399034704514,0.5783628138208724
lonestar,Affiliate,180,130,0.8762449390504201,0.338399034704514,0.5797244975110422
lonestar,Affiliate,180,131,0.8790077145413105,0.338399034704514,0.58155235244271
lonestar,Affiliate,180,132,0.881418641488231,0.338399034704514,0.5831474240380495
lonestar,Affiliate,180,133,0.8839967433433048,0.338399034704514,0.5848530987139964
lonestar,Affiliate,180,134,0.8862451213156693,0.338399034704514,0.5863406277508619
lonestar,Affiliate,180,135,0.889581450219505,0.338399034704514,0.5885479461741828
lonestar,Affiliate,180,136,0.8913813724567062,0.338399034704514,0.5897387764637719
lonestar,Affiliate,180,137,0.8955644089481588,0.338399034704514,0.5925062774443832
lonestar,Affiliate,180,138,0.898984226966825,0.338399034704514,0.5947688323466677
lonestar,Affiliate,180,139,0.9052691180188384,0.338399034704514,0.5989269223334567
lonestar,Affiliate,180,140,0.9091043005314031,0.338399034704514,0.6014642827858538
lonestar,Affiliate,180,141,0.9147580882385541,0.338399034704514,0.6052048341904807
lonestar,Affiliate,180,142,0.9167140773492929,0.338399034704514,0.606498918474253
lonestar,Affiliate,180,143,0.9194658671355163,0.338399034704514,0.6083195052531086
lonestar,Affiliate,180,144,0.9213721366475548,0.338399034704514,0.6095806950023867
lonestar,Affiliate,180,145,0.9240297830707275,0.338399034704514,0.6113389964413718
lonestar,Affiliate,180,146,0.9261160377337556,0.338399034704514,0.6127192645402834
lonestar,Affiliate,180,147,0.9287337153358406,0.338399034704514,0.6144511225686552
lonestar,Affiliate,180,148,0.9313633480876315,0.338399034704514,0.6161908901356127
lonestar,Affiliate,180,149,0.9328383168008808,0.338399034704514,0.6171667308600791
lonestar,Affiliate,180,150,0.9345350224367198,0.338399034704514,0.6182892729465724
lonestar,Affiliate,180,151,0.9371277236648451,0.338399034704514,0.6200046065818229
lonestar,Affiliate,180,152,0.9390914598401071,0.338399034704514,0.621303816330962
lonestar,Affiliate,180,153,0.9412568390339332,0.338399034704514,0.6227364332958281
lonestar,Affiliate,180,154,0.9439848780385067,0.338399034704514,0.6245413065346176
lonestar,Affiliate,180,155,0.9465388898387062,0.338399034704514,0.6262310432070056
lonestar,Affiliate,180,156,0.9492948082788978,0.338399034704514,0.6280543615073121
lonestar,Affiliate,180,157,0.95073406925737,0.338399034704514,0.6290065779599814
lonestar,Affiliate,180,158,0.9532524624950819,0.338399034704514,0.6306727493570452
lonestar,Affiliate,180,159,0.9550214937217091,0.338399034704514,0.6318431421242197
lonestar,Affiliate,180,160,0.9569021820577115,0.338399034704514,0.6330874073427387
lonestar,Affiliate,180,161,0.9589347615472162,0.338399034704514,0.6344321638950349
lonestar,Affiliate,180,162,0.9614882891710516,0.338399034704514,0.6361215802358731
lonestar,Affiliate,180,163,0.9637787983482587,0.338399034704514,0.6376369833185315
lonestar,Affiliate,180,164,0.9657160156560306,0.338399034704514,0.6389186481593405
lonestar,Affiliate,180,165,0.9677554118875441,0.338399034704514,0.6402679146747298
lonestar,Affiliate,180,166,0.9699286267357136,0.338399034704514,0.6417057157160732
lonestar,Affiliate,180,167,0.9723026778436764,0.338399034704514,0.6432763902207622
lonestar,Affiliate,180,168,0.974532573519044,0.338399034704514,0.6447516913520936
lonestar,Affiliate,180,169,0.9764521154503216,0.338399034704514,0.646021662146752
lonestar,Affiliate,180,170,0.9787440010396852,0.338399034704514,0.6475379758650218
lonestar,Affiliate,180,171,0.9808733174074844,0.338399034704514,0.6489467336293773
lonestar,Affiliate,180,172,0.9832410255553122,0.338399034704514,0.6505132116255181
lonestar,Affiliate,180,173,0.9861822558823156,0.338399034704514,0.6524591324490199
lonestar,Affiliate,180,174,0.9880832850499031,0.338399034704514,0.6537168551813507
lonestar,Affiliate,180,175,0.9896482184426778,0.338399034704514,0.6547522166246336
lonestar,Affiliate,180,176,0.9920538180899308,0.338399034704514,0.6563437636733707
lonestar,Affiliate,180,177,0.9941353226283965,0.338399034704514,0.6577208890852865
lonestar,Affiliate,180,178,0.9963881269528738,0.338399034704514,0.6592113466009826
lonestar,Affiliate,180,179,0.9978137600482433,0.338399034704514,0.6601545468330362
lonestar,Affiliate,180,180,1.0,0.338399034704514,0.661600965295486
lonestar,Affiliate,210,1,0.1734695967385633,0.306502989333126,0.12030064677978178
lonestar,Affiliate,210,2,0.22550042713007593,0.306502989333126,0.1563838721188109
lonestar,Affiliate,210,3,0.2617445534514343,0.306502989333126,0.18151906537690554
lonestar,Affiliate,210,4,0.28657023527515757,0.306502989333126,0.19873560150942457
lonestar,Affiliate,210,5,0.3056448559526326,0.306502989333126,0.21196379392885803
lonestar,Affiliate,210,6,0.3224540231146679,0.306502989333126,0.22362090110752933
lonestar,Affiliate,210,7,0.3370213890851801,0.306502989333126,0.23372332586136985
lonestar,Affiliate,210,8,0.3490104653886265,0.306502989333126,0.242037714438467
lonestar,Affiliate,210,9,0.36031435847133797,0.306502989333126,0.24987693050022536
lonestar,Affiliate,210,10,0.3729431515416188,0.306502989333126,0.2586349607427956
lonestar,Affiliate,210,11,0.38124256674259877,0.306502989333126,0.2643905803749585
lonestar,Affiliate,210,12,0.3893672059014462,0.306502989333126,0.2700249933443662
lonestar,Affiliate,210,13,0.39708325641106546,0.306502989333126,0.27537605130694176
lonestar,Affiliate,210,14,0.4047008296458278,0.306502989333126,0.28065881557378547
lonestar,Affiliate,210,15,0.4129915845164996,0.306502989333126,0.28640842929276816
lonestar,Affiliate,210,16,0.42288845199539665,0.306502989333126,0.29327187730434945
lonestar,Affiliate,210,17,0.42960374185494116,0.306502989333126,0.29792891074770517
lonestar,Affiliate,210,18,0.43747339020291115,0.306502989333126,0.30338648835202187
lonestar,Affiliate,210,19,0.4430336806221198,0.306502989333126,0.3072425331361827
lonestar,Affiliate,210,20,0.44958901991727473,0.306502989333126,0.31178864134127976
lonestar,Affiliate,210,21,0.45679203599541923,0.306502989333126,0.3167839114592584
lonestar,Affiliate,210,22,0.46309593941175536,0.306502989333126,0.32115564963402016
lonestar,Affiliate,210,23,0.4699997706495867,0.306502989333126,0.3259434359596048
lonestar,Affiliate,210,24,0.4760308934267561,0.306502989333126,0.33012600157653665
lonestar,Affiliate,210,25,0.4835878261620448,0.306502989333126,0.33536671183827005
lonestar,Affiliate,210,26,0.48852825414949397,0.306502989333126,0.338792883878981
lonestar,Affiliate,210,27,0.49217981362218,0.306502989333126,0.34132522945756105
lonestar,Affiliate,210,28,0.49705149891187167,0.306502989333126,0.344703728642872
lonestar,Affiliate,210,29,0.5011063633573849,0.306502989333126,0.3475157650144948
lonestar,Affiliate,210,30,0.5057304560582214,0.306502989333126,0.3507225594795715
lonestar,Affiliate,210,31,0.5085330931321298,0.306502989333126,0.3526661799123111
lonestar,Affiliate,210,32,0.5124784550365575,0.306502989333126,0.3554022765990307
lonestar,Affiliate,210,33,0.5201851941627429,0.306502989333126,0.3607468771450297
lonestar,Affiliate,210,34,0.5240339021870594,0.306502989333126,0.36341594465482274
lonestar,Affiliate,210,35,0.5269583436444383,0.306502989333126,0.3654440360633853
lonestar,Affiliate,210,36,0.5296598892108721,0.306502989333126,0.36731754983788756
lonestar,Affiliate,210,37,0.5325274852832259,0.306502989333126,0.36930621914186496
lonestar,Affiliate,210,38,0.5357351839537794,0.306502989333126,0.37153074858101387
lonestar,Affiliate,210,39,0.5383963546819521,0.306502989333126,0.37337626252587586
lonestar,Affiliate,210,40,0.5413523850590949,0.306502989333126,0.3754262607558648
lonestar,Affiliate,210,41,0.5445024004963736,0.306502989333126,0.3776107870451721
lonestar,Affiliate,210,42,0.5491620651382314,0.306502989333126,0.38084225054501064
lonestar,Affiliate,210,43,0.5544956164361743,0.306502989333126,0.3845410524263725
lonestar,Affiliate,210,44,0.557393078637614,0.306502989333126,0.3865504338015912
lonestar,Affiliate,210,45,0.5598433703394085,0.306502989333126,0.3882497037720475
lonestar,Affiliate,210,46,0.5630765854921725,0.306502989333126,0.39049192881533223
lonestar,Affiliate,210,47,0.5645493988433008,0.306502989333126,0.3915133204716099
lonestar,Affiliate,210,48,0.5671414481611902,0.306502989333126,0.3933108989250673
lonestar,Affiliate,210,49,0.5713044753631289,0.306502989333126,0.39619794584493667
lonestar,Affiliate,210,50,0.5741714447261335,0.306502989333126,0.3981861805278539
lonestar,Affiliate,210,51,0.577427883017321,0.306502989333126,0.4004445107482135
lonestar,Affiliate,210,52,0.5812065486547437,0.306502989333126,0.4030650040720759
lonestar,Affiliate,210,53,0.5833168698361033,0.306502989333126,0.40452850550289576
lonestar,Affiliate,210,54,0.5857524808553392,0.306502989333126,0.4062175944638831
lonestar,Affiliate,210,55,0.5882022058571847,0.306502989333126,0.4079164714296189
lonestar,Affiliate,210,56,0.5919667931894057,0.306502989333126,0.41052720149090854
lonestar,Affiliate,210,57,0.5950211004119502,0.306502989333126,0.4126453544194014
lonestar,Affiliate,210,58,0.5968800931628877,0.306502989333126,0.41393456033502796
lonestar,Affiliate,210,59,0.6002407135526964,0.306502989333126,0.4162651405293464
lonestar,Affiliate,210,60,0.6027705026539918,0.306502989333126,0.4180195417087124
lonestar,Affiliate,210,61,0.6064028228049627,0.306502989333126,0.42053854487519576
lonestar,Affiliate,210,62,0.6087761542297782,0.306502989333126,0.422184443123627
lonestar,Affiliate,210,63,0.6124361504406776,0.306502989333126,0.4247226395549379
lonestar,Affiliate,210,64,0.6161820211232399,0.306502989333126,0.42732038967563957
lonestar,Affiliate,210,65,0.6206400573478922,0.306502989333126,0.4304120244708805
lonestar,Affiliate,210,66,0.6235728162697801,0.306502989333126,0.4324458840162164
lonestar,Affiliate,210,67,0.6272703388476516,0.306502989333126,0.4350101048708436
lonestar,Affiliate,210,68,0.6311482415303956,0.306502989333126,0.4376994187889836
lonestar,Affiliate,210,69,0.6353147663695369,0.306502989333126,0.44058889130979734
lonestar,Affiliate,210,70,0.638315287438154,0.306502989333126,0.4426697437013263
lonestar,Affiliate,210,71,0.6434895365736603,0.306502989333126,0.4462580700092455
lonestar,Affiliate,210,72,0.6476636212806001,0.306502989333126,0.4491527852757786
lonestar,Affiliate,210,73,0.6520735085438498,0.306502989333126,0.45221102891022025
lonestar,Affiliate,210,74,0.6558378412663891,0.306502989333126,0.4548215824004567
lonestar,Affiliate,210,75,0.6597327763345854,0.306502989333126,0.4575227082269924
lonestar,Affiliate,210,76,0.663332886758668,0.306502989333126,0.4600193740441643
lonestar,Affiliate,210,77,0.6651415643893799,0.306502989333126,0.4612736865743231
lonestar,Affiliate,210,78,0.6691139581338731,0.306502989333126,0.4640285297613209
lonestar,Affiliate,210,79,0.6730471595077868,0.306502989333126,0.4667561931564809
lonestar,Affiliate,210,80,0.67913091357555,0.306502989333126,0.47097525841610716
lonestar,Affiliate,210,81,0.683035806488166,0.306502989333126,0.4736832899779806
lonestar,Affiliate,210,82,0.6849245135893125,0.306502989333126,0.474993102706651
lonestar,Affiliate,210,83,0.6885147805063663,0.306502989333126,0.47748294208112396
lonestar,Affiliate,210,84,0.6917205555508592,0.306502989333126,0.47970613749135027
lonestar,Affiliate,210,85,0.6951945276446648,0.306502989333126,0.4821153267535446
lonestar,Affiliate,210,86,0.6989667973929617,0.306502989333126,0.4847313845474176
lonestar,Affiliate,210,87,0.7015758318995863,0.306502989333126,0.4865407421784884
lonestar,Affiliate,210,88,0.7049396821263678,0.306502989333126,0.48887356225509254
lonestar,Affiliate,210,89,0.7064851166156367,0.306502989333126,0.489945316453582
lonestar,Affiliate,210,90,0.7096074128336541,0.306502989333126,0.49211061954719354
lonestar,Affiliate,210,91,0.7123870855655279,0.306502989333126,0.4940383142773802
lonestar,Affiliate,210,92,0.7157963496644096,0.306502989333126,0.49640262873852864
lonestar,Affiliate,210,93,0.7197704702720517,0.306502989333126,0.49915866949995796
lonestar,Affiliate,210,94,0.724357045214941,0.306502989333126,0.5023394455120513
lonestar,Affiliate,210,95,0.7270584461298706,0.306502989333126,0.5042128589711677
lonestar,Affiliate,210,96,0.7287405943975223,0.306502989333126,0.5053794237662826
lonestar,Affiliate,210,97,0.7330181153890142,0.306502989333126,0.5083458717869471
lonestar,Affiliate,210,98,0.7356227989330951,0.306502989333126,0.5101522120385005
lonestar,Affiliate,210,99,0.7378124815867595,0.306502989333126,0.5116707504131258
lonestar,Affiliate,210,100,0.7401796027233618,0.306502989333126,0.5133123418452459
lonestar,Affiliate,210,101,0.7429740008770467,0.306502989333126,0.5152502486114393
lonestar,Affiliate,210,102,0.7455663603011677,0.306502989333126,0.5170480421226414
lonestar,Affiliate,210,103,0.7484629268694319,0.306502989333126,0.5190568023789303
lonestar,Affiliate,210,104,0.7521876763848756,0.306502989333126,0.5216399050333733
lonestar,Affiliate,210,105,0.7551223390170221,0.306502989333126,0.5236750847960827
lonestar,Affiliate,210,106,0.7565745924349533,0.306502989333126,0.5246822182001487
lonestar,Affiliate,210,107,0.7595819757911224,0.306502989333126,0.5267678295675813
lonestar,Affiliate,210,108,0.7616596397326033,0.306502989333126,0.5282086833001687
lonestar,Affiliate,210,109,0.7636465833123681,0.306502989333126,0.5295866227330993
lonestar,Affiliate,210,110,0.7659323404753537,0.306502989333126,0.5311717884927403
lonestar,Affiliate,210,111,0.7702292985991852,0.306502989333126,0.5341517161065781
lonestar,Affiliate,210,112,0.7734724022146866,0.306502989333126,0.5364007987692112
lonestar,Affiliate,210,113,0.7765256397521727,0.306502989333126,0.5385182098743138
lonestar,Affiliate,210,114,0.7801979907777745,0.306502989333126,0.5410649743326881
lonestar,Affiliate,210,115,0.7831784864899541,0.306502989333126,0.5431319391993901
lonestar,Affiliate,210,116,0.7857014604965769,0.306502989333126,0.5448816141309731
lonestar,Affiliate,210,117,0.7868974394281439,0.306502989333126,0.5457110219448355
lonestar,Affiliate,210,118,0.789733722417613,0.306502989333126,0.5476779757194375
lonestar,Affiliate,210,119,0.7910279908566318,0.306502989333126,0.5485755470128976
lonestar,Affiliate,210,120,0.7929706781619288,0.306502989333126,0.5499227948517815
lonestar,Affiliate,210,121,0.7962891810409715,0.306502989333126,0.552224166678287
lonestar,Affiliate,210,122,0.8006502446790384,0.306502989333126,0.5552485512746145
lonestar,Affiliate,210,123,0.8043754365773956,0.306502989333126,0.5578319607202856
lonestar,Affiliate,210,124,0.8065323781818795,0.306502989333126,0.5593277932751782
lonestar,Affiliate,210,125,0.8098068804163239,0.306502989333126,0.5615986507861874
lonestar,Affiliate,210,126,0.8128178050644235,0.306502989333126,0.5636867180289876
lonestar,Affiliate,210,127,0.8157638507610784,0.306502989333126,0.5657297919129058
lonestar,Affiliate,210,128,0.8195533167056067,0.306502989333126,0.5683577752174602
lonestar,Affiliate,210,129,0.8223279637038818,0.306502989333126,0.5702819846164198
lonestar,Affiliate,210,130,0.824264033156115,0.306502989333126,0.5716246429939869
lonestar,Affiliate,210,131,0.8268629143220296,0.306502989333126,0.5734269593136272
lonestar,Affiliate,210,132,0.8291308194252156,0.306502989333126,0.5749997447231628
lonestar,Affiliate,210,133,0.8315559822287273,0.306502989333126,0.5766815878777787
lonestar,Affiliate,210,134,0.8336709811439496,0.306502989333126,0.5781483333030489
lonestar,Affiliate,210,135,0.8368093911885096,0.306502989333126,0.5803248112871983
lonestar,Affiliate,210,136,0.8385025378150803,0.306502989333126,0.5814990034113457
lonestar,Affiliate,210,137,0.8424374267663597,0.306502989333126,0.5842278371363641
lonestar,Affiliate,210,138,0.8456543731555514,0.306502989333126,0.5864587798407441
lonestar,Affiliate,210,139,0.8515664297228547,0.306502989333126,0.5905587733970624
lonestar,Affiliate,210,140,0.8551741002095136,0.306502989333126,0.5930606820950315
lonestar,Affiliate,210,141,0.8604924919632565,0.306502989333126,0.5967489708778075
lonestar,Affiliate,210,142,0.8623324472102154,0.306502989333126,0.5980249743413344
lonestar,Affiliate,210,143,0.8649209943692419,0.306502989333126,0.5998201240580895
lonestar,Affiliate,210,144,0.8667141795007626,0.306502989333126,0.6010636925863714
lonestar,Affiliate,210,145,0.869214168101942,0.306502989333126,0.6027974272079906
lonestar,Affiliate,210,146,0.8711766612429601,0.306502989333126,0.6041584103347408
lonestar,Affiliate,210,147,0.8736390520673057,0.306502989333126,0.605866071010518
lonestar,Affiliate,210,148,0.8761126888338239,0.306502989333126,0.6075815307135741
lonestar,Affiliate,210,149,0.8775001589419873,0.306502989333126,0.6085437370859751
lonestar,Affiliate,210,150,0.8790962120181864,0.306502989333126,0.6096505951231849
lonestar,Affiliate,210,151,0.8815351081256827,0.306502989333126,0.6113419622830606
lonestar,Affiliate,210,152,0.8833823508631188,0.306502989333126,0.6126230195994485
lonestar,Affiliate,210,153,0.8854192746821022,0.306502989333126,0.6140356201788698
lonestar,Affiliate,210,154,0.8879854800115775,0.306502989333126,0.6158152759036183
lonestar,Affiliate,210,155,0.8903879818387973,0.306502989333126,0.6174814037389169
lonestar,Affiliate,210,156,0.8929804127303508,0.306502989333126,0.6192792468125697
lonestar,Affiliate,210,157,0.8943342933703523,0.306502989333126,0.6202181589892105
lonestar,Affiliate,210,158,0.8967032896117902,0.306502989333126,0.6218610508009288
lonestar,Affiliate,210,159,0.89836737775502,0.306502989333126,0.6230150909537447
lonestar,Affiliate,210,160,0.9001364992458932,0.306502989333126,0.6242419714191719
lonestar,Affiliate,210,161,0.9020485013506302,0.306502989333126,0.6255679391631958
lonestar,Affiliate,210,162,0.9044505477239639,0.306502989333126,0.627233751142586
lonestar,Affiliate,210,163,0.9066051785220965,0.306502989333126,0.6287279811601817
lonestar,Affiliate,210,164,0.9084274755534886,0.306502989333126,0.6299917387039992
lonestar,Affiliate,210,165,0.9103458900151028,0.306502989333126,0.6313221533983487
lonestar,Affiliate,210,166,0.9123901846590277,0.306502989333126,0.6327398656228329
lonestar,Affiliate,210,167,0.9146234014845522,0.306502989333126,0.6342885948155051
lonestar,Affiliate,210,168,0.9167210145160041,0.306502989333126,0.635743283182353
lonestar,Affiliate,210,169,0.9185266847157108,0.306502989333126,0.6369955100680997
lonestar,Affiliate,210,170,0.9206826102740009,0.306502989333126,0.6384906379979942
lonestar,Affiliate,210,171,0.9226856105984188,0.306502989333126,0.6398797127353428
lonestar,Affiliate,210,172,0.9249128607430873,0.306502989333126,0.6414243040526778
lonestar,Affiliate,210,173,0.9276796103854922,0.306502989333126,0.6433430366589492
lonestar,Affiliate,210,174,0.9294678660420912,0.306502989333126,0.6445831866111088
lonestar,Affiliate,210,175,0.9309399639138883,0.306502989333126,0.6456040820846092
lonestar,Affiliate,210,176,0.9332028577453237,0.306502989333126,0.6471733921921662
lonestar,Affiliate,210,177,0.9351608825503147,0.306502989333126,0.648531276541239
lonestar,Affiliate,210,178,0.9372800452360559,0.306502989333126,0.6500009095289173
lonestar,Affiliate,210,179,0.9386211064309582,0.306502989333126,0.6509309314587034
lonestar,Affiliate,210,180,0.940677653498762,0.306502989333126,0.652357140702521
lonestar,Affiliate,210,181,0.9425947478284509,0.306502989333126,0.6536866398893266
lonestar,Affiliate,210,182,0.9441767496065817,0.306502989333126,0.6547837533933301
lonestar,Affiliate,210,183,0.9458295076541234,0.306502989333126,0.6559299361586559
lonestar,Affiliate,210,184,0.9478164673390275,0.306502989333126,0.6573078867604525
lonestar,Affiliate,210,185,0.9493577863025083,0.306502989333126,0.6583767868541106
lonestar,Affiliate,210,186,0.9515945556075582,0.306502989333126,0.6599279796807141
lonestar,Affiliate,210,187,0.9539843547276936,0.306502989333126,0.6615852982266223
lonestar,Affiliate,210,188,0.9558404282358437,0.306502989333126,0.6628724796561024
lonestar,Affiliate,210,189,0.9571959439153952,0.306502989333126,0.6638125257277834
lonestar,Affiliate,210,190,0.9589880926297809,0.306502989333126,0.6650553755038804
lonestar,Affiliate,210,191,0.9615120355442256,0.306502989333126,0.6668057223701416
lonestar,Affiliate,210,192,0.9642619408221177,0.306502989333126,0.6687127734599768
lonestar,Affiliate,210,193,0.9667440277715403,0.306502989333126,0.6704340933396167
lonestar,Affiliate,210,194,0.9689362683689806,0.306502989333126,0.6719544056406042
lonestar,Affiliate,210,195,0.9707977927758172,0.306502989333126,0.6732453672520288
lonestar,Affiliate,210,196,0.9735579032717958,0.306502989333126,0.6751594956301001
lonestar,Affiliate,210,197,0.9763530649505722,0.306502989333126,0.6770979318986622
lonestar,Affiliate,210,198,0.9782041862679594,0.306502989333126,0.6783816789986519
lonestar,Affiliate,210,199,0.9796981405603226,0.306502989333126,0.6794177318344787
lonestar,Affiliate,210,200,0.9818708388528657,0.306502989333126,0.6809244916054384
lonestar,Affiliate,210,201,0.9826082947786343,0.306502989333126,0.6814359150854575
lonestar,Affiliate,210,202,0.9843253652696288,0.306502989333126,0.6826266983380664
lonestar,Affiliate,210,203,0.9859305138146705,0.306502989333126,0.6837398640557292
lonestar,Affiliate,210,204,0.9883004645906805,0.306502989333126,0.6853834178343198
lonestar,Affiliate,210,205,0.9907879004257136,0.306502989333126,0.6871084471501409
lonestar,Affiliate,210,206,0.9929041914720779,0.306502989333126,0.6885760886644956
lonestar,Affiliate,210,207,0.9943848568610932,0.306502989333126,0.6896029256855757
lonestar,Affiliate,210,208,0.9960750367052931,0.306502989333126,0.6907750603550176
lonestar,Affiliate,210,209,0.9977586469074085,0.306502989333126,0.6919426389973129
lonestar,Affiliate,210,210,1.0,0.306502989333126,0.6934970106668741
lonestar,Affiliate,240,1,0.1624155619688424,0.2865633609224273,0.11587321266494617
lonestar,Affiliate,240,2,0.21113082226012564,0.2865633609224273,0.1506284642389484
lonestar,Affiliate,240,3,0.24506535750565842,0.2865633609224273,0.17483860501318074
lonestar,Affiliate,240,4,0.2683090678760494,0.2865633609224273,0.19142151961952503
lonestar,Affiliate,240,5,0.2861681930191351,0.2865633609224273,0.20416287383847384
lonestar,Affiliate,240,6,0.3019062265545717,0.2865633609224273,0.21539096358968587
lonestar,Affiliate,240,7,0.31554531360492255,0.2865633609224273,0.22512158801497462
lonestar,Affiliate,240,8,0.3267704078111784,0.2865633609224273,0.23312998149881492
lonestar,Affiliate,240,9,0.3373539808521144,0.2865633609224273,0.2406806902785723
lonestar,Affiliate,240,10,0.34917802703692863,0.2865633609224273,0.24911639804896418
lonestar,Affiliate,240,11,0.3569485770884828,0.2865633609224273,0.25466019316152905
lonestar,Affiliate,240,12,0.36455548838353236,0.2865633609224273,0.26008724238963044
lonestar,Affiliate,240,13,0.3717798475984125,0.2865633609224273,0.2652413649473836
lonestar,Affiliate,240,14,0.3789120048237927,0.2865633609224273,0.2703297072276317
lonestar,Affiliate,240,15,0.3866744464088473,0.2865633609224273,0.275867717463109
lonestar,Affiliate,240,16,0.39594065399529116,0.2865633609224273,0.28247856946057665
lonestar,Affiliate,240,17,0.40222802421363174,0.2865633609224273,0.28696420973778597
lonestar,Affiliate,240,18,0.4095961935237791,0.2865633609224273,0.292220931686572
lonestar,Affiliate,240,19,0.414802164541898,0.2865633609224273,0.295935062152874
lonestar,Affiliate,240,20,0.4209397767548533,0.2865633609224273,0.3003138595820463
lonestar,Affiliate,240,21,0.42768379372496,0.2865633609224273,0.30512528838308134
lonestar,Affiliate,240,22,0.4335859923534873,0.2865633609224273,0.3093361331357861
lonestar,Affiliate,240,23,0.4400498894934589,0.2865633609224273,0.3139477141866706
lonestar,Affiliate,240,24,0.44569668993326933,0.2865633609224273,0.3179763485139907
lonestar,Affiliate,240,25,0.4527720708647903,0.2865633609224273,0.3230241845059686
lonestar,Affiliate,240,26,0.45739767905800843,0.2865633609224273,0.3263242628690278
lonestar,Affiliate,240,27,0.4608165495400375,0.2865633609224273,0.32876341033516815
lonestar,Affiliate,240,28,0.46537779553897235,0.2865633609224273,0.33201757035065427
lonestar,Affiliate,240,29,0.4691742711174453,0.2865633609224273,0.33472611512770006
lonestar,Affiliate,240,30,0.47350370191524827,0.2865633609224273,0.33781488968520357
lonestar,Affiliate,240,31,0.47612774603543817,0.2865633609224273,0.3396869789031031
lonestar,Affiliate,240,32,0.47982169692323445,0.2865633609224273,0.3423223788094101
lonestar,Affiliate,240,33,0.4870373381056666,0.2865633609224273,0.3474702816033942
lonestar,Affiliate,240,34,0.49064079420619255,0.2865633609224273,0.350041119212817
lonestar,Affiliate,240,35,0.49337888094689675,0.2865633609224273,0.35199457061460787
lonestar,Affiliate,240,36,0.4959082754321913,0.2865633609224273,0.35379913331509777
lonestar,Affiliate,240,37,0.4985931391567142,0.2865633609224273,0.3557146134671027
lonestar,Affiliate,240,38,0.5015964330595059,0.2865633609224273,0.3578572733752725
lonestar,Affiliate,240,39,0.5040880255197259,0.2865633609224273,0.35963486672604295
lonestar,Affiliate,240,40,0.5068556882336951,0.2865633609224273,0.36160941871079744
lonestar,Affiliate,240,41,0.5098049746624126,0.2865633609224273,0.36371354770817876
lonestar,Affiliate,240,42,0.5141677106439476,0.2865633609224273,0.3668260834040279
lonestar,Affiliate,240,43,0.5191613910792032,0.2865633609224273,0.37038875799038407
lonestar,Affiliate,240,44,0.521874217768018,0.2865633609224273,0.37232418794565203
lonestar,Affiliate,240,45,0.5241683690845412,0.2865633609224273,0.37396091955044775
lonestar,Affiliate,240,46,0.5271955534780911,0.2865633609224273,0.37612062381005007
lonestar,Affiliate,240,47,0.5285745144752693,0.2865633609224273,0.3771044251092959
lonestar,Affiliate,240,48,0.5310013901614474,0.2865633609224273,0.37883584714230195
lonestar,Affiliate,240,49,0.5348991360212794,0.2865633609224273,0.38161664184851896
lonestar,Affiliate,240,50,0.5375834129723673,0.2865633609224273,0.38353170337485654
lonestar,Affiliate,240,51,0.5406323406520528,0.2865633609224273,0.3857069200914419
lonestar,Affiliate,240,52,0.5441702176894873,0.2865633609224273,0.3882309711944989
lonestar,Affiliate,240,53,0.546146062489091,0.2865633609224273,0.38964061126766714
lonestar,Affiliate,240,54,0.5484264686228695,0.2865633609224273,0.3912675365554819
lonestar,Affiliate,240,55,0.5507200893513682,0.2865633609224273,0.39290388961934064
lonestar,Affiliate,240,56,0.5542447851980123,0.2865633609224273,0.39541853677794114
lonestar,Affiliate,240,57,0.5571044622440291,0.2865633609224273,0.3974587351584986
lonestar,Affiliate,240,58,0.558844994060648,0.2865633609224273,0.3987004943279548
lonestar,Affiliate,240,59,0.5619914650240718,0.2865633609224273,0.4009453019970551
lonestar,Affiliate,240,60,0.5643600479128,0.2865633609224273,0.40263513581256594
lonestar,Affiliate,240,61,0.5677609050639226,0.2865633609224273,0.4050614319084458
lonestar,Affiliate,240,62,0.5699830002572415,0.2865633609224273,0.4066467560348776
lonestar,Affiliate,240,63,0.5734097698616751,0.2865633609224273,0.40909153902435796
lonestar,Affiliate,240,64,0.5769169417431423,0.2865633609224273,0.4115936839441393
lonestar,Affiliate,240,65,0.5810908977118969,0.2865633609224273,0.41457153706214533
lonestar,Affiliate,240,66,0.5838367719018014,0.2865633609224273,0.4165305443155206
lonestar,Affiliate,240,67,0.5872986765736762,0.2865633609224273,0.4190003939494299
lonestar,Affiliate,240,68,0.590929466956083,0.2865633609224273,0.4215907328370494
lonestar,Affiliate,240,69,0.5948304875725438,0.2865633609224273,0.4243738638746295
lonestar,Affiliate,240,70,0.5976398058895355,0.2865633609224273,0.42637813449280315
lonestar,Affiliate,240,71,0.6024843354031226,0.2865633609224273,0.4298343993468889
lonestar,Affiliate,240,72,0.6063924341485466,0.2865633609224273,0.4326225801810074
lonestar,Affiliate,240,73,0.6105213093609528,0.2865633609224273,0.4355682710357172
lonestar,Affiliate,240,74,0.6140457668224545,0.2865633609224273,0.43808274812162284
lonestar,Affiliate,240,75,0.617692504232507,0.2865633609224273,0.44068446420304913
lonestar,Affiliate,240,76,0.6210632041630457,0.2865633609224273,0.4430892450328317
lonestar,Affiliate,240,77,0.6227566270990272,0.2865633609224273,0.4442973950008152
lonestar,Affiliate,240,78,0.6264758872720115,0.2865633609224273,0.44695085147848423
lonestar,Affiliate,240,79,0.6301584525369991,0.2865633609224273,0.44957812846432077
lonestar,Affiliate,240,80,0.6358545304340679,0.2865633609224273,0.4536419191351296
lonestar,Affiliate,240,81,0.6395105911430031,0.2865633609224273,0.4562502867995759
lonestar,Affiliate,240,82,0.64127894381687,0.2865633609224273,0.45751189438792333
lonestar,Affiliate,240,83,0.6446404274999746,0.2865633609224273,0.4599101000091116
lonestar,Affiliate,240,84,0.6476419203562802,0.2865633609224273,0.4620514749847296
lonestar,Affiliate,240,85,0.6508945198923815,0.2865633609224273,0.4643719986660309
lonestar,Affiliate,240,86,0.6544264086071001,0.2865633609224273,0.4668917774802558
lonestar,Affiliate,240,87,0.656869187131732,0.2865633609224273,0.4686345451808801
lonestar,Affiliate,240,88,0.6600186821166378,0.2865633609224273,0.4708815102977029
lonestar,Affiliate,240,89,0.6614656366019181,0.2865633609224273,0.47191382064257953
lonestar,Affiliate,240,90,0.6643889701682419,0.2865633609224273,0.47399943391704025
lonestar,Affiliate,240,91,0.6669915133073555,0.2865633609224273,0.47585618354726383
lonestar,Affiliate,240,92,0.670183528247902,0.2865633609224273,0.47813348395833266
lonestar,Affiliate,240,93,0.6739044052428195,0.2865633609224273,0.4807880939360077
lonestar,Affiliate,240,94,0.6781987090336116,0.2865633609224273,0.4838518075996885
lonestar,Affiliate,240,95,0.6807279680850561,0.2865633609224273,0.4856562736767076
lonestar,Affiliate,240,96,0.6823029245116702,0.2865633609224273,0.4867799052964048
lonestar,Affiliate,240,97,0.6863078682524094,0.2865633609224273,0.48963717889849256
lonestar,Affiliate,240,98,0.688746573071678,0.2865633609224273,0.4913770402684538
lonestar,Affiliate,240,99,0.6907967221780043,0.2865633609224273,0.49283969175647907
lonestar,Affiliate,240,100,0.6930130028224389,0.2865633609224273,0.49442086757069725
lonestar,Affiliate,240,101,0.6956293330326223,0.2865633609224273,0.4962874534025676
lonestar,Affiliate,240,102,0.6980564990640762,0.2865633609224273,0.4980190825785313
lonestar,Affiliate,240,103,0.7007684871923118,0.2865633609224273,0.49995391427395797
lonestar,Affiliate,240,104,0.7042558838146472,0.2865633609224273,0.5024419507993274
lonestar,Affiliate,240,105,0.707003540404334,0.2865633609224273,0.504402229682013
lonestar,Affiliate,240,106,0.7083632516126903,0.2865633609224273,0.5053722974766187
lonestar,Affiliate,240,107,0.711178994930432,0.2865633609224273,0.5073811519257335
lonestar,Affiliate,240,108,0.7131242635134136,0.2865633609224273,0.5087689778056791
lonestar,Affiliate,240,109,0.7149845927248445,0.2865633609224273,0.5100962048258602
lonestar,Affiliate,240,110,0.7171246941670016,0.2865633609224273,0.5116230316060378
lonestar,Affiliate,240,111,0.7211478364441493,0.2865633609224273,0.5144932887107769
lonestar,Affiliate,240,112,0.7241842791761208,0.2865633609224273,0.5166595982082263
lonestar,Affiliate,240,113,0.7270429547008154,0.2865633609224273,0.5186990820667776
lonestar,Affiliate,240,114,0.7304812918318395,0.2865633609224273,0.5211521177535512
lonestar,Affiliate,240,115,0.7332718608718364,0.2865633609224273,0.5231430119505605
lonestar,Affiliate,240,116,0.7356340629454134,0.2865633609224273,0.5248282934587554
lonestar,Affiliate,240,117,0.7367538302932681,0.2865633609224273,0.5256271765119576
lonestar,Affiliate,240,118,0.7394093763042013,0.2865633609224273,0.5275217403329137
lonestar,Affiliate,240,119,0.7406211698392874,0.2865633609224273,0.5283862782398413
lonestar,Affiliate,240,120,0.7424400629269048,0.2865633609224273,0.5296839432111126
lonestar,Affiliate,240,121,0.7455471002413873,0.2865633609224273,0.5319006174702455
lonestar,Affiliate,240,122,0.749630263025388,0.2865633609224273,0.5348136954036696
lonestar,Affiliate,240,123,0.7531180738405899,0.2865633609224273,0.5373020274294057
lonestar,Affiliate,240,124,0.7551375682615874,0.2865633609224273,0.5387428087417581
lonestar,Affiliate,240,125,0.7582034087925771,0.2865633609224273,0.5409300917061352
lonestar,Affiliate,240,126,0.7610224677398573,0.2865633609224273,0.5429413116468442
lonestar,Affiliate,240,127,0.7637807820289555,0.2865633609224273,0.5449091941227782
lonestar,Affiliate,240,128,0.7673287711435549,0.2865633609224273,0.5474404595521818
lonestar,Affiliate,240,129,0.7699266088048091,0.2865633609224273,0.5492938521220961
lonestar,Affiliate,240,130,0.771739305750021,0.2865633609224273,0.5505870965383542
lonestar,Affiliate,240,131,0.7741725779371261,0.2865633609224273,0.5523230820694834
lonestar,Affiliate,240,132,0.7762959649095481,0.2865633609224273,0.5538379841345493
lonestar,Affiliate,240,133,0.7785665886211597,0.2865633609224273,0.5554579302839713
lonestar,Affiliate,240,134,0.7805468130745375,0.2865633609224273,0.5568706949626084
lonestar,Affiliate,240,135,0.7834852336430946,0.2865633609224273,0.5589670718572363
lonestar,Affiliate,240,136,0.7850704875781953,0.2865633609224273,0.5600980500967789
lonestar,Affiliate,240,137,0.7887546328827479,0.2865633609224273,0.5627264543407324
lonestar,Affiliate,240,138,0.7917665852101154,0.2865633609224273,0.5648752914862314
lonestar,Affiliate,240,139,0.7973019067178796,0.2865633609224273,0.5688243926589444
lonestar,Affiliate,240,140,0.8006796849597474,0.2865633609224273,0.5712342234153719
lonestar,Affiliate,240,141,0.8056591718652046,0.2865633609224273,0.5747867718175321
lonestar,Affiliate,240,142,0.8073818793081852,0.2865633609224273,0.5760158144257661
lonestar,Affiliate,240,143,0.8098054760042087,0.2865633609224273,0.5777448971070566
lonestar,Affiliate,240,144,0.8114843936723523,0.2865633609224273,0.578942698485505
lonestar,Affiliate,240,145,0.8138250750436717,0.2865633609224273,0.5806126263362106
lonestar,Affiliate,240,146,0.8156625118761263,0.2865633609224273,0.5819235210944742
lonestar,Affiliate,240,147,0.8179679913206064,0.2865633609224273,0.5835683346008066
lonestar,Affiliate,240,148,0.8202840000800337,0.2865633609224273,0.5852206601062065
lonestar,Affiliate,240,149,0.8215830561772929,0.2865633609224273,0.5861474543222085
lonestar,Affiliate,240,150,0.8230774036720511,0.2865633609224273,0.5872135765764828
lonestar,Affiliate,240,151,0.8253608855578112,0.2865633609224273,0.588842696218454
lonestar,Affiliate,240,152,0.8270904161091833,0.2865633609224273,0.5900766066822069
lonestar,Affiliate,240,153,0.8289975406599281,0.2865633609224273,0.5914372192119925
lonestar,Affiliate,240,154,0.8314002192188823,0.2865633609224273,0.5931513781278765
lonestar,Affiliate,240,155,0.8336496259837296,0.2865633609224273,0.5947561873301076
lonestar,Affiliate,240,156,0.8360768589284837,0.2865633609224273,0.5964878642444713
lonestar,Affiliate,240,157,0.8373444659853906,0.2865633609224273,0.597392221562822
lonestar,Affiliate,240,158,0.8395625022470133,0.2865633609224273,0.5989746498986663
lonestar,Affiliate,240,159,0.8411205493978099,0.2865633609224273,0.600086217821455
lonestar,Affiliate,240,160,0.8427769368370703,0.2865633609224273,0.6012679453091312
lonestar,Affiliate,240,161,0.8445671000827629,0.2865633609224273,0.6025451133585383
lonestar,Affiliate,240,162,0.8468160804166952,0.2865633609224273,0.6041496183293306
lonestar,Affiliate,240,163,0.8488334112832764,0.2865633609224273,0.6055888560826916
lonestar,Affiliate,240,164,0.8505395857483831,0.2865633609224273,0.6068061034587574
lonestar,Affiliate,240,165,0.8523357527351653,0.2865633609224273,0.6080875547970294
lonestar,Affiliate,240,166,0.8542497784184286,0.2865633609224273,0.6094530908476049
lonestar,Affiliate,240,167,0.856340687560637,0.2865633609224273,0.6109448220386386
lonestar,Affiliate,240,168,0.8583046340140887,0.2865633609224273,0.6123459733957176
lonestar,Affiliate,240,169,0.8599952411621399,0.2865633609224273,0.6135521144774236
lonestar,Affiliate,240,170,0.8620137842826406,0.2865633609224273,0.6149922170971469
lonestar,Affiliate,240,171,0.8638891470518549,0.2865633609224273,0.6163301696082664
lonestar,Affiliate,240,172,0.8659744697291002,0.2865633609224273,0.6178179152105124
lonestar,Affiliate,240,173,0.8685649132791334,0.2865633609224273,0.6196660325505684
lonestar,Affiliate,240,174,0.8702392155941853,0.2865633609224273,0.6208605411670187
lonestar,Affiliate,240,175,0.8716175067046523,0.2865633609224273,0.6218438645445409
lonestar,Affiliate,240,176,0.8737362017395081,0.2865633609224273,0.6233554192094387
lonestar,Affiliate,240,177,0.8755694549725275,0.2865633609224273,0.6246633292345821
lonestar,Affiliate,240,178,0.8775535778677157,0.2865633609224273,0.626078875204442
lonestar,Affiliate,240,179,0.8788091823753628,0.2865633609224273,0.6269746694643884
lonestar,Affiliate,240,180,0.8807346797190623,0.2865633609224273,0.6283483898178303
lonestar,Affiliate,240,181,0.8825296106969268,0.2865633609224273,0.6296289593420541
lonestar,Affiliate,240,182,0.8840108022870476,0.2865633609224273,0.6306856956919399
lonestar,Affiliate,240,183,0.8855582413319114,0.2865633609224273,0.6317896954032849
lonestar,Affiliate,240,184,0.8874185856222108,0.2865633609224273,0.6331169331812833
lonestar,Affiliate,240,185,0.8888616868361039,0.2865633609224273,0.6341464944611719
lonestar,Affiliate,240,186,0.8909559220825365,0.2865633609224273,0.6356405986168245
lonestar,Affiliate,240,187,0.8931934355972211,0.2865633609224273,0.6372369227386318
lonestar,Affiliate,240,188,0.8949312341944935,0.2865633609224273,0.6384767319292636
lonestar,Affiliate,240,189,0.8962003721010267,0.2865633609224273,0.6393821814118266
lonestar,Affiliate,240,190,0.8978783193958334,0.2865633609224273,0.6405792904903828
lonestar,Affiliate,240,191,0.9002414286353425,0.2865633609224273,0.6422652192039913
lonestar,Affiliate,240,192,0.9028161011973768,0.2865633609224273,0.6441020849433743
lonestar,Affiliate,240,193,0.9051400216671612,0.2865633609224273,0.6457600549528209
lonestar,Affiliate,240,194,0.9071925657169453,0.2865633609224273,0.6472244150812575
lonestar,Affiliate,240,195,0.9089354678642925,0.2865633609224273,0.6484678653315019
lonestar,Affiliate,240,196,0.9115196953354388,0.2865633609224273,0.6503115478931285
lonestar,Affiliate,240,197,0.9141367404164648,0.2865633609224273,0.6521786437400502
lonestar,Affiliate,240,198,0.9158699023923299,0.2865633609224273,0.6534151449950885
lonestar,Affiliate,240,199,0.9172686571626867,0.2865633609224273,0.6544130678973454
lonestar,Affiliate,240,200,0.9193029042054349,0.2865633609224273,0.6558643742705773
lonestar,Affiliate,240,201,0.9199933670926662,0.2865633609224273,0.6563569757922514
lonestar,Affiliate,240,202,0.921601020387412,0.2865633609224273,0.6575039345556568
lonestar,Affiliate,240,203,0.9231038837587918,0.2865633609224273,0.6585761323483268
lonestar,Affiliate,240,204,0.9253228137290062,0.2865633609224273,0.660159198288625
lonestar,Affiliate,240,205,0.9276517422363871,0.2865633609224273,0.6618207412155829
lonestar,Affiliate,240,206,0.9296331764821985,0.2865633609224273,0.6632343690044676
lonestar,Affiliate,240,207,0.9310194891604207,0.2865633609224273,0.6642234152623292
lonestar,Affiliate,240,208,0.9326019653659648,0.2865633609224273,0.6653524117678328
lonestar,Affiliate,240,209,0.934178290567926,0.2865633609224273,0.6664770199220132
lonestar,Affiliate,240,210,0.9362768175083702,0.2865633609224273,0.6679741859294175
lonestar,Affiliate,240,211,0.9380481943450595,0.2865633609224273,0.669237951066325
lonestar,Affiliate,240,212,0.9396376174915042,0.2865633609224273,0.6703719037739966
lonestar,Affiliate,240,213,0.9426992922601284,0.2865633609224273,0.6725562147308725
lonestar,Affiliate,240,214,0.9442511885539654,0.2865633609224273,0.6736633944069444
lonestar,Affiliate,240,215,0.9469722053347954,0.2865633609224273,0.6756046674739336
lonestar,Affiliate,240,216,0.9496249752663434,0.2865633609224273,0.6774972507381432
lonestar,Affiliate,240,217,0.9511892563448284,0.2865633609224273,0.6786132661733502
lonestar,Affiliate,240,218,0.9537875173051801,0.2865633609224273,0.6804669607403498
lonestar,Affiliate,240,219,0.9573071907384616,0.2865633609224273,0.6829780247252409
lonestar,Affiliate,240,220,0.9596098405793947,0.2865633609224273,0.6846208194887287
lonestar,Affiliate,240,221,0.9618072579558138,0.2865633609224273,0.6861885375564118
lonestar,Affiliate,240,222,0.9634195245032472,0.2865633609224273,0.6873387875833099
lonestar,Affiliate,240,223,0.9657921531530635,0.2865633609224273,0.689031507793014
lonestar,Affiliate,240,224,0.9674092781018778,0.2865633609224273,0.6901852239814645
lonestar,Affiliate,240,225,0.9691930637923593,0.2865633609224273,0.6914578420493163
lonestar,Affiliate,240,226,0.9707310088969097,0.2865633609224273,0.6925550684357925
lonestar,Affiliate,240,227,0.9720740639738442,0.2865633609224273,0.6935132531359768
lonestar,Affiliate,240,228,0.9741025768294632,0.2865633609224273,0.6949604685300153
lonestar,Affiliate,240,229,0.9757910336805993,0.2865633609224273,0.6961650755111173
lonestar,Affiliate,240,230,0.9783684390456543,0.2865633609224273,0.6980038909323026
lonestar,Affiliate,240,231,0.9823026457708282,0.2865633609224273,0.700810698155747
lonestar,Affiliate,240,232,0.9836737146575613,0.2865633609224273,0.7017888689342417
lonestar,Affiliate,240,233,0.9864722907542788,0.2865633609224273,0.7037854756588867
lonestar,Affiliate,240,234,0.9888350306788728,0.2865633609224273,0.7054711408897035
lonestar,Affiliate,240,235,0.9902726399252811,0.2865633609224273,0.7064967839987679
lonestar,Affiliate,240,236,0.9916528780099022,0.2865633609224273,0.7074814964189868
lonestar,Affiliate,240,237,0.9931038494519833,0.2865633609224273,0.7085166726080226
lonestar,Affiliate,240,238,0.9948011252885884,0.2865633609224273,0.7097275713764779
lonestar,Affiliate,240,239,0.9977340301343692,0.2865633609224273,0.7118200131523861
lonestar,Affiliate,240,240,1.0,0.2865633609224273,0.7134366390775727
lonestar,Affiliate,270,1,0.15497074833456378,0.19102592307171734,0.12536731808483895
lonestar,Affiliate,270,2,0.20145299579371737,0.19102592307171734,0.16297025131665974
lonestar,Affiliate,270,3,0.23383203791035087,0.19102592307171734,0.1891640570247853
lonestar,Affiliate,270,4,0.25601030178177947,0.19102592307171734,0.20710569756804614
lonestar,Affiliate,270,5,0.27305079934540305,0.19102592307171734,0.22089101835497718
lonestar,Affiliate,270,6,0.28806743201739393,0.19102592307171734,0.23303908490937209
lonestar,Affiliate,270,7,0.3010813298309459,0.19102592307171734,0.24356699088032926
lonestar,Affiliate,270,8,0.31179188753971493,0.19102592307171734,0.2522315544161678
lonestar,Affiliate,270,9,0.32189033016630264,0.19102592307171734,0.26040093271842485
lonestar,Affiliate,270,10,0.3331723850592607,0.19102592307171734,0.2695278226613098
lonestar,Affiliate,270,11,0.3405867482019474,0.19102592307171734,0.27552585024067583
lonestar,Affiliate,270,12,0.3478449734706235,0.19102592307171734,0.28139756632754065
lonestar,Affiliate,270,13,0.3547381821028262,0.19102592307171734,0.2869739934178509
lonestar,Affiliate,270,14,0.36154341510549237,0.19102592307171734,0.29247925050446466
lonestar,Affiliate,270,15,0.36895004145802146,0.19102592307171734,0.29847101922115454
lonestar,Affiliate,270,16,0.3777915041016694,0.19102592307171734,0.30562353330199554
lonestar,Affiliate,270,17,0.383790673491482,0.19102592307171734,0.3104767058214556
lonestar,Affiliate,270,18,0.3908211002437433,0.19102592307171734,0.3161641388137781
lonestar,Affiliate,270,19,0.39578843967049543,0.19102592307171734,0.32018258764132435
lonestar,Affiliate,270,20,0.40164471567076876,0.19102592307171734,0.32492016311288274
lonestar,Affiliate,270,21,0.4080796000129412,0.19102592307171734,0.33012581773373195
lonestar,Affiliate,270,22,0.41371125332986647,0.19102592307171734,0.33468167927737164
lonestar,Affiliate,270,23,0.41987885799038055,0.19102592307171734,0.3396711115644696
lonestar,Affiliate,270,24,0.42526682007508054,0.19102592307171734,0.34402983321846436
lonestar,Affiliate,270,25,0.4320178792988282,0.19102592307171734,0.3494912651222838
lonestar,Affiliate,270,26,0.43643145860438154,0.19102592307171734,0.3530617363669436
lonestar,Affiliate,270,27,0.43969361470959906,0.19102592307171734,0.35570073609095787
lonestar,Affiliate,270,28,0.44404578205873874,0.19102592307171734,0.35922152665486556
lonestar,Affiliate,270,29,0.4476682345768214,0.19102592307171734,0.362151996836898
lonestar,Affiliate,270,30,0.4517992126830139,0.19102592307171734,0.36549385103716603
lonestar,Affiliate,270,31,0.4543029757217229,0.19102592307171734,0.3675193304302528
lonestar,Affiliate,270,32,0.45782760308164755,0.19102592307171734,0.370370662595264
lonestar,Affiliate,270,33,0.4647124932990623,0.19102592307171734,0.3759403603036497
lonestar,Affiliate,270,34,0.4681507739768485,0.19102592307171734,0.37872184024118216
lonestar,Affiliate,270,35,0.47076335214403964,0.19102592307171734,0.3808353482523886
lonestar,Affiliate,270,36,0.47317680410312357,0.19102592307171734,0.3827877683231993
lonestar,Affiliate,270,37,0.4757385988937327,0.19102592307171734,0.38486019389921194
lonestar,Affiliate,270,38,0.47860422764224847,0.19102592307171734,0.38717841327086167
lonestar,Affiliate,270,39,0.4809816103476023,0.19102592307171734,0.38910165425043053
lonestar,Affiliate,270,40,0.483622408782938,0.19102592307171734,0.39123799172700985
lonestar,Affiliate,270,41,0.48643650565500374,0.19102592307171734,0.393514523146476
lonestar,Affiliate,270,42,0.49059926230004924,0.19102592307171734,0.39688208536087877
lonestar,Affiliate,270,43,0.4953640421315761,0.19102592307171734,0.4007366687268547
lonestar,Affiliate,270,44,0.49795251811855235,0.19102592307171734,0.40283067869906986
lonestar,Affiliate,270,45,0.5001415099984224,0.19102592307171734,0.40460151638449127
lonestar,Affiliate,270,46,0.5030299341440417,0.19102592307171734,0.406938176641471
lonestar,Affiliate,270,47,0.504345686249729,0.19102592307171734,0.4080025859866358
lonestar,Affiliate,270,48,0.5066613186721575,0.19102592307171734,0.40987587258807506
lonestar,Affiliate,270,49,0.5103803994387651,0.19102592307171734,0.41288451251826325
lonestar,Affiliate,270,50,0.512941634352493,0.19102592307171734,0.41495648516839273
lonestar,Affiliate,270,51,0.515850805114279,0.19102592307171734,0.4173099289000354
lonestar,Affiliate,270,52,0.519226512745744,0.19102592307171734,0.42004078886517954
lonestar,Affiliate,270,53,0.5211117886606609,0.19102592307171734,0.4215659282082045
lonestar,Affiliate,270,54,0.5232876654102434,0.19102592307171734,0.42332615609320773
lonestar,Affiliate,270,55,0.5254761510232125,0.19102592307171734,0.4250965842218303
lonestar,Affiliate,270,56,0.5288392816640495,0.19102592307171734,0.42781726972759054
lonestar,Affiliate,270,57,0.5315678766733222,0.19102592307171734,0.43002463235652805
lonestar,Affiliate,270,58,0.5332286258949596,0.19102592307171734,0.4313681354251115
lonestar,Affiliate,270,59,0.5362308687459759,0.19102592307171734,0.433796872064227
lonestar,Affiliate,270,60,0.5384908803994717,0.19102592307171734,0.4356251629054609
lonestar,Affiliate,270,61,0.5417358488698546,0.19102592307171734,0.43825025827845027
lonestar,Affiliate,270,62,0.5438560875391351,0.19102592307171734,0.4399654763987991
lonestar,Affiliate,270,63,0.5471257806863417,0.19102592307171734,0.4426105733943993
lonestar,Affiliate,270,64,0.5504721906264999,0.19102592307171734,0.4453177322867624
lonestar,Affiliate,270,65,0.5544548205675736,0.19102592307171734,0.44853957666708943
lonestar,Affiliate,270,66,0.5570748292224319,0.19102592307171734,0.4506590957501976
lonestar,Affiliate,270,67,0.5603780469138886,0.19102592307171734,0.45333131323303694
lonestar,Affiliate,270,68,0.5638424089232105,0.19102592307171734,0.4561338922916735
lonestar,Affiliate,270,69,0.567564614337969,0.19102592307171734,0.45914505998121524
lonestar,Affiliate,270,70,0.5702451589644607,0.19102592307171734,0.46131355109609645
lonestar,Affiliate,270,71,0.5748676246626276,0.19102592307171734,0.4650530060174037
lonestar,Affiliate,270,72,0.5785965837586773,0.19102592307171734,0.46806963726003376
lonestar,Affiliate,270,73,0.5825361993576392,0.19102592307171734,0.47125668415265626
lonestar,Affiliate,270,74,0.5858991025404452,0.19102592307171734,0.4739771856507659
lonestar,Affiliate,270,75,0.5893786805966656,0.19102592307171734,0.4767920740968968
lonestar,Affiliate,270,76,0.5925948741948325,0.19102592307171734,0.4793938913441964
lonestar,Affiliate,270,77,0.5942106739153439,0.19102592307171734,0.4807010314315981
lonestar,Affiliate,270,78,0.5977594504320233,0.19102592307171734,0.4835718996384036
lonestar,Affiliate,270,79,0.6012732140639557,0.19102592307171734,0.48641444332909034
lonestar,Affiliate,270,80,0.6067081948230659,0.19102592307171734,0.4908112018718145
lonestar,Affiliate,270,81,0.6101966688162721,0.19102592307171734,0.49363328690035674
lonestar,Affiliate,270,82,0.6118839636411434,0.19102592307171734,0.49499826467381286
lonestar,Affiliate,270,83,0.6150913634467426,0.19102592307171734,0.4975929679708875
lonestar,Affiliate,270,84,0.6179552737052421,0.19102592307171734,0.4999097971286625
lonestar,Affiliate,270,85,0.6210587804014721,0.19102592307171734,0.502420453593486
lonestar,Affiliate,270,86,0.6244287742032936,0.19102592307171734,0.5051466912185685
lonestar,Affiliate,270,87,0.6267595805089752,0.19102592307171734,0.5070322530982059
lonestar,Affiliate,270,88,0.6297647087662074,0.19102592307171734,0.5094633239561515
lonestar,Affiliate,270,89,0.6311453376706775,0.19102592307171734,0.5105802169497257
lonestar,Affiliate,270,90,0.6339346713091109,0.19102592307171734,0.5128367155551222
lonestar,Affiliate,270,91,0.6364179189299194,0.19102592307171734,0.5148455985069502
lonestar,Affiliate,270,92,0.639463618110682,0.19102592307171734,0.5173094901903088
lonestar,Affiliate,270,93,0.6430139373373202,0.19102592307171734,0.5201816064094792
lonestar,Affiliate,270,94,0.6471113985902183,0.19102592307171734,0.5234963463442919
lonestar,Affiliate,270,95,0.6495247213234766,0.19102592307171734,0.5254486618747596
lonestar,Affiliate,270,96,0.651027484809118,0.19102592307171734,0.5266643585783978
lonestar,Affiliate,270,97,0.6548488497141587,0.19102592307171734,0.5297557437250593
lonestar,Affiliate,270,98,0.6571757690452118,0.19102592307171734,0.5316381611429846
lonestar,Affiliate,270,99,0.6591319433018743,0.19102592307171734,0.5332206554065789
lonestar,Affiliate,270,100,0.6612466339498884,0.19102592307171734,0.5349313853215449
lonestar,Affiliate,270,101,0.6637430366692301,0.19102592307171734,0.5369509104070657
lonestar,Affiliate,270,102,0.6660589461280713,0.19102592307171734,0.5388244211237813
lonestar,Affiliate,270,103,0.6686466219924552,0.19102592307171734,0.5409177838175608
lonestar,Affiliate,270,104,0.6719741631329182,0.19102592307171734,0.5436096783401078
lonestar,Affiliate,270,105,0.6745958724858179,0.19102592307171734,0.545730573243844
lonestar,Affiliate,270,106,0.6758932571755824,0.19102592307171734,0.5467801238256671
lonestar,Affiliate,270,107,0.6785799322932794,0.19102592307171734,0.5489535743490123
lonestar,Affiliate,270,108,0.6804360335459058,0.19102592307171734,0.5504551121465411
lonestar,Affiliate,270,109,0.682211088882656,0.19102592307171734,0.5518910858990853
lonestar,Affiliate,270,110,0.684253092234937,0.19102592307171734,0.5535430136760813
lonestar,Affiliate,270,111,0.6880918214908539,0.19102592307171734,0.5566484461324642
lonestar,Affiliate,270,112,0.6909890795906594,0.19102592307171734,0.5589922528293774
lonestar,Affiliate,270,113,0.6937167189864003,0.19102592307171734,0.5611988423917401
lonestar,Affiliate,270,114,0.696997449427265,0.19102592307171734,0.5638528682717892
lonestar,Affiliate,270,115,0.6996601042071717,0.19102592307171734,0.5660068869645428
lonestar,Affiliate,270,116,0.7019140275296789,0.19102592307171734,0.5678302525038352
lonestar,Affiliate,270,117,0.7029824669190704,0.19102592307171734,0.568694592272622
lonestar,Affiliate,270,118,0.7055162878630888,0.19102592307171734,0.5707443877319109
lonestar,Affiliate,270,119,0.7066725351381824,0.19102592307171734,0.5716797618039805
lonestar,Affiliate,270,120,0.7084080537024855,0.19102592307171734,0.5730837513325295
lonestar,Affiliate,270,121,0.7113726704663713,0.19102592307171734,0.5754820494425402
lonestar,Affiliate,270,122,0.7152686690057836,0.19102592307171734,0.5786338112646752
lonestar,Affiliate,270,123,0.7185966053533173,0.19102592307171734,0.5813260254994973
lonestar,Affiliate,270,124,0.7205235300758356,0.19102592307171734,0.5828848576482069
lonestar,Affiliate,270,125,0.7234488384366997,0.19102592307171734,0.5852513562791675
lonestar,Affiliate,270,126,0.7261386772019226,0.19102592307171734,0.5874273661113496
lonestar,Affiliate,270,127,0.7287705557260106,0.19102592307171734,0.589556487610961
lonestar,Affiliate,270,128,0.7321559119166805,0.19102592307171734,0.5922951530103817
lonestar,Affiliate,270,129,0.7346346697495876,0.19102592307171734,0.5943004038401865
lonestar,Affiliate,270,130,0.7363642761906081,0.19102592307171734,0.5956996106142602
lonestar,Affiliate,270,131,0.7386860119107954,0.19102592307171734,0.5975778346253702
lonestar,Affiliate,270,132,0.7407120669521419,0.19102592307171734,0.5992168606322493
lonestar,Affiliate,270,133,0.7428786096867731,0.19102592307171734,0.6009695375411233
lonestar,Affiliate,270,134,0.744768064500649,0.19102592307171734,0.6024980575050762
lonestar,Affiliate,270,135,0.7475717935824615,0.19102592307171734,0.6047662016509925
lonestar,Affiliate,270,136,0.7490843825588183,0.19102592307171734,0.6059898469219126
lonestar,Affiliate,270,137,0.7525996538043737,0.19102592307171734,0.6088336102329384
lonestar,Affiliate,270,138,0.7554735440921141,0.19102592307171734,0.6111585129756563
lonestar,Affiliate,270,139,0.7607551372223044,0.19102592307171734,0.6154311849028627
lonestar,Affiliate,270,140,0.7639780846757688,0.19102592307171734,0.6180384658440174
lonestar,Affiliate,270,141,0.7687293215813117,0.19102592307171734,0.6218820933339466
lonestar,Affiliate,270,142,0.7703730634639487,0.19102592307171734,0.6232118379061613
lonestar,Affiliate,270,143,0.7726855671987571,0.19102592307171734,0.6250825934804212
lonestar,Affiliate,270,144,0.7742875265447109,0.19102592307171734,0.6263785370635907
lonestar,Affiliate,270,145,0.776520915632117,0.19102592307171734,0.6281852909389968
lonestar,Affiliate,270,146,0.7782741279320418,0.19102592307171734,0.6296035942409877
lonestar,Affiliate,270,147,0.7804739286805044,0.19102592307171734,0.6313831760209013
lonestar,Affiliate,270,148,0.7826837761005855,0.19102592307171734,0.6331708852977138
lonestar,Affiliate,270,149,0.7839232859916355,0.19102592307171734,0.6341736166676695
lonestar,Affiliate,270,150,0.7853491355021583,0.19102592307171734,0.6353270919592834
lonestar,Affiliate,270,151,0.7875279470172307,0.19102592307171734,0.6370896939934898
lonestar,Affiliate,270,152,0.7891781992502344,0.19102592307171734,0.6384247052703828
lonestar,Affiliate,270,153,0.7909979049189119,0.19102592307171734,0.6398967999839823
lonestar,Affiliate,270,154,0.7932904493633904,0.19102592307171734,0.6417514090097713
lonestar,Affiliate,270,155,0.7954367476948526,0.19102592307171734,0.6434877087212787
lonestar,Affiliate,270,156,0.7977527209998184,0.19102592307171734,0.645361271087854
lonestar,Affiliate,270,157,0.7989622234133907,0.19102592307171734,0.6463397271864162
lonestar,Affiliate,270,158,0.8010785892045138,0.19102592307171734,0.6480518122487325
lonestar,Affiliate,270,159,0.8025652185026706,0.19102592307171734,0.6492544568129435
lonestar,Affiliate,270,160,0.8041456803616358,0.19102592307171734,0.6505330094864202
lonestar,Affiliate,270,161,0.8058537860041187,0.19102592307171734,0.6519148226718439
lonestar,Affiliate,270,162,0.8079996774514301,0.19102592307171734,0.6536507932246208
lonestar,Affiliate,270,163,0.8099245377926606,0.19102592307171734,0.6552079553423836
lonestar,Affiliate,270,164,0.8115525045369903,0.19102592307171734,0.6565249382366477
lonestar,Affiliate,270,165,0.8132663387207423,0.19102592307171734,0.6579113856634566
lonestar,Affiliate,270,166,0.8150926291874391,0.19102592307171734,0.6593888073079556
lonestar,Affiliate,270,167,0.8170876951191739,0.19102592307171734,0.6610027639284918
lonestar,Affiliate,270,168,0.8189616180849968,0.19102592307171734,0.662518719030003
lonestar,Affiliate,270,169,0.8205747310878229,0.19102592307171734,0.6638236856324453
lonestar,Affiliate,270,170,0.8225007481156099,0.19102592307171734,0.6653817834796475
lonestar,Affiliate,270,171,0.8242901479010791,0.19102592307171734,0.6668293615193531
lonestar,Affiliate,270,172,0.826279883440545,0.19102592307171734,0.6684390059907239
lonestar,Affiliate,270,173,0.8287515860939159,0.19102592307171734,0.6704385493631758
lonestar,Affiliate,270,174,0.8303491416455917,0.19102592307171734,0.6717309303909345
lonestar,Affiliate,270,175,0.8316642545708725,0.19102592307171734,0.6727948226557199
lonestar,Affiliate,270,176,0.8336858327439498,0.19102592307171734,0.6744302269922234
lonestar,Affiliate,270,177,0.8354350532125049,0.19102592307171734,0.6758453010061168
lonestar,Affiliate,270,178,0.8373282277711969,0.19102592307171734,0.6773768301471988
lonestar,Affiliate,270,179,0.8385262778090352,0.19102592307171734,0.678346021570673
lonestar,Affiliate,270,180,0.840363514097554,0.19102592307171734,0.6798322981012767
lonestar,Affiliate,270,181,0.8420761689286342,0.19102592307171734,0.6812177914623465
lonestar,Affiliate,270,182,0.843489465575614,0.19102592307171734,0.6823611118127628
lonestar,Affiliate,270,183,0.8449659730227924,0.19102592307171734,0.6835555680619217
lonestar,Affiliate,270,184,0.8467410427472251,0.19102592307171734,0.684991553453728
lonestar,Affiliate,270,185,0.848117995006778,0.19102592307171734,0.6861054721368741
lonestar,Affiliate,270,186,0.8501162345805852,0.19102592307171734,0.6877219961515764
lonestar,Affiliate,270,187,0.8522511848253523,0.19102592307171734,0.6894491155551247
lonestar,Affiliate,270,188,0.8539093261131048,0.19102592307171734,0.6907905088728009
lonestar,Affiliate,270,189,0.8551202892051325,0.19102592307171734,0.6917701466223682
lonestar,Affiliate,270,190,0.8567213226577769,0.19102592307171734,0.6930653411818525
lonestar,Affiliate,270,191,0.8589761115634933,0.19102592307171734,0.6948894069555226
lonestar,Affiliate,270,192,0.8614327661402972,0.19102592307171734,0.6968767768241242
lonestar,Affiliate,270,193,0.8636501626133125,0.19102592307171734,0.6986705930890658
lonestar,Affiliate,270,194,0.8656086220338802,0.19102592307171734,0.7002549359910211
lonestar,Affiliate,270,195,0.8672716329348931,0.19102592307171734,0.7016002686995896
lonestar,Affiliate,270,196,0.8697374044423494,0.19102592307171734,0.7035950139287501
lonestar,Affiliate,270,197,0.8722344892642441,0.19102592307171734,0.7056150908175539
lonestar,Affiliate,270,198,0.8738882064643013,0.19102592307171734,0.7069529051629707
lonestar,Affiliate,270,199,0.8752228450350825,0.19102592307171734,0.7080325931688013
lonestar,Affiliate,270,200,0.8771638461478487,0.19102592307171734,0.7096028127523181
lonestar,Affiliate,270,201,0.8778226595585489,0.19102592307171734,0.7101357757231073
lonestar,Affiliate,270,202,0.8793566211514477,0.19102592307171734,0.711376710886766
lonestar,Affiliate,270,203,0.8807905961873622,0.19102592307171734,0.7125367595177832
lonestar,Affiliate,270,204,0.8829078147212122,0.19102592307171734,0.7142495344268599
lonestar,Affiliate,270,205,0.885129989673116,0.19102592307171734,0.7160472163573494
lonestar,Affiliate,270,206,0.8870205988248918,0.19102592307171734,0.7175766701507394
lonestar,Affiliate,270,207,0.8883433656248552,0.19102592307171734,0.7186467542017312
lonestar,Affiliate,270,208,0.8898533041973786,0.19102592307171734,0.7198682553646567
lonestar,Affiliate,270,209,0.8913573737163661,0.19102592307171734,0.7210850086154156
lonestar,Affiliate,270,210,0.8933597082612742,0.19102592307171734,0.7227048453555842
lonestar,Affiliate,270,211,0.8950498886272228,0.19102592307171734,0.7240721574569698
lonestar,Affiliate,270,212,0.8965664557063804,0.19102592307171734,0.7252990209099311
lonestar,Affiliate,270,213,0.8994877892553279,0.19102592307171734,0.7276623040210906
lonestar,Affiliate,270,214,0.9009685496398512,0.19102592307171734,0.7288602007863123
lonestar,Affiliate,270,215,0.9035648403009459,0.19102592307171734,0.7309605326273089
lonestar,Affiliate,270,216,0.9060960124156616,0.19102592307171734,0.7330081852523577
lonestar,Affiliate,270,217,0.9075885898903799,0.19102592307171734,0.7342156417372119
lonestar,Affiliate,270,218,0.9100677516191767,0.19102592307171734,0.7362212193083212
lonestar,Affiliate,270,219,0.9134260900643164,0.19102592307171734,0.7389380280519908
lonestar,Affiliate,270,220,0.915623190912758,0.19102592307171734,0.7407154256827772
lonestar,Affiliate,270,221,0.9177198829482932,0.19102592307171734,0.7424115951868272
lonestar,Affiliate,270,222,0.9192582463313442,0.19102592307171734,0.7436560912846111
lonestar,Affiliate,270,223,0.9215221182961046,0.19102592307171734,0.745487505017587
lonestar,Affiliate,270,224,0.9230651173808618,0.19102592307171734,0.7467357512778796
lonestar,Affiliate,270,225,0.9247671378028669,0.19102592307171734,0.7481126416776843
lonestar,Affiliate,270,226,0.9262345864935002,0.19102592307171734,0.749299769627629
lonestar,Affiliate,270,227,0.9275160785365287,0.19102592307171734,0.7503364634702289
lonestar,Affiliate,270,228,0.9294516083061567,0.19102592307171734,0.7519022568789809
lonestar,Affiliate,270,229,0.9310626695774983,0.19102592307171734,0.7532055636838394
lonestar,Affiliate,270,230,0.9335219316909449,0.19102592307171734,0.7551950429819895
lonestar,Affiliate,270,231,0.937275802027705,0.19102592307171734,0.7582318267725785
lonestar,Affiliate,270,232,0.938584023781948,0.19102592307171734,0.7592901442586347
lonestar,Affiliate,270,233,0.9412543185906607,0.19102592307171734,0.7614503435366394
lonestar,Affiliate,270,234,0.9435087551101398,0.19102592307171734,0.7632741242389784
lonestar,Affiliate,270,235,0.9448804671433212,0.19102592307171734,0.7643838037148328
lonestar,Affiliate,270,236,0.9461974377972456,0.19102592307171734,0.765449198833933
lonestar,Affiliate,270,237,0.9475818995290255,0.19102592307171734,0.7665691924854421
lonestar,Affiliate,270,238,0.9492013755406858,0.19102592307171734,0.7678793065970826
lonestar,Affiliate,270,239,0.951999841729732,0.19102592307171734,0.7701431931991811
lonestar,Affiliate,270,240,0.9541619439416353,0.19102592307171734,0.7718922778402802
lonestar,Affiliate,270,241,0.9561052905493475,0.19102592307171734,0.7734643948684059
lonestar,Affiliate,270,242,0.9575486706524194,0.19102592307171734,0.7746320519549452
lonestar,Affiliate,270,243,0.9595309070305589,0.19102592307171734,0.7762356297992042
lonestar,Affiliate,270,244,0.9622118584851339,0.19102592307171734,0.7784044500274586
lonestar,Affiliate,270,245,0.9639818094956908,0.19102592307171734,0.7798362945124321
lonestar,Affiliate,270,246,0.9657687509909413,0.19102592307171734,0.7812818838590773
lonestar,Affiliate,270,247,0.9673145144849729,0.19102592307171734,0.7825323664548108
lonestar,Affiliate,270,248,0.9687020138772513,0.19102592307171734,0.7836548174949178
lonestar,Affiliate,270,249,0.9698271770569094,0.19102592307171734,0.7845650453395755
lonestar,Affiliate,270,250,0.9708219391019403,0.19102592307171734,0.7853697820467176
lonestar,Affiliate,270,251,0.9724433562757177,0.19102592307171734,0.7866814665081898
lonestar,Affiliate,270,252,0.9738526916153417,0.19102592307171734,0.7878215822636446
lonestar,Affiliate,270,253,0.9758185055797044,0.19102592307171734,0.7894118748008777
lonestar,Affiliate,270,254,0.97741374288631,0.19102592307171734,0.7907023804284705
lonestar,Affiliate,270,255,0.9786477569595047,0.19102592307171734,0.7917006658242497
lonestar,Affiliate,270,256,0.979490962544429,0.19102592307171734,0.7923827972839746
lonestar,Affiliate,270,257,0.9807035651438034,0.19102592307171734,0.7933637613524843
lonestar,Affiliate,270,258,0.9817215148108026,0.19102592307171734,0.7941872562447044
lonestar,Affiliate,270,259,0.9831935050309577,0.19102592307171734,0.7953780581743018
lonestar,Affiliate,270,260,0.9848168967827878,0.19102592307171734,0.7966913400182316
lonestar,Affiliate,270,261,0.985872159899366,0.19102592307171734,0.797545020523882
lonestar,Affiliate,270,262,0.9873921202149621,0.19102592307171734,0.798774629017159
lonestar,Affiliate,270,263,0.9885864391936646,0.19102592307171734,0.7997408021105127
lonestar,Affiliate,270,264,0.9901179644610273,0.19102592307171734,0.8009797663499698
lonestar,Affiliate,270,265,0.9915788484390866,0.19102592307171734,0.8021615836176197
lonestar,Affiliate,270,266,0.9933063703240005,0.19102592307171734,0.8035591040398412
lonestar,Affiliate,270,267,0.9950105968964972,0.19102592307171734,0.8049377791582034
lonestar,Affiliate,270,268,0.9966566811068761,0.19102592307171734,0.806269418612841
lonestar,Affiliate,270,269,0.9987613810285165,0.19102592307171734,0.807972066289161
lonestar,Affiliate,270,270,1.0,0.19102592307171734,0.8089740769282827
lonestar,Affiliate,365,1,0.13567855714046853,0.18199338238549256,0.11098595760929134
lonestar,Affiliate,365,2,0.17637426478646154,0.18199338238549256,0.14427531577221892
lonestar,Affiliate,365,3,0.20472246445115577,0.18199338238549256,0.16746433069539618
lonestar,Affiliate,365,4,0.2241397730354809,0.18199338238549256,0.1833478176136371
lonestar,Affiliate,365,5,0.23905891195192153,0.18199338238549256,0.19555177197639567
lonestar,Affiliate,365,6,0.252206135385634,0.18199338238549256,0.20630628774842902
lonestar,Affiliate,365,7,0.26359994290796895,0.18199338238549256,0.21562649770152495
lonestar,Affiliate,365,8,0.2729771513922323,0.18199338238549256,0.22329711629640325
lonestar,Affiliate,365,9,0.2818184465377087,0.18199338238549256,0.230529354233686
lonestar,Affiliate,365,10,0.2916960069541522,0.18199338238549256,0.2386092640202239
lonestar,Affiliate,365,11,0.2981873616396405,0.18199338238549256,0.24391923511023625
lonestar,Affiliate,365,12,0.3045420159369045,0.18199338238549256,0.24911738437805067
lonestar,Affiliate,365,13,0.31057709424256236,0.18199338238549256,0.25405411836990055
lonestar,Affiliate,365,14,0.3165351489382337,0.18199338238549256,0.2589278465390689
lonestar,Affiliate,365,15,0.3230197299807167,0.18199338238549256,0.26423227674427757
lonestar,Affiliate,365,16,0.33076052563017516,0.18199338238549256,0.2705642988111362
lonestar,Affiliate,365,17,0.33601286296221017,0.18199338238549256,0.27486074550668455
lonestar,Affiliate,365,18,0.3421680772079932,0.18199338238549256,0.2798957514925701
lonestar,Affiliate,365,19,0.3465170363082854,0.18199338238549256,0.283453228816344
lonestar,Affiliate,365,20,0.35164426894071776,0.18199338238549256,0.2876473390397227
lonestar,Affiliate,365,21,0.357278079400398,0.18199338238549256,0.292255833278127
lonestar,Affiliate,365,22,0.3622086524573608,0.18199338238549256,0.2962890746673543
lonestar,Affiliate,365,23,0.36760845668070236,0.18199338238549256,0.3007061502558705
lonestar,Affiliate,365,24,0.3723256754425388,0.18199338238549256,0.304564866419788
lonestar,Affiliate,365,25,0.378236300412036,0.18199338238549256,0.3093997967590743
lonestar,Affiliate,365,26,0.3821004365695882,0.18199338238549256,0.3125606857073155
lonestar,Affiliate,365,27,0.3849564893297346,0.18199338238549256,0.3148969557653714
lonestar,Affiliate,365,28,0.38876685865885674,0.18199338238549256,0.3180138630921487
lonestar,Affiliate,365,29,0.39193835480406636,0.18199338238549256,0.3206081679266691
lonestar,Affiliate,365,30,0.3955550705717223,0.18199338238549256,0.3235666653586423
lonestar,Affiliate,365,31,0.39774714204433526,0.18199338238549256,0.3253597943295237
lonestar,Affiliate,365,32,0.4008329912113018,0.18199338238549256,0.3278840393690626
lonestar,Affiliate,365,33,0.4068607866553341,0.18199338238549256,0.3328148159319076
lonestar,Affiliate,365,34,0.4098710383732832,0.18199338238549256,0.3352772217578754
lonestar,Affiliate,365,35,0.4121583786613737,0.18199338238549256,0.3371482812502697
lonestar,Affiliate,365,36,0.4142713818123258,0.18199338238549256,0.3388767318107888
lonestar,Affiliate,365,37,0.4165142607079574,0.18199338238549256,0.34071142158992335
lonestar,Affiliate,365,38,0.41902314950198627,0.18199338238549256,0.34276370922629784
lonestar,Affiliate,365,39,0.42110457363331166,0.18199338238549256,0.34446632793978454
lonestar,Affiliate,365,40,0.42341662106971967,0.18199338238549256,0.346357598043005
lonestar,Affiliate,365,41,0.42588039315160375,0.18199338238549256,0.34837297991028005
lonestar,Affiliate,365,42,0.4295249313718577,0.18199338238549256,0.35135423629259677
lonestar,Affiliate,365,43,0.4336965473676577,0.18199338238549256,0.3547666457833077
lonestar,Affiliate,365,44,0.4359627859377102,0.18199338238549256,0.35662044393070386
lonestar,Affiliate,365,45,0.43787927187486136,0.18199338238549256,0.35818814210985866
lonestar,Affiliate,365,46,0.44040811828425763,0.18199338238549256,0.36025675520767547
lonestar,Affiliate,365,47,0.441560073405935,0.18199338238549256,0.36119906212040254
lonestar,Affiliate,365,48,0.44358743450033006,0.18199338238549256,0.36285745691191185
lonestar,Affiliate,365,49,0.44684352971652425,0.18199338238549256,0.3655209643463416
lonestar,Affiliate,365,50,0.4490859184339237,0.18199338238549256,0.3673552531564385
lonestar,Affiliate,365,51,0.4516329287289391,0.18199338238549256,0.3694387244328934
lonestar,Affiliate,365,52,0.45458839707175464,0.18199338238549256,0.3718563170954667
lonestar,Affiliate,365,53,0.45623897641460825,0.18199338238549256,0.3732065019208187
lonestar,Affiliate,365,54,0.4581439799141171,0.18199338238549256,0.37476480738999574
lonestar,Affiliate,365,55,0.4600600226091507,0.18199338238549256,0.3763321429941652
lonestar,Affiliate,365,56,0.46300447966138447,0.18199338238549256,0.3787407283481741
lonestar,Affiliate,365,57,0.46539339394267554,0.18199338238549256,0.380694876039184
lonestar,Affiliate,365,58,0.4668473977503971,0.18199338238549256,0.3818842607759369
lonestar,Affiliate,365,59,0.46947589366068193,0.18199338238549256,0.3840343878249226
lonestar,Affiliate,365,60,0.4714545581735807,0.18199338238549256,0.38565294849051274
lonestar,Affiliate,365,61,0.4742955629745471,0.18199338238549256,0.3879769092183779
lonestar,Affiliate,365,62,0.4761518547362695,0.18199338238549256,0.38949536816369007
lonestar,Affiliate,365,63,0.47901450625775094,0.18199338238549256,0.39183703605218617
lonestar,Affiliate,365,64,0.4819443241566811,0.18199338238549256,0.39423364648191644
lonestar,Affiliate,365,65,0.485431159510039,0.18199338238549256,0.39708590087549545
lonestar,Affiliate,365,66,0.4877250052700098,0.18199338238549256,0.3989622818869385
lonestar,Affiliate,365,67,0.49061700789059565,0.18199338238549256,0.40132795916873626
lonestar,Affiliate,365,68,0.4936500940948532,0.18199338238549256,0.4038090437556142
lonestar,Affiliate,365,69,0.4969089249741144,0.18199338238549256,0.40647478898053635
lonestar,Affiliate,365,70,0.4992557706284172,0.18199338238549256,0.40839452425627587
lonestar,Affiliate,365,71,0.5033027890696304,0.18199338238549256,0.41170501212279625
lonestar,Affiliate,365,72,0.5065675328695092,0.18199338238549256,0.414375594155913
lonestar,Affiliate,365,73,0.5100167087036561,0.18199338238549256,0.41719704281356124
lonestar,Affiliate,365,74,0.5129609666139372,0.18199338238549256,0.419605465268135
lonestar,Affiliate,365,75,0.5160073746309288,0.18199338238549256,0.4220974471859881
lonestar,Affiliate,365,76,0.5188231867217475,0.18199338238549256,0.42440080011023673
lonestar,Affiliate,365,77,0.5202378367577252,0.18199338238549256,0.425557993201275
lonestar,Affiliate,365,78,0.5233448287711957,0.18199338238549256,0.4280995332291693
lonestar,Affiliate,365,79,0.5264211666274472,0.18199338238549256,0.4306159979536011
lonestar,Affiliate,365,80,0.5311795507444955,0.18199338238549256,0.4345083876504984
lonestar,Affiliate,365,81,0.5342337472500092,0.18199338238549256,0.43700674060350364
lonestar,Affiliate,365,82,0.535710992018905,0.18199338238549256,0.43821513660029693
lonestar,Affiliate,365,83,0.5385191050497387,0.18199338238549256,0.4405121916425283
lonestar,Affiliate,365,84,0.541026489287273,0.18199338238549256,0.44256324854173373
lonestar,Affiliate,365,85,0.543743642783307,0.18199338238549256,0.4447858980825639
lonestar,Affiliate,365,86,0.5466941086068078,0.18199338238549256,0.44719939865123304
lonestar,Affiliate,365,87,0.5487347545992118,0.18199338238549256,0.4488686605772281
lonestar,Affiliate,365,88,0.5513657767136761,0.18199338238549256,0.45102085407794995
lonestar,Affiliate,365,89,0.5525745321705481,0.18199338238549256,0.45200962404074885
lonestar,Affiliate,365,90,0.5550166237750164,0.18199338238549256,0.4540072711340247
lonestar,Affiliate,365,91,0.5571907337785793,0.18199338238549256,0.45578570750436115
lonestar,Affiliate,365,92,0.5598572761730036,0.18199338238549256,0.45796695682914984
lonestar,Affiliate,365,93,0.5629656188456374,0.18199338238549256,0.4605096017051779
lonestar,Affiliate,365,94,0.5665529902477036,0.18199338238549256,0.463444095251909
lonestar,Affiliate,365,95,0.5686658802600553,0.18199338238549256,0.4651724532643043
lonestar,Affiliate,365,96,0.5699815658565075,0.18199338238549256,0.4662486927889023
lonestar,Affiliate,365,97,0.5733272119361394,0.18199338238549256,0.4689854534222373
lonestar,Affiliate,365,98,0.5753644548404452,0.18199338238549256,0.4706519315996476
lonestar,Affiliate,365,99,0.5770771064441291,0.18199338238549256,0.4720528919451291
lonestar,Affiliate,365,100,0.5789285408535544,0.18199338238549256,0.4735673775441182
lonestar,Affiliate,365,101,0.5811141682873885,0.18199338238549256,0.4753552352486343
lonestar,Affiliate,365,102,0.5831417719301429,0.18199338238549256,0.47701382844630674
lonestar,Affiliate,365,103,0.585407309984259,0.18199338238549256,0.4788670535670312
lonestar,Affiliate,365,104,0.5883206080460901,0.18199338238549256,0.48125015066069254
lonestar,Affiliate,365,105,0.5906159427854898,0.18199338238549256,0.48312774966716193
lonestar,Affiliate,365,106,0.591751817036954,0.18199338238549256,0.4840569023216376
lonestar,Affiliate,365,107,0.594104030002251,0.18199338238549256,0.4859810280932892
lonestar,Affiliate,365,108,0.5957290666144462,0.18199338238549256,0.48731031879593073
lonestar,Affiliate,365,109,0.5972831466555055,0.18199338238549256,0.4885815665538199
lonestar,Affiliate,365,110,0.5990709425556411,0.18199338238549256,0.49004399543107485
lonestar,Affiliate,365,111,0.6024317913112482,0.18199338238549256,0.492793191953963
lonestar,Affiliate,365,112,0.6049683719425587,0.18199338238549256,0.49486813169648775
lonestar,Affiliate,365,113,0.6073564495739234,0.18199338238549256,0.49682159500232126
lonestar,Affiliate,365,114,0.6102287643647274,0.18199338238549256,0.4991711675090709
lonestar,Affiliate,365,115,0.6125599472659095,0.18199338238549256,0.5010780905491077
lonestar,Affiliate,365,116,0.6145332813795373,0.18199338238549256,0.5026922909128198
lonestar,Affiliate,365,117,0.6154687115578295,0.18199338238549256,0.503457478988979
lonestar,Affiliate,365,118,0.6176870990498646,0.18199338238549256,0.505272134637897
lonestar,Affiliate,365,119,0.618699405976612,0.18199338238549256,0.5061002084030334
lonestar,Affiliate,365,120,0.6202188711481086,0.18199338238549256,0.5073431409685523
lonestar,Affiliate,365,121,0.6228144250143781,0.18199338238549256,0.5094663212075358
lonestar,Affiliate,365,122,0.6262254136437139,0.18199338238549256,0.5122565324789402
lonestar,Affiliate,365,123,0.6291390577135862,0.18199338238549256,0.5146399126094691
lonestar,Affiliate,365,124,0.6308261010354985,0.18199338238549256,0.5160199252109957
lonestar,Affiliate,365,125,0.6333872399720941,0.18199338238549256,0.518114953809761
lonestar,Affiliate,365,126,0.6357422227448304,0.18199338238549256,0.5200413453022275
lonestar,Affiliate,365,127,0.6380464607029921,0.18199338238549256,0.5219262272005623
lonestar,Affiliate,365,128,0.6410103764631783,0.18199338238549256,0.5243507299064465
lonestar,Affiliate,365,129,0.6431805556091381,0.18199338238549256,0.5261259508092507
lonestar,Affiliate,365,130,0.6446948446531059,0.18199338238549256,0.5273646492681975
lonestar,Affiliate,365,131,0.6467275492503402,0.18199338238549256,0.5290274150803905
lonestar,Affiliate,365,132,0.6485013822327015,0.18199338238549256,0.5304784221985049
lonestar,Affiliate,365,133,0.6503982137017174,0.18199338238549256,0.5320300428926594
lonestar,Affiliate,365,134,0.6520524517155607,0.18199338238549256,0.5333832205350927
lonestar,Affiliate,365,135,0.6545071466855549,0.18199338238549256,0.535391177264773
lonestar,Affiliate,365,136,0.6558314346048182,0.18199338238549256,0.5364744535463574
lonestar,Affiliate,365,137,0.6589090923930135,0.18199338238549256,0.538991997983854
lonestar,Affiliate,365,138,0.6614252142535006,0.18199338238549256,0.541050202316457
lonestar,Affiliate,365,139,0.6660493058514851,0.18199338238549256,0.5448327398440639
lonestar,Affiliate,365,140,0.668871031015266,0.18199338238549256,0.547140929701126
lonestar,Affiliate,365,141,0.6730307900336899,0.18199338238549256,0.5505436401058784
lonestar,Affiliate,365,142,0.674469903733174,0.18199338238549256,0.551720844635556
lonestar,Affiliate,365,143,0.6764945256279032,0.18199338238549256,0.5533769987436119
lonestar,Affiliate,365,144,0.6778970582670788,0.18199338238549256,0.5545242797238777
lonestar,Affiliate,365,145,0.6798524144369952,0.18199338238549256,0.5561237740106627
lonestar,Affiliate,365,146,0.6813873706643547,0.18199338238549256,0.5573793783623915
lonestar,Affiliate,365,147,0.6833133198822263,0.18199338238549256,0.5589548175677999
lonestar,Affiliate,365,148,0.6852480650691689,0.18199338238549256,0.5605374519341167
lonestar,Affiliate,365,149,0.6863332693118169,0.18199338238549256,0.5614251561860661
lonestar,Affiliate,365,150,0.6875816158957124,0.18199338238549256,0.5624463119527692
lonestar,Affiliate,365,151,0.689489188813976,0.18199338238549256,0.564006719223491
lonestar,Affiliate,365,152,0.6909340023952358,0.18199338238549256,0.5651885862941809
lonestar,Affiliate,365,153,0.6925271742821875,0.18199338238549256,0.5664918114407047
lonestar,Affiliate,365,154,0.694534321603537,0.18199338238549256,0.5681336712320958
lonestar,Affiliate,365,155,0.6964134288798155,0.18199338238549256,0.5696707934192992
lonestar,Affiliate,365,156,0.6984410884205386,0.18199338238549256,0.5713294323418799
lonestar,Affiliate,365,157,0.6995000207938736,0.18199338238549256,0.5721956460308741
lonestar,Affiliate,365,158,0.7013529218091098,0.18199338238549256,0.573711331323122
lonestar,Affiliate,365,159,0.7026544817508685,0.18199338238549256,0.5747760159687026
lonestar,Affiliate,365,160,0.7040381931089438,0.18199338238549256,0.5759079010164765
lonestar,Affiliate,365,161,0.7055336579725143,0.18199338238549256,0.5771312011712872
lonestar,Affiliate,365,162,0.7074124090173419,0.18199338238549256,0.5786680319588063
lonestar,Affiliate,365,163,0.7090976449512308,0.18199338238549256,0.5800465661049693
lonestar,Affiliate,365,164,0.7105229473474384,0.18199338238549256,0.5812124728971688
lonestar,Affiliate,365,165,0.7120234276105102,0.18199338238549256,0.5824398756819615
lonestar,Affiliate,365,166,0.7136223645589584,0.18199338238549256,0.5837478166869405
lonestar,Affiliate,365,167,0.7153690662425143,0.18199338238549256,0.5851766302230876
lonestar,Affiliate,365,168,0.7170097059563159,0.18199338238549256,0.5865186843660984
lonestar,Affiliate,365,169,0.7184220037420597,0.18199338238549256,0.5876739533008792
lonestar,Affiliate,365,170,0.720108252367471,0.18199338238549256,0.5890533158354091
lonestar,Affiliate,365,171,0.7216748911276826,0.18199338238549256,0.5903348367086735
lonestar,Affiliate,365,172,0.7234169259954696,0.18199338238549256,0.5917598327586385
lonestar,Affiliate,365,173,0.7255809282558551,0.18199338238549256,0.5935300009281665
lonestar,Affiliate,365,174,0.72697960532577,0.18199338238549256,0.5946741280272627
lonestar,Affiliate,365,175,0.728131000838126,0.18199338238549256,0.5956159771758616
lonestar,Affiliate,365,176,0.7299009142741614,0.18199338238549256,0.5970637780791433
lonestar,Affiliate,365,177,0.7314323756102179,0.18199338238549256,0.5983165235866583
lonestar,Affiliate,365,178,0.73308987030066,0.18199338238549256,0.5996723652121008
lonestar,Affiliate,365,179,0.7341387759958501,0.18199338238549256,0.6005303770120198
lonestar,Affiliate,365,180,0.7357472961290443,0.18199338238549256,0.6018461571255389
lonestar,Affiliate,365,181,0.7372467438561662,0.18199338238549256,0.6030727152890917
lonestar,Affiliate,365,182,0.7384841002730023,0.18199338238549256,0.6040848810264113
lonestar,Affiliate,365,183,0.7397767984253518,0.18199338238549256,0.6051423166696113
lonestar,Affiliate,365,184,0.7413308910629819,0.18199338238549256,0.6064135747315786
lonestar,Affiliate,365,185,0.7425364275776801,0.18199338238549256,0.6073997115783778
lonestar,Affiliate,365,186,0.7442859078190083,0.18199338238549256,0.6088307979931701
lonestar,Affiliate,365,187,0.7461550797233172,0.18199338238549256,0.6103597929803538
lonestar,Affiliate,365,188,0.7476068002568698,0.18199338238549256,0.6115473099837268
lonestar,Affiliate,365,189,0.7486670114699044,0.18199338238549256,0.6124145697720582
lonestar,Affiliate,365,190,0.7500687334795282,0.18199338238549256,0.6135611876519863
lonestar,Affiliate,365,191,0.7520428254205666,0.18199338238549256,0.6151760079235351
lonestar,Affiliate,365,192,0.75419365292805,0.18199338238549256,0.6169353990580039
lonestar,Affiliate,365,193,0.7561350073920393,0.18199338238549256,0.6185234398566827
lonestar,Affiliate,365,194,0.7578496596813032,0.18199338238549256,0.6199260367762084
lonestar,Affiliate,365,195,0.7593056436136462,0.18199338238549256,0.6211170412680053
lonestar,Affiliate,365,196,0.761464453091984,0.18199338238549256,0.6228829617074546
lonestar,Affiliate,365,197,0.7636506777139404,0.18199338238549256,0.6246713079158066
lonestar,Affiliate,365,198,0.7650985249111272,0.18199338238549256,0.6258556565044001
lonestar,Affiliate,365,199,0.7662670153361504,0.18199338238549256,0.6268114894046882
lonestar,Affiliate,365,200,0.7679663826891402,0.18199338238549256,0.628201583145192
lonestar,Affiliate,365,201,0.7685431809168651,0.18199338238549256,0.6286734079124993
lonestar,Affiliate,365,202,0.7698861807918098,0.18199338238549256,0.6297719906976595
lonestar,Affiliate,365,203,0.7711416413605895,0.18199338238549256,0.6307989657510754
lonestar,Affiliate,365,204,0.7729952889612558,0.18199338238549256,0.6323152617551456
lonestar,Affiliate,365,205,0.7749408270349126,0.18199338238549256,0.633906724774218
lonestar,Affiliate,365,206,0.7765960756840045,0.18199338238549256,0.6352607291229725
lonestar,Affiliate,365,207,0.7777541722459755,0.18199338238549256,0.6362080597745015
lonestar,Affiliate,365,208,0.7790761397081732,0.18199338238549256,0.6372894379068502
lonestar,Affiliate,365,209,0.7803929687508685,0.18199338238549256,0.638366612778042
lonestar,Affiliate,365,210,0.7821460341834438,0.18199338238549256,0.6398006319029997
lonestar,Affiliate,365,211,0.7836258052745917,0.18199338238549256,0.6410110944481134
lonestar,Affiliate,365,212,0.7849535760656484,0.18199338238549256,0.6420972197418731
lonestar,Affiliate,365,213,0.7875112350116551,0.18199338238549256,0.6441894016853075
lonestar,Affiliate,365,214,0.7888076566563977,0.18199338238549256,0.6452498831699256
lonestar,Affiliate,365,215,0.7910807370577009,0.18199338238549256,0.6471092779805614
lonestar,Affiliate,365,216,0.7932968054711889,0.18199338238549256,0.6489220366078811
lonestar,Affiliate,365,217,0.7946035731055101,0.18199338238549256,0.6499909811804403
lonestar,Affiliate,365,218,0.7967741058666661,0.18199338238549256,0.651766491342815
lonestar,Affiliate,365,219,0.7997143673000187,0.18199338238549256,0.6541716446528141
lonestar,Affiliate,365,220,0.8016379527263799,0.18199338238549256,0.6557451502611245
lonestar,Affiliate,365,221,0.8034736291569742,0.18199338238549256,0.6572467457291495
lonestar,Affiliate,365,222,0.804820482846546,0.18199338238549256,0.6583484809601777
lonestar,Affiliate,365,223,0.806802527103481,0.18199338238549256,0.6599698062787555
lonestar,Affiliate,365,224,0.8081534393997613,0.18199338238549256,0.6610748614769295
lonestar,Affiliate,365,225,0.8096435765873465,0.18199338238549256,0.6622938035575278
lonestar,Affiliate,365,226,0.8109283437008986,0.18199338238549256,0.6633447515585068
lonestar,Affiliate,365,227,0.8120503037691932,0.18199338238549256,0.664262522319071
lonestar,Affiliate,365,228,0.8137448809024119,0.18199338238549256,0.6656486976281022
lonestar,Affiliate,365,229,0.8151553823751713,0.18199338238549256,0.6668024971669743
lonestar,Affiliate,365,230,0.8173084928090338,0.18199338238549256,0.6685637557503288
lonestar,Affiliate,365,231,0.8205950466681173,0.18199338238549256,0.6712521785562056
lonestar,Affiliate,365,232,0.8217404088861037,0.18199338238549256,0.672189092430084
lonestar,Affiliate,365,233,0.8240782807146867,0.18199338238549256,0.6741014870569995
lonestar,Affiliate,365,234,0.8260520641377838,0.18199338238549256,0.6757160549588307
lonestar,Affiliate,365,235,0.8272530127779264,0.18199338238549256,0.6766984388938825
lonestar,Affiliate,365,236,0.8284060347516929,0.18199338238549256,0.6776416184986784
lonestar,Affiliate,365,237,0.8296181458901032,0.18199338238549256,0.6786331334311823
lonestar,Affiliate,365,238,0.8310360145585264,0.18199338238549256,0.6797929593848607
lonestar,Affiliate,365,239,0.8334861018092922,0.18199338238549256,0.68179714696972
lonestar,Affiliate,365,240,0.8353790455528944,0.18199338238549256,0.6833455874787587
lonestar,Affiliate,365,241,0.8370804664119391,0.18199338238549256,0.6847373610008046
lonestar,Affiliate,365,242,0.8383441612181828,0.18199338238549256,0.685771071714957
lonestar,Affiliate,365,243,0.8400796304895621,0.18199338238549256,0.6871906970636119
lonestar,Affiliate,365,244,0.8424268323262281,0.18199338238549256,0.6891107236988816
lonestar,Affiliate,365,245,0.8439764434747994,0.18199338238549256,0.6903783158731421
lonestar,Affiliate,365,246,0.8455409299754814,0.18199338238549256,0.6916580761838685
lonestar,Affiliate,365,247,0.8468942625418173,0.18199338238549256,0.6927651111789647
lonestar,Affiliate,365,248,0.8481090331846692,0.18199338238549256,0.6937588016037013
lonestar,Affiliate,365,249,0.8490941256515006,0.18199338238549256,0.6945646137605316
lonestar,Affiliate,365,250,0.8499650505222801,0.18199338238549256,0.6952770360682743
lonestar,Affiliate,365,251,0.8513846186990173,0.18199338238549256,0.6964382522310002
lonestar,Affiliate,365,252,0.8526185069486529,0.18199338238549256,0.697447580984599
lonestar,Affiliate,365,253,0.8543395982201198,0.18199338238549256,0.6988554450341775
lonestar,Affiliate,365,254,0.8557362456415392,0.18199338238549256,0.6999979118673727
lonestar,Affiliate,365,255,0.856816638236538,0.18199338238549256,0.7008816801597034
lonestar,Affiliate,365,256,0.8575548737962472,0.18199338238549256,0.701485561732904
lonestar,Affiliate,365,257,0.8586165204155995,0.18199338238549256,0.7023539956931023
lonestar,Affiliate,365,258,0.8595077462988346,0.18199338238549256,0.7030830243633779
lonestar,Affiliate,365,259,0.8607964895703349,0.18199338238549256,0.7041372248878713
lonestar,Affiliate,365,260,0.8622177865113971,0.18199338238549256,0.7052998551912555
lonestar,Affiliate,365,261,0.8631416807211082,0.18199338238549256,0.7060556067687748
lonestar,Affiliate,365,262,0.8644724223271669,0.18199338238549256,0.7071441622088658
lonestar,Affiliate,365,263,0.8655180614399496,0.18199338238549256,0.7079995019227586
lonestar,Affiliate,365,264,0.8668589282856806,0.18199338238549256,0.7090963398759065
lonestar,Affiliate,365,265,0.8681379479227594,0.18199338238549256,0.7101425864030959
lonestar,Affiliate,365,266,0.869650411915433,0.18199338238549256,0.7113797919580065
lonestar,Affiliate,365,267,0.8711424806115046,0.18199338238549256,0.7126003140253284
lonestar,Affiliate,365,268,0.8725836450441223,0.18199338238549256,0.7137791960682804
lonestar,Affiliate,365,269,0.8744263324651402,0.18199338238549256,0.7152865265728681
lonestar,Affiliate,365,270,0.8755107566981243,0.18199338238549256,0.7161735927717506
lonestar,Affiliate,365,271,0.8765416516962155,0.18199338238549256,0.7170168717022549
lonestar,Affiliate,365,272,0.8781617649071232,0.18199338238549256,0.7183421350300621
lonestar,Affiliate,365,273,0.8791741628499579,0.18199338238549256,0.7191702832469602
lonestar,Affiliate,365,274,0.8805386692826317,0.18199338238549256,0.7202864585386649
lonestar,Affiliate,365,275,0.8814229048004021,0.18199338238549256,0.7210097690437309
lonestar,Affiliate,365,276,0.8832977726378363,0.18199338238549256,0.7225434233419047
lonestar,Affiliate,365,277,0.8848681660740885,0.18199338238549256,0.7238280155650173
lonestar,Affiliate,365,278,0.8860610563036924,0.18199338238549256,0.724803807666921
lonestar,Affiliate,365,279,0.8880146236288676,0.18199338238549256,0.7264018386668699
lonestar,Affiliate,365,280,0.8896434162730813,0.18199338238549256,0.7277342018285585
lonestar,Affiliate,365,281,0.8914357356382411,0.18199338238549256,0.7292003309301378
lonestar,Affiliate,365,282,0.8932209368550427,0.18199338238549256,0.730660637339255
lonestar,Affiliate,365,283,0.8953523238093575,0.18199338238549256,0.7324041259725818
lonestar,Affiliate,365,284,0.8963149861263229,0.18199338238549256,0.7331915901183875
lonestar,Affiliate,365,285,0.8974250984581933,0.18199338238549256,0.734099669352153
lonestar,Affiliate,365,286,0.8984464469735134,0.18199338238549256,0.7349351391965756
lonestar,Affiliate,365,287,0.9001073740798631,0.18199338238549256,0.736293788560945
lonestar,Affiliate,365,288,0.9014480321829181,0.18199338238549256,0.7373904557612025
lonestar,Affiliate,365,289,0.9034858755242845,0.18199338238549256,0.7390574251001019
lonestar,Affiliate,365,290,0.9047380916023439,0.18199338238549256,0.7400817461386378
lonestar,Affiliate,365,291,0.9062154574839546,0.18199338238549256,0.7412902412064332
lonestar,Affiliate,365,292,0.9079374370888107,0.18199338238549256,0.7426988319186026
lonestar,Affiliate,365,293,0.9099114971727876,0.18199338238549256,0.7443136261308645
lonestar,Affiliate,365,294,0.9117097941140199,0.18199338238549256,0.7457846449292284
lonestar,Affiliate,365,295,0.9129401253868507,0.18199338238549256,0.746791064052262
lonestar,Affiliate,365,296,0.9143099681961294,0.18199338238549256,0.7479116045353437
lonestar,Affiliate,365,297,0.9158903100566397,0.18199338238549256,0.7492043346353343
lonestar,Affiliate,365,298,0.917102284313131,0.18199338238549256,0.7501957375975227
lonestar,Affiliate,365,299,0.9180237821010435,0.18199338238549256,0.7509495288861522
lonestar,Affiliate,365,300,0.9190215117122048,0.18199338238549256,0.7517656783106721
lonestar,Affiliate,365,301,0.9204486810909313,0.18199338238549256,0.752933112306927
lonestar,Affiliate,365,302,0.922037887414891,0.18199338238549256,0.754233093596681
lonestar,Affiliate,365,303,0.9232820527449958,0.18199338238549256,0.7552508290701132
lonestar,Affiliate,365,304,0.9251337039177137,0.18199338238549256,0.7567654919829101
lonestar,Affiliate,365,305,0.9262527158717401,0.18199338238549256,0.7576808511664935
lonestar,Affiliate,365,306,0.9278502291850771,0.18199338238549256,0.7589876276285304
lonestar,Affiliate,365,307,0.9294514274288455,0.18199338238549256,0.7602974183880457
lonestar,Affiliate,365,308,0.9317127989231038,0.18199338238549256,0.7621472352352338
lonestar,Affiliate,365,309,0.9333677371310859,0.18199338238549256,0.7635009856411062
lonestar,Affiliate,365,310,0.9352223118396635,0.18199338238549256,0.7650180400255833
lonestar,Affiliate,365,311,0.9361509158577279,0.18199338238549256,0.7657776442575034
lonestar,Affiliate,365,312,0.9374002179344919,0.18199338238549256,0.7667995816236959
lonestar,Affiliate,365,313,0.9385251922688781,0.18199338238549256,0.7677198180738702
lonestar,Affiliate,365,314,0.9393885947630739,0.18199338238549256,0.7684260870277873
lonestar,Affiliate,365,315,0.9406866929535517,0.18199338238549256,0.7694879399379115
lonestar,Affiliate,365,316,0.9416562714648793,0.18199338238549256,0.7702810615764744
lonestar,Affiliate,365,317,0.9428900798742252,0.18199338238549256,0.7712903250201878
lonestar,Affiliate,365,318,0.9438786175692355,0.18199338238549256,0.7720989553964676
lonestar,Affiliate,365,319,0.9449977767131021,0.18199338238549256,0.7730144349823143
lonestar,Affiliate,365,320,0.9460949756690893,0.18199338238549256,0.7739119509891514
lonestar,Affiliate,365,321,0.9469843479335194,0.18199338238549256,0.7746394633869781
lonestar,Affiliate,365,322,0.9481298722340945,0.18199338238549256,0.7755765098454868
lonestar,Affiliate,365,323,0.9494905856978024,0.18199338238549256,0.776689582463477
lonestar,Affiliate,365,324,0.9509837729974884,0.18199338238549256,0.777911019555958
lonestar,Affiliate,365,325,0.951790027695322,0.18199338238549256,0.7785705412342686
lonestar,Affiliate,365,326,0.9525628786421119,0.18199338238549256,0.7792027384231724
lonestar,Affiliate,365,327,0.9537269715071778,0.18199338238549256,0.7801549740903142
lonestar,Affiliate,365,328,0.9550977558547075,0.18199338238549256,0.7812762847579159
lonestar,Affiliate,365,329,0.9561132435923714,0.18199338238549256,0.7821069604474313
lonestar,Affiliate,365,330,0.9575246332667429,0.18199338238549256,0.7832614865411
lonestar,Affiliate,365,331,0.9587405911834916,0.18199338238549256,0.7842561481637412
lonestar,Affiliate,365,332,0.960095023752792,0.18199338238549256,0.7853640829685415
lonestar,Affiliate,365,333,0.9619040703196609,0.18199338238549256,0.7868438950318131
lonestar,Affiliate,365,334,0.9631035960102923,0.18199338238549256,0.7878251149847482
lonestar,Affiliate,365,335,0.9645046782542538,0.18199338238549256,0.788971209532131
lonestar,Affiliate,365,336,0.9658719526902028,0.18199338238549256,0.7900896490688323
lonestar,Affiliate,365,337,0.9672924761794726,0.18199338238549256,0.7912516466835319
lonestar,Affiliate,365,338,0.967853579345028,0.18199338238549256,0.7917106327861206
lonestar,Affiliate,365,339,0.9686152152602482,0.18199338238549256,0.7923336560049836
lonestar,Affiliate,365,340,0.969358628238943,0.18199338238549256,0.7929417727411765
lonestar,Affiliate,365,341,0.970355827489951,0.18199338238549256,0.7937574883275813
lonestar,Affiliate,365,342,0.9721993785733425,0.18199338238549256,0.7952655253137059
lonestar,Affiliate,365,343,0.9736062899819198,0.18199338238549256,0.7964163881563195
lonestar,Affiliate,365,344,0.9742735492016125,0.18199338238549256,0.7969622106136924
lonestar,Affiliate,365,345,0.975065281565793,0.18199338238549256,0.7976098529269716
lonestar,Affiliate,365,346,0.9760580204283147,0.18199338238549256,0.7984219198860775
lonestar,Affiliate,365,347,0.9770144177020862,0.18199338238549256,0.7992042591850911
lonestar,Affiliate,365,348,0.9779424259290471,0.18199338238549256,0.7999633760559458
lonestar,Affiliate,365,349,0.9790216194557635,0.18199338238549256,0.8008461635024865
lonestar,Affiliate,365,350,0.9799294440821787,0.18199338238549256,0.8015887700545277
lonestar,Affiliate,365,351,0.9812367757833452,0.18199338238549256,0.802658176037499
lonestar,Affiliate,365,352,0.9827884606161896,0.18199338238549256,0.8039274644992178
lonestar,Affiliate,365,353,0.9837734496654511,0.18199338238549256,0.8047331920597915
lonestar,Affiliate,365,354,0.9847784136274765,0.18199338238549256,0.8055552592311924
lonestar,Affiliate,365,355,0.9862674581886546,0.18199338238549256,0.806773307536159
lonestar,Affiliate,365,356,0.9882612110218759,0.18199338238549256,0.8084042105476217
lonestar,Affiliate,365,357,0.9900799530490868,0.18199338238549256,0.8098919535616138
lonestar,Affiliate,365,358,0.991744866795245,0.18199338238549256,0.8112538640237286
lonestar,Affiliate,365,359,0.9938525210861274,0.18199338238549256,0.812977939181314
lonestar,Affiliate,365,360,0.9946772251663947,0.18199338238549256,0.8136525525765463
lonestar,Affiliate,365,361,0.9962005476492096,0.18199338238549256,0.8148986404482499
lonestar,Affiliate,365,362,0.9974486489667489,0.18199338238549256,0.8159195955854505
lonestar,Affiliate,365,363,0.9983935123969481,0.18199338238549256,0.8166925001240953
lonestar,Affiliate,365,364,0.9992033186009,0.18199338238549256,0.8173549269579132
lonestar,Affiliate,365,365,1.0,0.18199338238549256,0.8180066176145074
lonestar,Blended,7,1,0.3830396350173028,0.0,0.3830396350173028
lonestar,Blended,7,2,0.5467315431683047,0.0,0.5467315431683047
lonestar,Blended,7,3,0.6559861616957788,0.0,0.6559861616957788
lonestar,Blended,7,4,0.7508572760514499,0.0,0.7508572760514499
lonestar,Blended,7,5,0.8367802432159426,0.0,0.8367802432159426
lonestar,Blended,7,6,0.9111861293872331,0.0,0.9111861293872331
lonestar,Blended,7,7,1.0,0.0,1.0
lonestar,Blended,30,1,0.18357016964853548,0.0,0.18357016964853548
lonestar,Blended,30,2,0.26201884336872244,0.0,0.26201884336872244
lonestar,Blended,30,3,0.3143786699361963,0.0,0.3143786699361963
lonestar,Blended,30,4,0.3598452612883666,0.0,0.3598452612883666
lonestar,Blended,30,5,0.4010234899026951,0.0,0.4010234899026951
lonestar,Blended,30,6,0.43668220482052966,0.0,0.43668220482052966
lonestar,Blended,30,7,0.47924588702222204,0.0,0.47924588702222204
lonestar,Blended,30,8,0.5181088051212431,0.0,0.5181088051212431
lonestar,Blended,30,9,0.5478309947823855,0.0,0.5478309947823855
lonestar,Blended,30,10,0.5761870947398546,0.0,0.5761870947398546
lonestar,Blended,30,11,0.6000934448863262,0.0,0.6000934448863262
lonestar,Blended,30,12,0.6233322977804117,0.0,0.6233322977804117
lonestar,Blended,30,13,0.6454459724887601,0.0,0.6454459724887601
lonestar,Blended,30,14,0.6730051115291886,0.0,0.6730051115291886
lonestar,Blended,30,15,0.6926810766721604,0.0,0.6926810766721604
lonestar,Blended,30,16,0.7131958946732536,0.0,0.7131958946732536
lonestar,Blended,30,17,0.7383275447670826,0.0,0.7383275447670826
lonestar,Blended,30,18,0.7604473698546282,0.0,0.7604473698546282
lonestar,Blended,30,19,0.784320498091944,0.0,0.784320498091944
lonestar,Blended,30,20,0.8080870762472674,0.0,0.8080870762472674
lonestar,Blended,30,21,0.8292103182706485,0.0,0.8292103182706485
lonestar,Blended,30,22,0.8485154490341814,0.0,0.8485154490341814
lonestar,Blended,30,23,0.8670943913724808,0.0,0.8670943913724808
lonestar,Blended,30,24,0.8831669871047624,0.0,0.8831669871047624
lonestar,Blended,30,25,0.9011738146415647,0.0,0.9011738146415647
lonestar,Blended,30,26,0.9201659347427803,0.0,0.9201659347427803
lonestar,Blended,30,27,0.9396832435059013,0.0,0.9396832435059013
lonestar,Blended,30,28,0.9603558037412685,0.0,0.9603558037412685
lonestar,Blended,30,29,0.9817991731304679,0.0,0.9817991731304679
lonestar,Blended,30,30,1.0,0.0,1.0
lonestar,Blended,60,1,0.11770628838500036,0.0,0.11770628838500036
lonestar,Blended,60,2,0.1680080461815335,0.0,0.1680080461815335
lonestar,Blended,60,3,0.2015814794770387,0.0,0.2015814794770387
lonestar,Blended,60,4,0.23073492921142594,0.0,0.23073492921142594
lonestar,Blended,60,5,0.2571386551639682,0.0,0.2571386551639682
lonestar,Blended,60,6,0.2800032359920692,0.0,0.2800032359920692
lonestar,Blended,60,7,0.3072953230536659,0.0,0.3072953230536659
lonestar,Blended,60,8,0.3322144580852684,0.0,0.3322144580852684
lonestar,Blended,60,9,0.3512725034876686,0.0,0.3512725034876686
lonestar,Blended,60,10,0.36945460401880675,0.0,0.36945460401880675
lonestar,Blended,60,11,0.384783498413582,0.0,0.384783498413582
lonestar,Blended,60,12,0.39968438958628705,0.0,0.39968438958628705
lonestar,Blended,60,13,0.41386380979086884,0.0,0.41386380979086884
lonestar,Blended,60,14,0.43153489422547914,0.0,0.43153489422547914
lonestar,Blended,60,15,0.4441512405076994,0.0,0.4441512405076994
lonestar,Blended,60,16,0.45730546424909335,0.0,0.45730546424909335
lonestar,Blended,60,17,0.473420028283102,0.0,0.473420028283102
lonestar,Blended,60,18,0.48760339214753246,0.0,0.48760339214753246
lonestar,Blended,60,19,0.5029109844558779,0.0,0.5029109844558779
lonestar,Blended,60,20,0.5181502562157243,0.0,0.5181502562157243
lonestar,Blended,60,21,0.5316946050714813,0.0,0.5316946050714813
lonestar,Blended,60,22,0.5440731701363454,0.0,0.5440731701363454
lonestar,Blended,60,23,0.5559860988488216,0.0,0.5559860988488216
lonestar,Blended,60,24,0.5662919431588291,0.0,0.5662919431588291
lonestar,Blended,60,25,0.5778380284460185,0.0,0.5778380284460185
lonestar,Blended,60,26,0.5900158892060555,0.0,0.5900158892060555
lonestar,Blended,60,27,0.6025305040706027,0.0,0.6025305040706027
lonestar,Blended,60,28,0.61578587307407,0.0,0.61578587307407
lonestar,Blended,60,29,0.6295354895074138,0.0,0.6295354895074138
lonestar,Blended,60,30,0.6412059683246004,0.0,0.6412059683246004
lonestar,Blended,60,31,0.6540571697237078,0.0,0.6540571697237078
lonestar,Blended,60,32,0.668957403799458,0.0,0.668957403799458
lonestar,Blended,60,33,0.6823936351051966,0.0,0.6823936351051966
lonestar,Blended,60,34,0.6980960999848107,0.0,0.6980960999848107
lonestar,Blended,60,35,0.7143626393456712,0.0,0.7143626393456712
lonestar,Blended,60,36,0.7300134362260561,0.0,0.7300134362260561
lonestar,Blended,60,37,0.7411338659637393,0.0,0.7411338659637393
lonestar,Blended,60,38,0.7563533060569808,0.0,0.7563533060569808
lonestar,Blended,60,39,0.7674188232876336,0.0,0.7674188232876336
lonestar,Blended,60,40,0.7780937133290723,0.0,0.7780937133290723
lonestar,Blended,60,41,0.7927768908829376,0.0,0.7927768908829376
lonestar,Blended,60,42,0.8093800663031973,0.0,0.8093800663031973
lonestar,Blended,60,43,0.8225252264090918,0.0,0.8225252264090918
lonestar,Blended,60,44,0.834619935114307,0.0,0.834619935114307
lonestar,Blended,60,45,0.8451312216373814,0.0,0.8451312216373814
lonestar,Blended,60,46,0.855980708723617,0.0,0.855980708723617
lonestar,Blended,60,47,0.8646106190981577,0.0,0.8646106190981577
lonestar,Blended,60,48,0.8757571676486405,0.0,0.8757571676486405
lonestar,Blended,60,49,0.8860043181616329,0.0,0.8860043181616329
lonestar,Blended,60,50,0.8982754482910313,0.0,0.8982754482910313
lonestar,Blended,60,51,0.9081801641056824,0.0,0.9081801641056824
lonestar,Blended,60,52,0.9204747775415435,0.0,0.9204747775415435
lonestar,Blended,60,53,0.9320187362975493,0.0,0.9320187362975493
lonestar,Blended,60,54,0.9402939243192046,0.0,0.9402939243192046
lonestar,Blended,60,55,0.9501607087926545,0.0,0.9501607087926545
lonestar,Blended,60,56,0.9603477256610629,0.0,0.9603477256610629
lonestar,Blended,60,57,0.9719236543689362,0.0,0.9719236543689362
lonestar,Blended,60,58,0.9832136831393993,0.0,0.9832136831393993
lonestar,Blended,60,59,0.991565061969246,0.0,0.991565061969246
lonestar,Blended,60,60,1.0,0.0,1.0
lonestar,Blended,90,1,0.09223532008498088,0.0,0.09223532008498088
lonestar,Blended,90,2,0.13165206488985448,0.0,0.13165206488985448
lonestar,Blended,90,3,0.15796039903963208,0.0,0.15796039903963208
lonestar,Blended,90,4,0.1808052088176564,0.0,0.1808052088176564
lonestar,Blended,90,5,0.20149531932987605,0.0,0.20149531932987605
lonestar,Blended,90,6,0.21941213550192995,0.0,0.21941213550192995
lonestar,Blended,90,7,0.24079837085479255,0.0,0.24079837085479255
lonestar,Blended,90,8,0.2603251474392593,0.0,0.2603251474392593
lonestar,Blended,90,9,0.275259140703365,0.0,0.275259140703365
lonestar,Blended,90,10,0.28950673856170117,0.0,0.28950673856170117
lonestar,Blended,90,11,0.3015185477899933,0.0,0.3015185477899933
lonestar,Blended,90,12,0.3131949712481053,0.0,0.3131949712481053
lonestar,Blended,90,13,0.32430604593352297,0.0,0.32430604593352297
lonestar,Blended,90,14,0.3381532086589658,0.0,0.3381532086589658
lonestar,Blended,90,15,0.3480394496883094,0.0,0.3480394496883094
lonestar,Blended,90,16,0.35834717456778614,0.0,0.35834717456778614
lonestar,Blended,90,17,0.37097463901424904,0.0,0.37097463901424904
lonestar,Blended,90,18,0.382088803974056,0.0,0.382088803974056
lonestar,Blended,90,19,0.39408392076571375,0.0,0.39408392076571375
lonestar,Blended,90,20,0.4060255011852231,0.0,0.4060255011852231
lonestar,Blended,90,21,0.41663893033326677,0.0,0.41663893033326677
lonestar,Blended,90,22,0.42633884464214405,0.0,0.42633884464214405
lonestar,Blended,90,23,0.43567388364491005,0.0,0.43567388364491005
lonestar,Blended,90,24,0.44374960212793935,0.0,0.44374960212793935
lonestar,Blended,90,25,0.4527971805267168,0.0,0.4527971805267168
lonestar,Blended,90,26,0.46233982179562183,0.0,0.46233982179562183
lonestar,Blended,90,27,0.4721463455048417,0.0,0.4721463455048417
lonestar,Blended,90,28,0.48253332838956525,0.0,0.48253332838956525
lonestar,Blended,90,29,0.4933076063841875,0.0,0.4933076063841875
lonestar,Blended,90,30,0.5024526602637844,0.0,0.5024526602637844
lonestar,Blended,90,31,0.5125229351045487,0.0,0.5125229351045487
lonestar,Blended,90,32,0.5241988436577327,0.0,0.5241988436577327
lonestar,Blended,90,33,0.53472755127586,0.0,0.53472755127586
lonestar,Blended,90,34,0.5470320924704403,0.0,0.5470320924704403
lonestar,Blended,90,35,0.5597786456513246,0.0,0.5597786456513246
lonestar,Blended,90,36,0.5720426995065073,0.0,0.5720426995065073
lonestar,Blended,90,37,0.5807567317847391,0.0,0.5807567317847391
lonestar,Blended,90,38,0.59268277199699,0.0,0.59268277199699
lonestar,Blended,90,39,0.601353774520974,0.0,0.601353774520974
lonestar,Blended,90,40,0.6097186793476693,0.0,0.6097186793476693
lonestar,Blended,90,41,0.6212245011701673,0.0,0.6212245011701673
lonestar,Blended,90,42,0.6342348442905429,0.0,0.6342348442905429
lonestar,Blended,90,43,0.6445354668534578,0.0,0.6445354668534578
lonestar,Blended,90,44,0.6540129496971211,0.0,0.6540129496971211
lonestar,Blended,90,45,0.6622496538720891,0.0,0.6622496538720891
lonestar,Blended,90,46,0.6707513739406349,0.0,0.6707513739406349
lonestar,Blended,90,47,0.6775138210165034,0.0,0.6775138210165034
lonestar,Blended,90,48,0.6862483201456728,0.0,0.6862483201456728
lonestar,Blended,90,49,0.6942780458340182,0.0,0.6942780458340182
lonestar,Blended,90,50,0.7038937735136428,0.0,0.7038937735136428
lonestar,Blended,90,51,0.7116551654158916,0.0,0.7116551654158916
lonestar,Blended,90,52,0.7212892947486305,0.0,0.7212892947486305
lonestar,Blended,90,53,0.7303352067854227,0.0,0.7303352067854227
lonestar,Blended,90,54,0.7368196913988891,0.0,0.7368196913988891
lonestar,Blended,90,55,0.7445513600854547,0.0,0.7445513600854547
lonestar,Blended,90,56,0.7525339647063348,0.0,0.7525339647063348
lonestar,Blended,90,57,0.7616049285800686,0.0,0.7616049285800686
lonestar,Blended,90,58,0.7704518596293786,0.0,0.7704518596293786
lonestar,Blended,90,59,0.7769960477954546,0.0,0.7769960477954546
lonestar,Blended,90,60,0.7836057134287711,0.0,0.7836057134287711
lonestar,Blended,90,61,0.7905686220297463,0.0,0.7905686220297463
lonestar,Blended,90,62,0.7944468760621888,0.0,0.7944468760621888
lonestar,Blended,90,63,0.800902486849725,0.0,0.800902486849725
lonestar,Blended,90,64,0.8082414364259263,0.0,0.8082414364259263
lonestar,Blended,90,65,0.8149647258143771,0.0,0.8149647258143771
lonestar,Blended,90,66,0.8222693970923418,0.0,0.8222693970923418
lonestar,Blended,90,67,0.8302511271675039,0.0,0.8302511271675039
lonestar,Blended,90,68,0.8365254267182058,0.0,0.8365254267182058
lonestar,Blended,90,69,0.8436961190228416,0.0,0.8436961190228416
lonestar,Blended,90,70,0.8509776858323038,0.0,0.8509776858323038
lonestar,Blended,90,71,0.8577639211282547,0.0,0.8577639211282547
lonestar,Blended,90,72,0.8636714912285086,0.0,0.8636714912285086
lonestar,Blended,90,73,0.8723551814955355,0.0,0.8723551814955355
lonestar,Blended,90,74,0.8804540465900556,0.0,0.8804540465900556
lonestar,Blended,90,75,0.886272174541877,0.0,0.886272174541877
lonestar,Blended,90,76,0.8942429764530654,0.0,0.8942429764530654
lonestar,Blended,90,77,0.9010655920744421,0.0,0.9010655920744421
lonestar,Blended,90,78,0.9074595110385599,0.0,0.9074595110385599
lonestar,Blended,90,79,0.9142035730519679,0.0,0.9142035730519679
lonestar,Blended,90,80,0.9241378248708032,0.0,0.9241378248708032
lonestar,Blended,90,81,0.9321845196712849,0.0,0.9321845196712849
lonestar,Blended,90,82,0.9383421735529736,0.0,0.9383421735529736
lonestar,Blended,90,83,0.9469407128976673,0.0,0.9469407128976673
lonestar,Blended,90,84,0.9616536966867287,0.0,0.9616536966867287
lonestar,Blended,90,85,0.9671961480322037,0.0,0.9671961480322037
lonestar,Blended,90,86,0.9746515471410453,0.0,0.9746515471410453
lonestar,Blended,90,87,0.979851611739253,0.0,0.979851611739253
lonestar,Blended,90,88,0.9859268209843214,0.0,0.9859268209843214
lonestar,Blended,90,89,0.9927161528575549,0.0,0.9927161528575549
lonestar,Blended,90,90,1.0,0.0,1.0
lonestar,Blended,120,1,0.07846634818486778,0.0,0.07846634818486778
lonestar,Blended,120,2,0.11199892571941379,0.0,0.11199892571941379
lonestar,Blended,120,3,0.13437992798252016,0.0,0.13437992798252016
lonestar,Blended,120,4,0.15381444392075255,0.0,0.15381444392075255
lonestar,Blended,120,5,0.17141591604595832,0.0,0.17141591604595832
lonestar,Blended,120,6,0.186658093715265,0.0,0.186658093715265
lonestar,Blended,120,7,0.20485177253608042,0.0,0.20485177253608042
lonestar,Blended,120,8,0.22146357427312868,0.0,0.22146357427312868
lonestar,Blended,120,9,0.2341682075326234,0.0,0.2341682075326234
lonestar,Blended,120,10,0.2462889111125552,0.0,0.2462889111125552
lonestar,Blended,120,11,0.2565075866087641,0.0,0.2565075866087641
lonestar,Blended,120,12,0.2664409430255254,0.0,0.2664409430255254
lonestar,Blended,120,13,0.27589334644506985,0.0,0.27589334644506985
lonestar,Blended,120,14,0.2876733922104669,0.0,0.2876733922104669
lonestar,Blended,120,15,0.29608380624853037,0.0,0.29608380624853037
lonestar,Blended,120,16,0.3048527846468451,0.0,0.3048527846468451
lonestar,Blended,120,17,0.3155952097941238,0.0,0.3155952097941238
lonestar,Blended,120,18,0.3250502421691052,0.0,0.3250502421691052
lonestar,Blended,120,19,0.33525471709069915,0.0,0.33525471709069915
lonestar,Blended,120,20,0.3454136475981393,0.0,0.3454136475981393
lonestar,Blended,120,21,0.3544426944556611,0.0,0.3544426944556611
lonestar,Blended,120,22,0.3626945967944018,0.0,0.3626945967944018
lonestar,Blended,120,23,0.3706360927423259,0.0,0.3706360927423259
lonestar,Blended,120,24,0.3775062606752665,0.0,0.3775062606752665
lonestar,Blended,120,25,0.3852032083978338,0.0,0.3852032083978338
lonestar,Blended,120,26,0.39332131555807687,0.0,0.39332131555807687
lonestar,Blended,120,27,0.40166391254957473,0.0,0.40166391254957473
lonestar,Blended,120,28,0.4105003172465179,0.0,0.4105003172465179
lonestar,Blended,120,29,0.41966620128950344,0.0,0.41966620128950344
lonestar,Blended,120,30,0.4274460732650622,0.0,0.4274460732650622
lonestar,Blended,120,31,0.43601304838093635,0.0,0.43601304838093635
lonestar,Blended,120,32,0.4459459667582424,0.0,0.4459459667582424
lonestar,Blended,120,33,0.45490293939236426,0.0,0.45490293939236426
lonestar,Blended,120,34,0.46537064756250374,0.0,0.46537064756250374
lonestar,Blended,120,35,0.4762143837703544,0.0,0.4762143837703544
lonestar,Blended,120,36,0.48664764858769455,0.0,0.48664764858769455
lonestar,Blended,120,37,0.4940608422558894,0.0,0.4940608422558894
lonestar,Blended,120,38,0.5042065524122485,0.0,0.5042065524122485
lonestar,Blended,120,39,0.5115831398467793,0.0,0.5115831398467793
lonestar,Blended,120,40,0.5186993241247763,0.0,0.5186993241247763
lonestar,Blended,120,41,0.5284875464721954,0.0,0.5284875464721954
lonestar,Blended,120,42,0.539555693819084,0.0,0.539555693819084
lonestar,Blended,120,43,0.5483186301410689,0.0,0.5483186301410689
lonestar,Blended,120,44,0.556381305784649,0.0,0.556381305784649
lonestar,Blended,120,45,0.5633884273200144,0.0,0.5633884273200144
lonestar,Blended,120,46,0.5706210029369707,0.0,0.5706210029369707
lonestar,Blended,120,47,0.5763739458047132,0.0,0.5763739458047132
lonestar,Blended,120,48,0.5838045510138498,0.0,0.5838045510138498
lonestar,Blended,120,49,0.590635591998043,0.0,0.590635591998043
lonestar,Blended,120,50,0.5988158751635931,0.0,0.5988158751635931
lonestar,Blended,120,51,0.605418639471669,0.0,0.605418639471669
lonestar,Blended,120,52,0.613614577274934,0.0,0.613614577274934
lonestar,Blended,120,53,0.6213101073915385,0.0,0.6213101073915385
lonestar,Blended,120,54,0.6268265822843547,0.0,0.6268265822843547
lonestar,Blended,120,55,0.6334040604852342,0.0,0.6334040604852342
lonestar,Blended,120,56,0.6401950146774786,0.0,0.6401950146774786
lonestar,Blended,120,57,0.6479118568701763,0.0,0.6479118568701763
lonestar,Blended,120,58,0.655438110060853,0.0,0.655438110060853
lonestar,Blended,120,59,0.661005375906014,0.0,0.661005375906014
lonestar,Blended,120,60,0.6666283446829588,0.0,0.6666283446829588
lonestar,Blended,120,61,0.6725518239982596,0.0,0.6725518239982596
lonestar,Blended,120,62,0.6758511287654424,0.0,0.6758511287654424
lonestar,Blended,120,63,0.6813430401431456,0.0,0.6813430401431456
lonestar,Blended,120,64,0.6875864246972061,0.0,0.6875864246972061
lonestar,Blended,120,65,0.6933060553724806,0.0,0.6933060553724806
lonestar,Blended,120,66,0.6995202787236294,0.0,0.6995202787236294
lonestar,Blended,120,67,0.7063104889231308,0.0,0.7063104889231308
lonestar,Blended,120,68,0.711648155369216,0.0,0.711648155369216
lonestar,Blended,120,69,0.7177484002492002,0.0,0.7177484002492002
lonestar,Blended,120,70,0.7239429681877753,0.0,0.7239429681877753
lonestar,Blended,120,71,0.729716148148618,0.0,0.729716148148618
lonestar,Blended,120,72,0.7347418308478915,0.0,0.7347418308478915
lonestar,Blended,120,73,0.7421292119877225,0.0,0.7421292119877225
lonestar,Blended,120,74,0.7490190711850818,0.0,0.7490190711850818
lonestar,Blended,120,75,0.7539686637406355,0.0,0.7539686637406355
lonestar,Blended,120,76,0.7607495771423527,0.0,0.7607495771423527
lonestar,Blended,120,77,0.7665537065407787,0.0,0.7665537065407787
lonestar,Blended,120,78,0.7719931355061908,0.0,0.7719931355061908
lonestar,Blended,120,79,0.7777304378502043,0.0,0.7777304378502043
lonestar,Blended,120,80,0.7861816955837352,0.0,0.7861816955837352
lonestar,Blended,120,81,0.7930271725156764,0.0,0.7930271725156764
lonestar,Blended,120,82,0.7982656062635869,0.0,0.7982656062635869
lonestar,Blended,120,83,0.8055805478876893,0.0,0.8055805478876893
lonestar,Blended,120,84,0.8180971641662161,0.0,0.8180971641662161
lonestar,Blended,120,85,0.8228122333682424,0.0,0.8228122333682424
lonestar,Blended,120,86,0.8291546837635196,0.0,0.8291546837635196
lonestar,Blended,120,87,0.8335784780211949,0.0,0.8335784780211949
lonestar,Blended,120,88,0.8387467745423135,0.0,0.8387467745423135
lonestar,Blended,120,89,0.8445225888205847,0.0,0.8445225888205847
lonestar,Blended,120,90,0.8507190966819753,0.0,0.8507190966819753
lonestar,Blended,120,91,0.8566217496438953,0.0,0.8566217496438953
lonestar,Blended,120,92,0.8631914710401183,0.0,0.8631914710401183
lonestar,Blended,120,93,0.8692371867917514,0.0,0.8692371867917514
lonestar,Blended,120,94,0.8751633559200456,0.0,0.8751633559200456
lonestar,Blended,120,95,0.8804602234820319,0.0,0.8804602234820319
lonestar,Blended,120,96,0.8856608315877861,0.0,0.8856608315877861
lonestar,Blended,120,97,0.8909229247104103,0.0,0.8909229247104103
lonestar,Blended,120,98,0.8977337952006698,0.0,0.8977337952006698
lonestar,Blended,120,99,0.9043102206147808,0.0,0.9043102206147808
lonestar,Blended,120,100,0.9083550861410203,0.0,0.9083550861410203
lonestar,Blended,120,101,0.9126418327870448,0.0,0.9126418327870448
lonestar,Blended,120,102,0.9171822115602215,0.0,0.9171822115602215
lonestar,Blended,120,103,0.9213912541232632,0.0,0.9213912541232632
lonestar,Blended,120,104,0.9262727749066797,0.0,0.9262727749066797
lonestar,Blended,120,105,0.9300983363252084,0.0,0.9300983363252084
lonestar,Blended,120,106,0.9359483246016038,0.0,0.9359483246016038
lonestar,Blended,120,107,0.9420693206462178,0.0,0.9420693206462178
lonestar,Blended,120,108,0.9457089037830525,0.0,0.9457089037830525
lonestar,Blended,120,109,0.9499059972157649,0.0,0.9499059972157649
lonestar,Blended,120,110,0.9529534667235537,0.0,0.9529534667235537
lonestar,Blended,120,111,0.9588907191591034,0.0,0.9588907191591034
lonestar,Blended,120,112,0.9635449620288464,0.0,0.9635449620288464
lonestar,Blended,120,113,0.9673844139254288,0.0,0.9673844139254288
lonestar,Blended,120,114,0.9718440588781199,0.0,0.9718440588781199
lonestar,Blended,120,115,0.9770222417803033,0.0,0.9770222417803033
lonestar,Blended,120,116,0.9829522768793814,0.0,0.9829522768793814
lonestar,Blended,120,117,0.9869359224103752,0.0,0.9869359224103752
lonestar,Blended,120,118,0.9915583884154406,0.0,0.9915583884154406
lonestar,Blended,120,119,0.9953269007130268,0.0,0.9953269007130268
lonestar,Blended,120,120,1.0,0.0,1.0
lonestar,Blended,150,1,0.06740916009468352,0.0,0.06740916009468352
lonestar,Blended,150,2,0.09621645060459816,0.0,0.09621645060459816
lonestar,Blended,150,3,0.11544360465895444,0.0,0.11544360465895444
lonestar,Blended,150,4,0.13213948036297543,0.0,0.13213948036297543
lonestar,Blended,150,5,0.14726061802054416,0.0,0.14726061802054416
lonestar,Blended,150,6,0.16035492428647602,0.0,0.16035492428647602
lonestar,Blended,150,7,0.17598481705852315,0.0,0.17598481705852315
lonestar,Blended,150,8,0.1902557450251923,0.0,0.1902557450251923
lonestar,Blended,150,9,0.2011700882709849,0.0,0.2011700882709849
lonestar,Blended,150,10,0.21158278705180303,0.0,0.21158278705180303
lonestar,Blended,150,11,0.2203614845242108,0.0,0.2203614845242108
lonestar,Blended,150,12,0.22889506902845494,0.0,0.22889506902845494
lonestar,Blended,150,13,0.2370154746561822,0.0,0.2370154746561822
lonestar,Blended,150,14,0.2471355198639887,0.0,0.2471355198639887
lonestar,Blended,150,15,0.25436076940687147,0.0,0.25436076940687147
lonestar,Blended,150,16,0.2618940557441706,0.0,0.2618940557441706
lonestar,Blended,150,17,0.27112269800049155,0.0,0.27112269800049155
lonestar,Blended,150,18,0.2792453621209616,0.0,0.2792453621209616
lonestar,Blended,150,19,0.28801186011130087,0.0,0.28801186011130087
lonestar,Blended,150,20,0.29673923163818,0.0,0.29673923163818
lonestar,Blended,150,21,0.3044959385475818,0.0,0.3044959385475818
lonestar,Blended,150,22,0.3115850132745886,0.0,0.3115850132745886
lonestar,Blended,150,23,0.31840742293335916,0.0,0.31840742293335916
lonestar,Blended,150,24,0.3243094721656983,0.0,0.3243094721656983
lonestar,Blended,150,25,0.3309217944321627,0.0,0.3309217944321627
lonestar,Blended,150,26,0.3378959279032569,0.0,0.3378959279032569
lonestar,Blended,150,27,0.34506291692739705,0.0,0.34506291692739705
lonestar,Blended,150,28,0.3526541280982583,0.0,0.3526541280982583
lonestar,Blended,150,29,0.3605283896021481,0.0,0.3605283896021481
lonestar,Blended,150,30,0.36721195074202684,0.0,0.36721195074202684
lonestar,Blended,150,31,0.37457169935365525,0.0,0.37457169935365525
lonestar,Blended,150,32,0.383104907545347,0.0,0.383104907545347
lonestar,Blended,150,33,0.39079969666481384,0.0,0.39079969666481384
lonestar,Blended,150,34,0.39979233404616504,0.0,0.39979233404616504
lonestar,Blended,150,35,0.4091080109824403,0.0,0.4091080109824403
lonestar,Blended,150,36,0.41807105864110455,0.0,0.41807105864110455
lonestar,Blended,150,37,0.424439612426925,0.0,0.424439612426925
lonestar,Blended,150,38,0.4331556265657881,0.0,0.4331556265657881
lonestar,Blended,150,39,0.439492732533243,0.0,0.439492732533243
lonestar,Blended,150,40,0.44560613039558,0.0,0.44560613039558
lonestar,Blended,150,41,0.454015032587702,0.0,0.454015032587702
lonestar,Blended,150,42,0.46352349747382293,0.0,0.46352349747382293
lonestar,Blended,150,43,0.4710515931618814,0.0,0.4710515931618814
lonestar,Blended,150,44,0.4779781063209889,0.0,0.4779781063209889
lonestar,Blended,150,45,0.48399781015972887,0.0,0.48399781015972887
lonestar,Blended,150,46,0.4902111979232534,0.0,0.4902111979232534
lonestar,Blended,150,47,0.49515345732181176,0.0,0.49515345732181176
lonestar,Blended,150,48,0.5015369690785074,0.0,0.5015369690785074
lonestar,Blended,150,49,0.5074054049872608,0.0,0.5074054049872608
lonestar,Blended,150,50,0.5144329528505467,0.0,0.5144329528505467
lonestar,Blended,150,51,0.5201052799895888,0.0,0.5201052799895888
lonestar,Blended,150,52,0.5271462764968393,0.0,0.5271462764968393
lonestar,Blended,150,53,0.5337573809211393,0.0,0.5337573809211393
lonestar,Blended,150,54,0.5384964945387637,0.0,0.5384964945387637
lonestar,Blended,150,55,0.5441470987954796,0.0,0.5441470987954796
lonestar,Blended,150,56,0.5499810967950062,0.0,0.5499810967950062
lonestar,Blended,150,57,0.55661051007632,0.0,0.55661051007632
lonestar,Blended,150,58,0.5630761914541275,0.0,0.5630761914541275
lonestar,Blended,150,59,0.5678589387506111,0.0,0.5678589387506111
lonestar,Blended,150,60,0.5726895395273857,0.0,0.5726895395273857
lonestar,Blended,150,61,0.5777783040069293,0.0,0.5777783040069293
lonestar,Blended,150,62,0.5806126829272811,0.0,0.5806126829272811
lonestar,Blended,150,63,0.585330694429654,0.0,0.585330694429654
lonestar,Blended,150,64,0.5906942842827945,0.0,0.5906942842827945
lonestar,Blended,150,65,0.5956079257200595,0.0,0.5956079257200595
lonestar,Blended,150,66,0.6009464636593401,0.0,0.6009464636593401
lonestar,Blended,150,67,0.606779822506834,0.0,0.606779822506834
lonestar,Blended,150,68,0.6113653247038837,0.0,0.6113653247038837
lonestar,Blended,150,69,0.6166059455973502,0.0,0.6166059455973502
lonestar,Blended,150,70,0.6219275978922294,0.0,0.6219275978922294
lonestar,Blended,150,71,0.6268872426474433,0.0,0.6268872426474433
lonestar,Blended,150,72,0.6312047246954449,0.0,0.6312047246954449
lonestar,Blended,150,73,0.6375511033590993,0.0,0.6375511033590993
lonestar,Blended,150,74,0.6434700690355749,0.0,0.6434700690355749
lonestar,Blended,150,75,0.6477221832819866,0.0,0.6477221832819866
lonestar,Blended,150,76,0.6535475554021165,0.0,0.6535475554021165
lonestar,Blended,150,77,0.6585337883144341,0.0,0.6585337883144341
lonestar,Blended,150,78,0.6632067130322921,0.0,0.6632067130322921
lonestar,Blended,150,79,0.6681355359119809,0.0,0.6681355359119809
lonestar,Blended,150,80,0.6753958736075599,0.0,0.6753958736075599
lonestar,Blended,150,81,0.6812767112036019,0.0,0.6812767112036019
lonestar,Blended,150,82,0.6857769642079387,0.0,0.6857769642079387
lonestar,Blended,150,83,0.6920611112649757,0.0,0.6920611112649757
lonestar,Blended,150,84,0.7028139321886039,0.0,0.7028139321886039
lonestar,Blended,150,85,0.7068645712466121,0.0,0.7068645712466121
lonestar,Blended,150,86,0.7123132669483739,0.0,0.7123132669483739
lonestar,Blended,150,87,0.7161136764518083,0.0,0.7161136764518083
lonestar,Blended,150,88,0.7205536757084078,0.0,0.7205536757084078
lonestar,Blended,150,89,0.725515583562764,0.0,0.725515583562764
lonestar,Blended,150,90,0.7308389024136978,0.0,0.7308389024136978
lonestar,Blended,150,91,0.7359097753126885,0.0,0.7359097753126885
lonestar,Blended,150,92,0.7415537158250225,0.0,0.7415537158250225
lonestar,Blended,150,93,0.7467474916335847,0.0,0.7467474916335847
lonestar,Blended,150,94,0.7518385668876053,0.0,0.7518385668876053
lonestar,Blended,150,95,0.7563890194286748,0.0,0.7563890194286748
lonestar,Blended,150,96,0.7608567770406965,0.0,0.7608567770406965
lonestar,Blended,150,97,0.7653773554280124,0.0,0.7653773554280124
lonestar,Blended,150,98,0.7712284631943681,0.0,0.7712284631943681
lonestar,Blended,150,99,0.7768781630191403,0.0,0.7768781630191403
lonestar,Blended,150,100,0.7803530410289764,0.0,0.7803530410289764
lonestar,Blended,150,101,0.7840357151642172,0.0,0.7840357151642172
lonestar,Blended,150,102,0.7879362805236562,0.0,0.7879362805236562
lonestar,Blended,150,103,0.7915522003484063,0.0,0.7915522003484063
lonestar,Blended,150,104,0.7957458352454909,0.0,0.7957458352454909
lonestar,Blended,150,105,0.7990323126728089,0.0,0.7990323126728089
lonestar,Blended,150,106,0.8040579421993225,0.0,0.8040579421993225
lonestar,Blended,150,107,0.8093163900799119,0.0,0.8093163900799119
lonestar,Blended,150,108,0.8124430965983644,0.0,0.8124430965983644
lonestar,Blended,150,109,0.8160487511201154,0.0,0.8160487511201154
lonestar,Blended,150,110,0.818666782476057,0.0,0.818666782476057
lonestar,Blended,150,111,0.823767379218594,0.0,0.823767379218594
lonestar,Blended,150,112,0.8277657633664949,0.0,0.8277657633664949
lonestar,Blended,150,113,0.8310641738769826,0.0,0.8310641738769826
lonestar,Blended,150,114,0.8348953821278513,0.0,0.8348953821278513
lonestar,Blended,150,115,0.8393438746131962,0.0,0.8393438746131962
lonestar,Blended,150,116,0.844438271059671,0.0,0.844438271059671
lonestar,Blended,150,117,0.8478605559699686,0.0,0.8478605559699686
lonestar,Blended,150,118,0.8518316411316427,0.0,0.8518316411316427
lonestar,Blended,150,119,0.8550691085895173,0.0,0.8550691085895173
lonestar,Blended,150,120,0.8590836919779499,0.0,0.8590836919779499
lonestar,Blended,150,121,0.8640014903642601,0.0,0.8640014903642601
lonestar,Blended,150,122,0.8689495104890789,0.0,0.8689495104890789
lonestar,Blended,150,123,0.8735002645291823,0.0,0.8735002645291823
lonestar,Blended,150,124,0.8765884956857654,0.0,0.8765884956857654
lonestar,Blended,150,125,0.8819237357753722,0.0,0.8819237357753722
lonestar,Blended,150,126,0.88661626415772,0.0,0.88661626415772
lonestar,Blended,150,127,0.8907710922736415,0.0,0.8907710922736415
lonestar,Blended,150,128,0.8956547714743103,0.0,0.8956547714743103
lonestar,Blended,150,129,0.8987720631680897,0.0,0.8987720631680897
lonestar,Blended,150,130,0.9036424841341711,0.0,0.9036424841341711
lonestar,Blended,150,131,0.9071206826863161,0.0,0.9071206826863161
lonestar,Blended,150,132,0.9112148487102633,0.0,0.9112148487102633
lonestar,Blended,150,133,0.9164568774826964,0.0,0.9164568774826964
lonestar,Blended,150,134,0.9208079303175901,0.0,0.9208079303175901
lonestar,Blended,150,135,0.92455631763826,0.0,0.92455631763826
lonestar,Blended,150,136,0.9287714712808017,0.0,0.9287714712808017
lonestar,Blended,150,137,0.9349851103385786,0.0,0.9349851103385786
lonestar,Blended,150,138,0.9403484541436362,0.0,0.9403484541436362
lonestar,Blended,150,139,0.9472429364414021,0.0,0.9472429364414021
lonestar,Blended,150,140,0.9547241751853374,0.0,0.9547241751853374
lonestar,Blended,150,141,0.9610160184060372,0.0,0.9610160184060372
lonestar,Blended,150,142,0.9650887774499424,0.0,0.9650887774499424
lonestar,Blended,150,143,0.9690536850921895,0.0,0.9690536850921895
lonestar,Blended,150,144,0.9729651012130821,0.0,0.9729651012130821
lonestar,Blended,150,145,0.9778371989050503,0.0,0.9778371989050503
lonestar,Blended,150,146,0.982045145371677,0.0,0.982045145371677
lonestar,Blended,150,147,0.9869603864713867,0.0,0.9869603864713867
lonestar,Blended,150,148,0.9910116856609342,0.0,0.9910116856609342
lonestar,Blended,150,149,0.994574421092085,0.0,0.994574421092085
lonestar,Blended,150,150,1.0,0.0,1.0
lonestar,Blended,180,1,0.059092811372987816,0.0,0.059092811372987816
lonestar,Blended,180,2,0.08434611199085898,0.0,0.08434611199085898
lonestar,Blended,180,3,0.10120118904830273,0.0,0.10120118904830273
lonestar,Blended,180,4,0.1158372745936317,0.0,0.1158372745936317
lonestar,Blended,180,5,0.12909289940914048,0.0,0.12909289940914048
lonestar,Blended,180,6,0.14057174544647408,0.0,0.14057174544647408
lonestar,Blended,180,7,0.15427335964937008,0.0,0.15427335964937008
lonestar,Blended,180,8,0.1667836661606418,0.0,0.1667836661606418
lonestar,Blended,180,9,0.17635149382349577,0.0,0.17635149382349577
lonestar,Blended,180,10,0.1854795654991308,0.0,0.1854795654991308
lonestar,Blended,180,11,0.1931752245625113,0.0,0.1931752245625113
lonestar,Blended,180,12,0.20065601053783633,0.0,0.20065601053783633
lonestar,Blended,180,13,0.20777459200892162,0.0,0.20777459200892162
lonestar,Blended,180,14,0.2166461151329456,0.0,0.2166461151329456
lonestar,Blended,180,15,0.22297997699623873,0.0,0.22297997699623873
lonestar,Blended,180,16,0.22958387278612016,0.0,0.22958387278612016
lonestar,Blended,180,17,0.2376739664071586,0.0,0.2376739664071586
lonestar,Blended,180,18,0.2447945277380352,0.0,0.2447945277380352
lonestar,Blended,180,19,0.2524794923840441,0.0,0.2524794923840441
lonestar,Blended,180,20,0.2601301576451965,0.0,0.2601301576451965
lonestar,Blended,180,21,0.2669299103439247,0.0,0.2669299103439247
lonestar,Blended,180,22,0.27314439744128094,0.0,0.27314439744128094
lonestar,Blended,180,23,0.27912511825887754,0.0,0.27912511825887754
lonestar,Blended,180,24,0.28429902461686835,0.0,0.28429902461686835
lonestar,Blended,180,25,0.29009557677507286,0.0,0.29009557677507286
lonestar,Blended,180,26,0.2962093030567613,0.0,0.2962093030567613
lonestar,Blended,180,27,0.3024920920712055,0.0,0.3024920920712055
lonestar,Blended,180,28,0.30914676643863764,0.0,0.30914676643863764
lonestar,Blended,180,29,0.31604957088090274,0.0,0.31604957088090274
lonestar,Blended,180,30,0.32190857308748616,0.0,0.32190857308748616
lonestar,Blended,180,31,0.3283603407085141,0.0,0.3283603407085141
lonestar,Blended,180,32,0.3358407967974165,0.0,0.3358407967974165
lonestar,Blended,180,33,0.3425862705780257,0.0,0.3425862705780257
lonestar,Blended,180,34,0.35046947552784935,0.0,0.35046947552784935
lonestar,Blended,180,35,0.3586358662562576,0.0,0.3586358662562576
lonestar,Blended,180,36,0.36649313200288003,0.0,0.36649313200288003
lonestar,Blended,180,37,0.37207598968951505,0.0,0.37207598968951505
lonestar,Blended,180,38,0.37971669873719766,0.0,0.37971669873719766
lonestar,Blended,180,39,0.3852719883604395,0.0,0.3852719883604395
lonestar,Blended,180,40,0.39063116901511147,0.0,0.39063116901511147
lonestar,Blended,180,41,0.3980026548843169,0.0,0.3980026548843169
lonestar,Blended,180,42,0.40633804908256826,0.0,0.40633804908256826
lonestar,Blended,180,43,0.4129373945998153,0.0,0.4129373945998153
lonestar,Blended,180,44,0.41900937554437456,0.0,0.41900937554437456
lonestar,Blended,180,45,0.4242864213192256,0.0,0.4242864213192256
lonestar,Blended,180,46,0.42973325600135875,0.0,0.42973325600135875
lonestar,Blended,180,47,0.43406578294554804,0.0,0.43406578294554804
lonestar,Blended,180,48,0.4396617532202974,0.0,0.4396617532202974
lonestar,Blended,180,49,0.44480619317064446,0.0,0.44480619317064446
lonestar,Blended,180,50,0.45096674404706083,0.0,0.45096674404706083
lonestar,Blended,180,51,0.4559392694012186,0.0,0.4559392694012186
lonestar,Blended,180,52,0.4621116097463053,0.0,0.4621116097463053
lonestar,Blended,180,53,0.4679070943089901,0.0,0.4679070943089901
lonestar,Blended,180,54,0.47206153781026017,0.0,0.47206153781026017
lonestar,Blended,180,55,0.47701502026007125,0.0,0.47701502026007125
lonestar,Blended,180,56,0.48212927094725044,0.0,0.48212927094725044
lonestar,Blended,180,57,0.4879408055813566,0.0,0.4879408055813566
lonestar,Blended,180,58,0.49360880811276253,0.0,0.49360880811276253
lonestar,Blended,180,59,0.4978015021537326,0.0,0.4978015021537326
lonestar,Blended,180,60,0.5020361459338835,0.0,0.5020361459338835
lonestar,Blended,180,61,0.5064971034519545,0.0,0.5064971034519545
lonestar,Blended,180,62,0.5089818016541671,0.0,0.5089818016541671
lonestar,Blended,180,63,0.5131177464333886,0.0,0.5131177464333886
lonestar,Blended,180,64,0.5178196237899453,0.0,0.5178196237899453
lonestar,Blended,180,65,0.5221270634049614,0.0,0.5221270634049614
lonestar,Blended,180,66,0.5268069795322404,0.0,0.5268069795322404
lonestar,Blended,180,67,0.5319206699203379,0.0,0.5319206699203379
lonestar,Blended,180,68,0.5359404532257533,0.0,0.5359404532257533
lonestar,Blended,180,69,0.5405345324502974,0.0,0.5405345324502974
lonestar,Blended,180,70,0.545199646135325,0.0,0.545199646135325
lonestar,Blended,180,71,0.5495474135839213,0.0,0.5495474135839213
lonestar,Blended,180,72,0.5533322427067061,0.0,0.5533322427067061
lonestar,Blended,180,73,0.5588956610425245,0.0,0.5588956610425245
lonestar,Blended,180,74,0.5640843968427018,0.0,0.5640843968427018
lonestar,Blended,180,75,0.5678119226677776,0.0,0.5678119226677776
lonestar,Blended,180,76,0.5729186116606203,0.0,0.5729186116606203
lonestar,Blended,180,77,0.5772896870535714,0.0,0.5772896870535714
lonestar,Blended,180,78,0.5813861074588204,0.0,0.5813861074588204
lonestar,Blended,180,79,0.5857068555635471,0.0,0.5857068555635471
lonestar,Blended,180,80,0.5920714767121626,0.0,0.5920714767121626
lonestar,Blended,180,81,0.5972267883388016,0.0,0.5972267883388016
lonestar,Blended,180,82,0.6011718397463917,0.0,0.6011718397463917
lonestar,Blended,180,83,0.6066807040633481,0.0,0.6066807040633481
lonestar,Blended,180,84,0.6161069366061503,0.0,0.6161069366061503
lonestar,Blended,180,85,0.6196578434778385,0.0,0.6196578434778385
lonestar,Blended,180,86,0.624434327072661,0.0,0.624434327072661
lonestar,Blended,180,87,0.6277658755092699,0.0,0.6277658755092699
lonestar,Blended,180,88,0.6316581067460618,0.0,0.6316581067460618
lonestar,Blended,180,89,0.636007858092552,0.0,0.636007858092552
lonestar,Blended,180,90,0.64067443272862,0.0,0.64067443272862
lonestar,Blended,180,91,0.6451197059718344,0.0,0.6451197059718344
lonestar,Blended,180,92,0.6500673467913797,0.0,0.6500673467913797
lonestar,Blended,180,93,0.6546203602651844,0.0,0.6546203602651844
lonestar,Blended,180,94,0.6590833434747209,0.0,0.6590833434747209
lonestar,Blended,180,95,0.6630724012421437,0.0,0.6630724012421437
lonestar,Blended,180,96,0.6669889662528425,0.0,0.6669889662528425
lonestar,Blended,180,97,0.6709518354765985,0.0,0.6709518354765985
lonestar,Blended,180,98,0.6760810850782051,0.0,0.6760810850782051
lonestar,Blended,180,99,0.6810337746769232,0.0,0.6810337746769232
lonestar,Blended,180,100,0.6840799528297287,0.0,0.6840799528297287
lonestar,Blended,180,101,0.6873082910513634,0.0,0.6873082910513634
lonestar,Blended,180,102,0.6907276389962062,0.0,0.6907276389962062
lonestar,Blended,180,103,0.693897458466493,0.0,0.693897458466493
lonestar,Blended,180,104,0.6975737196095264,0.0,0.6975737196095264
lonestar,Blended,180,105,0.7004547403850605,0.0,0.7004547403850605
lonestar,Blended,180,106,0.7048603519847844,0.0,0.7048603519847844
lonestar,Blended,180,107,0.7094700588597238,0.0,0.7094700588597238
lonestar,Blended,180,108,0.7122110198545513,0.0,0.7122110198545513
lonestar,Blended,180,109,0.7153718404645502,0.0,0.7153718404645502
lonestar,Blended,180,110,0.7176668821601879,0.0,0.7176668821601879
lonestar,Blended,180,111,0.7221382121808121,0.0,0.7221382121808121
lonestar,Blended,180,112,0.7256433108931648,0.0,0.7256433108931648
lonestar,Blended,180,113,0.7285347925531225,0.0,0.7285347925531225
lonestar,Blended,180,114,0.7318933400588504,0.0,0.7318933400588504
lonestar,Blended,180,115,0.7357930167045972,0.0,0.7357930167045972
lonestar,Blended,180,116,0.7402589113671016,0.0,0.7402589113671016
lonestar,Blended,180,117,0.7432589848939752,0.0,0.7432589848939752
lonestar,Blended,180,118,0.7467401525286894,0.0,0.7467401525286894
lonestar,Blended,180,119,0.7495782097533403,0.0,0.7495782097533403
lonestar,Blended,180,120,0.7530975091865413,0.0,0.7530975091865413
lonestar,Blended,180,121,0.7574085929028259,0.0,0.7574085929028259
lonestar,Blended,180,122,0.7617461698655854,0.0,0.7617461698655854
lonestar,Blended,180,123,0.7657354919357459,0.0,0.7657354919357459
lonestar,Blended,180,124,0.7684427243201252,0.0,0.7684427243201252
lonestar,Blended,180,125,0.77311974945739,0.0,0.77311974945739
lonestar,Blended,180,126,0.777233354999589,0.0,0.777233354999589
lonestar,Blended,180,127,0.7808755970004755,0.0,0.7808755970004755
lonestar,Blended,180,128,0.7851567708558677,0.0,0.7851567708558677
lonestar,Blended,180,129,0.7878894785442048,0.0,0.7878894785442048
lonestar,Blended,180,130,0.7921590298492713,0.0,0.7921590298492713
lonestar,Blended,180,131,0.7952081188851086,0.0,0.7952081188851086
lonestar,Blended,180,132,0.798797182748877,0.0,0.798797182748877
lonestar,Blended,180,133,0.8033924961606754,0.0,0.8033924961606754
lonestar,Blended,180,134,0.807206754402213,0.0,0.807206754402213
lonestar,Blended,180,135,0.8104926986949786,0.0,0.8104926986949786
lonestar,Blended,180,136,0.8141878237900995,0.0,0.8141878237900995
lonestar,Blended,180,137,0.8196348787640123,0.0,0.8196348787640123
lonestar,Blended,180,138,0.8243365404277325,0.0,0.8243365404277325
lonestar,Blended,180,139,0.830380442196632,0.0,0.830380442196632
lonestar,Blended,180,140,0.8369387115670068,0.0,0.8369387115670068
lonestar,Blended,180,141,0.8424543225627081,0.0,0.8424543225627081
lonestar,Blended,180,142,0.8460246204511712,0.0,0.8460246204511712
lonestar,Blended,180,143,0.8495003726944202,0.0,0.8495003726944202
lonestar,Blended,180,144,0.8529292327292956,0.0,0.8529292327292956
lonestar,Blended,180,145,0.8572002539005703,0.0,0.8572002539005703
lonestar,Blended,180,146,0.8608890609776906,0.0,0.8608890609776906
lonestar,Blended,180,147,0.8651979029028819,0.0,0.8651979029028819
lonestar,Blended,180,148,0.8687493884648916,0.0,0.8687493884648916
lonestar,Blended,180,149,0.8718725849638413,0.0,0.8718725849638413
lonestar,Blended,180,150,0.8766288037113282,0.0,0.8766288037113282
lonestar,Blended,180,151,0.8812377737208837,0.0,0.8812377737208837
lonestar,Blended,180,152,0.8849657940539367,0.0,0.8849657940539367
lonestar,Blended,180,153,0.888466623180746,0.0,0.888466623180746
lonestar,Blended,180,154,0.8921020657511968,0.0,0.8921020657511968
lonestar,Blended,180,155,0.8953833543771084,0.0,0.8953833543771084
lonestar,Blended,180,156,0.8993920592731799,0.0,0.8993920592731799
lonestar,Blended,180,157,0.9027205857656483,0.0,0.9027205857656483
lonestar,Blended,180,158,0.9063354401813974,0.0,0.9063354401813974
lonestar,Blended,180,159,0.9093281490546077,0.0,0.9093281490546077
lonestar,Blended,180,160,0.913079784184926,0.0,0.913079784184926
lonestar,Blended,180,161,0.9169887753169174,0.0,0.9169887753169174
lonestar,Blended,180,162,0.9221477716660297,0.0,0.9221477716660297
lonestar,Blended,180,163,0.9261711070195361,0.0,0.9261711070195361
lonestar,Blended,180,164,0.9293576570457156,0.0,0.9293576570457156
lonestar,Blended,180,165,0.9336899654544459,0.0,0.9336899654544459
lonestar,Blended,180,166,0.9371668911821787,0.0,0.9371668911821787
lonestar,Blended,180,167,0.9422487711052241,0.0,0.9422487711052241
lonestar,Blended,180,168,0.9468621225314523,0.0,0.9468621225314523
lonestar,Blended,180,169,0.9510048223074099,0.0,0.9510048223074099
lonestar,Blended,180,170,0.9550770444180773,0.0,0.9550770444180773
lonestar,Blended,180,171,0.9597668210966075,0.0,0.9597668210966075
lonestar,Blended,180,172,0.9638969878333904,0.0,0.9638969878333904
lonestar,Blended,180,173,0.9677848880552958,0.0,0.9677848880552958
lonestar,Blended,180,174,0.9731311511345841,0.0,0.9731311511345841
lonestar,Blended,180,175,0.9780984359179796,0.0,0.9780984359179796
lonestar,Blended,180,176,0.9821143301241435,0.0,0.9821143301241435
lonestar,Blended,180,177,0.9857808001466658,0.0,0.9857808001466658
lonestar,Blended,180,178,0.9905233339716184,0.0,0.9905233339716184
lonestar,Blended,180,179,0.995504892596197,0.0,0.995504892596197
lonestar,Blended,180,180,1.0,0.0,1.0
lonestar,Blended,210,1,0.0527498477585119,0.0,0.0527498477585119
lonestar,Blended,210,2,0.0752924841984083,0.0,0.0752924841984083
lonestar,Blended,210,3,0.09033835404417039,0.0,0.09033835404417039
lonestar,Blended,210,4,0.10340341672029778,0.0,0.10340341672029778
lonestar,Blended,210,5,0.11523619594869763,0.0,0.11523619594869763
lonestar,Blended,210,6,0.12548291406625078,0.0,0.12548291406625078
lonestar,Blended,210,7,0.13771381062466045,0.0,0.13771381062466045
lonestar,Blended,210,8,0.14888127327450082,0.0,0.14888127327450082
lonestar,Blended,210,9,0.15742209982969044,0.0,0.15742209982969044
lonestar,Blended,210,10,0.16557037336806257,0.0,0.16557037336806257
lonestar,Blended,210,11,0.1724399880396755,0.0,0.1724399880396755
lonestar,Blended,210,12,0.17911779388684815,0.0,0.17911779388684815
lonestar,Blended,210,13,0.18547227390111196,0.0,0.18547227390111196
lonestar,Blended,210,14,0.1933915365543067,0.0,0.1933915365543067
lonestar,Blended,210,15,0.19904552798320127,0.0,0.19904552798320127
lonestar,Blended,210,16,0.20494056816550946,0.0,0.20494056816550946
lonestar,Blended,210,17,0.2121622791815631,0.0,0.2121622791815631
lonestar,Blended,210,18,0.2185185265394369,0.0,0.2185185265394369
lonestar,Blended,210,19,0.22537859472180502,0.0,0.22537859472180502
lonestar,Blended,210,20,0.2322080451811819,0.0,0.2322080451811819
lonestar,Blended,210,21,0.23827791918648952,0.0,0.23827791918648952
lonestar,Blended,210,22,0.24382534941812384,0.0,0.24382534941812384
lonestar,Blended,210,23,0.249164105610025,0.0,0.249164105610025
lonestar,Blended,210,24,0.25378265000416717,0.0,0.25378265000416717
lonestar,Blended,210,25,0.25895700601744914,0.0,0.25895700601744914
lonestar,Blended,210,26,0.2644144909991791,0.0,0.2644144909991791
lonestar,Blended,210,27,0.2700228916880364,0.0,0.2700228916880364
lonestar,Blended,210,28,0.2759632599258722,0.0,0.2759632599258722
lonestar,Blended,210,29,0.2821251242030338,0.0,0.2821251242030338
lonestar,Blended,210,30,0.28735522693859833,0.0,0.28735522693859833
lonestar,Blended,210,31,0.2931144682384308,0.0,0.2931144682384308
lonestar,Blended,210,32,0.29979197960886134,0.0,0.29979197960886134
lonestar,Blended,210,33,0.30581340094114917,0.0,0.30581340094114917
lonestar,Blended,210,34,0.3128504305102387,0.0,0.3128504305102387
lonestar,Blended,210,35,0.32014024897802223,0.0,0.32014024897802223
lonestar,Blended,210,36,0.3271541236321898,0.0,0.3271541236321898
lonestar,Blended,210,37,0.33213772292599586,0.0,0.33213772292599586
lonestar,Blended,210,38,0.338958285861957,0.0,0.338958285861957
lonestar,Blended,210,39,0.3439172762208825,0.0,0.3439172762208825
lonestar,Blended,210,40,0.34870120775292546,0.0,0.34870120775292546
lonestar,Blended,210,41,0.35528144565868797,0.0,0.35528144565868797
lonestar,Blended,210,42,0.3627221269319085,0.0,0.3627221269319085
lonestar,Blended,210,43,0.3686131052633224,0.0,0.3686131052633224
lonestar,Blended,210,44,0.37403332581090154,0.0,0.37403332581090154
lonestar,Blended,210,45,0.3787439387394537,0.0,0.3787439387394537
lonestar,Blended,210,46,0.3836061156028081,0.0,0.3836061156028081
lonestar,Blended,210,47,0.3874735934128096,0.0,0.3874735934128096
lonestar,Blended,210,48,0.3924688978025601,0.0,0.3924688978025601
lonestar,Blended,210,49,0.39706113868395543,0.0,0.39706113868395543
lonestar,Blended,210,50,0.4025604221549747,0.0,0.4025604221549747
lonestar,Blended,210,51,0.40699920158199415,0.0,0.40699920158199415
lonestar,Blended,210,52,0.4125090090518394,0.0,0.4125090090518394
lonestar,Blended,210,53,0.4176824120642433,0.0,0.4176824120642433
lonestar,Blended,210,54,0.42139092173101317,0.0,0.42139092173101317
lonestar,Blended,210,55,0.4258127023001035,0.0,0.4258127023001035
lonestar,Blended,210,56,0.43037799440382096,0.0,0.43037799440382096
lonestar,Blended,210,57,0.43556572468893906,0.0,0.43556572468893906
lonestar,Blended,210,58,0.44062532946454114,0.0,0.44062532946454114
lonestar,Blended,210,59,0.44436798389611365,0.0,0.44436798389611365
lonestar,Blended,210,60,0.4481480852235755,0.0,0.4481480852235755
lonestar,Blended,210,61,0.4521302079973619,0.0,0.4521302079973619
lonestar,Blended,210,62,0.45434820116518193,0.0,0.45434820116518193
lonestar,Blended,210,63,0.4580401977443339,0.0,0.4580401977443339
lonestar,Blended,210,64,0.46223738026069894,0.0,0.46223738026069894
lonestar,Blended,210,65,0.4660824635904954,0.0,0.4660824635904954
lonestar,Blended,210,66,0.4702600421740965,0.0,0.4702600421740965
lonestar,Blended,210,67,0.4748248341206786,0.0,0.4748248341206786
lonestar,Blended,210,68,0.47841313788311896,0.0,0.47841313788311896
lonestar,Blended,210,69,0.4825140932117736,0.0,0.4825140932117736
lonestar,Blended,210,70,0.48667845823255595,0.0,0.48667845823255595
lonestar,Blended,210,71,0.4905595406463757,0.0,0.4905595406463757
lonestar,Blended,210,72,0.4939381099745248,0.0,0.4939381099745248
lonestar,Blended,210,73,0.4989043565181016,0.0,0.4989043565181016
lonestar,Blended,210,74,0.5035361385768514,0.0,0.5035361385768514
lonestar,Blended,210,75,0.5068635554862887,0.0,0.5068635554862887
lonestar,Blended,210,76,0.5114220975604209,0.0,0.5114220975604209
lonestar,Blended,210,77,0.5153239860670243,0.0,0.5153239860670243
lonestar,Blended,210,78,0.5189807007792053,0.0,0.5189807007792053
lonestar,Blended,210,79,0.5228376640786601,0.0,0.5228376640786601
lonestar,Blended,210,80,0.5285191131217758,0.0,0.5285191131217758
lonestar,Blended,210,81,0.5331210587245399,0.0,0.5331210587245399
lonestar,Blended,210,82,0.5366426522367586,0.0,0.5366426522367586
lonestar,Blended,210,83,0.5415602005356128,0.0,0.5415602005356128
lonestar,Blended,210,84,0.5499746306501435,0.0,0.5499746306501435
lonestar,Blended,210,85,0.5531443867090307,0.0,0.5531443867090307
lonestar,Blended,210,86,0.55740816730423,0.0,0.55740816730423
lonestar,Blended,210,87,0.5603821106443426,0.0,0.5603821106443426
lonestar,Blended,210,88,0.5638565536503755,0.0,0.5638565536503755
lonestar,Blended,210,89,0.5677394070124618,0.0,0.5677394070124618
lonestar,Blended,210,90,0.5719050761672525,0.0,0.5719050761672525
lonestar,Blended,210,91,0.5758731982006499,0.0,0.5758731982006499
lonestar,Blended,210,92,0.5802897641742585,0.0,0.5802897641742585
lonestar,Blended,210,93,0.5843540617090249,0.0,0.5843540617090249
lonestar,Blended,210,94,0.588337992738569,0.0,0.588337992738569
lonestar,Blended,210,95,0.5918988690117134,0.0,0.5918988690117134
lonestar,Blended,210,96,0.5953950338285581,0.0,0.5953950338285581
lonestar,Blended,210,97,0.5989325326102724,0.0,0.5989325326102724
lonestar,Blended,210,98,0.6035112136598565,0.0,0.6035112136598565
lonestar,Blended,210,99,0.6079322864817018,0.0,0.6079322864817018
lonestar,Blended,210,100,0.6106514909005196,0.0,0.6106514909005196
lonestar,Blended,210,101,0.6135333025075075,0.0,0.6135333025075075
lonestar,Blended,210,102,0.6165856210439427,0.0,0.6165856210439427
lonestar,Blended,210,103,0.6194151952441647,0.0,0.6194151952441647
lonestar,Blended,210,104,0.6226968501715555,0.0,0.6226968501715555
lonestar,Blended,210,105,0.6252686250417557,0.0,0.6252686250417557
lonestar,Blended,210,106,0.6292013426730377,0.0,0.6292013426730377
lonestar,Blended,210,107,0.6333162481956336,0.0,0.6333162481956336
lonestar,Blended,210,108,0.6357629971627213,0.0,0.6357629971627213
lonestar,Blended,210,109,0.6385845384313709,0.0,0.6385845384313709
lonestar,Blended,210,110,0.6406332326334488,0.0,0.6406332326334488
lonestar,Blended,210,111,0.6446246145356781,0.0,0.6446246145356781
lonestar,Blended,210,112,0.647753479437504,0.0,0.647753479437504
lonestar,Blended,210,113,0.6503345923311955,0.0,0.6503345923311955
lonestar,Blended,210,114,0.6533326366871942,0.0,0.6533326366871942
lonestar,Blended,210,115,0.6568137259193879,0.0,0.6568137259193879
lonestar,Blended,210,116,0.6608002558894334,0.0,0.6608002558894334
lonestar,Blended,210,117,0.6634783045070232,0.0,0.6634783045070232
lonestar,Blended,210,118,0.6665858070692887,0.0,0.6665858070692887
lonestar,Blended,210,119,0.6691192300534372,0.0,0.6691192300534372
lonestar,Blended,210,120,0.672260771384856,0.0,0.672260771384856
lonestar,Blended,210,121,0.6761091076617142,0.0,0.6761091076617142
lonestar,Blended,210,122,0.679981093426314,0.0,0.679981093426314
lonestar,Blended,210,123,0.6835422056322028,0.0,0.6835422056322028
lonestar,Blended,210,124,0.6859588463843503,0.0,0.6859588463843503
lonestar,Blended,210,125,0.6901338442939308,0.0,0.6901338442939308
lonestar,Blended,210,126,0.6938058995075493,0.0,0.6938058995075493
lonestar,Blended,210,127,0.6970571868736848,0.0,0.6970571868736848
lonestar,Blended,210,128,0.7008788237843783,0.0,0.7008788237843783
lonestar,Blended,210,129,0.7033182053466878,0.0,0.7033182053466878
lonestar,Blended,210,130,0.7071294672600509,0.0,0.7071294672600509
lonestar,Blended,210,131,0.7098512701106102,0.0,0.7098512701106102
lonestar,Blended,210,132,0.7130550874279887,0.0,0.7130550874279887
lonestar,Blended,210,133,0.7171571444674651,0.0,0.7171571444674651
lonestar,Blended,210,134,0.7205619840220227,0.0,0.7205619840220227
lonestar,Blended,210,135,0.7234952183217461,0.0,0.7234952183217461
lonestar,Blended,210,136,0.7267937123633645,0.0,0.7267937123633645
lonestar,Blended,210,137,0.731656085872598,0.0,0.731656085872598
lonestar,Blended,210,138,0.7358530758483812,0.0,0.7358530758483812
lonestar,Blended,210,139,0.7412482312110956,0.0,0.7412482312110956
lonestar,Blended,210,140,0.7471025424683989,0.0,0.7471025424683989
lonestar,Blended,210,141,0.75202611326421,0.0,0.75202611326421
lonestar,Blended,210,142,0.7552131789274128,0.0,0.7552131789274128
lonestar,Blended,210,143,0.7583158473809483,0.0,0.7583158473809483
lonestar,Blended,210,144,0.76137665698913,0.0,0.76137665698913
lonestar,Blended,210,145,0.765189230994724,0.0,0.765189230994724
lonestar,Blended,210,146,0.7684820851881119,0.0,0.7684820851881119
lonestar,Blended,210,147,0.7723284203055037,0.0,0.7723284203055037
lonestar,Blended,210,148,0.7754986929386687,0.0,0.7754986929386687
lonestar,Blended,210,149,0.778286648630938,0.0,0.778286648630938
lonestar,Blended,210,150,0.7825323395873646,0.0,0.7825323395873646
lonestar,Blended,210,151,0.7866465873389741,0.0,0.7866465873389741
lonestar,Blended,210,152,0.789974445676394,0.0,0.789974445676394
lonestar,Blended,210,153,0.7930994992857433,0.0,0.7930994992857433
lonestar,Blended,210,154,0.7963447170655451,0.0,0.7963447170655451
lonestar,Blended,210,155,0.7992737954330653,0.0,0.7992737954330653
lonestar,Blended,210,156,0.802852209931605,0.0,0.802852209931605
lonestar,Blended,210,157,0.8058234557000563,0.0,0.8058234557000563
lonestar,Blended,210,158,0.8090502952372106,0.0,0.8090502952372106
lonestar,Blended,210,159,0.8117217697157383,0.0,0.8117217697157383
lonestar,Blended,210,160,0.8150707080615661,0.0,0.8150707080615661
lonestar,Blended,210,161,0.8185601119723128,0.0,0.8185601119723128
lonestar,Blended,210,162,0.8231653467831039,0.0,0.8231653467831039
lonestar,Blended,210,163,0.8267568213203251,0.0,0.8267568213203251
lonestar,Blended,210,164,0.8296013302352062,0.0,0.8296013302352062
lonestar,Blended,210,165,0.8334686129671276,0.0,0.8334686129671276
lonestar,Blended,210,166,0.8365723289444893,0.0,0.8365723289444893
lonestar,Blended,210,167,0.8411087249297075,0.0,0.8411087249297075
lonestar,Blended,210,168,0.8452268838010808,0.0,0.8452268838010808
lonestar,Blended,210,169,0.848924910302336,0.0,0.848924910302336
lonestar,Blended,210,170,0.8525600241408144,0.0,0.8525600241408144
lonestar,Blended,210,171,0.8567464048539002,0.0,0.8567464048539002
lonestar,Blended,210,172,0.8604332435999437,0.0,0.8604332435999437
lonestar,Blended,210,173,0.8639038204779215,0.0,0.8639038204779215
lonestar,Blended,210,174,0.8686762209942781,0.0,0.8686762209942781
lonestar,Blended,210,175,0.87311032236819,0.0,0.87311032236819
lonestar,Blended,210,176,0.8766951544834254,0.0,0.8766951544834254
lonestar,Blended,210,177,0.8799680692594452,0.0,0.8799680692594452
lonestar,Blended,210,178,0.8842015442193149,0.0,0.8842015442193149
lonestar,Blended,210,179,0.8886483872944904,0.0,0.8886483872944904
lonestar,Blended,210,180,0.8926609943392307,0.0,0.8926609943392307
lonestar,Blended,210,181,0.8955367574377306,0.0,0.8955367574377306
lonestar,Blended,210,182,0.8989240540123734,0.0,0.8989240540123734
lonestar,Blended,210,183,0.9034337533053212,0.0,0.9034337533053212
lonestar,Blended,210,184,0.9066497132861367,0.0,0.9066497132861367
lonestar,Blended,210,185,0.9098530511985401,0.0,0.9098530511985401
lonestar,Blended,210,186,0.913021892082799,0.0,0.913021892082799
lonestar,Blended,210,187,0.9161256297925887,0.0,0.9161256297925887
lonestar,Blended,210,188,0.9201261532368625,0.0,0.9201261532368625
lonestar,Blended,210,189,0.9231971438197064,0.0,0.9231971438197064
lonestar,Blended,210,190,0.9273018218293873,0.0,0.9273018218293873
lonestar,Blended,210,191,0.9310666796992496,0.0,0.9310666796992496
lonestar,Blended,210,192,0.9355398676262594,0.0,0.9355398676262594
lonestar,Blended,210,193,0.9401394673963759,0.0,0.9401394673963759
lonestar,Blended,210,194,0.94391175657174,0.0,0.94391175657174
lonestar,Blended,210,195,0.9482948409151601,0.0,0.9482948409151601
lonestar,Blended,210,196,0.9521596096209854,0.0,0.9521596096209854
lonestar,Blended,210,197,0.9560618072558718,0.0,0.9560618072558718
lonestar,Blended,210,198,0.9607209052597487,0.0,0.9607209052597487
lonestar,Blended,210,199,0.964107378257769,0.0,0.964107378257769
lonestar,Blended,210,200,0.9678419979623506,0.0,0.9678419979623506
lonestar,Blended,210,201,0.9709500909109917,0.0,0.9709500909109917
lonestar,Blended,210,202,0.9744289948532311,0.0,0.9744289948532311
lonestar,Blended,210,203,0.9775491204634174,0.0,0.9775491204634174
lonestar,Blended,210,204,0.9801844565358135,0.0,0.9801844565358135
lonestar,Blended,210,205,0.9842780043136524,0.0,0.9842780043136524
lonestar,Blended,210,206,0.9879265387557871,0.0,0.9879265387557871
lonestar,Blended,210,207,0.9901559224413649,0.0,0.9901559224413649
lonestar,Blended,210,208,0.9934927379108206,0.0,0.9934927379108206
lonestar,Blended,210,209,0.9969900576316778,0.0,0.9969900576316778
lonestar,Blended,210,210,1.0,0.0,1.0
lonestar,Blended,240,1,0.048084032036513596,0.0,0.048084032036513596
lonestar,Blended,240,2,0.06863273310055691,0.0,0.06863273310055691
lonestar,Blended,240,3,0.08234776960630869,0.0,0.08234776960630869
lonestar,Blended,240,4,0.09425720477954282,0.0,0.09425720477954282
lonestar,Blended,240,5,0.10504335411790865,0.0,0.10504335411790865
lonestar,Blended,240,6,0.11438373220751262,0.0,0.11438373220751262
lonestar,Blended,240,7,0.12553278470605667,0.0,0.12553278470605667
lonestar,Blended,240,8,0.13571246587366428,0.0,0.13571246587366428
lonestar,Blended,240,9,0.14349784147471092,0.0,0.14349784147471092
lonestar,Blended,240,10,0.15092538605559816,0.0,0.15092538605559816
lonestar,Blended,240,11,0.15718737136900673,0.0,0.15718737136900673
lonestar,Blended,240,12,0.1632745136818915,0.0,0.1632745136818915
lonestar,Blended,240,13,0.16906692889378075,0.0,0.16906692889378075
lonestar,Blended,240,14,0.17628571900034243,0.0,0.17628571900034243
lonestar,Blended,240,15,0.1814396050598007,0.0,0.1814396050598007
lonestar,Blended,240,16,0.18681321869145148,0.0,0.18681321869145148
lonestar,Blended,240,17,0.19339615681563466,0.0,0.19339615681563466
lonestar,Blended,240,18,0.19919018304651964,0.0,0.19919018304651964
lonestar,Blended,240,19,0.20544346627425047,0.0,0.20544346627425047
lonestar,Blended,240,20,0.21166883996980718,0.0,0.21166883996980718
lonestar,Blended,240,21,0.21720182306892363,0.0,0.21720182306892363
lonestar,Blended,240,22,0.22225857345423988,0.0,0.22225857345423988
lonestar,Blended,240,23,0.22712510738134656,0.0,0.22712510738134656
lonestar,Blended,240,24,0.23133513349605048,0.0,0.23133513349605048
lonestar,Blended,240,25,0.23605180872609097,0.0,0.23605180872609097
lonestar,Blended,240,26,0.24102656967519623,0.0,0.24102656967519623
lonestar,Blended,240,27,0.2461388975748176,0.0,0.2461388975748176
lonestar,Blended,240,28,0.25155382991669706,0.0,0.25155382991669706
lonestar,Blended,240,29,0.25717066658822807,0.0,0.25717066658822807
lonestar,Blended,240,30,0.26193815764606837,0.0,0.26193815764606837
lonestar,Blended,240,31,0.26718798404243876,0.0,0.26718798404243876
lonestar,Blended,240,32,0.27327485792556117,0.0,0.27327485792556117
lonestar,Blended,240,33,0.27876367407480496,0.0,0.27876367407480496
lonestar,Blended,240,34,0.2851782661470142,0.0,0.2851782661470142
lonestar,Blended,240,35,0.29182328750044,0.0,0.29182328750044
lonestar,Blended,240,36,0.29821677275019914,0.0,0.29821677275019914
lonestar,Blended,240,37,0.30275956402416726,0.0,0.30275956402416726
lonestar,Blended,240,38,0.3089768363132023,0.0,0.3089768363132023
lonestar,Blended,240,39,0.31349719535535436,0.0,0.31349719535535436
lonestar,Blended,240,40,0.31785797982814223,0.0,0.31785797982814223
lonestar,Blended,240,41,0.32385618425362345,0.0,0.32385618425362345
lonestar,Blended,240,42,0.3306387243351214,0.0,0.3306387243351214
lonestar,Blended,240,43,0.33600863539364967,0.0,0.33600863539364967
lonestar,Blended,240,44,0.3409494280125764,0.0,0.3409494280125764
lonestar,Blended,240,45,0.3452433790397918,0.0,0.3452433790397918
lonestar,Blended,240,46,0.34967548790833347,0.0,0.34967548790833347
lonestar,Blended,240,47,0.3532008805837391,0.0,0.3532008805837391
lonestar,Blended,240,48,0.3577543416175701,0.0,0.3577543416175701
lonestar,Blended,240,49,0.36194039081094936,0.0,0.36194039081094936
lonestar,Blended,240,50,0.3669532531003138,0.0,0.3669532531003138
lonestar,Blended,240,51,0.3709994147716976,0.0,0.3709994147716976
lonestar,Blended,240,52,0.3760218701938995,0.0,0.3760218701938995
lonestar,Blended,240,53,0.38073767671764597,0.0,0.38073767671764597
lonestar,Blended,240,54,0.3841181622584011,0.0,0.3841181622584011
lonestar,Blended,240,55,0.38814882865038636,0.0,0.38814882865038636
lonestar,Blended,240,56,0.3923103127323147,0.0,0.3923103127323147
lonestar,Blended,240,57,0.3970391792566007,0.0,0.3970391792566007
lonestar,Blended,240,58,0.40165125319539025,0.0,0.40165125319539025
lonestar,Blended,240,59,0.4050628633371521,0.0,0.4050628633371521
lonestar,Blended,240,60,0.40850860813177314,0.0,0.40850860813177314
lonestar,Blended,240,61,0.41213850522464535,0.0,0.41213850522464535
lonestar,Blended,240,62,0.4141603130415412,0.0,0.4141603130415412
lonestar,Blended,240,63,0.41752574610598064,0.0,0.41752574610598064
lonestar,Blended,240,64,0.4213516805333919,0.0,0.4213516805333919
lonestar,Blended,240,65,0.42485665955929175,0.0,0.42485665955929175
lonestar,Blended,240,66,0.42866472405586686,0.0,0.42866472405586686
lonestar,Blended,240,67,0.43282575222042785,0.0,0.43282575222042785
lonestar,Blended,240,68,0.4360966642780286,0.0,0.4360966642780286
lonestar,Blended,240,69,0.4398348829797409,0.0,0.4398348829797409
lonestar,Blended,240,70,0.44363090267609584,0.0,0.44363090267609584
lonestar,Blended,240,71,0.4471686966044649,0.0,0.4471686966044649
lonestar,Blended,240,72,0.4502484256030399,0.0,0.4502484256030399
lonestar,Blended,240,73,0.4547753990076985,0.0,0.4547753990076985
lonestar,Blended,240,74,0.4589974918925663,0.0,0.4589974918925663
lonestar,Blended,240,75,0.46203059299277566,0.0,0.46203059299277566
lonestar,Blended,240,76,0.4661859240969683,0.0,0.4661859240969683
lonestar,Blended,240,77,0.46974268378304995,0.0,0.46974268378304995
lonestar,Blended,240,78,0.4730759557229776,0.0,0.4730759557229776
lonestar,Blended,240,79,0.4765917639145702,0.0,0.4765917639145702
lonestar,Blended,240,80,0.48177067891454595,0.0,0.48177067891454595
lonestar,Blended,240,81,0.4859655744298206,0.0,0.4859655744298206
lonestar,Blended,240,82,0.4891756768747851,0.0,0.4891756768747851
lonestar,Blended,240,83,0.49365825947911224,0.0,0.49365825947911224
lonestar,Blended,240,84,0.5013284186243737,0.0,0.5013284186243737
lonestar,Blended,240,85,0.504217804250304,0.0,0.504217804250304
lonestar,Blended,240,86,0.5081044460407185,0.0,0.5081044460407185
lonestar,Blended,240,87,0.5108153389232041,0.0,0.5108153389232041
lonestar,Blended,240,88,0.5139824614062101,0.0,0.5139824614062101
lonestar,Blended,240,89,0.5175218696393934,0.0,0.5175218696393934
lonestar,Blended,240,90,0.5213190781168369,0.0,0.5213190781168369
lonestar,Blended,240,91,0.524936212859143,0.0,0.524936212859143
lonestar,Blended,240,92,0.5289621258956807,0.0,0.5289621258956807
lonestar,Blended,240,93,0.5326669292490913,0.0,0.5326669292490913
lonestar,Blended,240,94,0.5362984746543564,0.0,0.5362984746543564
lonestar,Blended,240,95,0.5395443852317628,0.0,0.5395443852317628
lonestar,Blended,240,96,0.5427313081936583,0.0,0.5427313081936583
lonestar,Blended,240,97,0.5459559090593856,0.0,0.5459559090593856
lonestar,Blended,240,98,0.5501295978116466,0.0,0.5501295978116466
lonestar,Blended,240,99,0.5541596190578608,0.0,0.5541596190578608
lonestar,Blended,240,100,0.5566383051194176,0.0,0.5566383051194176
lonestar,Blended,240,101,0.5592652154807132,0.0,0.5592652154807132
lonestar,Blended,240,102,0.5620475511371779,0.0,0.5620475511371779
lonestar,Blended,240,103,0.5646268445811332,0.0,0.5646268445811332
lonestar,Blended,240,104,0.5676182314261499,0.0,0.5676182314261499
lonestar,Blended,240,105,0.5699625283389207,0.0,0.5699625283389207
lonestar,Blended,240,106,0.5735473902600171,0.0,0.5735473902600171
lonestar,Blended,240,107,0.5772983252367687,0.0,0.5772983252367687
lonestar,Blended,240,108,0.5795286550048725,0.0,0.5795286550048725
lonestar,Blended,240,109,0.5821006260440155,0.0,0.5821006260440155
lonestar,Blended,240,110,0.5839681096829581,0.0,0.5839681096829581
lonestar,Blended,240,111,0.5876064469182686,0.0,0.5876064469182686
lonestar,Blended,240,112,0.5904585582810553,0.0,0.5904585582810553
lonestar,Blended,240,113,0.5928113672529085,0.0,0.5928113672529085
lonestar,Blended,240,114,0.5955442293745337,0.0,0.5955442293745337
lonestar,Blended,240,115,0.5987174102134444,0.0,0.5987174102134444
lonestar,Blended,240,116,0.6023513246784061,0.0,0.6023513246784061
lonestar,Blended,240,117,0.6047924952408888,0.0,0.6047924952408888
lonestar,Blended,240,118,0.6076251338001805,0.0,0.6076251338001805
lonestar,Blended,240,119,0.6099344711178827,0.0,0.6099344711178827
lonestar,Blended,240,120,0.6127981376580309,0.0,0.6127981376580309
lonestar,Blended,240,121,0.616306081902171,0.0,0.616306081902171
lonestar,Blended,240,122,0.6198355837957551,0.0,0.6198355837957551
lonestar,Blended,240,123,0.6230817094372447,0.0,0.6230817094372447
lonestar,Blended,240,124,0.6252845941143527,0.0,0.6252845941143527
lonestar,Blended,240,125,0.6290903062020098,0.0,0.6290903062020098
lonestar,Blended,240,126,0.6324375617493586,0.0,0.6324375617493586
lonestar,Blended,240,127,0.6354012670966966,0.0,0.6354012670966966
lonestar,Blended,240,128,0.6388848735800169,0.0,0.6388848735800169
lonestar,Blended,240,129,0.6411084876031008,0.0,0.6411084876031008
lonestar,Blended,240,130,0.644582636775638,0.0,0.644582636775638
lonestar,Blended,240,131,0.6470636914331322,0.0,0.6470636914331322
lonestar,Blended,240,132,0.6499841255400365,0.0,0.6499841255400365
lonestar,Blended,240,133,0.6537233485043333,0.0,0.6537233485043333
lonestar,Blended,240,134,0.656827024082129,0.0,0.656827024082129
lonestar,Blended,240,135,0.6595008087096068,0.0,0.6595008087096068
lonestar,Blended,240,136,0.6625075452199285,0.0,0.6625075452199285
lonestar,Blended,240,137,0.6669398333406795,0.0,0.6669398333406795
lonestar,Blended,240,138,0.670765592258058,0.0,0.670765592258058
lonestar,Blended,240,139,0.6756835367512887,0.0,0.6756835367512887
lonestar,Blended,240,140,0.6810200240021447,0.0,0.6810200240021447
lonestar,Blended,240,141,0.6855080964031047,0.0,0.6855080964031047
lonestar,Blended,240,142,0.6884132605687622,0.0,0.6884132605687622
lonestar,Blended,240,143,0.6912414926046434,0.0,0.6912414926046434
lonestar,Blended,240,144,0.6940315682827999,0.0,0.6940315682827999
lonestar,Blended,240,145,0.6975069134907296,0.0,0.6975069134907296
lonestar,Blended,240,146,0.7005085090071996,0.0,0.7005085090071996
lonestar,Blended,240,147,0.7040146290979062,0.0,0.7040146290979062
lonestar,Blended,240,148,0.7069044856062218,0.0,0.7069044856062218
lonestar,Blended,240,149,0.7094458417715924,0.0,0.7094458417715924
lonestar,Blended,240,150,0.7133159939832261,0.0,0.7133159939832261
lonestar,Blended,240,151,0.7170663293699785,0.0,0.7170663293699785
lonestar,Blended,240,152,0.7200998328530982,0.0,0.7200998328530982
lonestar,Blended,240,153,0.7229484700388525,0.0,0.7229484700388525
lonestar,Blended,240,154,0.725906642665318,0.0,0.725906642665318
lonestar,Blended,240,155,0.7285766389600197,0.0,0.7285766389600197
lonestar,Blended,240,156,0.7318385364763009,0.0,0.7318385364763009
lonestar,Blended,240,157,0.7345469703920275,0.0,0.7345469703920275
lonestar,Blended,240,158,0.737488390363352,0.0,0.737488390363352
lonestar,Blended,240,159,0.7399235682807997,0.0,0.7399235682807997
lonestar,Blended,240,160,0.7429762872089432,0.0,0.7429762872089432
lonestar,Blended,240,161,0.7461570472786366,0.0,0.7461570472786366
lonestar,Blended,240,162,0.750354941065771,0.0,0.750354941065771
lonestar,Blended,240,163,0.753628743437612,0.0,0.753628743437612
lonestar,Blended,240,164,0.7562216505947559,0.0,0.7562216505947559
lonestar,Blended,240,165,0.7597468654470766,0.0,0.7597468654470766
lonestar,Blended,240,166,0.7625760523514807,0.0,0.7625760523514807
lonestar,Blended,240,167,0.7667111962268173,0.0,0.7667111962268173
lonestar,Blended,240,168,0.7704650967879921,0.0,0.7704650967879921
lonestar,Blended,240,169,0.7738360264174438,0.0,0.7738360264174438
lonestar,Blended,240,170,0.7771496081184937,0.0,0.7771496081184937
lonestar,Blended,240,171,0.780965696180901,0.0,0.780965696180901
lonestar,Blended,240,172,0.7843264276315354,0.0,0.7843264276315354
lonestar,Blended,240,173,0.7874900259522328,0.0,0.7874900259522328
lonestar,Blended,240,174,0.7918402993477145,0.0,0.7918402993477145
lonestar,Blended,240,175,0.7958821967479193,0.0,0.7958821967479193
lonestar,Blended,240,176,0.7991499442315448,0.0,0.7991499442315448
lonestar,Blended,240,177,0.8021333640067708,0.0,0.8021333640067708
lonestar,Blended,240,178,0.8059923807479766,0.0,0.8059923807479766
lonestar,Blended,240,179,0.8100458928238211,0.0,0.8100458928238211
lonestar,Blended,240,180,0.8137035778008949,0.0,0.8137035778008949
lonestar,Blended,240,181,0.8163249746547916,0.0,0.8163249746547916
lonestar,Blended,240,182,0.8194126589597385,0.0,0.8194126589597385
lonestar,Blended,240,183,0.8235234675116391,0.0,0.8235234675116391
lonestar,Blended,240,184,0.8264549702422934,0.0,0.8264549702422934
lonestar,Blended,240,185,0.829374967348426,0.0,0.829374967348426
lonestar,Blended,240,186,0.8322635187485148,0.0,0.8322635187485148
lonestar,Blended,240,187,0.8350927254630759,0.0,0.8350927254630759
lonestar,Blended,240,188,0.8387393956551477,0.0,0.8387393956551477
lonestar,Blended,240,189,0.8415387517830611,0.0,0.8415387517830611
lonestar,Blended,240,190,0.8452803638881922,0.0,0.8452803638881922
lonestar,Blended,240,191,0.8487122135355339,0.0,0.8487122135355339
lonestar,Blended,240,192,0.8527897402152763,0.0,0.8527897402152763
lonestar,Blended,240,193,0.8569824973908786,0.0,0.8569824973908786
lonestar,Blended,240,194,0.8604211210318337,0.0,0.8604211210318337
lonestar,Blended,240,195,0.8644165139465696,0.0,0.8644165139465696
lonestar,Blended,240,196,0.8679394371427722,0.0,0.8679394371427722
lonestar,Blended,240,197,0.8714964786142029,0.0,0.8714964786142029
lonestar,Blended,240,198,0.8757434713013719,0.0,0.8757434713013719
lonestar,Blended,240,199,0.87883040487648,0.0,0.87883040487648
lonestar,Blended,240,200,0.882234690976819,0.0,0.882234690976819
lonestar,Blended,240,201,0.885067867701785,0.0,0.885067867701785
lonestar,Blended,240,202,0.8882390565434362,0.0,0.8882390565434362
lonestar,Blended,240,203,0.891083201620119,0.0,0.891083201620119
lonestar,Blended,240,204,0.8934854376362719,0.0,0.8934854376362719
lonestar,Blended,240,205,0.8972169039979135,0.0,0.8972169039979135
lonestar,Blended,240,206,0.900542719226899,0.0,0.900542719226899
lonestar,Blended,240,207,0.9025749100504585,0.0,0.9025749100504585
lonestar,Blended,240,208,0.9056165783917164,0.0,0.9056165783917164
lonestar,Blended,240,209,0.9088045541043571,0.0,0.9088045541043571
lonestar,Blended,240,210,0.9115482618384351,0.0,0.9115482618384351
lonestar,Blended,240,211,0.9142206800056427,0.0,0.9142206800056427
lonestar,Blended,240,212,0.916514614893036,0.0,0.916514614893036
lonestar,Blended,240,213,0.9205949600768731,0.0,0.9205949600768731
lonestar,Blended,240,214,0.9237348970663175,0.0,0.9237348970663175
lonestar,Blended,240,215,0.9265082317653888,0.0,0.9265082317653888
lonestar,Blended,240,216,0.9302702174005071,0.0,0.9302702174005071
lonestar,Blended,240,217,0.9329495721952581,0.0,0.9329495721952581
lonestar,Blended,240,218,0.936346528152026,0.0,0.936346528152026
lonestar,Blended,240,219,0.9391318244314592,0.0,0.9391318244314592
lonestar,Blended,240,220,0.9422879369625655,0.0,0.9422879369625655
lonestar,Blended,240,221,0.9450494073712149,0.0,0.9450494073712149
lonestar,Blended,240,222,0.9477846748399384,0.0,0.9477846748399384
lonestar,Blended,240,223,0.9506788037125825,0.0,0.9506788037125825
lonestar,Blended,240,224,0.9534712551589032,0.0,0.9534712551589032
lonestar,Blended,240,225,0.9566562845836468,0.0,0.9566562845836468
lonestar,Blended,240,226,0.9593473737068845,0.0,0.9593473737068845
lonestar,Blended,240,227,0.9619373509923332,0.0,0.9619373509923332
lonestar,Blended,240,228,0.9645670182172106,0.0,0.9645670182172106
lonestar,Blended,240,229,0.9671783201507214,0.0,0.9671783201507214
lonestar,Blended,240,230,0.9716043894941337,0.0,0.9716043894941337
lonestar,Blended,240,231,0.9750312483127407,0.0,0.9750312483127407
lonestar,Blended,240,232,0.9781840457254295,0.0,0.9781840457254295
lonestar,Blended,240,233,0.9813734553756251,0.0,0.9813734553756251
lonestar,Blended,240,234,0.9835546167011764,0.0,0.9835546167011764
lonestar,Blended,240,235,0.9861062414208558,0.0,0.9861062414208558
lonestar,Blended,240,236,0.9884826716433327,0.0,0.9884826716433327
lonestar,Blended,240,237,0.9908348643278893,0.0,0.9908348643278893
lonestar,Blended,240,238,0.9940247793049398,0.0,0.9940247793049398
lonestar,Blended,240,239,0.9971275065223921,0.0,0.9971275065223921
lonestar,Blended,240,240,1.0,0.0,1.0
lonestar,Blended,270,1,0.04439252596179206,0.0,0.04439252596179206
lonestar,Blended,270,2,0.06336366267457735,0.0,0.06336366267457735
lonestar,Blended,270,3,0.07602576874933771,0.0,0.07602576874933771
lonestar,Blended,270,4,0.08702089307078822,0.0,0.08702089307078822
lonestar,Blended,270,5,0.09697896842868596,0.0,0.09697896842868596
lonestar,Blended,270,6,0.10560226725106488,0.0,0.10560226725106488
lonestar,Blended,270,7,0.11589538497703179,0.0,0.11589538497703179
lonestar,Blended,270,8,0.12529355192302805,0.0,0.12529355192302805
lonestar,Blended,270,9,0.1324812288680338,0.0,0.1324812288680338
lonestar,Blended,270,10,0.13933854618678565,0.0,0.13933854618678565
lonestar,Blended,270,11,0.14511978652425894,0.0,0.14511978652425894
lonestar,Blended,270,12,0.150739606903562,0.0,0.150739606903562
lonestar,Blended,270,13,0.1560873269633109,0.0,0.1560873269633109
lonestar,Blended,270,14,0.16275191630088806,0.0,0.16275191630088806
lonestar,Blended,270,15,0.16751012835192572,0.0,0.16751012835192572
lonestar,Blended,270,16,0.17247119905561692,0.0,0.17247119905561692
lonestar,Blended,270,17,0.17854875202290468,0.0,0.17854875202290468
lonestar,Blended,270,18,0.18389795942054027,0.0,0.18389795942054027
lonestar,Blended,270,19,0.18967116574863438,0.0,0.18967116574863438
lonestar,Blended,270,20,0.19541860521444285,0.0,0.19541860521444285
lonestar,Blended,270,21,0.20052681027692942,0.0,0.20052681027692942
lonestar,Blended,270,22,0.2051953439513099,0.0,0.2051953439513099
lonestar,Blended,270,23,0.20968826446053365,0.0,0.20968826446053365
lonestar,Blended,270,24,0.21357507855829683,0.0,0.21357507855829683
lonestar,Blended,270,25,0.21792964531850348,0.0,0.21792964531850348
lonestar,Blended,270,26,0.2225224840475677,0.0,0.2225224840475677
lonestar,Blended,270,27,0.22724232844074999,0.0,0.22724232844074999
lonestar,Blended,270,28,0.23224154573570752,0.0,0.23224154573570752
lonestar,Blended,270,29,0.23742716676629708,0.0,0.23742716676629708
lonestar,Blended,270,30,0.2418286481228745,0.0,0.2418286481228745
lonestar,Blended,270,31,0.24667543498173858,0.0,0.24667543498173858
lonestar,Blended,270,32,0.25229500753916206,0.0,0.25229500753916206
lonestar,Blended,270,33,0.25736243643571927,0.0,0.25736243643571927
lonestar,Blended,270,34,0.2632845676098191,0.0,0.2632845676098191
lonestar,Blended,270,35,0.2694194375542658,0.0,0.2694194375542658
lonestar,Blended,270,36,0.27532208231834754,0.0,0.27532208231834754
lonestar,Blended,270,37,0.2795161145370994,0.0,0.2795161145370994
lonestar,Blended,270,38,0.28525607455735996,0.0,0.28525607455735996
lonestar,Blended,270,39,0.2894293967110216,0.0,0.2894293967110216
lonestar,Blended,270,40,0.2934553951500671,0.0,0.2934553951500671
lonestar,Blended,270,41,0.2989931055791781,0.0,0.2989931055791781
lonestar,Blended,270,42,0.3052549366674311,0.0,0.3052549366674311
lonestar,Blended,270,43,0.3102125890518486,0.0,0.3102125890518486
lonestar,Blended,270,44,0.31477406726650786,0.0,0.31477406726650786
lonestar,Blended,270,45,0.3187383631955508,0.0,0.3187383631955508
lonestar,Blended,270,46,0.32283021031566794,0.0,0.32283021031566794
lonestar,Blended,270,47,0.32608495163498186,0.0,0.32608495163498186
lonestar,Blended,270,48,0.3302888344750659,0.0,0.3302888344750659
lonestar,Blended,270,49,0.3341535124070936,0.0,0.3341535124070936
lonestar,Blended,270,50,0.3387815273612995,0.0,0.3387815273612995
lonestar,Blended,270,51,0.34251705721258396,0.0,0.34251705721258396
lonestar,Blended,270,52,0.347153928815879,0.0,0.347153928815879
lonestar,Blended,270,53,0.351507693562089,0.0,0.351507693562089
lonestar,Blended,270,54,0.35462865255357867,0.0,0.35462865255357867
lonestar,Blended,270,55,0.35834987672865726,0.0,0.35834987672865726
lonestar,Blended,270,56,0.3621918754613406,0.0,0.3621918754613406
lonestar,Blended,270,57,0.3665576975660635,0.0,0.3665576975660635
lonestar,Blended,270,58,0.3708156934826693,0.0,0.3708156934826693
lonestar,Blended,270,59,0.37396538757809517,0.0,0.37396538757809517
lonestar,Blended,270,60,0.37714659574168613,0.0,0.37714659574168613
lonestar,Blended,270,61,0.38049781846800823,0.0,0.38049781846800823
lonestar,Blended,270,62,0.3823644081070207,0.0,0.3823644081070207
lonestar,Blended,270,63,0.38547147023052053,0.0,0.38547147023052053
lonestar,Blended,270,64,0.3890036801181604,0.0,0.3890036801181604
lonestar,Blended,270,65,0.3922395749841451,0.0,0.3922395749841451
lonestar,Blended,270,66,0.3957552868508209,0.0,0.3957552868508209
lonestar,Blended,270,67,0.39959686466781325,0.0,0.39959686466781325
lonestar,Blended,270,68,0.40261666234878807,0.0,0.40261666234878807
lonestar,Blended,270,69,0.40606789062017346,0.0,0.40606789062017346
lonestar,Blended,270,70,0.40957248238972277,0.0,0.40957248238972277
lonestar,Blended,270,71,0.41283867289332554,0.0,0.41283867289332554
lonestar,Blended,270,72,0.41568196501618054,0.0,0.41568196501618054
lonestar,Blended,270,73,0.4198613937346799,0.0,0.4198613937346799
lonestar,Blended,270,74,0.4237593482128373,0.0,0.4237593482128373
lonestar,Blended,270,75,0.4265595921531445,0.0,0.4265595921531445
lonestar,Blended,270,76,0.43039591028434104,0.0,0.43039591028434104
lonestar,Blended,270,77,0.4336796105069916,0.0,0.4336796105069916
lonestar,Blended,270,78,0.4367569805790061,0.0,0.4367569805790061
lonestar,Blended,270,79,0.4400028732342525,0.0,0.4400028732342525
lonestar,Blended,270,80,0.44478419270462793,0.0,0.44478419270462793
lonestar,Blended,270,81,0.4486570378089533,0.0,0.4486570378089533
lonestar,Blended,270,82,0.4516206943513141,0.0,0.4516206943513141
lonestar,Blended,270,83,0.45575914023886693,0.0,0.45575914023886693
lonestar,Blended,270,84,0.46284044612287706,0.0,0.46284044612287706
lonestar,Blended,270,85,0.46550800790961205,0.0,0.46550800790961205
lonestar,Blended,270,86,0.46909626453613906,0.0,0.46909626453613906
lonestar,Blended,270,87,0.4715990368197528,0.0,0.4715990368197528
lonestar,Blended,270,88,0.4745230130566926,0.0,0.4745230130566926
lonestar,Blended,270,89,0.47779069393174184,0.0,0.47779069393174184
lonestar,Blended,270,90,0.4812963832173084,0.0,0.4812963832173084
lonestar,Blended,270,91,0.4846358233839149,0.0,0.4846358233839149
lonestar,Blended,270,92,0.48835265912802844,0.0,0.48835265912802844
lonestar,Blended,270,93,0.49177303741337536,0.0,0.49177303741337536
lonestar,Blended,270,94,0.4951257819078936,0.0,0.4951257819078936
lonestar,Blended,270,95,0.49812249752167054,0.0,0.49812249752167054
lonestar,Blended,270,96,0.5010647541156421,0.0,0.5010647541156421
lonestar,Blended,270,97,0.5040417960063787,0.0,0.5040417960063787
lonestar,Blended,270,98,0.5078950624327567,0.0,0.5078950624327567
lonestar,Blended,270,99,0.5116156909911789,0.0,0.5116156909911789
lonestar,Blended,270,100,0.5139040834299667,0.0,0.5139040834299667
lonestar,Blended,270,101,0.5163293206963541,0.0,0.5163293206963541
lonestar,Blended,270,102,0.5188980509511346,0.0,0.5188980509511346
lonestar,Blended,270,103,0.5212793269449388,0.0,0.5212793269449388
lonestar,Blended,270,104,0.5240410591157836,0.0,0.5240410591157836
lonestar,Blended,270,105,0.5262053797260705,0.0,0.5262053797260705
lonestar,Blended,270,106,0.5295150247196698,0.0,0.5295150247196698
lonestar,Blended,270,107,0.5329779930125533,0.0,0.5329779930125533
lonestar,Blended,270,108,0.5350370959608818,0.0,0.5350370959608818
lonestar,Blended,270,109,0.5374116117053481,0.0,0.5374116117053481
lonestar,Blended,270,110,0.5391357249382408,0.0,0.5391357249382408
lonestar,Blended,270,111,0.5424947398406021,0.0,0.5424947398406021
lonestar,Blended,270,112,0.5451278889829679,0.0,0.5451278889829679
lonestar,Blended,270,113,0.5473000681647557,0.0,0.5473000681647557
lonestar,Blended,270,114,0.549823123065645,0.0,0.549823123065645
lonestar,Blended,270,115,0.5527526925465452,0.0,0.5527526925465452
lonestar,Blended,270,116,0.5561076242233699,0.0,0.5561076242233699
lonestar,Blended,270,117,0.5583613813020168,0.0,0.5583613813020168
lonestar,Blended,270,118,0.5609765526064581,0.0,0.5609765526064581
lonestar,Blended,270,119,0.5631085975388128,0.0,0.5631085975388128
lonestar,Blended,270,120,0.5657524147447599,0.0,0.5657524147447599
lonestar,Blended,270,121,0.568991047183326,0.0,0.568991047183326
lonestar,Blended,270,122,0.5722495822480258,0.0,0.5722495822480258
lonestar,Blended,270,123,0.5752464964149916,0.0,0.5752464964149916
lonestar,Blended,270,124,0.5772802612861465,0.0,0.5772802612861465
lonestar,Blended,270,125,0.5807938013429814,0.0,0.5807938013429814
lonestar,Blended,270,126,0.5838840814732666,0.0,0.5838840814732666
lonestar,Blended,270,127,0.5866202573096628,0.0,0.5866202573096628
lonestar,Blended,270,128,0.5898364204453588,0.0,0.5898364204453588
lonestar,Blended,270,129,0.5918893232296719,0.0,0.5918893232296719
lonestar,Blended,270,130,0.5950967551110058,0.0,0.5950967551110058
lonestar,Blended,270,131,0.5973873343039445,0.0,0.5973873343039445
lonestar,Blended,270,132,0.600083560918468,0.0,0.600083560918468
lonestar,Blended,270,133,0.6035357163532167,0.0,0.6035357163532167
lonestar,Blended,270,134,0.6064011166291263,0.0,0.6064011166291263
lonestar,Blended,270,135,0.6088696295317343,0.0,0.6088696295317343
lonestar,Blended,270,136,0.6116455329437728,0.0,0.6116455329437728
lonestar,Blended,270,137,0.6157375455545532,0.0,0.6157375455545532
lonestar,Blended,270,138,0.6192695934064121,0.0,0.6192695934064121
lonestar,Blended,270,139,0.6238099775910954,0.0,0.6238099775910954
lonestar,Blended,270,140,0.6287367721795464,0.0,0.6287367721795464
lonestar,Blended,270,141,0.6328802864012059,0.0,0.6328802864012059
lonestar,Blended,270,142,0.6355624153780204,0.0,0.6355624153780204
lonestar,Blended,270,143,0.6381735184565536,0.0,0.6381735184565536
lonestar,Blended,270,144,0.6407493945162791,0.0,0.6407493945162791
lonestar,Blended,270,145,0.6439579306110069,0.0,0.6439579306110069
lonestar,Blended,270,146,0.646729087713442,0.0,0.646729087713442
lonestar,Blended,270,147,0.6499660360424353,0.0,0.6499660360424353
lonestar,Blended,270,148,0.652634032560985,0.0,0.652634032560985
lonestar,Blended,270,149,0.6549802837959835,0.0,0.6549802837959835
lonestar,Blended,270,150,0.6585533167812492,0.0,0.6585533167812492
lonestar,Blended,270,151,0.6620157315158415,0.0,0.6620157315158415
lonestar,Blended,270,152,0.6648163469473286,0.0,0.6648163469473286
lonestar,Blended,270,153,0.6674462886320919,0.0,0.6674462886320919
lonestar,Blended,270,154,0.6701773565055205,0.0,0.6701773565055205
lonestar,Blended,270,155,0.672642371913139,0.0,0.672642371913139
lonestar,Blended,270,156,0.6756538471169294,0.0,0.6756538471169294
lonestar,Blended,270,157,0.6781543492135171,0.0,0.6781543492135171
lonestar,Blended,270,158,0.6808699505662157,0.0,0.6808699505662157
lonestar,Blended,270,159,0.6831181750670184,0.0,0.6831181750670184
lonestar,Blended,270,160,0.6859365307358766,0.0,0.6859365307358766
lonestar,Blended,270,161,0.6888730975750483,0.0,0.6888730975750483
lonestar,Blended,270,162,0.6927487107679832,0.0,0.6927487107679832
lonestar,Blended,270,163,0.6957711768680673,0.0,0.6957711768680673
lonestar,Blended,270,164,0.6981650214234203,0.0,0.6981650214234203
lonestar,Blended,270,165,0.7014195985714786,0.0,0.7014195985714786
lonestar,Blended,270,166,0.704031583211393,0.0,0.704031583211393
lonestar,Blended,270,167,0.7078492639271496,0.0,0.7078492639271496
lonestar,Blended,270,168,0.711314970130685,0.0,0.711314970130685
lonestar,Blended,270,169,0.7144271068370488,0.0,0.7144271068370488
lonestar,Blended,270,170,0.7174862983286998,0.0,0.7174862983286998
lonestar,Blended,270,171,0.7210094177762174,0.0,0.7210094177762174
lonestar,Blended,270,172,0.7241121392380867,0.0,0.7241121392380867
lonestar,Blended,270,173,0.7270328618696164,0.0,0.7270328618696164
lonestar,Blended,270,174,0.7310491561875131,0.0,0.7310491561875131
lonestar,Blended,270,175,0.7347807491441362,0.0,0.7347807491441362
lonestar,Blended,270,176,0.7377976252017278,0.0,0.7377976252017278
lonestar,Blended,270,177,0.7405520019504596,0.0,0.7405520019504596
lonestar,Blended,270,178,0.7441147543573475,0.0,0.7441147543573475
lonestar,Blended,270,179,0.7478570703080298,0.0,0.7478570703080298
lonestar,Blended,270,180,0.7512339475878199,0.0,0.7512339475878199
lonestar,Blended,270,181,0.753654094629657,0.0,0.753654094629657
lonestar,Blended,270,182,0.7565047313143071,0.0,0.7565047313143071
lonestar,Blended,270,183,0.7602999449774547,0.0,0.7602999449774547
lonestar,Blended,270,184,0.7630063904556296,0.0,0.7630063904556296
lonestar,Blended,270,185,0.7657022136187934,0.0,0.7657022136187934
lonestar,Blended,270,186,0.7683690052248517,0.0,0.7683690052248517
lonestar,Blended,270,187,0.7709810081540582,0.0,0.7709810081540582
lonestar,Blended,270,188,0.774347716275638,0.0,0.774347716275638
lonestar,Blended,270,189,0.7769321603066698,0.0,0.7769321603066698
lonestar,Blended,270,190,0.7803865214631936,0.0,0.7803865214631936
lonestar,Blended,270,191,0.783554901237396,0.0,0.783554901237396
lonestar,Blended,270,192,0.7873193881434215,0.0,0.7873193881434215
lonestar,Blended,270,193,0.7911902590726329,0.0,0.7911902590726329
lonestar,Blended,270,194,0.7943648927875845,0.0,0.7943648927875845
lonestar,Blended,270,195,0.7980535514999049,0.0,0.7980535514999049
lonestar,Blended,270,196,0.8013060129268098,0.0,0.8013060129268098
lonestar,Blended,270,197,0.8045899733015918,0.0,0.8045899733015918
lonestar,Blended,270,198,0.8085109159750664,0.0,0.8085109159750664
lonestar,Blended,270,199,0.8113608595648897,0.0,0.8113608595648897
lonestar,Blended,270,200,0.814503791900013,0.0,0.814503791900013
lonestar,Blended,270,201,0.8171194600540874,0.0,0.8171194600540874
lonestar,Blended,270,202,0.8200471904672908,0.0,0.8200471904672908
lonestar,Blended,270,203,0.8226729849110651,0.0,0.8226729849110651
lonestar,Blended,270,204,0.8248907965253748,0.0,0.8248907965253748
lonestar,Blended,270,205,0.8283357908471684,0.0,0.8283357908471684
lonestar,Blended,270,206,0.8314062766746619,0.0,0.8314062766746619
lonestar,Blended,270,207,0.8332824521964167,0.0,0.8332824521964167
lonestar,Blended,270,208,0.8360906056537624,0.0,0.8360906056537624
lonestar,Blended,270,209,0.8390338341767261,0.0,0.8390338341767261
lonestar,Blended,270,210,0.8415669020509869,0.0,0.8415669020509869
lonestar,Blended,270,211,0.8440341533991775,0.0,0.8440341533991775
lonestar,Blended,270,212,0.8461519783762081,0.0,0.8461519783762081
lonestar,Blended,270,213,0.8499190674042043,0.0,0.8499190674042043
lonestar,Blended,270,214,0.8528179452315972,0.0,0.8528179452315972
lonestar,Blended,270,215,0.8553783655502545,0.0,0.8553783655502545
lonestar,Blended,270,216,0.8588515361206438,0.0,0.8588515361206438
lonestar,Blended,270,217,0.861325191557786,0.0,0.861325191557786
lonestar,Blended,270,218,0.8644613564989325,0.0,0.8644613564989325
lonestar,Blended,270,219,0.8670328200838109,0.0,0.8670328200838109
lonestar,Blended,270,220,0.8699466316245961,0.0,0.8699466316245961
lonestar,Blended,270,221,0.8724960984978315,0.0,0.8724960984978315
lonestar,Blended,270,222,0.8750213740825735,0.0,0.8750213740825735
lonestar,Blended,270,223,0.877693314967607,0.0,0.877693314967607
lonestar,Blended,270,224,0.8802713844030841,0.0,0.8802713844030841
lonestar,Blended,270,225,0.8832118928304896,0.0,0.8832118928304896
lonestar,Blended,270,226,0.8856963817285526,0.0,0.8856963817285526
lonestar,Blended,270,227,0.8880875213442451,0.0,0.8880875213442451
lonestar,Blended,270,228,0.890515303824354,0.0,0.890515303824354
lonestar,Blended,270,229,0.8929261309527742,0.0,0.8929261309527742
lonestar,Blended,270,230,0.8970124022140303,0.0,0.8970124022140303
lonestar,Blended,270,231,0.9001761743152735,0.0,0.9001761743152735
lonestar,Blended,270,232,0.9030869252458273,0.0,0.9030869252458273
lonestar,Blended,270,233,0.9060314776201287,0.0,0.9060314776201287
lonestar,Blended,270,234,0.9080451868843156,0.0,0.9080451868843156
lonestar,Blended,270,235,0.9104009183364348,0.0,0.9104009183364348
lonestar,Blended,270,236,0.9125949053187989,0.0,0.9125949053187989
lonestar,Blended,270,237,0.9147665155268826,0.0,0.9147665155268826
lonestar,Blended,270,238,0.9177115344330986,0.0,0.9177115344330986
lonestar,Blended,270,239,0.9205760591561608,0.0,0.9205760591561608
lonestar,Blended,270,240,0.9232280256381512,0.0,0.9232280256381512
lonestar,Blended,270,241,0.9253316012826579,0.0,0.9253316012826579
lonestar,Blended,270,242,0.92785715102193,0.0,0.92785715102193
lonestar,Blended,270,243,0.9304271070920449,0.0,0.9304271070920449
lonestar,Blended,270,244,0.9337863533842119,0.0,0.9337863533842119
lonestar,Blended,270,245,0.9363468588315375,0.0,0.9363468588315375
lonestar,Blended,270,246,0.9385189033969207,0.0,0.9385189033969207
lonestar,Blended,270,247,0.9409484802821083,0.0,0.9409484802821083
lonestar,Blended,270,248,0.9435810280434656,0.0,0.9435810280434656
lonestar,Blended,270,249,0.9456972684207179,0.0,0.9456972684207179
lonestar,Blended,270,250,0.9479857958165038,0.0,0.9479857958165038
lonestar,Blended,270,251,0.9508043517289926,0.0,0.9508043517289926
lonestar,Blended,270,252,0.954065426568398,0.0,0.954065426568398
lonestar,Blended,270,253,0.9568280650112994,0.0,0.9568280650112994
lonestar,Blended,270,254,0.9597423464355218,0.0,0.9597423464355218
lonestar,Blended,270,255,0.9620965629995278,0.0,0.9620965629995278
lonestar,Blended,270,256,0.9646368567560265,0.0,0.9646368567560265
lonestar,Blended,270,257,0.9676516737968925,0.0,0.9676516737968925
lonestar,Blended,270,258,0.9700777711315519,0.0,0.9700777711315519
lonestar,Blended,270,259,0.9728627106043283,0.0,0.9728627106043283
lonestar,Blended,270,260,0.9756485355493154,0.0,0.9756485355493154
lonestar,Blended,270,261,0.9775927436237343,0.0,0.9775927436237343
lonestar,Blended,270,262,0.9798535224251793,0.0,0.9798535224251793
lonestar,Blended,270,263,0.9823810281129087,0.0,0.9823810281129087
lonestar,Blended,270,264,0.9849327539122242,0.0,0.9849327539122242
lonestar,Blended,270,265,0.9871439429183239,0.0,0.9871439429183239
lonestar,Blended,270,266,0.9901837301414829,0.0,0.9901837301414829
lonestar,Blended,270,267,0.9931407488384059,0.0,0.9931407488384059
lonestar,Blended,270,268,0.9957780966501069,0.0,0.9957780966501069
lonestar,Blended,270,269,0.9979969753891405,0.0,0.9979969753891405
lonestar,Blended,270,270,1.0,0.0,1.0
lonestar,Blended,365,1,0.035818043957030386,0.0,0.035818043957030386
lonestar,Blended,365,2,0.05112487757308141,0.0,0.05112487757308141
lonestar,Blended,365,3,0.06134127914402819,0.0,0.06134127914402819
lonestar,Blended,365,4,0.07021267895123191,0.0,0.07021267895123191
lonestar,Blended,365,5,0.07824733733502358,0.0,0.07824733733502358
lonestar,Blended,365,6,0.08520503324402448,0.0,0.08520503324402448
lonestar,Blended,365,7,0.09351002006727685,0.0,0.09351002006727685
lonestar,Blended,365,8,0.1010929171765094,0.0,0.1010929171765094
lonestar,Blended,365,9,0.10689228369570074,0.0,0.10689228369570074
lonestar,Blended,365,10,0.11242510003874365,0.0,0.11242510003874365
lonestar,Blended,365,11,0.1170896852599586,0.0,0.1170896852599586
lonestar,Blended,365,12,0.12162402902651379,0.0,0.12162402902651379
lonestar,Blended,365,13,0.12593882905241993,0.0,0.12593882905241993
lonestar,Blended,365,14,0.13131614310871742,0.0,0.13131614310871742
lonestar,Blended,365,15,0.13515529946912871,0.0,0.13515529946912871
lonestar,Blended,365,16,0.13915813203359434,0.0,0.13915813203359434
lonestar,Blended,365,17,0.1440617966622044,0.0,0.1440617966622044
lonestar,Blended,365,18,0.14837779674448603,0.0,0.14837779674448603
lonestar,Blended,365,19,0.15303589973710818,0.0,0.15303589973710818
lonestar,Blended,365,20,0.15767321277498042,0.0,0.15767321277498042
lonestar,Blended,365,21,0.16179476047936525,0.0,0.16179476047936525
lonestar,Blended,365,22,0.1655615599741216,0.0,0.1655615599741216
lonestar,Blended,365,23,0.16918666624613976,0.0,0.16918666624613976
lonestar,Blended,365,24,0.17232273645593835,0.0,0.17232273645593835
lonestar,Blended,365,25,0.17583621221005846,0.0,0.17583621221005846
lonestar,Blended,365,26,0.1795419373500688,0.0,0.1795419373500688
lonestar,Blended,365,27,0.18335013682244958,0.0,0.18335013682244958
lonestar,Blended,365,28,0.18738374790769513,0.0,0.18738374790769513
lonestar,Blended,365,29,0.1915677585715177,0.0,0.1915677585715177
lonestar,Blended,365,30,0.19511908729837654,0.0,0.19511908729837654
lonestar,Blended,365,31,0.1990297101115629,0.0,0.1990297101115629
lonestar,Blended,365,32,0.2035638539234009,0.0,0.2035638539234009
lonestar,Blended,365,33,0.2076525014385756,0.0,0.2076525014385756
lonestar,Blended,365,34,0.21243076422307625,0.0,0.21243076422307625
lonestar,Blended,365,35,0.2173806749699885,0.0,0.2173806749699885
lonestar,Blended,365,36,0.2221432151733683,0.0,0.2221432151733683
lonestar,Blended,365,37,0.22552716386999683,0.0,0.22552716386999683
lonestar,Blended,365,38,0.23015844212828385,0.0,0.23015844212828385
lonestar,Blended,365,39,0.2335256809395053,0.0,0.2335256809395053
lonestar,Blended,365,40,0.23677405182934336,0.0,0.23677405182934336
lonestar,Blended,365,41,0.24124214530395036,0.0,0.24124214530395036
lonestar,Blended,365,42,0.24629449446208532,0.0,0.24629449446208532
lonestar,Blended,365,43,0.25029456896069746,0.0,0.25029456896069746
lonestar,Blended,365,44,0.25397499091601317,0.0,0.25397499091601317
lonestar,Blended,365,45,0.25717357722685635,0.0,0.25717357722685635
lonestar,Blended,365,46,0.26047507802768816,0.0,0.26047507802768816
lonestar,Blended,365,47,0.26310116125044253,0.0,0.26310116125044253
lonestar,Blended,365,48,0.26649305790633304,0.0,0.26649305790633304
lonestar,Blended,365,49,0.26961126758352677,0.0,0.26961126758352677
lonestar,Blended,365,50,0.27334537460879976,0.0,0.27334537460879976
lonestar,Blended,365,51,0.27635938134793564,0.0,0.27635938134793564
lonestar,Blended,365,52,0.28010063434743543,0.0,0.28010063434743543
lonestar,Blended,365,53,0.2836134629977478,0.0,0.2836134629977478
lonestar,Blended,365,54,0.28613160414703676,0.0,0.28613160414703676
lonestar,Blended,365,55,0.2891340683724707,0.0,0.2891340683724707
lonestar,Blended,365,56,0.29223397937119483,0.0,0.29223397937119483
lonestar,Blended,365,57,0.2957565364834017,0.0,0.2957565364834017
lonestar,Blended,365,58,0.29919209419510095,0.0,0.29919209419510095
lonestar,Blended,365,59,0.30173342022052835,0.0,0.30173342022052835
lonestar,Blended,365,60,0.30430017332527476,0.0,0.30430017332527476
lonestar,Blended,365,61,0.3070041024286674,0.0,0.3070041024286674
lonestar,Blended,365,62,0.3085101575199553,0.0,0.3085101575199553
lonestar,Blended,365,63,0.3110170860018472,0.0,0.3110170860018472
lonestar,Blended,365,64,0.3138670443288375,0.0,0.3138670443288375
lonestar,Blended,365,65,0.3164779213185795,0.0,0.3164779213185795
lonestar,Blended,365,66,0.31931456824174015,0.0,0.31931456824174015
lonestar,Blended,365,67,0.32241413962526116,0.0,0.32241413962526116
lonestar,Blended,365,68,0.32485065892068465,0.0,0.32485065892068465
lonestar,Blended,365,69,0.3276352773502965,0.0,0.3276352773502965
lonestar,Blended,365,70,0.3304629520395269,0.0,0.3304629520395269
lonestar,Blended,365,71,0.3330982730197021,0.0,0.3330982730197021
lonestar,Blended,365,72,0.33539237906644404,0.0,0.33539237906644404
lonestar,Blended,365,73,0.33876454495047886,0.0,0.33876454495047886
lonestar,Blended,365,74,0.3419096037597323,0.0,0.3419096037597323
lonestar,Blended,365,75,0.34416897644401384,0.0,0.34416897644401384
lonestar,Blended,365,76,0.34726430405782466,0.0,0.34726430405782466
lonestar,Blended,365,77,0.34991375272893294,0.0,0.34991375272893294
lonestar,Blended,365,78,0.35239672422297075,0.0,0.35239672422297075
lonestar,Blended,365,79,0.3550156679142012,0.0,0.3550156679142012
lonestar,Blended,365,80,0.35887346846175083,0.0,0.35887346846175083
lonestar,Blended,365,81,0.36199826780984123,0.0,0.36199826780984123
lonestar,Blended,365,82,0.3643894897105545,0.0,0.3643894897105545
lonestar,Blended,365,83,0.36772858865801566,0.0,0.36772858865801566
lonestar,Blended,365,84,0.3734421298438665,0.0,0.3734421298438665
lonestar,Blended,365,85,0.3755944481286517,0.0,0.3755944481286517
lonestar,Blended,365,86,0.3784896276840721,0.0,0.3784896276840721
lonestar,Blended,365,87,0.38050898580183434,0.0,0.38050898580183434
lonestar,Blended,365,88,0.38286819170676895,0.0,0.38286819170676895
lonestar,Blended,365,89,0.38550471519094276,0.0,0.38550471519094276
lonestar,Blended,365,90,0.38833327540934953,0.0,0.38833327540934953
lonestar,Blended,365,91,0.3910276977718511,0.0,0.3910276977718511
lonestar,Blended,365,92,0.39402662119824733,0.0,0.39402662119824733
lonestar,Blended,365,93,0.39678634836222243,0.0,0.39678634836222243
lonestar,Blended,365,94,0.39949150530203487,0.0,0.39949150530203487
lonestar,Blended,365,95,0.40190940086565663,0.0,0.40190940086565663
lonestar,Blended,365,96,0.40428335624964273,0.0,0.40428335624964273
lonestar,Blended,365,97,0.4066853780989084,0.0,0.4066853780989084
lonestar,Blended,365,98,0.4097943804196358,0.0,0.4097943804196358
lonestar,Blended,365,99,0.41279636407265086,0.0,0.41279636407265086
lonestar,Blended,365,100,0.4146427501294836,0.0,0.4146427501294836
lonestar,Blended,365,101,0.4165995492331988,0.0,0.4165995492331988
lonestar,Blended,365,102,0.4186721254425065,0.0,0.4186721254425065
lonestar,Blended,365,103,0.42059345445841595,0.0,0.42059345445841595
lonestar,Blended,365,104,0.42282175397842964,0.0,0.42282175397842964
lonestar,Blended,365,105,0.42456803286382333,0.0,0.42456803286382333
lonestar,Blended,365,106,0.4272384150350233,0.0,0.4272384150350233
lonestar,Blended,365,107,0.43003250588362835,0.0,0.43003250588362835
lonestar,Blended,365,108,0.4316938900539898,0.0,0.4316938900539898
lonestar,Blended,365,109,0.43360976457271305,0.0,0.43360976457271305
lonestar,Blended,365,110,0.4350008627863131,0.0,0.4350008627863131
lonestar,Blended,365,111,0.4377110789954258,0.0,0.4377110789954258
lonestar,Blended,365,112,0.43983563148896593,0.0,0.43983563148896593
lonestar,Blended,365,113,0.4415882510511595,0.0,0.4415882510511595
lonestar,Blended,365,114,0.4436239741686913,0.0,0.4436239741686913
lonestar,Blended,365,115,0.44598769297424823,0.0,0.44598769297424823
lonestar,Blended,365,116,0.4486946146388717,0.0,0.4486946146388717
lonestar,Blended,365,117,0.4505130552065683,0.0,0.4505130552065683
lonestar,Blended,365,118,0.45262310230815167,0.0,0.45262310230815167
lonestar,Blended,365,119,0.4543433396105113,0.0,0.4543433396105113
lonestar,Blended,365,120,0.456476499615384,0.0,0.456476499615384
lonestar,Blended,365,121,0.459089585411517,0.0,0.459089585411517
lonestar,Blended,365,122,0.4617187296121285,0.0,0.4617187296121285
lonestar,Blended,365,123,0.46413678537809727,0.0,0.46413678537809727
lonestar,Blended,365,124,0.4657777255583426,0.0,0.4657777255583426
lonestar,Blended,365,125,0.46861262015994326,0.0,0.46861262015994326
lonestar,Blended,365,126,0.4711060081154149,0.0,0.4711060081154149
lonestar,Blended,365,127,0.4733136875447529,0.0,0.4733136875447529
lonestar,Blended,365,128,0.4759086440170764,0.0,0.4759086440170764
lonestar,Blended,365,129,0.4775650255942663,0.0,0.4775650255942663
lonestar,Blended,365,130,0.4801529372669131,0.0,0.4801529372669131
lonestar,Blended,365,131,0.4820010877031003,0.0,0.4820010877031003
lonestar,Blended,365,132,0.4841765341618181,0.0,0.4841765341618181
lonestar,Blended,365,133,0.48696190067181916,0.0,0.48696190067181916
lonestar,Blended,365,134,0.48927384464917595,0.0,0.48927384464917595
lonestar,Blended,365,135,0.4912655606360114,0.0,0.4912655606360114
lonestar,Blended,365,136,0.4935052942010362,0.0,0.4935052942010362
lonestar,Blended,365,137,0.4968069285277651,0.0,0.4968069285277651
lonestar,Blended,365,138,0.499656756116425,0.0,0.499656756116425
lonestar,Blended,365,139,0.5033201583848331,0.0,0.5033201583848331
lonestar,Blended,365,140,0.5072953353163796,0.0,0.5072953353163796
lonestar,Blended,365,141,0.5106385236417234,0.0,0.5106385236417234
lonestar,Blended,365,142,0.512802595442293,0.0,0.512802595442293
lonestar,Blended,365,143,0.5149093601018154,0.0,0.5149093601018154
lonestar,Blended,365,144,0.5169877018932809,0.0,0.5169877018932809
lonestar,Blended,365,145,0.5195765044988726,0.0,0.5195765044988726
lonestar,Blended,365,146,0.5218124085110093,0.0,0.5218124085110093
lonestar,Blended,365,147,0.5244241354858228,0.0,0.5244241354858228
lonestar,Blended,365,148,0.5265768045333301,0.0,0.5265768045333301
lonestar,Blended,365,149,0.5284698738743661,0.0,0.5284698738743661
lonestar,Blended,365,150,0.5313527702573365,0.0,0.5313527702573365
lonestar,Blended,365,151,0.5341464144682524,0.0,0.5341464144682524
lonestar,Blended,365,152,0.5364060868896433,0.0,0.5364060868896433
lonestar,Blended,365,153,0.5385280514507579,0.0,0.5385280514507579
lonestar,Blended,365,154,0.5407316095277254,0.0,0.5407316095277254
lonestar,Blended,365,155,0.5427205035658982,0.0,0.5427205035658982
lonestar,Blended,365,156,0.5451503078829066,0.0,0.5451503078829066
lonestar,Blended,365,157,0.5471678343036224,0.0,0.5471678343036224
lonestar,Blended,365,158,0.5493589132411995,0.0,0.5493589132411995
lonestar,Blended,365,159,0.55117288985664,0.0,0.55117288985664
lonestar,Blended,365,160,0.5534468759623324,0.0,0.5534468759623324
lonestar,Blended,365,161,0.555816240576068,0.0,0.555816240576068
lonestar,Blended,365,162,0.5589432733523616,0.0,0.5589432733523616
lonestar,Blended,365,163,0.5613819456577994,0.0,0.5613819456577994
lonestar,Blended,365,164,0.5633134155990172,0.0,0.5633134155990172
lonestar,Blended,365,165,0.5659393663604366,0.0,0.5659393663604366
lonestar,Blended,365,166,0.5680468423064565,0.0,0.5680468423064565
lonestar,Blended,365,167,0.5711271323491671,0.0,0.5711271323491671
lonestar,Blended,365,168,0.5739234322769348,0.0,0.5739234322769348
lonestar,Blended,365,169,0.5764344551785098,0.0,0.5764344551785098
lonestar,Blended,365,170,0.5789027593118506,0.0,0.5789027593118506
lonestar,Blended,365,171,0.5817453830306646,0.0,0.5817453830306646
lonestar,Blended,365,172,0.5842488092561356,0.0,0.5842488092561356
lonestar,Blended,365,173,0.5866053899943541,0.0,0.5866053899943541
lonestar,Blended,365,174,0.5898459311283867,0.0,0.5898459311283867
lonestar,Blended,365,175,0.592856761389884,0.0,0.592856761389884
lonestar,Blended,365,176,0.5952909233777991,0.0,0.5952909233777991
lonestar,Blended,365,177,0.5975132881863529,0.0,0.5975132881863529
lonestar,Blended,365,178,0.6003878896998546,0.0,0.6003878896998546
lonestar,Blended,365,179,0.6034073717932593,0.0,0.6034073717932593
lonestar,Blended,365,180,0.6061320002351984,0.0,0.6061320002351984
lonestar,Blended,365,181,0.608084692298759,0.0,0.608084692298759
lonestar,Blended,365,182,0.6103847242943296,0.0,0.6103847242943296
lonestar,Blended,365,183,0.6134468868288504,0.0,0.6134468868288504
lonestar,Blended,365,184,0.6156305783626012,0.0,0.6156305783626012
lonestar,Blended,365,185,0.6178056992971857,0.0,0.6178056992971857
lonestar,Blended,365,186,0.6199573961628303,0.0,0.6199573961628303
lonestar,Blended,365,187,0.6220648868655385,0.0,0.6220648868655385
lonestar,Blended,365,188,0.6247813103372064,0.0,0.6247813103372064
lonestar,Blended,365,189,0.6268665651836562,0.0,0.6268665651836562
lonestar,Blended,365,190,0.6296537113770115,0.0,0.6296537113770115
lonestar,Blended,365,191,0.632210113914741,0.0,0.632210113914741
lonestar,Blended,365,192,0.635247484610694,0.0,0.635247484610694
lonestar,Blended,365,193,0.6383706910985119,0.0,0.6383706910985119
lonestar,Blended,365,194,0.640932139619091,0.0,0.640932139619091
lonestar,Blended,365,195,0.6439083284490326,0.0,0.6439083284490326
lonestar,Blended,365,196,0.6465325721439665,0.0,0.6465325721439665
lonestar,Blended,365,197,0.6491822307184375,0.0,0.6491822307184375
lonestar,Blended,365,198,0.6523458375191045,0.0,0.6523458375191045
lonestar,Blended,365,199,0.6546453102921385,0.0,0.6546453102921385
lonestar,Blended,365,200,0.6571811806012601,0.0,0.6571811806012601
lonestar,Blended,365,201,0.6592916285852356,0.0,0.6592916285852356
lonestar,Blended,365,202,0.6616538635417395,0.0,0.6616538635417395
lonestar,Blended,365,203,0.663772481907592,0.0,0.663772481907592
lonestar,Blended,365,204,0.6655619199305178,0.0,0.6655619199305178
lonestar,Blended,365,205,0.6683415085071157,0.0,0.6683415085071157
lonestar,Blended,365,206,0.6708189254586373,0.0,0.6708189254586373
lonestar,Blended,365,207,0.6723327149052473,0.0,0.6723327149052473
lonestar,Blended,365,208,0.6745984693716603,0.0,0.6745984693716603
lonestar,Blended,365,209,0.6769732089551171,0.0,0.6769732089551171
lonestar,Blended,365,210,0.679017011025414,0.0,0.679017011025414
lonestar,Blended,365,211,0.6810077091289325,0.0,0.6810077091289325
lonestar,Blended,365,212,0.682716473081357,0.0,0.682716473081357
lonestar,Blended,365,213,0.685755943295576,0.0,0.685755943295576
lonestar,Blended,365,214,0.6880948985858648,0.0,0.6880948985858648
lonestar,Blended,365,215,0.6901607699354941,0.0,0.6901607699354941
lonestar,Blended,365,216,0.6929630924766251,0.0,0.6929630924766251
lonestar,Blended,365,217,0.6949589577098484,0.0,0.6949589577098484
lonestar,Blended,365,218,0.6974893677571425,0.0,0.6974893677571425
lonestar,Blended,365,219,0.6995641493497996,0.0,0.6995641493497996
lonestar,Blended,365,220,0.701915153884666,0.0,0.701915153884666
lonestar,Blended,365,221,0.7039721874630466,0.0,0.7039721874630466
lonestar,Blended,365,222,0.7060097023360627,0.0,0.7060097023360627
lonestar,Blended,365,223,0.7081655538898375,0.0,0.7081655538898375
lonestar,Blended,365,224,0.7102456654032862,0.0,0.7102456654032862
lonestar,Blended,365,225,0.7126182102816623,0.0,0.7126182102816623
lonestar,Blended,365,226,0.714622816476817,0.0,0.714622816476817
lonestar,Blended,365,227,0.7165521039414678,0.0,0.7165521039414678
lonestar,Blended,365,228,0.7185109566471122,0.0,0.7185109566471122
lonestar,Blended,365,229,0.7204561289523079,0.0,0.7204561289523079
lonestar,Blended,365,230,0.7237531308796593,0.0,0.7237531308796593
lonestar,Blended,365,231,0.7263058157232721,0.0,0.7263058157232721
lonestar,Blended,365,232,0.7286543508092971,0.0,0.7286543508092971
lonestar,Blended,365,233,0.7310301585402489,0.0,0.7310301585402489
lonestar,Blended,365,234,0.7326549168836557,0.0,0.7326549168836557
lonestar,Blended,365,235,0.734555635323863,0.0,0.734555635323863
lonestar,Blended,365,236,0.7363258504777181,0.0,0.7363258504777181
lonestar,Blended,365,237,0.7380780109643196,0.0,0.7380780109643196
lonestar,Blended,365,238,0.7404541951158571,0.0,0.7404541951158571
lonestar,Blended,365,239,0.7427654326546931,0.0,0.7427654326546931
lonestar,Blended,365,240,0.7449051678908961,0.0,0.7449051678908961
lonestar,Blended,365,241,0.7466024347904352,0.0,0.7466024347904352
lonestar,Blended,365,242,0.7486401708646286,0.0,0.7486401708646286
lonestar,Blended,365,243,0.750713736121227,0.0,0.750713736121227
lonestar,Blended,365,244,0.7534241390268622,0.0,0.7534241390268622
lonestar,Blended,365,245,0.7554900790624317,0.0,0.7554900790624317
lonestar,Blended,365,246,0.7572425900095782,0.0,0.7572425900095782
lonestar,Blended,365,247,0.7592028905283082,0.0,0.7592028905283082
lonestar,Blended,365,248,0.7613269577984706,0.0,0.7613269577984706
lonestar,Blended,365,249,0.7630344432189061,0.0,0.7630344432189061
lonestar,Blended,365,250,0.7648809381655932,0.0,0.7648809381655932
lonestar,Blended,365,251,0.7671550858375631,0.0,0.7671550858375631
lonestar,Blended,365,252,0.7697862792516419,0.0,0.7697862792516419
lonestar,Blended,365,253,0.7720153099959252,0.0,0.7720153099959252
lonestar,Blended,365,254,0.7743666936555482,0.0,0.7743666936555482
lonestar,Blended,365,255,0.7762661898105206,0.0,0.7762661898105206
lonestar,Blended,365,256,0.7783158220732208,0.0,0.7783158220732208
lonestar,Blended,365,257,0.7807483227465343,0.0,0.7807483227465343
lonestar,Blended,365,258,0.7827058157950635,0.0,0.7827058157950635
lonestar,Blended,365,259,0.7849528400923388,0.0,0.7849528400923388
lonestar,Blended,365,260,0.7872005788315586,0.0,0.7872005788315586
lonestar,Blended,365,261,0.7887692602427288,0.0,0.7887692602427288
lonestar,Blended,365,262,0.7905933662770863,0.0,0.7905933662770863
lonestar,Blended,365,263,0.7926326805054015,0.0,0.7926326805054015
lonestar,Blended,365,264,0.794691536694951,0.0,0.794691536694951
lonestar,Blended,365,265,0.7964756312762313,0.0,0.7964756312762313
lonestar,Blended,365,266,0.7989282791042202,0.0,0.7989282791042202
lonestar,Blended,365,267,0.8013141452691531,0.0,0.8013141452691531
lonestar,Blended,365,268,0.8034420854528406,0.0,0.8034420854528406
lonestar,Blended,365,269,0.8052323844837728,0.0,0.8052323844837728
lonestar,Blended,365,270,0.806848521930435,0.0,0.806848521930435
lonestar,Blended,365,271,0.808514990837038,0.0,0.808514990837038
lonestar,Blended,365,272,0.8109612639446343,0.0,0.8109612639446343
lonestar,Blended,365,273,0.8129468396435588,0.0,0.8129468396435588
lonestar,Blended,365,274,0.814593077721398,0.0,0.814593077721398
lonestar,Blended,365,275,0.8161601576726818,0.0,0.8161601576726818
lonestar,Blended,365,276,0.8180463276262888,0.0,0.8180463276262888
lonestar,Blended,365,277,0.8196200972726101,0.0,0.8196200972726101
lonestar,Blended,365,278,0.8209928402678379,0.0,0.8209928402678379
lonestar,Blended,365,279,0.8230200036735179,0.0,0.8230200036735179
lonestar,Blended,365,280,0.8249486741501277,0.0,0.8249486741501277
lonestar,Blended,365,281,0.8270700882119433,0.0,0.8270700882119433
lonestar,Blended,365,282,0.8289431295061185,0.0,0.8289431295061185
lonestar,Blended,365,283,0.8307714623924983,0.0,0.8307714623924983
lonestar,Blended,365,284,0.8327685862523367,0.0,0.8327685862523367
lonestar,Blended,365,285,0.8347750806102939,0.0,0.8347750806102939
lonestar,Blended,365,286,0.8364592528912319,0.0,0.8364592528912319
lonestar,Blended,365,287,0.8384780884576952,0.0,0.8384780884576952
lonestar,Blended,365,288,0.8400214687665414,0.0,0.8400214687665414
lonestar,Blended,365,289,0.8421868530358884,0.0,0.8421868530358884
lonestar,Blended,365,290,0.8441438460011679,0.0,0.8441438460011679
lonestar,Blended,365,291,0.8459327772385867,0.0,0.8459327772385867
lonestar,Blended,365,292,0.8477048658689229,0.0,0.8477048658689229
lonestar,Blended,365,293,0.8499101118331875,0.0,0.8499101118331875
lonestar,Blended,365,294,0.8515793102338673,0.0,0.8515793102338673
lonestar,Blended,365,295,0.8534448335264161,0.0,0.8534448335264161
lonestar,Blended,365,296,0.8552544052685604,0.0,0.8552544052685604
lonestar,Blended,365,297,0.857261613761117,0.0,0.857261613761117
lonestar,Blended,365,298,0.8590248495849527,0.0,0.8590248495849527
lonestar,Blended,365,299,0.8614257359688174,0.0,0.8614257359688174
lonestar,Blended,365,300,0.8630205143804964,0.0,0.8630205143804964
lonestar,Blended,365,301,0.8648403532066752,0.0,0.8648403532066752
lonestar,Blended,365,302,0.8664841623314093,0.0,0.8664841623314093
lonestar,Blended,365,303,0.8682028089564384,0.0,0.8682028089564384
lonestar,Blended,365,304,0.8705819489343487,0.0,0.8705819489343487
lonestar,Blended,365,305,0.8725233893240907,0.0,0.8725233893240907
lonestar,Blended,365,306,0.8744051938781082,0.0,0.8744051938781082
lonestar,Blended,365,307,0.8770749032476903,0.0,0.8770749032476903
lonestar,Blended,365,308,0.879346027009426,0.0,0.879346027009426
lonestar,Blended,365,309,0.8815805026819418,0.0,0.8815805026819418
lonestar,Blended,365,310,0.8830412823548895,0.0,0.8830412823548895
lonestar,Blended,365,311,0.8852409988130078,0.0,0.8852409988130078
lonestar,Blended,365,312,0.8871441333810193,0.0,0.8871441333810193
lonestar,Blended,365,313,0.8890174908868311,0.0,0.8890174908868311
lonestar,Blended,365,314,0.8907884629822725,0.0,0.8907884629822725
lonestar,Blended,365,315,0.8930676711282479,0.0,0.8930676711282479
lonestar,Blended,365,316,0.8944427585669218,0.0,0.8944427585669218
lonestar,Blended,365,317,0.8964924328831514,0.0,0.8964924328831514
lonestar,Blended,365,318,0.8981813908733061,0.0,0.8981813908733061
lonestar,Blended,365,319,0.9000134707276668,0.0,0.9000134707276668
lonestar,Blended,365,320,0.9018645350332423,0.0,0.9018645350332423
lonestar,Blended,365,321,0.9031040096546705,0.0,0.9031040096546705
lonestar,Blended,365,322,0.9053272572955756,0.0,0.9053272572955756
lonestar,Blended,365,323,0.9078927304372945,0.0,0.9078927304372945
lonestar,Blended,365,324,0.9098559698416532,0.0,0.9098559698416532
lonestar,Blended,365,325,0.9118301188273191,0.0,0.9118301188273191
lonestar,Blended,365,326,0.9139686900288545,0.0,0.9139686900288545
lonestar,Blended,365,327,0.9167836317654443,0.0,0.9167836317654443
lonestar,Blended,365,328,0.9196828531377742,0.0,0.9196828531377742
lonestar,Blended,365,329,0.9220585931410041,0.0,0.9220585931410041
lonestar,Blended,365,330,0.9247215641245535,0.0,0.9247215641245535
lonestar,Blended,365,331,0.9264547783118793,0.0,0.9264547783118793
lonestar,Blended,365,332,0.9291337048309278,0.0,0.9291337048309278
lonestar,Blended,365,333,0.931802144316963,0.0,0.931802144316963
lonestar,Blended,365,334,0.9333955532244375,0.0,0.9333955532244375
lonestar,Blended,365,335,0.9352197803965366,0.0,0.9352197803965366
lonestar,Blended,365,336,0.9372409195507833,0.0,0.9372409195507833
lonestar,Blended,365,337,0.939069200388168,0.0,0.939069200388168
lonestar,Blended,365,338,0.9409720780692037,0.0,0.9409720780692037
lonestar,Blended,365,339,0.9425822870490979,0.0,0.9425822870490979
lonestar,Blended,365,340,0.9443732420409932,0.0,0.9443732420409932
lonestar,Blended,365,341,0.9475879200599883,0.0,0.9475879200599883
lonestar,Blended,365,342,0.9502385940486939,0.0,0.9502385940486939
lonestar,Blended,365,343,0.9526555008893854,0.0,0.9526555008893854
lonestar,Blended,365,344,0.9543091651835262,0.0,0.9543091651835262
lonestar,Blended,365,345,0.9566072346540608,0.0,0.9566072346540608
lonestar,Blended,365,346,0.9584358647234126,0.0,0.9584358647234126
lonestar,Blended,365,347,0.9609457652090249,0.0,0.9609457652090249
lonestar,Blended,365,348,0.962673956948156,0.0,0.962673956948156
lonestar,Blended,365,349,0.964939900435712,0.0,0.964939900435712
lonestar,Blended,365,350,0.9671808145129555,0.0,0.9671808145129555
lonestar,Blended,365,351,0.9695732628032807,0.0,0.9695732628032807
lonestar,Blended,365,352,0.9717205317836649,0.0,0.9717205317836649
lonestar,Blended,365,353,0.9736880000289594,0.0,0.9736880000289594
lonestar,Blended,365,354,0.9756733378695731,0.0,0.9756733378695731
lonestar,Blended,365,355,0.9773918803966121,0.0,0.9773918803966121
lonestar,Blended,365,356,0.9793629148375707,0.0,0.9793629148375707
lonestar,Blended,365,357,0.9814190924798551,0.0,0.9814190924798551
lonestar,Blended,365,358,0.9833420862579988,0.0,0.9833420862579988
lonestar,Blended,365,359,0.9858824499570794,0.0,0.9858824499570794
lonestar,Blended,365,360,0.9880463483115659,0.0,0.9880463483115659
lonestar,Blended,365,361,0.9902346162294274,0.0,0.9902346162294274
lonestar,Blended,365,362,0.9929414477258518,0.0,0.9929414477258518
lonestar,Blended,365,363,0.995656133023871,0.0,0.995656133023871
lonestar,Blended,365,364,0.997955091244989,0.0,0.997955091244989
lonestar,Blended,365,365,1.0,0.0,1.0
